Date,Open,High,Low,Close,Volume,Dividends,Stock Splits,Daily_Return,MA20,MA252
2012-05-18 00:00:00-04:00,41.722583099237966,44.64961411487897,37.704118585897795,37.93232727050781,573576400,0.0,0.0,,,
2012-05-21 00:00:00-04:00,36.245559982018534,36.37454880407039,32.74304734125792,33.7650260925293,168192700,0.0,0.0,-0.10986146851101775,,
2012-05-22 00:00:00-04:00,32.356089710282355,33.32845869253158,30.699092737777157,30.758625030517578,101786600,0.0,0.0,-0.08903890830035233,,
2012-05-23 00:00:00-04:00,31.12574167909429,32.24694222211838,31.115819315926274,31.750835418701172,73600000,0.0,0.0,0.03225795649835317,,
2012-05-24 00:00:00-04:00,32.69343677494906,32.95141062896485,31.52262449942779,32.77281188964844,50237200,0.0,0.0,0.032187388377986625,,
2012-05-25 00:00:00-04:00,32.64382837503748,32.69343829715871,30.867765154138475,31.661535263061523,37149800,0.0,0.0,-0.03390849190264078,,
2012-05-29 00:00:00-04:00,31.234885748381952,31.44325160231992,28.426921149580412,28.615442276000977,78063400,0.0,0.0,-0.0962080000780734,,
2012-05-30 00:00:00-04:00,28.476533975345603,29.31991410718718,27.64307431511615,27.970504760742188,57267900,0.0,0.0,-0.022538093559353434,,
2012-05-31 00:00:00-04:00,28.327696709159376,29.4389767419316,26.621090047488412,29.369522094726562,111639200,0.0,0.0,0.050017593388159254,,
2012-06-01 00:00:00-04:00,28.665053874595653,28.923029669879867,27.176733288915752,27.50416374206543,41855500,0.0,0.0,-0.0635134050409375,,
2012-06-04 00:00:00-04:00,26.988211257669434,27.434706251777737,26.23412867834514,26.6905460357666,35230300,0.0,0.0,-0.029581619493286526,,
2012-06-05 00:00:00-04:00,26.492106870165436,27.543852875095975,25.549503086668018,25.668569564819336,42473400,0.0,0.0,-0.03828983002362596,,
2012-06-06 00:00:00-04:00,25.867008048911835,26.958443378960286,25.32129133013623,26.601245880126953,61489200,0.0,0.0,0.036335344396670965,,
2012-06-07 00:00:00-04:00,26.789766679278415,27.137041811027764,25.94638475717206,26.105138778686523,26159500,0.0,0.0,-0.018649769400878258,,
2012-06-08 00:00:00-04:00,26.343269888378202,27.543849308669085,26.23412768107701,26.888988494873047,38034000,0.0,0.0,0.03002664428761803,,
2012-06-11 00:00:00-04:00,26.968364719230312,27.851434177303897,26.63101195923648,26.7996883392334,28219600,0.0,0.0,-0.003321067866003058,,
2012-06-12 00:00:00-04:00,27.266030152063948,27.553773013731085,26.750078609245342,27.18665313720703,15816800,0.0,0.0,0.014439152913847009,,
2012-06-13 00:00:00-04:00,27.44462562848339,27.881200104266473,26.888986590893982,27.057662963867188,17102800,0.0,0.0,-0.004744613935700359,,
2012-06-14 00:00:00-04:00,27.43470515020895,28.099488325519495,27.16680702900234,28.06972312927246,16855000,0.0,0.0,0.037403827771703035,,
2012-06-15 00:00:00-04:00,28.288010518646903,29.865630325029503,28.12925649092892,29.776330947875977,43563800,0.0,0.0,0.060798883221750755,29.147267055511474,
2012-06-18 00:00:00-04:00,29.726721363057326,31.830217119478156,29.181004588370687,31.16543197631836,42978900,0.0,0.0,0.046651181801882435,28.808922290802002,
2012-06-19 00:00:00-04:00,31.294417297371073,31.92943338450951,30.460957736753258,31.661535263061523,30849000,0.0,0.0,0.0159183831342411,28.703747749328613,
2012-06-20 00:00:00-04:00,31.67145662669089,31.68137898930151,30.90745173814749,31.35394859313965,15553600,0.0,0.0,-0.009714837494969042,28.733513927459718,
2012-06-21 00:00:00-04:00,31.42340657997436,32.24694383924597,31.264652546319397,31.592082977294922,21875300,0.0,0.0,0.007595036505462005,28.725576305389403,
2012-06-22 00:00:00-04:00,32.15764364104882,33.18954672606421,31.810370384069905,32.792659759521484,74834000,0.0,0.0,0.0380024572323836,28.726568698883057,
2012-06-25 00:00:00-04:00,32.604141572340495,32.76289560702344,31.30434031119001,31.81037139892578,24352900,0.0,0.0,-0.02995451932838389,28.73401050567627,
2012-06-26 00:00:00-04:00,32.435458689913524,33.1796188318341,32.24693948322489,32.84226608276367,24858700,0.0,0.0,0.03243893857437752,28.945351696014406,
2012-06-27 00:00:00-04:00,32.207254555951,32.643830989571114,31.651615435202213,31.979045867919922,28568000,0.0,0.0,-0.026283820144091252,29.145778751373292,
2012-06-28 00:00:00-04:00,31.71114853674283,31.939357230615492,30.659402558136158,31.115821838378906,17713300,0.0,0.0,-0.026993426667772047,29.233093738555908,
2012-06-29 00:00:00-04:00,31.671458249844743,31.740912899181463,30.520490622986127,30.85784339904785,19526900,0.0,0.0,-0.00829090874318028,29.400777721405028,
2012-07-02 00:00:00-04:00,31.00667474381587,31.482936813681548,30.3121244725555,30.530412673950195,14122000,0.0,0.0,-0.01061094000845697,29.59277105331421,
2012-07-03 00:00:00-04:00,30.669322725180216,31.195196623062458,30.56017862179966,30.95706558227539,8763600,0.0,0.0,0.013974685271425535,29.85719585418701,
2012-07-05 00:00:00-04:00,31.076128670335923,31.383714346748075,30.778465356710896,31.224960327148438,10032100,0.0,0.0,0.008653751246579189,30.088381576538087,
2012-07-06 00:00:00-04:00,31.195197791107685,31.651615163248263,31.01659903070577,31.482938766479492,10945600,0.0,0.0,0.008261930091445269,30.357271575927733,
2012-07-09 00:00:00-04:00,31.85005333487765,32.62398247509505,31.74091113163938,31.91950798034668,17785200,0.0,0.0,0.01386685077607841,30.608797550201416,
2012-07-10 00:00:00-04:00,32.177486337243465,32.227096258681904,30.917374650736285,31.224960327148438,14269500,0.0,0.0,-0.021759347093504244,30.830061149597167,
2012-07-11 00:00:00-04:00,31.23488430640499,31.31426132031273,30.31212533691667,30.72885513305664,13030300,0.0,0.0,-0.015888096858860057,31.00717124938965,
2012-07-12 00:00:00-04:00,30.460958574135244,31.155506965411977,30.36173683466792,30.570100784301758,11300700,0.0,0.0,-0.005166295589844605,31.182793140411377,
2012-07-13 00:00:00-04:00,30.798312492555485,30.82807769074909,30.32204850398704,30.480802536010742,8108300,0.0,0.0,-0.002921097608447276,31.30334711074829,
2012-07-16 00:00:00-04:00,30.26251362488333,30.26251362488333,27.990343660714753,28.030033111572266,24672100,0.0,0.0,-0.08040370398853769,31.216032218933105,
2012-07-17 00:00:00-04:00,28.25824337543619,28.36738747897282,26.938599339709985,27.871280670166016,30438600,0.0,0.0,-0.005663655150685787,31.05132465362549,
2012-07-18 00:00:00-04:00,28.089568755930706,29.061939600802855,27.93081471850207,28.88334083557129,16841800,0.0,0.0,0.0363119361963371,30.912414932250975,
2012-07-19 00:00:00-04:00,29.18100408080951,29.270303463113716,28.407076731672188,28.77419662475586,13685100,0.0,0.0,-0.003778794545851616,30.78342733383179,
2012-07-20 00:00:00-04:00,28.774193268133754,29.240532960490732,28.496372789763132,28.536062240600586,11869100,0.0,0.0,-0.008275969864972477,30.63062629699707,
2012-07-23 00:00:00-04:00,27.901048360509627,28.7741955301036,27.79190425462388,28.526142120361328,12390700,0.0,0.0,-0.0003476345178818896,30.417300415039062,
2012-07-24 00:00:00-04:00,28.595597379795358,29.22069304542438,27.881204225859562,28.228479385375977,11539800,0.0,0.0,-0.010434735048623578,30.23820581436157,
2012-07-25 00:00:00-04:00,28.168947474733063,29.260382967299687,27.861361745213454,29.11155128479004,17230200,0.0,0.0,0.031283013419119765,30.05167007446289,
2012-07-26 00:00:00-04:00,27.533925800090117,28.010187846216684,26.5218675326983,26.640933990478516,64597400,0.0,0.0,-0.08486724977800653,29.78476448059082,
2012-07-27 00:00:00-04:00,23.00943523952694,24.348924055197493,22.106520962907705,23.5253849029541,123102300,0.0,0.0,-0.11694594073308062,29.40524263381958,
2012-07-30 00:00:00-04:00,23.813125640228563,23.85281509136093,22.850679160234982,22.969743728637695,29285900,0.0,0.0,-0.023618792066889105,29.010837650299074,
2012-07-31 00:00:00-04:00,23.18803077253861,23.18803077253861,21.441734751937965,21.54095458984375,56179400,0.0,0.0,-0.06220309445649552,28.56136474609375,
2012-08-01 00:00:00-04:00,21.332591921556084,21.411968932075936,20.677731111642974,20.717418670654297,44604400,0.0,0.0,-0.03823117103536988,28.049382400512695,
2012-08-02 00:00:00-04:00,20.608278147967518,20.677732801285597,19.66567441508606,19.883962631225586,56374500,0.0,0.0,-0.040229724208319495,27.482332515716553,
2012-08-03 00:00:00-04:00,20.201469587805704,21.98745331842821,19.745050345759434,20.925785064697266,80647000,0.0,0.0,0.052395111215689516,26.95447483062744,
2012-08-06 00:00:00-04:00,21.223450846156762,21.977533499779813,21.134151460037092,21.749324798583984,27778900,0.0,0.0,0.03935526104949183,26.445965671539305,
2012-08-07 00:00:00-04:00,22.027141831854298,22.275195222336905,20.340378019573706,20.558664321899414,36782900,0.0,0.0,-0.0547447099029984,25.912650871276856,
2012-08-08 00:00:00-04:00,20.548741959180447,20.985316456329045,20.0625575409342,20.558664321899414,29537400,0.0,0.0,0.0,25.404141330718993,
2012-08-09 00:00:00-04:00,20.58843306999334,21.005162875302737,20.44952376572265,20.84640884399414,15610700,0.0,0.0,0.013996265398828367,24.917956733703612,
2012-08-10 00:00:00-04:00,21.243293608019442,21.650101043792098,20.965473111090457,21.640178680419922,25794700,0.0,0.0,0.03807705405597783,24.475925540924074,
2012-08-13 00:00:00-04:00,21.977530918132903,22.27519613439829,21.23337071621533,21.431814193725586,24973100,0.0,0.0,-0.009628593634620208,24.146014595031737,
2012-08-14 00:00:00-04:00,21.243290216049378,21.431811305024453,20.09232274361724,20.221309661865234,39308800,0.0,0.0,-0.05648166417077005,23.7635160446167,
2012-08-15 00:00:00-04:00,20.479284577739467,21.24328937259622,20.241153581777024,21.03492546081543,47861100,0.0,0.0,0.040235563994382106,23.371095275878908,
2012-08-16 00:00:00-04:00,20.2808477382254,20.32053530052271,19.536687493301496,19.715286254882812,157565300,0.0,0.0,-0.06273562549061018,22.918149757385255,
2012-08-17 00:00:00-04:00,19.854194600050526,19.923649250079876,18.852058624990814,18.901668548583984,129293400,0.0,0.0,-0.04126836890827912,22.436430072784425,
2012-08-20 00:00:00-04:00,18.901668587676713,19.973259214982054,18.604005260507503,19.85419464111328,101186600,0.0,0.0,0.050393757042187515,22.002832698822022,
2012-08-21 00:00:00-04:00,19.427540605279333,19.82442563395007,18.94135620859554,19.01081085205078,70640600,0.0,0.0,-0.042478871810597396,21.54194927215576,
2012-08-22 00:00:00-04:00,19.209256332477022,19.37793272396045,18.81236936957675,19.288633346557617,49892200,0.0,0.0,0.014613921345541403,21.05080337524414,
2012-08-23 00:00:00-04:00,19.34816563399374,19.576374312913288,19.209256332477022,19.288633346557617,32813700,0.0,0.0,0.0,20.683188343048094,
2012-08-24 00:00:00-04:00,19.368009455391302,19.52676347613244,19.100111335704174,19.258865356445312,29622200,0.0,0.0,-0.001543291822570625,20.469862365722655,
2012-08-27 00:00:00-04:00,19.338245460325194,19.377934918108142,18.951282709428977,19.000892639160156,20704000,0.0,0.0,-0.013395011207076202,20.27141981124878,
2012-08-28 00:00:00-04:00,18.9512838939383,19.22910254579337,18.802452202944853,19.189414978027344,25417000,0.0,0.0,0.009921762227036002,20.153842830657958,
2012-08-29 00:00:00-04:00,19.169563051182124,19.229095326730135,18.92150969515234,18.951276779174805,16124700,0.0,0.0,-0.01240987279316319,20.065535736083984,
2012-08-30 00:00:00-04:00,19.119957324541016,19.298556082797855,18.911591475742263,18.94135856628418,30647500,0.0,0.0,-0.0005233532814804542,20.018405532836915,
2012-08-31 00:00:00-04:00,18.53455158634703,18.55439631386926,17.88961308185369,17.91937828063965,58764200,0.0,0.0,-0.05395496220971541,19.868085193634034,
2012-09-04 00:00:00-04:00,17.939222711447524,18.127743834795787,17.41334879579073,17.591947555541992,46622400,0.0,0.0,-0.018272437802790087,19.660216331481934,
2012-09-05 00:00:00-04:00,18.12774373739105,18.604005832503788,18.038444357995246,18.43532943725586,60781800,0.0,0.0,0.04794135948001821,19.554049587249757,
2012-09-06 00:00:00-04:00,18.594085859113257,19.110037474723068,18.574241129474977,18.8123722076416,46066500,0.0,0.0,0.02045218511928404,19.466734981536867,
2012-09-07 00:00:00-04:00,18.951282743885205,19.26879083673604,18.633774651034365,18.832216262817383,36371700,0.0,0.0,0.0010548406631951668,19.366025352478026,
2012-09-10 00:00:00-04:00,18.911591388336838,19.0505025843931,18.405562206447,18.663537979125977,24797800,0.0,0.0,-0.008956900310477356,19.21719331741333,
2012-09-11 00:00:00-04:00,18.772680278422673,19.427541064327183,18.70322563332631,19.278709411621094,50508200,0.0,0.0,0.032961137013954644,19.109538078308105,
2012-09-12 00:00:00-04:00,20.598356222006622,20.995241315470665,20.12209410984977,20.767032623291016,121584000,0.0,0.0,0.07720035505969958,19.136824226379396,
2012-09-13 00:00:00-04:00,20.796793758466528,21.31274522539339,20.449520552359065,20.54874038696289,65041600,0.0,0.0,-0.01051147943415387,19.112514972686768,
2012-09-14 00:00:00-04:00,20.96547061880053,21.908074209633924,20.737261965860935,21.828697204589844,72819800,0.0,0.0,0.06228882128653579,19.21818552017212,
2012-09-17 00:00:00-04:00,22.49348327977609,22.572860295224235,21.33259324603609,21.35243797302246,50667600,0.0,0.0,-0.021818032798917586,19.340723991394043,
2012-09-18 00:00:00-04:00,21.431812737263403,21.808853047913292,21.203604078383282,21.699710845947266,36760500,0.0,0.0,0.016263851151965047,19.43299980163574,
2012-09-19 00:00:00-04:00,21.818778899480442,23.188034856717866,21.600492568144336,23.108657836914062,78782800,0.0,0.0,0.06492929795098812,19.637892150878905,
2012-09-20 00:00:00-04:00,22.84075659507665,23.059042896879014,22.364494540691215,22.414104461669922,57248900,0.0,0.0,-0.030055980756037326,19.794165706634523,
2012-09-21 00:00:00-04:00,22.79114522803069,23.059043348556493,22.424027263603968,22.682003021240234,51218100,0.0,0.0,0.011952231240308642,19.96383419036865,
2012-09-24 00:00:00-04:00,21.610413598865247,21.808855189882614,20.20147016490346,20.628122329711914,79106500,0.0,0.0,-0.09055111621336942,20.03229703903198,
2012-09-25 00:00:00-04:00,21.034931814530673,21.04485228642416,20.062560921686295,20.122095108032227,46291700,0.0,0.0,-0.024530939539311625,20.088357162475585,
2012-09-26 00:00:00-04:00,19.99310619834727,20.61820190546167,19.645831015783436,20.459447860717773,38271900,0.0,0.0,0.016765289641777148,20.151858806610107,
2012-09-27 00:00:00-04:00,20.82656059986366,20.836482961706974,20.00302349183893,20.16177749633789,30215900,0.0,0.0,-0.014549286295814978,20.212383842468263,
2012-09-28 00:00:00-04:00,20.409831575776856,21.779087277890994,20.340376932951678,21.491344451904297,65486000,0.0,0.0,0.0659449275148436,20.33988313674927,
2012-10-01 00:00:00-04:00,21.908076460763127,22.414105629601753,21.560801318325172,21.818777084350586,51262700,0.0,0.0,0.015235558351365697,20.534853076934816,
2012-10-02 00:00:00-04:00,21.908076554663488,22.314883985620998,21.650100787532363,22.09659767150879,29341400,0.0,0.0,0.012733096180604475,20.760085582733154,
2012-10-03 00:00:00-04:00,22.12636244464525,22.314883557876872,21.630255646402105,21.660022735595703,32000100,0.0,0.0,-0.01975756369388948,20.921320247650147,
2012-10-04 00:00:00-04:00,22.146206941093062,22.225583952288844,21.243292729054566,21.779088973999023,46892100,0.0,0.0,0.005497050481283683,21.069656085968017,
2012-10-05 00:00:00-04:00,21.32267048516506,21.461579786486215,20.7174195708418,20.7471866607666,40529300,0.0,0.0,-0.04738041680551275,21.16540460586548,
2012-10-08 00:00:00-04:00,20.24115753173828,20.588432678305544,20.00302648930575,20.24115753173828,32236700,0.0,0.0,-0.02439025287150054,21.244285583496094,
2012-10-09 00:00:00-04:00,20.231235183804678,20.38998921221385,19.814505386106276,20.072481155395508,27161800,0.0,0.0,-0.008333336474373398,21.283974170684814,
2012-10-10 00:00:00-04:00,19.77481674185335,19.78473910464747,19.298554682718716,19.48707389831543,39321800,0.0,0.0,-0.02916466841084664,21.219976234436036,
2012-10-11 00:00:00-04:00,19.72520504120105,19.80458205151283,19.457308814209544,19.59621810913086,21817300,0.0,0.0,0.005600851691995867,21.172350120544433,
2012-10-12 00:00:00-04:00,19.59621630700964,19.64582622420579,19.328318212157566,19.36800765991211,18809400,0.0,0.0,-0.011645637334094294,21.049315643310546,
2012-10-15 00:00:00-04:00,19.52676166593622,19.725203227217847,19.3382405740962,19.36800765991211,20189700,0.0,0.0,0.0,20.950094127655028,
2012-10-16 00:00:00-04:00,19.526763017070294,19.5366853796955,19.149720807301208,19.328319549560547,21834700,0.0,0.0,-0.0020491581296566697,20.831524562835693,
2012-10-17 00:00:00-04:00,19.34816789465832,20.320536903882772,19.21918094139284,19.725208282470703,44074500,0.0,0.0,0.020534052735028396,20.662352085113525,
2012-10-18 00:00:00-04:00,19.546611364229285,19.635910751905772,18.742916875140896,18.832216262817383,52157400,0.0,0.0,-0.04527161421392445,20.483257675170897,
2012-10-19 00:00:00-04:00,18.85205841064453,18.911590696778912,18.653614933533582,18.85205841064453,34835000,0.0,0.0,0.001053627865686968,20.291760444641113,
2012-10-22 00:00:00-04:00,19.050502531859916,19.278711213505247,18.90166897274596,19.169567108154297,32447300,0.0,0.0,0.016842123581077395,20.21883268356323,
2012-10-23 00:00:00-04:00,19.100110225188427,19.64582690319497,18.951278575959105,19.348163604736328,78381200,0.0,0.0,0.00931666821553101,20.180136108398436,
2012-10-24 00:00:00-04:00,23.942113733024257,24.061180199700967,22.6720815151249,23.049121856689453,228949900,0.0,0.0,0.191282145818074,20.30961980819702,
2012-10-25 00:00:00-04:00,23.10865574820718,23.128498581991536,22.29503900313623,22.38433837890625,76142000,0.0,0.0,-0.028842030595203183,20.42074785232544,
2012-10-26 00:00:00-04:00,22.225586242032644,22.70184835827324,21.709634669856626,21.769168853759766,73175800,0.0,0.0,-0.02748214017914352,20.434639072418214,
2012-10-31 00:00:00-04:00,20.65789003775834,21.33259569269913,20.568590648575142,20.945632934570312,99378200,0.0,0.0,-0.037830379502395206,20.3909818649292,
2012-11-01 00:00:00-04:00,20.91586246138145,21.27305996040321,20.846407812682163,21.044849395751953,37713900,0.0,0.0,0.004736856675163326,20.338394451141358,
2012-11-02 00:00:00-04:00,21.0944564922625,21.52110854454553,20.905935421893922,21.015079498291016,38344400,0.0,0.0,-0.0014145930389478645,20.306147289276122,
2012-11-05 00:00:00-05:00,20.93570774903312,21.312748091727812,20.75710899473137,21.08453941345215,31806700,0.0,0.0,0.0033052416083785285,20.27141981124878,
2012-11-06 00:00:00-05:00,21.07461784593402,21.203606681132467,20.826564431703396,21.005163192749023,29062700,0.0,0.0,-0.003764664674272278,20.2843186378479,
2012-11-07 00:00:00-05:00,20.687652010158423,20.786873739409202,20.211389980751182,20.310609817504883,33396800,0.0,0.0,-0.03306584047316041,20.28779125213623,
2012-11-08 00:00:00-05:00,20.36022450039861,20.56858845796976,19.82442822236306,19.8343505859375,34254600,0.0,0.0,-0.02344879035374481,20.27588472366333,
2012-11-09 00:00:00-05:00,19.804583118801812,19.84427257234521,18.98104588274938,19.060422897338867,42295500,0.0,0.0,-0.03901956281580232,20.254552173614503,
2012-11-12 00:00:00-05:00,19.000892031640344,20.012950462776683,18.72307340603249,19.913728713989258,67349200,0.0,0.0,0.044768461919568736,20.270427703857422,
2012-11-13 00:00:00-05:00,19.457312691427994,19.95341957785912,19.40770086728633,19.705366134643555,71775100,0.0,0.0,-0.010463262924704342,20.287295627593995,
2012-11-14 00:00:00-05:00,19.943494750285723,22.32480713259655,19.774818354028433,22.185897827148438,229751000,0.0,0.0,0.1258810252778768,20.42819013595581,
2012-11-15 00:00:00-05:00,22.166053797193022,22.32480783484099,21.48142582702529,21.997377395629883,78857700,0.0,0.0,-0.008497309100913064,20.561643028259276,
2012-11-16 00:00:00-05:00,22.076755058299213,23.74367439471421,22.007300401364834,23.376554489135742,107182200,0.0,0.0,0.06269734199222565,20.74421033859253,
2012-11-19 00:00:00-05:00,23.77343831329651,23.932194239513915,22.642315349916842,22.74153709411621,85021300,0.0,0.0,-0.02716471305960233,20.939676380157472,
2012-11-20 00:00:00-05:00,22.553017494776633,23.713907627682953,22.523252294251787,22.920137405395508,46655300,0.0,0.0,0.007853484596936244,21.14308032989502,
2012-11-21 00:00:00-05:00,23.039200796833406,24.339002070557864,22.87052439678887,24.13063621520996,89862400,0.0,0.0,0.05281376757931189,21.391133785247803,
2012-11-23 00:00:00-05:00,24.388613310454275,24.487835061558144,23.694062945224687,23.813129425048828,29520900,0.0,0.0,-0.0131578292146729,21.61438207626343,
2012-11-26 00:00:00-05:00,24.745806396077008,25.88685159681192,24.616817575147763,25.738019943237305,123865000,0.0,0.0,0.08083316072534763,21.74882698059082,
2012-11-27 00:00:00-05:00,25.837240325002266,26.29365762442387,25.26175468095355,25.946382522583008,85760600,0.0,0.0,0.008095517052408407,21.926929187774657,
2012-11-28 00:00:00-05:00,25.73802104069818,26.283737757906664,25.54949992880004,26.15475082397461,49205600,0.0,0.0,0.008030726487989082,22.1462082862854,
2012-11-29 00:00:00-05:00,26.293662017259972,27.30572040570859,25.95630922111043,27.107276916503906,88759700,0.0,0.0,0.03641885556241542,22.45429048538208,
2012-11-30 00:00:00-05:00,27.047742685170697,27.781980514526367,26.55163589026844,27.781980514526367,127049600,0.0,0.0,0.024890128215411922,22.7911470413208,
2012-12-03 00:00:00-05:00,27.781982440542784,28.65512962740386,26.769924054580784,26.829458236694336,123526100,0.0,0.0,-0.03428561463909985,23.081865978240966,
2012-12-04 00:00:00-05:00,26.849300230234082,27.543850526482576,26.472259884483133,27.246185302734375,72869200,0.0,0.0,0.01553244431414158,23.389948272705077,
2012-12-05 00:00:00-05:00,27.53392926221192,27.682760933778454,27.047744792429306,27.494239807128906,58976300,0.0,0.0,0.009104192078207562,23.71440210342407,
2012-12-06 00:00:00-05:00,27.46447287209159,27.533927521598763,26.611168566724,26.760000228881836,46001500,0.0,0.0,-0.026705214743078298,24.03687162399292,
2012-12-07 00:00:00-05:00,26.85922347984677,27.563696162714475,26.631014792191365,27.27595329284668,51751900,0.0,0.0,0.01928075708340171,24.40895175933838,
2012-12-10 00:00:00-05:00,26.958444854189167,27.950658500802685,26.888990201725797,27.623228073120117,50608500,0.0,0.0,0.012731902586316401,24.837092018127443,
2012-12-11 00:00:00-05:00,27.851433922506732,28.02011030096052,27.44462652020591,27.762134552001953,77099100,0.0,0.0,0.005028611374244374,25.229512310028078,
2012-12-12 00:00:00-05:00,27.78198133689095,27.920890637976274,27.156887589509715,27.365251541137695,46704200,0.0,0.0,-0.014295839180551662,25.612506580352782,
2012-12-13 00:00:00-05:00,27.3751745032609,28.526142175281155,27.216420472119992,28.020112991333008,81051600,0.0,0.0,0.023930401268589474,25.904217338562013,
2012-12-14 00:00:00-05:00,27.960579334300405,28.10941099464855,26.551635957509983,26.601245880126953,91631600,0.0,0.0,-0.050637451449425996,26.134410762786864,
2012-12-17 00:00:00-05:00,26.56156034950982,26.789769038975795,26.115063441861267,26.541715621948242,57742500,0.0,0.0,-0.002237874814095986,26.29266881942749,
2012-12-18 00:00:00-05:00,26.750079556798855,27.69268329754921,26.690547266671718,27.494239807128906,60512900,0.0,0.0,0.035887815194319606,26.530303955078125,
2012-12-19 00:00:00-05:00,27.613306897346853,28.000269630572262,26.740159683467166,27.196577072143555,61390300,0.0,0.0,-0.010826367161756223,26.74412593841553,
2012-12-20 00:00:00-05:00,27.275953880113377,27.385097990688667,26.918756349137826,27.1469669342041,35574800,0.0,0.0,-0.0018241316842135813,26.894942474365234,
2012-12-21 00:00:00-05:00,26.452413691244544,26.799688820116284,25.916619346197255,26.05552864074707,54555200,0.0,0.0,-0.04020479695217305,27.007062435150146,
2012-12-24 00:00:00-05:00,26.293661851526263,26.750079224323834,25.995998512092832,26.720314025878906,28230100,0.0,0.0,0.025514177597310672,27.056177139282227,
2012-12-26 00:00:00-05:00,26.819538568358325,26.96837025360498,26.174598111460224,26.303586959838867,33175400,0.0,0.0,-0.015595889540685581,27.07403736114502,
2012-12-27 00:00:00-05:00,26.34327096616505,26.59132437222121,25.321292144411952,25.847164154052734,43481700,0.0,0.0,-0.01735211271690862,27.058658027648924,
2012-12-28 00:00:00-05:00,25.281603591411514,25.906699256733383,24.95417315945632,25.708255767822266,56574800,0.0,0.0,-0.005374221535583423,26.988706970214842,
2012-12-31 00:00:00-05:00,25.995995683251035,26.779843401127298,25.906696312638946,26.4127254486084,60374500,0.0,0.0,0.027402468963603654,26.920244216918945,
2013-01-02 00:00:00-05:00,27.226341434135065,27.960579263490736,27.20649670813964,27.781980514526367,69846400,0.0,0.0,0.05184073368657649,26.96787033081055,
2013-01-03 00:00:00-05:00,27.662914181149922,28.248320353287532,27.375173222851927,27.55377197265625,63140600,0.0,0.0,-0.008214264701207785,26.98324966430664,
2013-01-04 00:00:00-05:00,27.79190206987299,28.704738621665395,27.613303326098816,28.536062240600586,72715400,0.0,0.0,0.035649938197904074,27.035340785980225,
2013-01-07 00:00:00-05:00,28.466610089346457,29.55804548058179,28.426920635030065,29.19092559814453,83781800,0.0,0.0,0.022948623815805202,27.15688705444336,
2013-01-08 00:00:00-05:00,29.280225699865852,29.36952508178238,28.635287191299998,28.833728790283203,45871300,0.0,0.0,-0.012236570116982981,27.234775829315186,
2013-01-09 00:00:00-05:00,29.438979529458695,30.361738541122303,29.26038076687898,30.351816177368164,104787700,0.0,0.0,0.052649707504932364,27.371205234527586,
2013-01-10 00:00:00-05:00,30.361735588046372,31.205117500144336,30.0442275487853,31.056283950805664,95316400,0.0,0.0,0.023210069846258063,27.535912704467773,
2013-01-11 00:00:00-05:00,31.036440327573583,31.711143947577604,30.857841586911846,31.473012924194336,89598000,0.0,0.0,0.013418507315581918,27.741300773620605,
2013-01-14 00:00:00-05:00,31.830213483805203,31.95919852409272,30.38158067196876,30.70901107788086,98892800,0.0,0.0,-0.024274823899244957,27.875745677947997,
2013-01-15 00:00:00-05:00,30.401423546338886,31.463091776260402,29.647340996932662,29.865629196166992,173242600,0.0,0.0,-0.027463661385089044,28.03896484375,
2013-01-16 00:00:00-05:00,29.974774141717873,30.113685342784134,29.300070434028086,29.617578506469727,75332700,0.0,0.0,-0.00830555713619796,28.192757987976073,
2013-01-17 00:00:00-05:00,29.845786923953316,30.183139720960888,29.79617699777465,29.905319213867188,40256700,0.0,0.0,0.009715200293454407,28.313311958312987,
2013-01-18 00:00:00-05:00,30.07399464976901,30.20298348170069,29.04209345680212,29.42905616760254,49631500,0.0,0.0,-0.015925696791887267,28.42493591308594,
2013-01-22 00:00:00-05:00,29.518357501565664,30.64948051115253,29.508435137490654,30.490726470947266,55243300,0.0,0.0,0.036075581129696,28.592123889923094,
2013-01-23 00:00:00-05:00,30.857843300849687,31.254728361865997,30.56017808571452,30.58002281188965,48899800,0.0,0.0,0.0029286393365361985,28.818348598480224,
2013-01-24 00:00:00-05:00,31.02652430026115,31.244810643142838,30.57010499287531,30.838003158569336,43845100,0.0,0.0,0.008436237875512065,29.024233055114745,
2013-01-25 00:00:00-05:00,31.165429505173456,31.68138103932881,30.887609011590435,31.294418334960938,54363600,0.0,0.0,0.014800412790825224,29.27377462387085,
2013-01-28 00:00:00-05:00,31.631766503437294,32.25686019463334,31.562311859137413,32.2171745300293,59682500,0.0,0.0,0.029486286825708197,29.592275142669678,
2013-01-29 00:00:00-05:00,31.75083622274858,31.82029087418627,30.470879729120316,30.55025863647461,72976500,0.0,0.0,-0.051739977756304234,29.834375286102294,
2013-01-30 00:00:00-05:00,30.73877413779202,31.244803255850854,30.639552408124135,30.996749877929688,87682100,0.0,0.0,0.01461497418951474,30.06357650756836,
2013-01-31 00:00:00-05:00,28.9230281260813,31.224963539598267,28.51622067244239,30.738779067993164,190744900,0.0,0.0,-0.00832251158435815,30.2114164352417,
2013-02-01 00:00:00-05:00,30.7685444709806,30.778466834244053,29.399288620580517,29.498510360717773,85856700,0.0,0.0,-0.04034866526519998,30.308653354644775,
2013-02-04 00:00:00-05:00,28.833728475695626,28.972639675215426,27.791904888032683,27.89112663269043,92362200,0.0,0.0,-0.05449033555836247,30.27640657424927,
2013-02-05 00:00:00-05:00,28.039957560828686,28.734505970044037,27.821671242360548,28.4169979095459,47948200,0.0,0.0,0.01885442935959092,30.237710189819335,
2013-02-06 00:00:00-05:00,28.516221050559984,29.061939712248858,28.436844031541273,28.823806762695312,38375900,0.0,0.0,0.014315687196948979,30.23721408843994,
2013-02-07 00:00:00-05:00,28.883341126053043,28.923028689560642,28.049881474921843,28.426921844482422,34540100,0.0,0.0,-0.013769344260472605,30.140969371795656,
2013-02-08 00:00:00-05:00,28.665050532055865,28.94287102361945,28.28801019368132,28.32769775390625,37708800,0.0,0.0,-0.003490497181474872,30.004540061950685,
2013-02-11 00:00:00-05:00,28.387232190995267,28.456686841393104,27.82167073204454,28.03995704650879,37361800,0.0,0.0,-0.010157574748826281,29.832887268066408,
2013-02-12 00:00:00-05:00,27.454552305586898,27.940736776450517,26.888990816878145,27.156888961791992,93498700,0.0,0.0,-0.031493203903703804,29.655281162261964,
2013-02-13 00:00:00-05:00,27.14696365688675,28.099487767831533,27.09735184329764,27.69268035888672,50164000,0.0,0.0,0.019729483662453084,29.54663372039795,
2013-02-14 00:00:00-05:00,27.801825541897223,28.407074551340834,27.791903178791948,28.278087615966797,35615800,0.0,0.0,0.021139422023921828,29.479659175872804,
2013-02-15 00:00:00-05:00,28.297932691597442,28.526141368344856,27.87128053528872,28.099489212036133,33109300,0.0,0.0,-0.006315787911691073,29.38936767578125,
2013-02-19 00:00:00-05:00,28.010188367379655,28.85357027256496,27.901046162588976,28.70473861694336,49396400,0.0,0.0,0.021539516264515335,29.35315179824829,
2013-02-20 00:00:00-05:00,28.69481876766348,28.823805709167807,28.10941256411091,28.238399505615234,42098200,0.0,0.0,-0.016246067158154243,29.24053544998169,
2013-02-21 00:00:00-05:00,28.059804424358816,28.327700687992362,26.938601871290878,27.067590713500977,49642300,0.0,0.0,-0.04146158467236927,29.064913845062257,
2013-02-22 00:00:00-05:00,27.404942856821165,27.41486332828952,26.611170772036044,26.91875648498535,36350200,0.0,0.0,-0.00549861382532979,28.868951511383056,
2013-02-25 00:00:00-05:00,26.948518871797145,27.42478090401664,26.93859650956377,27.057662963867188,34652000,0.0,0.0,0.005160211578098428,28.65711374282837,
2013-02-26 00:00:00-05:00,27.146965911490803,27.24618576191505,26.492105057704606,27.17673110961914,31611700,0.0,0.0,0.004400533257841177,28.405091571807862,
2013-02-27 00:00:00-05:00,27.127121598963072,27.127121598963072,26.42264891670168,26.660781860351562,44319700,0.0,0.0,-0.018984963540554678,28.21061773300171,
2013-02-28 00:00:00-05:00,26.63101338818931,27.087430739437533,26.13490658422527,27.03782081604004,83027800,0.0,0.0,0.01414208171626008,28.012671279907227,
2013-03-01 00:00:00-05:00,26.83938036125243,27.901050631043812,26.601249295620878,27.563697814941406,54064800,0.0,0.0,0.019449681336352054,27.85391721725464,
2013-03-04 00:00:00-05:00,27.54385319941569,27.841516559552673,27.226345110603578,27.50416374206543,32400700,0.0,0.0,-0.0021598724988091123,27.75419988632202,
2013-03-05 00:00:00-05:00,27.66291499320739,27.960580215785104,26.998131789696984,27.30571937561035,40622200,0.0,0.0,-0.00721506635562863,27.724929523468017,
2013-03-06 00:00:00-05:00,27.881203670173157,27.91096886818306,27.137043439968345,27.236265182495117,33532600,0.0,0.0,-0.002543576756204091,27.66589288711548,
2013-03-07 00:00:00-05:00,27.35533158086869,28.456689400500224,27.256109831735653,28.357467651367188,74540200,0.0,0.0,0.041165793524167604,27.64257593154907,
2013-03-08 00:00:00-05:00,28.20863014631235,28.24831770226806,27.514079938365263,27.74228858947754,44198900,0.0,0.0,-0.021693723482392402,27.608344268798827,
2013-03-11 00:00:00-04:00,27.79190576806282,28.416999561954693,27.613307000523015,27.9208927154541,35642100,0.0,0.0,0.006437973759825466,27.58800401687622,
2013-03-12 00:00:00-04:00,27.881202261723516,28.09948857025758,27.385095466648355,27.613304138183594,27569600,0.0,0.0,-0.011016430613633554,27.56667137145996,
2013-03-13 00:00:00-04:00,27.40494069663046,27.434705893684125,26.710390413753487,26.869144439697266,39619500,0.0,0.0,-0.026949317429105002,27.552284145355223,
2013-03-14 00:00:00-04:00,26.888990526310522,27.216420957945598,26.621092384291636,26.829458236694336,27646400,0.0,0.0,-0.0014770177402558815,27.509123039245605,
2013-03-15 00:00:00-04:00,26.819535686156883,26.849300884508917,26.35319405866989,26.442493438720703,31597400,0.0,0.0,-0.014423131267122802,27.4173433303833,
2013-03-18 00:00:00-04:00,26.164674512993926,26.581404317390213,25.57926831413968,26.28373908996582,26653700,0.0,0.0,-0.006003758651686453,27.326555824279787,
2013-03-19 00:00:00-04:00,26.323430327000626,26.690548338777983,26.005920351074924,26.343273162841797,25254200,0.0,0.0,0.0022650534108636933,27.208482551574708,
2013-03-20 00:00:00-04:00,26.472256585543825,26.482178947681984,25.579264810577353,25.658641815185547,44006500,0.0,0.0,-0.02598884897196252,27.079494667053222,
2013-03-21 00:00:00-04:00,25.460200472927156,25.906697343758747,25.36097873579822,25.53957748413086,24336100,0.0,0.0,-0.004640320867810743,27.003094005584718,
2013-03-22 00:00:00-04:00,25.599110105696457,25.807475945654176,25.43043371811059,25.52965545654297,18456300,0.0,0.0,-0.00038849615245417635,26.933638954162596,
2013-03-25 00:00:00-04:00,25.549499417738737,25.599109339220906,24.884716250392835,24.934326171875,39199000,0.0,0.0,-0.0233191272667721,26.827472114562987,
2013-03-26 00:00:00-04:00,24.884717362808733,25.281602429899525,24.835107439108864,25.013704299926758,26957200,0.0,0.0,0.0031834879958092532,26.71932077407837,
2013-03-27 00:00:00-04:00,24.805339318708818,26.0753733731257,24.527518837040287,25.886852264404297,52297400,0.0,0.0,0.03490678365779254,26.680624294281007,
2013-03-28 00:00:00-04:00,25.886856175732138,25.966233197845447,25.321294656612633,25.380826950073242,28585700,0.0,0.0,-0.019547579951497807,26.597774600982667,
2013-04-01 00:00:00-04:00,25.430432839945386,25.688408593962233,25.08315960617,25.331212997436523,22249300,0.0,0.0,-0.0019547807774078496,26.486150360107423,
2013-04-02 00:00:00-04:00,25.569341977726644,25.916617076180827,25.103000428303556,25.22206687927246,35153300,0.0,0.0,-0.004308760033524983,26.372045516967773,
2013-04-03 00:00:00-04:00,25.628876831648743,26.184515909496916,25.499889898263305,26.04560661315918,48195200,0.0,0.0,0.032651556188026065,26.309039878845216,
2013-04-04 00:00:00-04:00,26.412729293891967,27.017978358658922,25.906700084252513,26.859224319458008,82016800,0.0,0.0,0.031238193772294753,26.29018783569336,
2013-04-05 00:00:00-04:00,26.65085908938021,27.583538552350042,26.402805678324913,27.17673110961914,64566600,0.0,0.0,0.011821145182183024,26.231151008605956,
2013-04-08 00:00:00-04:00,26.978286746275785,26.9882091087989,26.422645799964315,26.640933990478516,27256000,0.0,0.0,-0.019715289413559378,26.176083278656005,
2013-04-09 00:00:00-04:00,26.373037002899085,26.680622684225057,26.21428298076328,26.382959365844727,21311100,0.0,0.0,-0.009683392659055823,26.099186611175536,
2013-04-10 00:00:00-04:00,26.799692278499176,27.623229574241766,26.690548165841353,27.355331420898438,45949400,0.0,0.0,0.03685606461239299,26.08628797531128,
2013-04-11 00:00:00-04:00,27.26602833573706,27.881201579271362,27.03781966978772,27.80182456970215,33368500,0.0,0.0,0.0163219791394158,26.132921981811524,
2013-04-12 00:00:00-04:00,27.78198169488255,27.78198169488255,27.0278991074932,27.18665313720703,28697400,0.0,0.0,-0.02212701655435656,26.15078172683716,
2013-04-15 00:00:00-04:00,26.948519318875153,27.266027345622298,26.15474925200729,26.31350326538086,30275400,0.0,0.0,-0.03211685776176687,26.144332218170167,
2013-04-16 00:00:00-04:00,26.60124788929345,26.898913124969344,26.194440437117375,26.710391998291016,27365900,0.0,0.0,0.015083082207161702,26.165664863586425,
2013-04-17 00:00:00-04:00,26.442494111282596,26.98821276908423,26.184518328185035,26.422649383544922,26440600,0.0,0.0,-0.010772684083577011,26.169633674621583,
2013-04-18 00:00:00-04:00,26.611171839011806,26.611171839011806,24.95417484023864,25.489971160888672,39059000,0.0,0.0,-0.03529843692499246,26.16120014190674,
2013-04-19 00:00:00-04:00,25.42051324751488,25.75786413018936,25.132770395310708,25.52965545654297,20380900,0.0,0.0,0.0015568591821393252,26.160704040527342,
2013-04-22 00:00:00-04:00,25.609035795582077,26.1547544816042,25.49989357237565,25.767789840698242,25687600,0.0,0.0,0.009327755502248403,26.172610759735107,
2013-04-23 00:00:00-04:00,26.01584293284912,26.124987047127043,25.56934789648007,25.777711868286133,25191500,0.0,0.0,0.00038505543739808523,26.214780044555663,
2013-04-24 00:00:00-04:00,25.72809947250757,26.194439192664877,25.599110642093503,25.90669822692871,19729900,0.0,0.0,0.005003793948107127,26.259429740905762,
2013-04-25 00:00:00-04:00,25.867011558953667,26.194442013149377,25.79755690086632,25.936466217041016,17150000,0.0,0.0,0.0011490460826599769,26.261910438537598,
2013-04-26 00:00:00-04:00,26.392880604892117,27.40493887228393,26.392880604892117,26.640933990478516,33018000,0.0,0.0,0.02716128587226896,26.32491579055786,
2013-04-29 00:00:00-04:00,26.948521005819337,27.196574403805524,26.65085768523481,26.769922256469727,29201100,0.0,0.0,0.004841732126858345,26.39685125350952,
2013-04-30 00:00:00-04:00,26.918753985296746,27.63314898451403,26.799689413758696,27.55377197265625,36245700,0.0,0.0,0.029280985901895207,26.51343650817871,
2013-05-01 00:00:00-04:00,27.63314900566738,27.702603654533952,27.097352755844263,27.216419219970703,64567600,0.0,0.0,-0.012243432696631418,26.571977138519287,
2013-05-02 00:00:00-04:00,27.791904443169827,28.79404045242698,27.76213735249977,28.744428634643555,104257000,0.0,0.0,0.056142926162440876,26.666237354278564,
2013-05-03 00:00:00-04:00,28.81388456875374,28.843649766295503,27.930813155901166,28.089567184448242,58506400,0.0,0.0,-0.02278220445843393,26.711879158020018,
2013-05-06 00:00:00-04:00,28.1094140604033,28.238401008773728,27.26603203645066,27.355331420898438,43939400,0.0,0.0,-0.02613909138323478,26.747599029541014,
2013-05-07 00:00:00-04:00,27.335482900945486,27.633148105314334,26.64093454241254,26.680622100830078,41259100,0.0,0.0,-0.02466463702036914,26.762482166290283,
2013-05-08 00:00:00-04:00,26.67069963051547,27.087429400953084,26.44249096616795,26.908832550048828,34654900,0.0,0.0,0.008553415597144287,26.740157222747804,
2013-05-09 00:00:00-04:00,26.86914579893934,27.33548553717797,26.64093711166282,26.829458236694336,33457200,0.0,0.0,-0.0029497494254668855,26.691538906097414,
2013-05-10 00:00:00-04:00,26.9286768754768,27.087430902300014,26.363115418356934,26.472259521484375,30847100,0.0,0.0,-0.013313676036940003,26.65581922531128,
2013-05-13 00:00:00-04:00,26.392883493158575,27.117199004135948,26.32342884039326,26.611169815063477,29068800,0.0,0.0,0.0052473908948484915,26.67070255279541,
2013-05-14 00:00:00-04:00,26.68062555223262,27.067590178720103,26.6111708966444,26.859224319458008,24930300,0.0,0.0,0.009321443067644486,26.67814416885376,
2013-05-15 00:00:00-04:00,26.71039136396401,26.779846016223075,26.194439815043353,26.39288330078125,30299800,0.0,0.0,-0.017362415724676006,26.676655864715578,
2013-05-16 00:00:00-04:00,26.27381937689841,26.34327403588796,25.698335483488158,25.926544189453125,35499100,0.0,0.0,-0.017669123377449303,26.6984845161438,
2013-05-17 00:00:00-04:00,26.194438272449215,26.392881746500745,25.99599669089491,26.04560661315918,29462700,0.0,0.0,0.004592298257570571,26.72428207397461,
2013-05-20 00:00:00-04:00,25.976153248760966,25.98607561220364,25.48996879505388,25.559423446655273,42402900,0.0,0.0,-0.018666609448760862,26.71386375427246,
2013-05-21 00:00:00-04:00,25.668570953034344,25.87693493544612,25.390750417321076,25.460205078125,26261300,0.0,0.0,-0.00388187036915566,26.697988414764403,25.67462989262172
2013-05-22 00:00:00-04:00,25.45028054605821,25.648724039311034,24.725965012930992,24.964096069335938,45314500,0.0,0.0,-0.019485664285371795,26.650858306884764,25.623168657696436
2013-05-23 00:00:00-04:00,24.606898106408472,25.331215519314842,24.577132907691382,24.8648738861084,37663100,0.0,0.0,-0.003974595473112963,26.597278690338136,25.58785059338524
2013-05-24 00:00:00-04:00,24.775573110145313,24.775573110145313,23.892503604635692,24.120712280273438,58727900,0.0,0.0,-0.029928227637249782,26.47126760482788,25.561509669773162
2013-05-28 00:00:00-04:00,24.348922301181027,24.348922301181027,23.733749045355715,23.9123477935791,50079700,0.0,0.0,-0.008638405212633038,26.32838888168335,25.530404560149663
2013-05-29 00:00:00-04:00,23.604759747389235,23.624602578817413,23.078885918353226,23.138418197631836,64237800,0.0,0.0,-0.03236527013692403,26.10762119293213,25.492172839149596
2013-05-30 00:00:00-04:00,23.94211306670664,24.587053413469178,23.743671484431207,24.358842849731445,60733200,0.0,0.0,0.052744515276524684,25.964742374420165,25.46319390100146
2013-05-31 00:00:00-04:00,24.438220903508526,24.75573085518704,24.081025283178334,24.160402297973633,35925000,0.0,0.0,-0.00814655084323923,25.73554105758667,25.445515170929923
2013-06-03 00:00:00-04:00,24.081024992299096,24.13063491626042,23.525384002946378,23.664295196533203,35733800,0.0,0.0,-0.02053389241296033,25.514277458190918,25.42842703773862
2013-06-04 00:00:00-04:00,23.70398632062904,23.743675779762455,23.13842477546088,23.336868286132812,34760800,0.0,0.0,-0.01383632631697218,25.313354301452637,25.404487935323562
2013-06-05 00:00:00-04:00,23.16818606513869,23.525381645358014,22.612547023966446,22.721689224243164,53819700,0.0,0.0,-0.02636082332671852,25.11540765762329,25.38550986184014
2013-06-06 00:00:00-04:00,22.81099005057028,22.910211787389297,22.4934820067472,22.79114532470703,31260700,0.0,0.0,0.0030568194018674166,24.909523296356202,25.37003604949467
2013-06-07 00:00:00-04:00,22.850682049427338,23.2178000563334,22.682005645782073,23.108657836914062,38699200,0.0,0.0,0.01393139781627517,24.723483276367187,25.359877669622026
2013-06-10 00:00:00-04:00,23.872658214541698,24.40845445635674,23.803203566713204,24.14055633544922,58393000,0.0,0.0,0.044654194363758615,24.60689811706543,25.35011302857172
2013-06-11 00:00:00-04:00,23.842893600463867,24.160401651144653,23.81312651102607,23.842893600463867,29885900,0.0,0.0,-0.012330400793135299,24.468484306335448,25.341135865166073
2013-06-12 00:00:00-04:00,23.971883633376812,24.071105385157676,23.396399744044825,23.58492088317871,26445800,0.0,0.0,-0.010819689992666692,24.304769134521486,25.32802448575459
2013-06-13 00:00:00-04:00,23.535306594741822,23.644450699513158,23.088811597263042,23.545228958129883,31189300,0.0,0.0,-0.0016829365358242976,24.162386417388916,25.315109964401003
2013-06-14 00:00:00-04:00,23.376555928389028,23.703986397308615,23.078892553915797,23.44601058959961,30677100,0.0,0.0,-0.004213947917291905,24.03835973739624,25.30026614476764
2013-06-17 00:00:00-04:00,23.72382746923128,24.061180250953715,23.5650734416557,23.832971572875977,33664500,0.0,0.0,0.016504342254627158,23.92772798538208,25.287469750358945
2013-06-18 00:00:00-04:00,23.902423628191563,24.497752113211323,23.892501265983242,24.021488189697266,36709100,0.0,0.0,0.007909908180977254,23.85083122253418,25.271405325995552
2013-06-19 00:00:00-04:00,24.011570070292972,24.993861315100784,23.91234833099478,24.120712280273438,31790600,0.0,0.0,0.004130638776107531,23.7838565826416,25.248962394774907
2013-06-20 00:00:00-04:00,24.090947572971125,24.557287296906274,23.4658519274332,23.713905334472656,42765600,0.0,0.0,-0.016865461561575756,23.721347045898437,25.21939284460885
2013-06-21 00:00:00-04:00,24.39853490102822,24.507679013030778,23.862738597558312,24.33900260925293,45833900,0.0,0.0,0.026359946451821825,23.695053482055663,25.190335175347705
2013-06-24 00:00:00-04:00,23.763517715789774,23.922271748665835,23.197954344609293,23.75359535217285,40626000,0.0,0.0,-0.024052228699688927,23.676697635650633,25.160175043439107
2013-06-25 00:00:00-04:00,23.952037910415942,24.239780789388213,23.85281805525061,24.061182022094727,24713200,0.0,0.0,0.01294905741053376,23.684139347076417,25.130290515839107
2013-06-26 00:00:00-04:00,24.31915702584235,24.45806633259831,23.803205468609683,23.971881866455078,29890300,0.0,0.0,-0.003711378583049152,23.72581253051758,25.09528742896186
2013-06-27 00:00:00-04:00,24.051259150504453,24.646587731419874,24.021492059084597,24.467988967895508,34694100,0.0,0.0,0.020695375699087526,23.73126983642578,25.066150990743484
2013-06-28 00:00:00-04:00,24.48783388202604,24.785497228502283,24.229858098581182,24.686275482177734,96778900,0.0,0.0,0.008921309984594172,23.757563495635985,25.033785948677668
2013-07-01 00:00:00-04:00,24.7755734095103,24.864872786707956,24.428300156516414,24.616819381713867,20582200,0.0,0.0,-0.0028135512185307743,23.80518970489502,25.004570764208598
2013-07-02 00:00:00-04:00,24.507677323490064,24.577131974522654,24.11079035902273,24.219934463500977,18394100,0.0,0.0,-0.016122510063493745,23.849343013763427,24.977206131768604
2013-07-03 00:00:00-04:00,24.031413449664875,24.517597901515334,23.961958798328713,24.329078674316406,10404400,0.0,0.0,0.004506379279428208,23.92971248626709,24.951298335241894
2013-07-05 00:00:00-04:00,24.45806688023051,24.46798924414916,24.011571858875875,24.180248260498047,20229500,0.0,0.0,-0.006117387995274837,23.99916763305664,24.926099270109145
2013-07-08 00:00:00-04:00,24.279464272268562,24.845027571142,24.229854353023907,24.517595291137695,27064600,0.0,0.0,0.01395134685985644,24.069614505767824,24.900545816572887
2013-07-09 00:00:00-04:00,24.874795422254174,25.291525222905108,24.835107861119344,25.28160285949707,30387900,0.0,0.0,0.031161602893230667,24.126666831970216,24.876961064717126
2013-07-10 00:00:00-04:00,25.38082145190899,25.62887482884027,25.27167736046016,25.59910774230957,26721800,0.0,0.0,0.012558732315234966,24.2144775390625,24.85361252890693
2013-07-11 00:00:00-04:00,25.757867170912924,25.797556627970128,25.251839840915903,25.60903549194336,26777400,0.0,0.0,0.0003878162369457261,24.31568326950073,24.828570971413264
2013-07-12 00:00:00-04:00,25.53957936999702,25.72810049521285,25.351058244781196,25.708255767822266,16537900,0.0,0.0,0.0038744245526201038,24.423834609985352,24.806679286654035
2013-07-15 00:00:00-04:00,25.728099457926884,26.224206267705657,25.450278963151742,26.075374603271484,24234000,0.0,0.0,0.01428019227616062,24.555302810668945,24.78821309407552
2013-07-16 00:00:00-04:00,26.184517365654386,26.541714881812503,25.807477014985405,26.115062713623047,30817600,0.0,0.0,0.001522053314876759,24.6694073677063,24.77053437157283
2013-07-17 00:00:00-04:00,26.164674827449154,26.57148227323737,26.095218282133914,26.442493438720703,21518500,0.0,0.0,0.012538002634274736,24.79045763015747,24.75450933547247
2013-07-18 00:00:00-04:00,26.541713870751995,26.561558597004236,25.91662013378448,25.976152420043945,24806900,0.0,0.0,-0.01763604554757603,24.883229637145995,24.74635901526799
2013-07-19 00:00:00-04:00,25.618953587193158,25.90669642541743,25.400667287245103,25.678485870361328,46539700,0.0,0.0,-0.011459224017061453,24.98145866394043,24.7376574486021
2013-07-22 00:00:00-04:00,25.7876318664985,25.926541168290814,25.5197337337585,25.847164154052734,27526300,0.0,0.0,0.006568856300289028,25.05686674118042,24.725609128437345
2013-07-23 00:00:00-04:00,25.896778988456184,26.095220600926687,25.76779014247771,25.926544189453125,28221600,0.0,0.0,0.003071131321303655,25.165514183044433,24.714308920360747
2013-07-24 00:00:00-04:00,26.115065815861072,26.323431689204437,25.84716764691856,26.303586959838867,82635600,0.0,0.0,0.014542731481318016,25.27763442993164,24.705449891468835
2013-07-25 00:00:00-04:00,33.27884948934477,34.608416042010745,32.494999732438295,34.092464447021484,365457900,0.0,0.0,0.2961146515520836,25.78366355895996,24.727538472130185
2013-07-26 00:00:00-04:00,33.507052898830416,34.459577022911645,33.2986889563741,33.745182037353516,136028900,0.0,0.0,-0.010186485937607515,26.24752321243286,24.74943014932057
2013-07-29 00:00:00-04:00,33.804717893037065,35.35257251027278,33.745183712952944,35.15412902832031,124718800,0.0,0.0,0.04175253787065647,26.77091588973999,24.77340863242982
2013-07-30 00:00:00-04:00,35.37241917031814,37.66443034640953,35.04498683945091,37.33700180053711,173582800,0.0,0.0,0.06209434944208869,27.406925010681153,24.8158533459618
2013-07-31 00:00:00-04:00,37.66442189524022,38.011698875964555,36.04711668655991,36.51345443725586,154828700,0.0,0.0,-0.02205713698386469,28.021601009368897,24.86739330443125
2013-08-01 00:00:00-04:00,37.00956279749299,37.991855828009626,36.63252060764887,37.19808578491211,106066500,0.0,0.0,0.01875011165631313,28.66505136489868,24.923854979257737
2013-08-02 00:00:00-04:00,37.366768034004316,38.19030722716633,37.20801399237,37.75373077392578,73058500,0.0,0.0,0.01493746189593037,29.34372549057007,24.98819139268663
2013-08-05 00:00:00-04:00,38.13076513843416,39.013834548544565,37.95216640549114,38.88484573364258,79994800,0.0,0.0,0.029960349256344054,30.062088012695312,25.0602843572223
2013-08-06 00:00:00-04:00,38.80547698213344,38.944386289413714,37.64458502772944,38.24983596801758,63950800,0.0,0.0,-0.016330520377392133,30.710499668121336,25.133164806971475
2013-08-07 00:00:00-04:00,38.30937077423392,38.63679932029845,37.40645647721471,38.567344665527344,68854800,0.0,0.0,0.008300916578446227,31.358911514282227,25.20317099586366
2013-08-08 00:00:00-04:00,38.82531625632853,38.88484664537592,38.13076603248657,38.23991012573242,41301000,0.0,0.0,-0.008489942531293648,31.99045524597168,25.268609826526944
2013-08-09 00:00:00-04:00,38.289529034305836,38.438362611854956,37.714043238444035,38.20022964477539,43532300,0.0,0.0,-0.0010376719199015616,32.61505393981933,25.338616038125657
2013-08-12 00:00:00-04:00,37.90256051659514,38.20022384147788,37.8033368849712,37.92240524291992,31161000,0.0,0.0,-0.007272846379170028,33.207405471801756,25.40751977193923
2013-08-13 00:00:00-04:00,37.9422523759134,38.02162750125276,36.48369707097924,36.73175048828125,65379200,0.0,0.0,-0.03139713177504655,33.73823986053467,25.470556841956245
2013-08-14 00:00:00-04:00,36.54323041197513,37.25762166355284,36.33486266964506,36.36463165283203,48423900,0.0,0.0,-0.009994591343158055,34.23434677124023,25.52898721089439
2013-08-15 00:00:00-04:00,36.07688611825381,36.781356846653416,35.73953335204923,36.27532958984375,56521100,0.0,0.0,-0.0024557395174750196,34.74930562973022,25.58789004976787
2013-08-16 00:00:00-04:00,36.68214235396147,37.19809394135634,36.61268769652321,36.79128646850586,45840800,0.0,0.0,0.014223354673710942,35.304945659637454,25.6536439259847
2013-08-19 00:00:00-04:00,37.13855606209934,37.98193612425446,36.850813204189635,37.51559829711914,57609600,0.0,0.0,0.01968704816107225,35.888367366790774,25.71904342136686
2013-08-20 00:00:00-04:00,38.051389589206515,38.27960204526205,37.396528772467704,38.110923767089844,57995200,0.0,0.0,0.01586874518848913,36.49758634567261,25.792041982923234
2013-08-21 00:00:00-04:00,38.081155877775,38.547493657403884,37.85294722285146,38.02162170410156,46116900,0.0,0.0,-0.0023432143375490266,37.083488082885744,25.867914812905447
2013-08-22 00:00:00-04:00,38.07123720580158,38.44827945770144,38.04147200709716,38.24983596801758,21931200,0.0,0.0,0.006002223305782817,37.29135665893555,25.940913389599512
2013-08-23 00:00:00-04:00,38.69633024234664,40.313639463555994,38.62687559342917,40.23426055908203,86442300,0.0,0.0,0.051880603951445003,37.615810585021975,26.025133428119478
2013-08-26 00:00:00-04:00,40.58153954198025,41.61343885484889,40.30371714794341,41.01811218261719,94162400,0.0,0.0,0.019482192853627955,37.909009742736814,26.11136151873876
2013-08-27 00:00:00-04:00,40.36325543676246,40.879207038200335,39.113063998856646,39.33135223388672,72695100,0.0,0.0,-0.041122320335485574,38.0087272644043,26.190896117498003
2013-08-28 00:00:00-04:00,39.64885438606726,40.531923880870416,39.56947926658779,40.23426055908203,57918200,0.0,0.0,0.022956452649431025,38.19476757049561,26.274131812746564
2013-08-29 00:00:00-04:00,40.57162106125349,41.454690724265134,40.482321669207636,40.95858383178711,58303400,0.0,0.0,0.01800264905183102,38.382792472839355,26.361265507955398
2013-08-30 00:00:00-04:00,41.692821428769996,41.93095060460109,40.74029715545562,40.968505859375,67735100,0.0,0.0,0.00024224537715067385,38.543531227111814,26.447690471770272
2013-09-03 00:00:00-04:00,41.51422207385603,41.83173016052073,41.1867897304234,41.54398727416992,48774900,0.0,0.0,0.0140469222082511,38.67648830413818,26.53734408484565
2013-09-04 00:00:00-04:00,41.68289389717249,41.84164793025286,41.117332417761524,41.45468521118164,42581900,0.0,0.0,-0.002149578527427587,38.836730766296384,26.626682682642862
2013-09-05 00:00:00-04:00,41.464610248433765,42.43697919249317,41.44476552080054,42.32783508300781,50035400,0.0,0.0,0.021062754846119525,39.02475528717041,26.723541638207813
2013-09-06 00:00:00-04:00,42.75448379199055,44.26264890466513,42.06985777672809,43.6077880859375,117535700,0.0,0.0,0.030239037749500097,39.29314918518067,26.82677910063002
2013-09-09 00:00:00-04:00,44.01459821481305,44.44125038803557,43.35973735579622,43.69709014892578,75794700,0.0,0.0,0.0020478466555629016,39.567992210388184,26.927024182819185
2013-09-10 00:00:00-04:00,43.89553708705048,43.915378030857795,42.893399100005965,43.26051712036133,54540300,0.0,0.0,-0.009990894750120716,39.83489780426025,27.024040630885533
2013-09-11 00:00:00-04:00,43.05214661664241,44.738910459094406,42.7743280255307,44.689300537109375,72328300,0.0,0.0,0.03302742343030296,40.23277530670166,27.12664810816447
2013-09-12 00:00:00-04:00,45.17549106972969,45.26479045911068,44.3023456902212,44.40156555175781,68072300,0.0,0.0,-0.006438565426027054,40.63462200164795,27.228783138214595
2013-09-13 00:00:00-04:00,44.68930422727134,44.728993682134444,43.587946457286115,43.964988708496094,52765300,0.0,0.0,-0.009832465090736764,41.019104957580566,27.326744563995845
2013-09-16 00:00:00-04:00,44.500780961115275,44.590080341562114,42.09962573020318,42.17900085449219,70424200,0.0,0.0,-0.040622957186357,41.28849067687988,27.41171269189744
2013-09-17 00:00:00-04:00,42.16908156951899,45.086188437847575,42.09962691443936,44.71907043457031,91934600,0.0,0.0,0.06022118894757078,41.64866428375244,27.507626700022865
2013-09-18 00:00:00-04:00,44.49086394039197,45.115959651998445,44.05429126045769,44.87782669067383,79317000,0.0,0.0,0.0035500795200069657,41.98700942993164,27.599091499570815
2013-09-19 00:00:00-04:00,45.15564095388071,45.691437226252404,44.87782234672264,45.62198257446289,63972400,0.0,0.0,0.01658181642614398,42.36702747344971,27.6953992162432
2013-09-20 00:00:00-04:00,45.95933587724513,47.229368135616284,45.38385392954371,47.1202278137207,115508400,0.0,0.0,0.032840423732406254,42.810547065734866,27.796274283575634
2013-09-23 00:00:00-04:00,46.911858733873004,47.17975686542365,45.92956936984855,46.82255935668945,75177000,0.0,0.0,-0.006317211754748198,43.13996200561523,27.890377067384264
2013-09-24 00:00:00-04:00,48.13227666624845,49.27332373954099,47.78500344480859,48.07274627685547,136716100,0.0,0.0,0.026700525074723425,43.492693710327146,27.992197074587384
2013-09-25 00:00:00-04:00,48.846673839291114,49.15426141011543,48.08266893240059,49.07488250732422,87879700,0.0,0.0,0.020846244662149127,43.97987022399902,28.096930723341686
2013-09-26 00:00:00-04:00,49.620604076588556,50.20601029453047,49.114576769212555,49.99764633178711,98220100,0.0,0.0,0.018803179494625732,44.46803951263428,28.21347645350865
2013-09-27 00:00:00-04:00,49.89842637726441,50.88071579105721,49.47177419632579,50.84103012084961,81410500,0.0,0.0,0.016868469836875066,44.9621618270874,28.335376989273797
2013-09-30 00:00:00-04:00,49.749594505634214,51.198225604862095,49.4122416949241,49.83889389038086,100095000,0.0,0.0,-0.01971117084147711,45.4056812286377,28.451962092566113
2013-10-01 00:00:00-04:00,49.580915501560135,50.63265950997778,49.064963968093465,50.027408599853516,98114000,0.0,0.0,0.0037824818080289813,45.82985229492188,28.570476501707045
2013-10-02 00:00:00-04:00,49.73967043979638,50.702115089191686,49.56107168320866,49.88850021362305,62834000,0.0,0.0,-0.0027766456452208432,46.251543045043945,28.683163627745614
2013-10-03 00:00:00-04:00,50.07702611733958,50.3250795397001,48.678004966626055,48.79706954956055,82045000,0.0,0.0,-0.021877399789309804,46.575004768371585,28.790220343877397
2013-10-04 00:00:00-04:00,49.38247024118466,50.761646509282755,49.18402676854589,50.642581939697266,74447000,0.0,0.0,0.037820147955039296,46.92674446105957,28.903498059227353
2013-10-07 00:00:00-04:00,50.33500047342444,50.89064150721261,50.00757192109909,50.12663650512695,57204000,0.0,0.0,-0.010187976497420204,47.24822177886963,29.01646081228105
2013-10-08 00:00:00-04:00,50.206011513913595,50.206011513913595,46.713422634071755,46.772953033447266,136081000,0.0,0.0,-0.06690421910388245,47.42384357452393,29.115642812516953
2013-10-09 00:00:00-04:00,47.01108128303614,47.467498629232004,44.907585732317436,46.40583038330078,147297000,0.0,0.0,-0.007849037239191503,47.50967006683349,29.217462827288916
2013-10-10 00:00:00-04:00,47.497263229042815,49.29317117954144,47.45757756225958,48.66807556152344,99774000,0.0,0.0,0.0487491584470543,47.722995567321775,29.330268057565842
2013-10-11 00:00:00-04:00,48.797066192431075,49.481692228447216,48.410103485770016,48.72761154174805,58428000,0.0,0.0,0.0012233066448117391,47.961126708984374,29.44397889243232
2013-10-14 00:00:00-04:00,47.93383937811089,49.24356099997449,47.53695243239701,49.12449264526367,68781000,0.0,0.0,0.008144891386182351,48.30840129852295,29.5615876969837
2013-10-15 00:00:00-04:00,49.60075692151088,50.60289093942354,48.797062585169144,49.11457061767578,81167000,0.0,0.0,-0.0002019772022795463,48.52817630767822,29.678724016462052
2013-10-16 00:00:00-04:00,49.650368784261225,50.84102584523764,49.51145948772963,50.74180221557617,64678000,0.0,0.0,0.03313134121780892,48.82137508392334,29.80322320120675
2013-10-17 00:00:00-04:00,50.72196138242024,51.813398682494565,50.55328687654211,51.80347442626953,71522000,0.0,0.0,0.020923029225151435,49.13044967651367,29.93193537091452
2013-10-18 00:00:00-04:00,53.75813540555578,54.403075786604056,53.18264967662105,53.79782485961914,88260000,0.0,0.0,0.03849839138083522,49.46432952880859,30.068719122144913
2013-10-21 00:00:00-04:00,54.25424520877952,54.383234049078766,53.09335321607603,53.43070602416992,58235000,0.0,0.0,-0.006824046072628098,49.79473686218262,30.202471097310383
2013-10-22 00:00:00-04:00,53.906971450417146,54.33361985378155,51.79355523656724,52.26981735229492,83204000,0.0,0.0,-0.021726994798643706,50.00459041595459,30.335159990522598
2013-10-23 00:00:00-04:00,51.34705420118698,51.84316100506318,50.73188282417896,51.495887756347656,57207000,0.0,0.0,-0.014806433906800032,50.12564067840576,30.464698995862687
2013-10-24 00:00:00-04:00,51.97215225010405,52.42856962249075,51.18830255513905,52.04160690307617,46775000,0.0,0.0,0.010597334476698084,50.22783870697022,30.59514359822349
2013-10-25 00:00:00-04:00,52.76592799273573,52.82546218085854,51.47605086336927,51.54550552368164,45085000,0.0,0.0,-0.00953278364979171,50.263062477111816,30.722910828060574
2013-10-28 00:00:00-04:00,51.1386952050276,51.297449246244426,49.223722453790025,49.83889389038086,73472000,0.0,0.0,-0.03310883492095562,50.263062477111816,30.82921944724189
2013-10-29 00:00:00-04:00,50.334996297902634,50.39453047747537,48.86652060005958,49.01535415649414,102143000,0.0,0.0,-0.01652403714452555,50.21245975494385,30.934898081279936
2013-10-30 00:00:00-04:00,49.61068059229696,49.81904454238591,48.370413577489536,48.628387451171875,127073000,0.0,0.0,-0.007894805861991205,50.14945411682129,31.041482282063317
2013-10-31 00:00:00-04:00,46.792791588614286,51.59510539611389,46.137930786909536,49.81904220581055,248809000,0.0,0.0,0.024484767376549588,50.200552749633786,31.15605930298094
2013-11-01 00:00:00-04:00,50.454058535394715,51.68440502795541,49.332859926159735,49.36262512207031,95033000,0.0,0.0,-0.009161498566245041,50.136554908752444,31.268431428879026
2013-11-04 00:00:00-05:00,48.98558688455595,49.36262913169202,47.64609996985465,47.84454345703125,80371000,0.0,0.0,-0.030753665577650136,50.02245025634765,31.374897555699423
2013-11-05 00:00:00-05:00,47.417894057443135,49.78928421615063,47.140071645150414,49.71982955932617,76835000,0.0,0.0,0.03919540174898106,50.1697940826416,31.488529659452894
2013-11-06 00:00:00-05:00,49.868652624781795,50.05717562646859,48.33072234020133,48.73752975463867,67889000,0.0,0.0,-0.01975670096606852,50.2863790512085,31.598578733111186
2013-11-07 00:00:00-05:00,48.85660122221582,49.48169308923729,46.93170434124436,47.18968200683594,97128000,0.0,0.0,-0.031758846941876806,50.21245937347412,31.705241717989484
2013-11-08 00:00:00-05:00,47.4377344965473,48.271194088075035,46.88209350719728,47.159912109375,70731000,0.0,0.0,-0.0006308560726606682,50.13407440185547,31.81367648593963
2013-11-11 00:00:00-05:00,46.67373449044158,47.159917095657335,45.37393314926184,45.840274810791016,80910000,0.0,0.0,-0.02798218316275558,49.96986351013184,31.91994573956444
2013-11-12 00:00:00-05:00,45.64182325667273,47.001154759083924,45.47314877013012,46.247074127197266,68196000,0.0,0.0,0.008874277435843014,49.82648868560791,32.02444314199781
2013-11-13 00:00:00-05:00,45.870033572650314,48.36049179017912,45.70135908002596,48.33072280883789,79245000,0.0,0.0,0.045054713643284616,49.705934715271,32.13803582721286
2013-11-14 00:00:00-05:00,48.32080814282573,49.1840330055255,47.65602299293426,48.608551025390625,75117000,0.0,0.0,0.0057484804779690535,49.546188545227054,32.242887625618586
2013-11-15 00:00:00-05:00,48.7276110833532,49.09472905993772,48.33072412461701,48.628387451171875,42453000,0.0,0.0,0.0004080851077188363,49.287716674804685,32.348566236950106
2013-11-18 00:00:00-05:00,48.09259551986661,48.459713500592315,45.443383178157056,45.47315216064453,85910000,0.0,0.0,-0.06488463747015139,48.889838981628415,32.43625114834498
2013-11-19 00:00:00-05:00,45.899799805778734,46.63403954053799,45.364007334462016,45.9990234375,75602000,0.0,0.0,0.011564434218188868,48.57629928588867,32.52854276081872
2013-11-20 00:00:00-05:00,46.24707255146274,47.179751893201065,45.94940925388618,46.06847381591797,53933000,0.0,0.0,0.0015098228881387232,48.304928588867185,32.62040123863826
2013-11-21 00:00:00-05:00,46.624119044529074,47.09045686588478,46.32645193452154,46.33637619018555,34886000,0.0,0.0,0.00581530821572418,48.019667053222655,32.70851925441197
2013-11-22 00:00:00-05:00,46.673731506603175,46.90194019435932,45.6021389362755,45.87003707885742,40545000,0.0,0.0,-0.010064211957664937,47.735893630981444,32.796046665736604
2013-11-25 00:00:00-05:00,45.99902192892287,46.28676477398598,43.697086738406824,44.471012115478516,82565000,0.0,0.0,-0.030499756539847045,47.467499542236325,32.870383936261376
2013-11-26 00:00:00-05:00,44.31225826412675,45.81049910225462,43.21090058639968,45.53268051147461,82016000,0.0,0.0,0.023873268124396274,47.29336585998535,32.9481073409792
2013-11-27 00:00:00-05:00,45.61206583786229,46.3066124126217,45.17548937944785,46.12801742553711,44993000,0.0,0.0,0.013074936669113413,47.16834735870361,33.02736633542984
2013-11-29 00:00:00-05:00,46.38598517826549,46.84240251974922,46.137931781590275,46.643959045410156,22953900,0.0,0.0,0.011184994471221676,47.0095932006836,33.10489285181439
2013-12-02 00:00:00-05:00,46.534818974740496,47.16983506796601,45.8997990965205,46.693572998046875,50774000,0.0,0.0,0.0010636737029208199,46.87614059448242,33.17993885373313
2013-12-03 00:00:00-05:00,46.38598318333184,46.83248003514352,45.929565861477364,46.36613845825195,32086000,0.0,0.0,-0.007012411318547351,46.80222034454346,33.25746536254883
2013-12-04 00:00:00-05:00,46.09824331869397,48.390258115742796,45.899799840097586,48.241424560546875,60890000,0.0,0.0,0.040445164610450224,46.72830009460449,33.34077980404808
2013-12-05 00:00:00-05:00,47.77508475828334,48.3208014630572,47.4972623857665,47.96360397338867,43855000,0.0,0.0,-0.005758963166801134,46.68960380554199,33.42200743962848
2013-12-06 00:00:00-05:00,48.598618219532106,49.00542561521747,47.33850658289836,47.566715240478516,42938000,0.0,0.0,-0.00827478963278827,46.70845546722412,33.50457376903958
2013-12-09 00:00:00-05:00,47.715552772859894,48.58870181159131,47.36827952250939,48.459712982177734,36056000,0.0,0.0,0.0187735843684933,46.773445510864256,33.5886363074893
2013-12-10 00:00:00-05:00,48.26126591336858,50.37468181044907,48.16204607350328,49.85873031616211,68479000,0.0,0.0,0.028869699135422033,46.974368286132815,33.67687242750137
2013-12-11 00:00:00-05:00,50.15639823143423,50.374686441197404,48.628388333081276,48.99551010131836,65776000,0.0,0.0,-0.017313321245244984,47.111790084838866,33.76113185428438
2013-12-12 00:00:00-05:00,50.652504368517356,51.664562711610465,50.2655416636571,51.42643356323242,92723000,0.0,0.0,0.04961522916869576,47.26657562255859,33.85661273532443
2013-12-13 00:00:00-05:00,51.25775644315441,53.08342969045005,50.94024838145036,52.90483093261719,82641000,0.0,0.0,0.028747810550910025,47.48138961791992,33.95536161604382
2013-12-16 00:00:00-05:00,52.83537690675487,54.07564397029371,52.49802411407251,53.39101791381836,85119000,0.0,0.0,0.009189840939486382,47.71952114105225,34.06167023522513
2013-12-17 00:00:00-05:00,54.33361480942167,54.75034648761559,53.817667070696984,54.432838439941406,78751000,0.0,0.0,0.019513029847168628,48.16750545501709,34.172349294026695
2013-12-18 00:00:00-05:00,54.432843039036925,55.45482191727425,53.33148524967698,55.13731384277344,76003000,0.0,0.0,0.012942103021309714,48.62441997528076,34.28204403226338
2013-12-19 00:00:00-05:00,53.906965758448884,54.76026626007362,53.52992353726948,54.62135696411133,89753200,0.0,0.0,-0.009357671651059829,49.05206413269043,34.39087252389817
2013-12-20 00:00:00-05:00,54.502291940702,54.720580138252636,53.80774168167269,54.69081115722656,239824000,0.0,0.0,0.0012715574452109024,49.46978588104248,34.500173493037146
2013-12-23 00:00:00-05:00,55.06785736901844,57.86589954875277,55.01824744370295,57.32018280029297,98297000,0.0,0.0,0.048077027702284836,50.04229316711426,34.62423958097185
2013-12-24 00:00:00-05:00,57.81628891363424,58.12387650280559,56.46687776564911,57.50870132446289,46617800,0.0,0.0,0.0032888681605698356,50.69417762756348,34.7464157210456
2013-12-26 00:00:00-05:00,57.86589705270268,57.92543123151007,56.923293372388834,57.28049087524414,55101000,0.0,0.0,-0.003968276868767884,51.281568145751955,34.86933994293213
2013-12-27 00:00:00-05:00,57.03244438905432,57.230887890810635,54.8198082392096,55.00832748413086,60466000,0.0,0.0,-0.03966731702879456,51.72558364868164,34.98505884503562
2013-12-30 00:00:00-05:00,54.50229567813071,54.75034908872296,53.01397521457715,53.29179382324219,68307000,0.0,0.0,-0.031204978216868517,52.057975387573244,35.09451732938252
2013-12-31 00:00:00-05:00,53.69860762347121,54.432847471160635,53.49024364230081,54.224483489990234,43076200,0.0,0.0,0.01750156262034608,52.43452091217041,35.20488144859435
2014-01-02 00:00:00-05:00,54.40307256656839,54.79003525829575,53.768052694124485,54.28400421142578,43195500,0.0,0.0,0.0010976724461844167,52.8304141998291,35.31004820929633
2014-01-03 00:00:00-05:00,54.59159882559778,55.2166945232368,54.105412441879665,54.13518142700195,38246200,0.0,0.0,-0.00274155870750048,53.125102043151855,35.41552999284532
2014-01-06 00:00:00-05:00,53.996263171811535,56.81414999295864,53.629145193649975,56.75461959838867,68852600,0.0,0.0,0.04838698425567989,53.564652824401854,35.52750839505877
2014-01-07 00:00:00-05:00,57.2507325835093,58.09411273419994,56.774470450590414,57.469017028808594,77207400,0.0,0.0,0.01258747632307644,54.05976791381836,35.63972304359315
2014-01-08 00:00:00-05:00,57.15150045673264,57.95519481579402,56.784382493455205,57.77659606933594,56682400,0.0,0.0,0.005352084591479178,54.52561206817627,35.7545756915259
2014-01-09 00:00:00-05:00,58.193333320652364,58.50091713627894,56.20890597856696,56.77446746826172,92253300,0.0,0.0,-0.017344888228991495,54.87139892578125,35.859427482362776
2014-01-10 00:00:00-05:00,56.685166638666324,57.846054787338424,56.61571198626687,57.48885726928711,42449500,0.0,0.0,0.012582941467918607,55.29606628417969,35.964318646325005
2014-01-13 00:00:00-05:00,57.45909395181236,57.79644675379223,54.94879455722368,55.474666595458984,63010900,0.0,0.0,-0.03503619256847168,55.498477935791016,36.05956330375066
2014-01-14 00:00:00-05:00,56.020380696093035,57.33010238617213,55.66318318334517,57.2904167175293,37503600,0.0,0.0,0.03273115880644051,55.71775722503662,36.16504507216196
2014-01-15 00:00:00-05:00,57.528546762018614,58.113952964773496,56.82407598149849,57.15150451660156,33663400,0.0,0.0,-0.00242470222572555,55.90578155517578,36.27332235517956
2014-01-16 00:00:00-05:00,56.81415222385604,57.56823672130556,56.387503834371486,56.74469757080078,34541800,0.0,0.0,-0.00711804438468655,56.02137451171875,36.38096965305389
2014-01-17 00:00:00-05:00,56.85383928467953,57.36979081779115,55.633416994528716,55.86162567138672,40849200,0.0,0.0,-0.015562192367176597,56.057590103149415,36.48397086915516
2014-01-21 00:00:00-05:00,56.1592925029384,58.12387891065138,56.060072649415225,58.054420471191406,48669200,0.0,0.0,0.03925404557153578,56.22924327850342,36.59756358464559
2014-01-22 00:00:00-05:00,58.39176882861721,58.848189961077146,56.655395029134176,57.06220245361328,61352900,0.0,0.0,-0.01709117082773215,56.34781284332276,36.703005949656166
2014-01-23 00:00:00-05:00,55.931078744704216,56.2386663187515,55.25637320388689,56.189056396484375,47951800,0.0,0.0,-0.015301653626824119,56.291256523132326,36.804629098801385
2014-01-24 00:00:00-05:00,55.71279537791897,55.98068972020053,53.97642157094013,54.026031494140625,55200700,0.0,0.0,-0.03849548365932487,56.11712303161621,36.89664508426
2014-01-27 00:00:00-05:00,54.30384991891082,54.51221386668523,51.44627368873858,53.13303756713867,73924100,0.0,0.0,-0.01652895654752662,55.909750366210936,36.98330627168928
2014-01-28 00:00:00-05:00,53.59938455699835,54.84957215427233,53.579539828788306,54.710662841796875,48191200,0.0,0.0,0.029691983498303154,55.89486713409424,37.072566145942325
2014-01-29 00:00:00-05:00,54.18478213952787,54.5221348952407,52.7758369415528,53.113189697265625,92995600,0.0,0.0,-0.029198570471546947,55.88593692779541,37.16210158665975
2014-01-30 00:00:00-05:00,61.636307527467046,62.013349753768416,59.98923310940674,60.604408264160156,150178900,0.0,0.0,0.1410425284113599,56.204933166503906,37.279592294541615
2014-01-31 00:00:00-05:00,59.999158554505776,62.87657576913152,59.70149144179055,62.08280563354492,87794600,0.0,0.0,0.024394221670159366,56.59487323760986,37.403973352341424
2014-02-03 00:00:00-05:00,62.539223543407424,63.27346329096288,60.22736776643198,61.00129318237305,74866600,0.0,0.0,-0.017420482855683095,56.938178825378415,37.5289843952845
2014-02-04 00:00:00-05:00,61.56685563943681,62.64836865904151,61.33864695630852,62.26140594482422,45985500,0.0,0.0,0.020657148344115583,57.213518142700195,37.665374392554874
2014-02-05 00:00:00-05:00,62.251485299278706,62.668213210345954,60.79293004055404,61.70576477050781,51685100,0.0,0.0,-0.008924327452689007,57.42535552978516,37.79747267374917
2014-02-06 00:00:00-05:00,60.981455937746205,62.2911777800314,60.981455937746205,61.67600631713867,42086500,0.0,0.0,-0.0004822637476387115,57.62032604217529,37.92783854499696
2014-02-07 00:00:00-05:00,61.78515714977012,64.06724825722924,61.73554721406361,63.81919479370117,60704300,0.0,0.0,0.03474914483830549,57.97256240844727,38.06828407257322
2014-02-10 00:00:00-05:00,63.79933979289589,63.98785523605483,62.97580065860441,63.05517578125,43666100,0.0,0.0,-0.01197161786388723,58.25087833404541,38.20609152506268
2014-02-11 00:00:00-05:00,63.253613609569584,64.49388054309055,62.85672667684515,64.34504699707031,45675600,0.0,0.0,0.020456230592316604,58.694397354125975,38.35015934232681
2014-02-12 00:00:00-05:00,64.41450751426622,64.55341681788379,63.55128649464124,63.94816589355469,47282100,0.0,0.0,-0.006168013266564132,59.02728481292725,38.49615647300841
2014-02-13 00:00:00-05:00,63.68027342219864,66.80574798583984,63.551288370742924,66.80574798583984,61911700,0.0,0.0,0.04468591166542235,59.50999698638916,38.651367058829656
2014-02-14 00:00:00-05:00,66.9744229338998,67.05380184454488,66.20049748008418,66.56761169433594,36694900,0.0,0.0,-0.0035646078171953643,60.00114269256592,38.8033096146962
2014-02-18 00:00:00-05:00,66.41878817653799,67.01411488860045,65.55555952355404,66.77598571777344,43809900,0.0,0.0,0.0031302613708645843,60.546860694885254,38.956787775433256
2014-02-19 00:00:00-05:00,66.52792194409679,68.54211425116387,66.47830823831154,67.5300521850586,62087100,0.0,0.0,0.011292479761694452,61.02064228057861,39.110856480068634
2014-02-20 00:00:00-05:00,67.20263724486351,69.5641031261264,65.21820984447763,69.08783721923828,130928900,0.0,0.0,0.023068026512266693,61.621924018859865,39.27295742337666
2014-02-21 00:00:00-05:00,69.14736441810992,69.41525874463797,67.91701417112343,68.05592346191406,70932400,0.0,0.0,-0.01493625794146114,62.21526737213135,39.435609537457665
2014-02-24 00:00:00-05:00,68.20477246509762,70.88375418746242,68.00633273899221,70.22888946533203,76620300,0.0,0.0,0.031929123768837275,63.02541027069092,39.60747514452253
2014-02-25 00:00:00-05:00,70.39755532540502,70.44716903582037,68.90923485281726,69.30612182617188,52077000,0.0,0.0,-0.01313943088357783,63.83406448364258,39.775127759055486
2014-02-26 00:00:00-05:00,69.64347736585081,70.66545619727623,68.31390716041196,68.72071838378906,55322700,0.0,0.0,-0.008446633961875283,64.5345672607422,39.9399848514133
2014-02-27 00:00:00-05:00,68.80010059052594,69.4648895832653,68.33376646784494,68.4032211303711,41653700,0.0,0.0,-0.004620109639204006,65.29906883239747,40.10562945169116
2014-02-28 00:00:00-05:00,68.929086497377,69.33589017530987,66.85535594160544,67.92694854736328,66783700,0.0,0.0,-0.006962721566869945,65.66519584655762,40.26788789506943
2014-03-03 00:00:00-05:00,66.43861595409031,67.5201326201753,65.99212290102054,66.88511657714844,56824100,0.0,0.0,-0.015337535285990467,65.90531139373779,40.42392527110993
2014-03-04 00:00:00-05:00,68.12539580330828,68.36352497006028,67.09349265406328,68.2643051147461,42013500,0.0,0.0,0.02062026065255984,66.26846199035644,40.585671863858664
2014-03-05 00:00:00-05:00,69.14737444828398,71.40962044929718,69.07791979281392,71.01273345947266,74567700,0.0,0.0,0.04026157360141158,66.70602836608887,40.75911239593748
2014-03-06 00:00:00-05:00,71.320317145048,71.33024140152189,69.70301155933029,70.28841400146484,46026500,0.0,0.0,-0.010199853219580501,67.13516082763672,40.92995425633022
2014-03-07 00:00:00-05:00,70.52655552762349,70.62577538913308,68.92909077635137,69.25652313232422,38927000,0.0,0.0,-0.01468081025585699,67.514186668396,41.09225209554037
2014-03-10 00:00:00-04:00,70.21895543213063,71.58821508959633,69.96098533810633,71.46914672851562,59871600,0.0,0.0,0.03194823384309786,67.89668426513671,41.26577137386988
2014-03-11 00:00:00-04:00,71.93548274750066,72.02477833386851,69.41525940905166,69.55416870117188,59408300,0.0,0.0,-0.026794471670664177,68.22163391113281,41.43098278651162
2014-03-12 00:00:00-04:00,69.31605502014813,70.7944514272854,68.46275056690342,70.32810974121094,46340500,0.0,0.0,0.011127169722409791,68.52078704833984,41.60048598334903
2014-03-13 00:00:00-04:00,70.73490415264808,70.79443454263294,67.61935424363162,68.29405975341797,57091000,0.0,0.0,-0.028922290038474574,68.738081741333,41.76487056792728
2014-03-14 00:00:00-04:00,67.95671207080612,68.88939534207091,66.93473320292551,67.19271087646484,48227000,0.0,0.0,-0.016126569147150493,68.75742988586425,41.92504220538669
2014-03-17 00:00:00-04:00,67.64912808894655,68.41312928140334,66.10127719150763,68.20476531982422,52197000,0.0,0.0,0.01506196773665014,68.83928756713867,42.09076550650218
2014-03-18 00:00:00-04:00,68.22461581356039,69.05807168408005,67.7681984220868,68.6512680053711,40827000,0.0,0.0,0.006546502776648255,68.93305168151855,42.258890621245854
2014-03-19 00:00:00-04:00,68.63141529408806,68.75048365544592,66.94465514312606,67.70865631103516,43981000,0.0,0.0,-0.013730433853926582,68.94198188781738,42.42303896707202
2014-03-20 00:00:00-04:00,67.48045818467524,67.69874641740456,66.29972141854306,66.44855499267578,44439000,0.0,0.0,-0.01861063838825594,68.81001777648926,42.58490370190333
2014-03-21 00:00:00-04:00,67.00417347471063,67.39113611696446,65.66468682306365,66.7164306640625,59999900,0.0,0.0,0.004031324254022417,68.74304313659668,42.7483039129348
2014-03-24 00:00:00-04:00,66.66683511548358,66.83550961298631,62.86665515886593,63.60089111328125,85696000,0.0,0.0,-0.04669823489912006,68.41164321899414,42.899380244905984
2014-03-25 00:00:00-04:00,64.3847427368164,65.67462350167669,63.283384986663684,64.3847427368164,68786000,0.0,0.0,0.012324538380115158,68.16557426452637,43.05592951698909
2014-03-26 00:00:00-04:00,64.23590852362958,64.44427247829971,59.899936004328595,59.91978073120117,97503900,0.0,0.0,-0.06934813770812953,67.72552738189697,43.19444569330367
2014-03-27 00:00:00-04:00,60.03884481634664,61.41802493525003,57.528545554915375,60.49526596069336,112650000,0.0,0.0,0.009604261271812797,67.33012962341309,43.33178066828894
2014-03-28 00:00:00-04:00,60.862385848261596,61.46763678439687,58.87795853502841,59.54273986816406,67052000,0.0,0.0,-0.015745464994702196,66.91091918945312,43.4673438147893
2014-03-31 00:00:00-04:00,60.30674279722902,61.040982543676925,59.40382855166157,59.77095031738281,53011000,0.0,0.0,0.0038327166288290027,66.55521087646484,43.6040094390748
2014-04-01 00:00:00-04:00,59.989238188630345,62.172109041783195,59.77095375281143,62.13241958618164,59291000,0.0,0.0,0.03950864519067321,66.24861660003663,43.75047909267365
2014-04-02 00:00:00-04:00,62.71782626392289,63.41237660201069,61.72561257665313,62.23164367675781,66277000,0.0,0.0,0.0015969777329940538,65.80956211090088,43.89407447784666
2014-04-03 00:00:00-04:00,62.062961909690486,62.67813330158419,58.66959310586316,59.026790618896484,83859000,0.0,0.0,-0.0514987692516673,65.24648094177246,44.02172355046348
2014-04-04 00:00:00-04:00,59.47328068865648,59.73125833933989,55.881468584865644,56.30812072753906,125214400,0.0,0.0,-0.04605823665579889,64.5990608215332,44.137324302915545
2014-04-07 00:00:00-04:00,55.46474531873202,57.54839249865079,55.00832415680188,56.506568908691406,108488000,0.0,0.0,0.003524326128953703,63.85093193054199,44.25583872719417
2014-04-08 00:00:00-04:00,57.23088068892901,58.25285948462594,56.72484963387914,57.736907958984375,78836000,0.0,0.0,0.02177338093702108,63.26006889343262,44.38025915811932
2014-04-09 00:00:00-04:00,59.16569683619324,61.973659299443355,58.72912043858947,61.924049377441406,100215000,0.0,0.0,0.072521053975241,62.83986587524414,44.51743661032783
2014-04-10 00:00:00-04:00,62.588835336405616,62.68805518182381,58.223094008104134,58.69935607910156,114988000,0.0,0.0,-0.0520749745980692,62.36013069152832,44.640045862349254
2014-04-11 00:00:00-04:00,57.15150176222305,59.84040349087718,56.86376269524067,58.07426071166992,91452000,0.0,0.0,-0.010649100930328448,61.904208183288574,44.76261573367648
2014-04-14 00:00:00-04:00,59.62212236551774,59.979319908994825,57.33010731820309,58.43146514892578,72325000,0.0,0.0,0.006150821945531515,61.415543174743654,44.89006796337309
2014-04-15 00:00:00-04:00,58.82834153575073,59.21530420970414,55.444893524909475,58.62989807128906,108623000,0.0,0.0,0.003395994296181426,60.914474678039554,45.016732670011976
2014-04-16 00:00:00-04:00,59.32445572161144,59.72133891516193,57.29041847280531,59.255001068115234,78774000,0.0,0.0,0.010661846897057625,60.49179191589356,45.14701977987138
2014-04-17 00:00:00-04:00,58.83826515562538,60.10830112517473,58.26278324137188,58.4810676574707,88040000,0.0,0.0,-0.013061064833242875,60.0934175491333,45.27793682946099
2014-04-21 00:00:00-04:00,58.997025384420105,60.76316833496094,58.689441561428765,60.76316833496094,60364000,0.0,0.0,0.03902289696311145,59.79575443267822,45.4177523567563
2014-04-22 00:00:00-04:00,62.16218806183662,62.94603398608325,61.735535880097366,62.53922653198242,60631000,0.0,0.0,0.029229190078286393,59.742671203613284,45.56367075632489
2014-04-23 00:00:00-04:00,62.955955486315816,62.98572068397301,60.78300521747003,60.88222885131836,95908700,0.0,0.0,-0.02649533376970492,59.56754550933838,45.70297439514645
2014-04-24 00:00:00-04:00,63.104784593159,63.154398302056514,59.304608404274255,60.39604187011719,138769000,0.0,0.0,-0.007985696160836997,59.59135856628418,45.839836869921
2014-04-25 00:00:00-04:00,59.50305567391828,59.54274134457099,57.1217413249941,57.260650634765625,92502000,0.0,0.0,-0.0519138529325196,59.42962779998779,45.96413918903896
2014-04-28 00:00:00-04:00,57.59800113390589,57.855978800301095,54.23439749471318,55.70287322998047,107758000,0.0,0.0,-0.027205024524107557,59.23763446807861,46.079464344751266
2014-04-29 00:00:00-04:00,55.65325487922981,57.826201062610686,55.40520150640119,57.69721603393555,75557000,0.0,0.0,0.03580323039569322,59.13394775390625,46.20219170101105
2014-04-30 00:00:00-04:00,57.131662467243515,59.38398407004521,56.71493077564952,59.31452941894531,76093000,0.0,0.0,0.02803104718360272,58.99305324554443,46.32822645278204
2014-05-01 00:00:00-04:00,59.9594674622806,61.79506108720454,59.741179261588975,60.67386245727539,82429000,0.0,0.0,0.022917370358432,58.915164184570315,46.46099408467611
2014-05-02 00:00:00-04:00,60.82269452162226,61.40810071240845,59.71141632021266,59.989234924316406,54189000,0.0,0.0,-0.011283730839471096,58.96328639984131,46.58498141122243
2014-05-05 00:00:00-04:00,59.20538628969704,60.87230551354422,58.7192037239885,60.74332046508789,46057000,0.0,0.0,0.012570347691929218,59.18504638671875,46.71455979725671
2014-05-06 00:00:00-04:00,60.5051847851053,60.67386306505518,58.03457504432392,58.07426071166992,55901000,0.0,0.0,-0.04393997122616977,59.263430976867674,46.83646031031533
2014-05-07 00:00:00-04:00,58.31239395574716,58.83826595461902,55.8219356903465,56.943138122558594,78587000,0.0,0.0,-0.019477175865004748,59.22374248504639,46.9565496596079
2014-05-08 00:00:00-04:00,56.7843843623373,58.36200415130991,56.06006888230509,56.31804275512695,61251000,0.0,0.0,-0.010977536329070059,58.94344215393066,47.07325287470742
2014-05-09 00:00:00-04:00,56.40734122821099,57.20111513032736,55.94100341346127,56.794307708740234,52584000,0.0,0.0,0.008456702866683319,58.848189735412596,47.192161007532995
2014-05-12 00:00:00-04:00,57.52854218611943,59.433594203806194,57.52854218611943,59.364139556884766,48575000,0.0,0.0,0.045248053050025216,58.91268367767334,47.322684341006806
2014-05-13 00:00:00-04:00,59.19546128222246,60.41588351597746,59.04662773310832,59.364139556884766,48525000,0.0,0.0,0.0,58.95931739807129,47.45265644315689
2014-05-14 00:00:00-04:00,59.066469757139224,59.97930816563304,58.49098788254038,58.76880645751953,47429000,0.0,0.0,-0.01002849706588882,58.96626281738281,47.579281769101584
2014-05-15 00:00:00-04:00,58.79858356924694,58.91765194122289,57.07213381054034,57.469017028808594,56814000,0.0,0.0,-0.022116995512755144,58.87696361541748,47.70259976008582
2014-05-16 00:00:00-04:00,57.85598017597217,57.994889483490354,56.86376651084828,57.5682373046875,47933000,0.0,0.0,0.0017265003128410505,58.83132209777832,47.82816203435262
2014-05-19 00:00:00-04:00,57.43924457075122,59.096243247265946,57.1217365222564,58.748966217041016,43034000,0.0,0.0,0.020510075827132823,58.73061199188233,47.95793727087596
2014-05-20 00:00:00-04:00,59.03671391979482,59.72133999593044,57.72699216588635,58.104034423828125,53931000,0.0,0.0,-0.01097775560560954,58.50885238647461,48.087082552531406
2014-05-21 00:00:00-04:00,58.10403219145566,60.028925292791726,57.7964446000846,60.019004821777344,58992000,0.0,0.0,0.0329576150251607,58.46569118499756,48.22422064675225
2014-05-22 00:00:00-04:00,60.46550266435934,61.00129898093925,59.9297101327744,60.04877471923828,54200000,0.0,0.0,0.0004960078486695441,58.44832782745361,48.36344556202964
2014-05-23 00:00:00-04:00,59.93962358513328,60.97152664029566,59.681649713839946,60.8723030090332,38294000,0.0,0.0,0.01371432295905084,58.62891044616699,48.50633218553331
2014-05-27 00:00:00-04:00,61.14020360700409,63.01548678621924,61.09059368186508,62.985721588134766,55682000,0.0,0.0,0.03471888649897048,58.993052864074706,48.66055841294546
2014-05-28 00:00:00-04:00,62.89642309189432,63.640583334410806,62.13241812204469,63.01548767089844,47795000,0.0,0.0,0.0004725846114506105,59.25896644592285,48.81572960293482
2014-05-29 00:00:00-04:00,63.34292065437804,63.799341817806294,63.015488327461775,63.33300018310547,42700000,0.0,0.0,0.0050386424662021145,59.45988998413086,48.975231912400986
2014-05-30 00:00:00-04:00,63.45206549657054,63.67034993204234,62.072889089065654,62.807125091552734,45253500,0.0,0.0,-0.008303334597008605,59.56655311584473,49.12780446097965
2014-06-02 00:00:00-04:00,62.737666441220135,63.094863948327266,61.56685407236656,62.588836669921875,35996000,0.0,0.0,-0.003475535957308429,59.696533203125,49.28029824816991
2014-06-03 00:00:00-04:00,62.13241306719015,62.92618317096404,61.834749751399244,62.38046646118164,32217000,0.0,0.0,-0.0033291912715861516,59.77839050292969,49.433933848426456
2014-06-04 00:00:00-04:00,61.96374365254688,63.094866616217935,61.58670140299162,62.8468132019043,36514000,0.0,0.0,0.007475845680199544,60.0170181274414,49.59071934412396
2014-06-05 00:00:00-04:00,63.16431675547289,63.85886702291493,62.330857191541334,62.697975158691406,47352000,0.0,0.0,-0.002368267150391956,60.30475997924805,49.74935539941939
2014-06-06 00:00:00-04:00,62.87658010047977,62.98572421132796,61.66608197969617,62.01335525512695,42442000,0.0,0.0,-0.010919330358462931,60.589525604248045,49.90499908961947
2014-06-09 00:00:00-04:00,61.91413401466598,62.84681349422537,61.30888307532632,62.39039611816406,37617000,0.0,0.0,0.006079994567072422,60.86933002471924,50.06087900343395
2014-06-10 00:00:00-04:00,63.03533232513701,65.30750250471799,63.005567126669185,65.25788879394531,69338000,0.0,0.0,0.04596048196825642,61.16401748657226,50.2240430211264
2014-06-11 00:00:00-04:00,64.81140482803208,65.28767078073237,64.3946768506634,65.267822265625,44242000,0.0,0.0,0.00015221871046211533,61.459201622009275,50.38842765868656
2014-06-12 00:00:00-04:00,65.33726815785982,65.95244335377056,63.56120479368849,63.7894172668457,55730000,0.0,0.0,-0.022651360922730457,61.710232162475585,50.5479693110027
2014-06-13 00:00:00-04:00,64.19622337292653,64.46412531116638,63.33300229857311,63.99778366088867,29419000,0.0,0.0,0.00326647276257952,62.03667049407959,50.70849532172794
2014-06-16 00:00:00-04:00,63.66042797957532,64.37481541020331,63.253616771450496,63.69019317626953,31046000,0.0,0.0,-0.004806267764661976,62.34276828765869,50.868194458976625
2014-06-17 00:00:00-04:00,63.60090763969937,64.37483324815578,63.4322330983673,63.89857482910156,27715000,0.0,0.0,0.0032718012372063843,62.60024871826172,51.02718494808863
2014-06-18 00:00:00-04:00,63.98786031125127,65.23805171078128,63.551291424582125,65.08921813964844,35570000,0.0,0.0,0.018633331239879425,62.94950790405274,51.19015213042971
2014-06-19 00:00:00-04:00,64.95029785818647,65.06936620898564,63.71003092481905,63.83901596069336,34245000,0.0,0.0,-0.019207515694423916,63.14050846099853,51.34776444662185
2014-06-20 00:00:00-04:00,63.958094204483146,64.30536748554428,62.85673639169658,63.99778366088867,46466000,0.0,0.0,0.00248700105736388,63.337958908081056,51.507621106647306
2014-06-23 00:00:00-04:00,63.81917284453391,65.14874288816397,63.7199530072453,64.86100006103516,34560000,0.0,0.0,0.013488223353491424,63.537393760681155,51.66842268383692
2014-06-24 00:00:00-04:00,64.85107736250744,66.64698144148817,64.76177420781289,65.2082748413086,57335000,0.0,0.0,0.005354138541598941,63.648521423339844,51.832925380222385
2014-06-25 00:00:00-04:00,65.06937602320025,66.95458356025654,65.05945176663965,66.9148941040039,44308000,0.0,0.0,0.02617182047598332,63.84349174499512,52.00297979324583
2014-06-26 00:00:00-04:00,67.47052840804545,67.47052840804545,66.3790949036779,66.6072998046875,47714000,0.0,0.0,-0.004596798716266726,64.00720672607422,52.17216795966739
2014-06-27 00:00:00-04:00,66.78590365569141,67.17286640428111,66.31956199200896,67.07364654541016,46461000,0.0,0.0,0.007001435910029663,64.2205327987671,52.34123802941943
2014-06-30 00:00:00-04:00,66.93473438540208,67.39115177281045,66.60730205204727,66.76605987548828,27102800,0.0,0.0,-0.004585805092818918,64.42939395904541,52.508221300821454
2014-07-01 00:00:00-04:00,67.05379391747033,67.90709818105371,66.86527091947276,67.5300521850586,33243000,0.0,0.0,0.011442824557792886,64.68687324523925,52.67851190718393
2014-07-02 00:00:00-04:00,67.51021013407647,67.76818777393599,65.27772967026438,65.93258666992188,41895000,0.0,0.0,-0.02365562388074338,64.84116191864014,52.84403830482846
2014-07-03 00:00:00-04:00,66.33939562419953,66.47830490945604,65.24796228147477,65.77383422851562,25203200,0.0,0.0,-0.0024077993815260212,64.99495487213134,53.00850162051973
2014-07-07 00:00:00-04:00,65.78376939675113,66.0516637570502,64.6129569625016,64.78163146972656,28745000,0.0,0.0,-0.015085067951822406,65.13336868286133,53.16961822055635
2014-07-08 00:00:00-04:00,64.5534146912379,65.04952149352529,61.72560743219763,62.271324157714844,68926000,0.0,0.0,-0.03875029472181202,65.12741508483887,53.31943460494753
2014-07-09 00:00:00-04:00,62.91626437521608,64.61295251187363,62.6582905039961,64.46411895751953,51432000,0.0,0.0,0.03521355663243941,65.08772659301758,53.47492077993968
2014-07-10 00:00:00-04:00,62.817051555591156,64.83124039752413,62.55907387051968,64.36490631103516,44422000,0.0,0.0,-0.0015390367244413339,65.04258079528809,53.62875331394256
2014-07-11 00:00:00-04:00,64.77170416213147,66.07150158714703,64.28552160597887,65.82344818115234,39212000,0.0,0.0,0.0226605141483307,65.14428234100342,53.78833431667752
2014-07-14 00:00:00-04:00,66.6072910915452,67.63919406413883,66.37908622038792,67.37129974365234,38537000,0.0,0.0,0.023515200210115994,65.31295814514161,53.95366385626414
2014-07-15 00:00:00-04:00,67.43083759354572,67.55982264064583,65.74407744535978,66.64698791503906,44213200,0.0,0.0,-0.010751044307728774,65.46079788208007,54.11466232178703
2014-07-16 00:00:00-04:00,67.01410273273267,67.41098965877853,66.5477611623779,67.13317108154297,29541600,0.0,0.0,0.007294900815678185,65.62252769470214,54.2774325930883
2014-07-17 00:00:00-04:00,66.50807375170602,67.32168856854814,65.52578444636961,65.89290618896484,38188000,0.0,0.0,-0.018474695483573167,65.66271209716797,54.43398185003372
2014-07-18 00:00:00-04:00,66.27986416899678,67.92693462622663,65.6448481409096,67.88724517822266,42456000,0.0,0.0,0.030266368636686414,65.86512355804443,54.600295710185215
2014-07-21 00:00:00-04:00,68.27421679758693,69.4152639750491,67.9666329976583,68.85962677001953,49539000,0.0,0.0,0.01432347990029803,66.10821571350098,54.77164944391402
2014-07-22 00:00:00-04:00,69.21684210507226,69.22675879343804,68.07579463374468,68.73065185546875,40398000,0.0,0.0,-0.0018730121059403748,66.30169830322265,54.94182201415774
2014-07-23 00:00:00-04:00,69.19697493646278,70.77459851035546,69.06798989255522,70.73490905761719,78435000,0.0,0.0,0.029161038751140067,66.57803001403809,55.119632985856796
2014-07-24 00:00:00-04:00,75.36853656074881,76.14246187964463,73.9298300135695,74.39617156982422,124168000,0.0,0.0,0.05176033391411794,66.9520938873291,55.31047657557896
2014-07-25 00:00:00-04:00,74.40609832438727,75.08080389858182,74.07867357822569,74.60454559326172,45917000,0.0,0.0,0.002800870246957965,67.35195617675781,55.47123880234976
2014-07-28 00:00:00-04:00,74.5846851438015,74.91211740754552,73.27496365881348,74.33663177490234,41725000,0.0,0.0,-0.0035911192304557416,67.71510543823243,55.63231598384797
2014-07-29 00:00:00-04:00,74.13820819892062,74.33664790911457,72.84832737269082,73.13607025146484,41324000,0.0,0.0,-0.016150335235431523,68.03360595703126,55.7830379728287
2014-07-30 00:00:00-04:00,73.6321691465957,74.60454178953061,73.55279024309307,74.0985107421875,36853000,0.0,0.0,0.01315958715601595,68.36202888488769,55.928916976565404
2014-07-31 00:00:00-04:00,73.42381469508518,73.5924892093439,71.87596372661258,72.0843276977539,43992000,0.0,0.0,-0.027182503727255503,68.6696159362793,56.070071235535636
2014-08-01 00:00:00-04:00,71.65766815375743,72.64988176415011,70.99288685159172,71.79657745361328,43535000,0.0,0.0,-0.003991855835115077,68.97075309753419,56.20736683739556
2014-08-04 00:00:00-04:00,71.79658245428308,73.304743916329,71.79658245428308,72.93762969970703,30777000,0.0,0.0,0.015892850140815762,69.3785530090332,56.34698548392644
2014-08-05 00:00:00-04:00,72.6300393414343,73.01700207632798,71.6179847047869,72.12401580810547,34986000,0.0,0.0,-0.011154926407004329,69.87118759155274,56.4788869524759
2014-08-06 00:00:00-04:00,71.45923047461194,73.14599838052149,71.23102555280607,71.90573120117188,30986000,0.0,0.0,-0.0030265176514070458,70.24326820373535,56.61244209229
2014-08-07 00:00:00-04:00,72.4315910118911,73.42380458739646,72.13392391124395,72.60026550292969,38141000,0.0,0.0,0.00965895611039258,70.65503616333008,56.7474933654543
2014-08-08 00:00:00-04:00,72.82847592743448,72.85824112267231,71.99501261083213,72.49111938476562,27202000,0.0,0.0,-0.001503384559380927,70.98841972351075,56.88341086251395
2014-08-11 00:00:00-04:00,72.88800500230423,73.33450563277835,72.49111807632339,72.8681640625,24591000,0.0,0.0,0.005201253352608681,71.26326293945313,57.020982030838255
2014-08-12 00:00:00-04:00,72.52087898770766,72.75901567122413,71.65765811242157,72.26290893554688,27419000,0.0,0.0,-0.008306166825254313,71.54405899047852,57.15725387088836
2014-08-13 00:00:00-04:00,72.55064687178869,73.67184529382583,72.48119223626405,73.1955795288086,29266000,0.0,0.0,0.012906629514369383,71.8471794128418,57.30195160517617
2014-08-14 00:00:00-04:00,73.39404138822484,73.8008450288561,73.11622279072269,73.72147369384766,22207000,0.0,0.0,0.0071847803982763025,72.23860778808594,57.450193041846866
2014-08-15 00:00:00-04:00,73.74132392513476,74.06875627200796,72.43160210763197,73.05669403076172,38846600,0.0,0.0,-0.009017449459117532,72.4970802307129,57.596150837247336
2014-08-18 00:00:00-04:00,73.42379872062646,74.13819364910636,73.3841092723789,74.00920104980469,23974000,0.0,0.0,0.013037915712992731,72.75455894470215,57.74384097447471
2014-08-19 00:00:00-04:00,74.22749999111255,74.99150873315915,73.92984044108564,74.70376586914062,26679000,0.0,0.0,0.009384844174557871,73.05321464538574,57.89141306801448
2014-08-20 00:00:00-04:00,74.386251087798,74.59461502499208,74.0389778591412,74.22749328613281,22917000,0.0,0.0,-0.006375482915307207,73.22784385681152,58.03473278832814
2014-08-21 00:00:00-04:00,74.33664552009161,74.60454744723232,73.83062200436265,73.98937225341797,20102000,0.0,0.0,-0.0032079896837811095,73.2075038909912,58.177461957174636
2014-08-22 00:00:00-04:00,73.76115978103846,74.14813007246276,72.99715859435645,73.98937225341797,20897000,0.0,0.0,0.0,73.17674522399902,58.31928551386273
2014-08-25 00:00:00-04:00,74.35649596797134,74.69384498723853,74.20766240124007,74.43586730957031,19734000,0.0,0.0,0.006034583651055581,73.18170700073242,58.455006175571015
2014-08-26 00:00:00-04:00,74.41602136712605,75.39831072957514,74.14812702099962,75.36854553222656,23993000,0.0,0.0,0.012529957080735565,73.2933307647705,58.59131741902185
2014-08-27 00:00:00-04:00,74.6839128754891,74.90220107440331,73.88022229765848,74.04889678955078,36323000,0.0,0.0,-0.01750927702474392,73.29085006713868,58.729085452972896
2014-08-28 00:00:00-04:00,73.42381379236684,73.85046598612209,73.1559194241902,73.28490447998047,21947000,0.0,0.0,-0.01031740299577455,73.35087890625,58.86023880186535
2014-08-29 00:00:00-04:00,73.72147140195251,74.23741912841797,73.43372855777395,74.23741912841797,26241000,0.0,0.0,0.012997419525841103,73.47292098999023,58.992297672090075
2014-09-02 00:00:00-04:00,74.42595171604415,76.10278772053744,74.23742869075015,76.08294677734375,34979000,0.0,0.0,0.024859803460210994,73.63018684387207,59.131640691605824
2014-09-03 00:00:00-04:00,76.53936044897371,76.87671702678063,75.01135051770692,75.23956298828125,32389000,0.0,0.0,-0.011085056833177842,73.78596420288086,59.26535329364595
2014-09-04 00:00:00-04:00,75.29908929649751,76.3309923461293,74.94189179585617,75.3586196899414,26676000,0.0,0.0,0.0015823683303251013,73.95860862731934,59.39989271618071
2014-09-05 00:00:00-04:00,75.50746048987047,76.7774928051498,75.01135364359013,76.65843200683594,29476000,0.0,0.0,0.017248356223117378,74.16151695251465,59.53612524365622
2014-09-08 00:00:00-04:00,76.65840895821398,77.56131921057461,76.41035560965516,77.28350067138672,28183000,0.0,0.0,0.00815394534152536,74.4011360168457,59.66975902375721
2014-09-09 00:00:00-04:00,76.9858479817931,77.56133367456574,75.60667171220999,76.07301330566406,28882000,0.0,0.0,-0.015662946880081297,74.5613784790039,59.79823490929982
2014-09-10 00:00:00-04:00,75.92418461263307,77.34305042456884,75.91426792659787,76.82710266113281,29909000,0.0,0.0,0.009912705211752249,74.7895881652832,59.931435645572726
2014-09-11 00:00:00-04:00,76.52942858332557,77.7498545837625,76.45005725231259,77.31327819824219,32219000,0.0,0.0,0.0063281774304804195,74.99547309875489,60.060895874386745
2014-09-12 00:00:00-04:00,77.41249763838819,77.69032379045433,76.49966299156524,76.876708984375,26676800,0.0,0.0,-0.005646755952422033,75.15323486328126,60.18976549118284
2014-09-15 00:00:00-04:00,76.549286951348,76.64850680538292,72.85825084932733,73.99929809570312,49679000,0.0,0.0,-0.037428903066814456,75.20036506652832,60.30894925859239
2014-09-16 00:00:00-04:00,72.94753798857272,75.63644341207096,72.50104491219233,75.48760986328125,37742000,0.0,0.0,0.020112511954549772,75.27428550720215,60.44112627846854
2014-09-17 00:00:00-04:00,75.36854304716537,76.64849948087576,74.98158035441443,75.83488464355469,28693000,0.0,0.0,0.0046004209287113795,75.33084144592286,60.5646017316788
2014-09-18 00:00:00-04:00,76.17224679464344,76.72789164616078,75.92419335539165,76.40045928955078,23031000,0.0,0.0,0.007457974633368947,75.43948974609376,60.6896915435791
2014-09-19 00:00:00-04:00,76.79733654340495,77.69033032518661,75.8448123661676,77.3033676147461,76671000,0.0,0.0,0.011818100749543481,75.60518951416016,60.81541132548499
2014-09-22 00:00:00-04:00,76.40044316051629,76.92631512951388,75.35861590760472,76.2020034790039,31961000,0.0,0.0,-0.014247298270768982,75.71582107543945,60.93081519717262
2014-09-23 00:00:00-04:00,75.73567432857372,78.01776132040773,75.44793144417055,77.68041229248047,36814000,0.0,0.0,0.01940118036245475,75.87804832458497,61.05326699453687
2014-09-24 00:00:00-04:00,77.49188274923472,78.00783807443227,76.90648034294084,77.92845916748047,30680000,0.0,0.0,0.003193171453133692,76.00604400634765,61.171742045690145
2014-09-25 00:00:00-04:00,77.98798055959308,78.32533709019849,76.52942548518656,76.61872863769531,37533000,0.0,0.0,-0.016806832109567793,76.13453559875488,61.28104302239797
2014-09-26 00:00:00-04:00,76.98584524765195,78.22611217768879,76.72787517659607,78.17650604248047,28872000,0.0,0.0,0.020331548597619875,76.37911567687988,61.392863894265794
2014-09-29 00:00:00-04:00,77.51172721559105,78.58331212355708,77.30336327320907,78.38487243652344,34031000,0.0,0.0,0.002665332650320096,76.58648834228515,61.50216485583593
2014-09-30 00:00:00-04:00,78.73215198683141,79.08934950812431,77.98799174580279,78.42456817626953,35899000,0.0,0.0,0.0005064209267959807,76.70356941223145,61.615600071256125
2014-10-01 00:00:00-04:00,78.16658876552185,78.20627821922481,75.309016228812,75.9539566040039,55090000,0.0,0.0,-0.03150303061551585,76.73928909301758,61.71848319825672
2014-10-02 00:00:00-04:00,75.97378923459667,76.87670717508716,75.05103035441985,76.47982025146484,36488000,0.0,0.0,0.006923452983530476,76.79534912109375,61.824004309517996
2014-10-03 00:00:00-04:00,77.15453657285401,77.45219612983122,76.65842974123585,76.83702850341797,23340000,0.0,0.0,0.004670620966140238,76.80427894592285,61.93527398790632
2014-10-06 00:00:00-04:00,76.58897101400001,77.28351751332815,76.25161445004841,76.95608520507812,25729000,0.0,0.0,0.0015494704048173435,76.78790817260742,62.03969265165783
2014-10-07 00:00:00-04:00,76.45006071097781,77.3430468926853,75.64636254945647,75.69597625732422,25317000,0.0,0.0,-0.016374389944549206,76.76905632019043,62.141158285595125
2014-10-08 00:00:00-04:00,75.58684196461013,77.10492775449562,74.51524932351803,76.9164047241211,32976000,0.0,0.0,0.01612276539836266,76.77352142333984,62.26077515738351
2014-10-09 00:00:00-04:00,76.67826701783754,77.15453288421683,75.25940124444375,75.31893920898438,32487000,0.0,0.0,-0.020768853157741907,76.67380447387696,62.37550971621559
2014-10-10 00:00:00-04:00,75.00141780384153,75.9043357582201,72.19345924074835,72.34229278564453,52146000,0.0,0.0,-0.03952055690907519,76.44708366394043,62.46945502266051
2014-10-13 00:00:00-04:00,72.65979806777723,74.19772445357783,71.95531981990793,72.42166137695312,43938000,0.0,0.0,0.0010971257372747178,76.36820182800292,62.563479029943075
2014-10-14 00:00:00-04:00,73.42380951788527,73.60240827626889,71.48899594372051,73.01699829101562,50299000,0.0,0.0,0.008220426081690935,76.24467124938965,62.658290560283355
2014-10-15 00:00:00-04:00,71.13179233715162,73.22536354841586,69.77245703860913,72.63995361328125,61528000,0.0,0.0,-0.005163793179111975,76.08492469787598,62.75164525471036
2014-10-16 00:00:00-04:00,70.23880649685954,72.77887106565458,70.0304425348871,72.0644760131836,53529000,0.0,0.0,-0.007922328848960603,75.86812553405761,62.8362590396215
2014-10-17 00:00:00-04:00,73.65201866130818,75.40823339780398,73.17575280379005,75.3586196899414,76342000,0.0,0.0,0.04571106124680879,75.77088813781738,62.92973183828687
2014-10-20 00:00:00-04:00,75.01135078756101,76.48974701358993,74.79306257231055,76.35083770751953,34701000,0.0,0.0,0.013166616130451336,75.77832984924316,63.01922792101663
2014-10-21 00:00:00-04:00,76.95609466297873,78.12690717001689,76.54929096908725,78.07730102539062,32252000,0.0,0.0,0.022612238054082967,75.79817428588868,63.11703186943417
2014-10-22 00:00:00-04:00,78.20628163938699,79.22826051446691,77.40259098422503,77.7597885131836,41862000,0.0,0.0,-0.004066643032445194,75.78974075317383,63.21818254864405
2014-10-23 00:00:00-04:00,78.76191394568849,80.00218096305565,78.39479975334083,79.41677856445312,35056000,0.0,0.0,0.021309086392237386,75.92964324951171,63.3289797343905
2014-10-24 00:00:00-04:00,79.57554367908817,80.1907189598757,78.7023982608654,80.04188537597656,32248000,0.0,0.0,0.007871218435486105,76.02291221618653,63.440091950552805
2014-10-27 00:00:00-04:00,80.11133225088277,80.1708702206486,79.13896706125527,79.65491485595703,30169000,0.0,0.0,-0.004834600262123234,76.0864143371582,63.55163722568088
2014-10-28 00:00:00-04:00,79.55569556718122,80.52806833373498,78.95044459850804,80.14109802246094,74212000,0.0,0.0,0.006103617929704486,76.17224082946777,63.67188406747485
2014-10-29 00:00:00-04:00,74.86252921791201,76.28139527434516,74.19774777951085,75.26934051513672,106120000,0.0,0.0,-0.06078975241840112,76.13801002502441,63.77606655302502
2014-10-30 00:00:00-04:00,74.46563457220114,74.7632941136622,72.33237379344594,73.53295135498047,83270000,0.0,0.0,-0.023069009882012437,75.9906665802002,63.87489418756394
2014-10-31 00:00:00-04:00,74.34656701717157,75.1105681755004,73.87030114770158,74.40609741210938,44544000,0.0,0.0,0.01187421477092343,75.86912002563477,63.97246186695401
2014-11-03 00:00:00-05:00,74.88236452777097,74.93197066771496,73.12614214798688,73.30474090576172,40727000,0.0,0.0,-0.014801965761591096,75.68655281066894,64.06747026292105
2014-11-04 00:00:00-05:00,73.65201937306703,75.1800216661459,73.07653366425137,75.17010498046875,39326000,0.0,0.0,0.025446704424002986,75.66025924682617,64.17590503087119
2014-11-05 00:00:00-05:00,75.91427191019304,76.2020147900893,73.84054135162683,74.24735260009766,35913000,0.0,0.0,-0.012275523369441266,75.526806640625,64.27323647150918
2014-11-06 00:00:00-05:00,74.30688181464826,75.01135261833892,73.73139606403124,74.67400360107422,21383000,0.0,0.0,0.005746346314521755,75.49455986022949,64.37615898677281
2014-11-07 00:00:00-05:00,74.80298857509165,75.26933021492674,74.43586678905369,75.0113525390625,20774000,0.0,0.0,0.004517622220853168,75.6280128479004,64.48656244126578
2014-11-10 00:00:00-05:00,74.77322077161477,74.89228913401797,74.02906053907083,74.41602325439453,21575100,0.0,0.0,-0.007936522466488682,75.72773094177246,64.59472161247616
2014-11-11 00:00:00-05:00,74.36639403980598,74.39616680169156,73.45355949499695,74.02904510498047,18715700,0.0,0.0,-0.005200199264762673,75.7783332824707,64.70658181205629
2014-11-12 00:00:00-05:00,73.70161487669516,74.55491906112549,72.96737903311138,74.13819122314453,26536600,0.0,0.0,0.0014743688508920272,75.85324516296387,64.8172608481513
2014-11-13 00:00:00-05:00,74.15804996496922,74.65415681594973,73.06661640681007,73.67186737060547,26448500,0.0,0.0,-0.006289927564263054,75.93361473083496,64.91782094561864
2014-11-14 00:00:00-05:00,73.69170039518812,74.34656500170796,73.4634955074535,74.29695129394531,19476900,0.0,0.0,0.008484703125487103,75.88053131103516,65.01975904192243
2014-11-17 00:00:00-05:00,74.29695767830664,75.07089070796775,73.3047439977043,73.66194152832031,28701200,0.0,0.0,-0.008546915513567677,75.7460865020752,65.11909854222857
2014-11-18 00:00:00-05:00,73.87030591528881,74.21758676147732,73.32459292983054,73.76116180419922,20690500,0.0,0.0,0.0013469679704376514,75.53027954101563,65.23135254875062
2014-11-19 00:00:00-05:00,73.43372342873545,73.95959537378437,72.54072976262017,72.75901794433594,25441200,0.0,0.0,-0.013586335075950862,75.28024101257324,65.33754300314283
2014-11-20 00:00:00-05:00,72.23314265141198,73.41387151689527,71.9453998406674,73.02690887451172,19154900,0.0,0.0,0.0036818931555773204,74.96074752807617,65.44452092004201
2014-11-21 00:00:00-05:00,73.91992632332494,73.91992632332494,72.92771254717293,73.17576599121094,23060400,0.0,0.0,0.0020383872053932883,74.6174415588379,65.55102643512544
2014-11-24 00:00:00-05:00,72.96738947321386,73.77108007145239,72.77886646573012,73.43373107910156,22103800,0.0,0.0,0.0035252803219252282,74.30638236999512,65.66040617322165
2014-11-25 00:00:00-05:00,73.63218074241742,75.15026655353067,73.55280182641395,75.04112243652344,32250200,0.0,0.0,0.021889005689911256,74.05138359069824,65.7817161348131
2014-11-26 00:00:00-05:00,74.94190199241,77.17438289017404,74.92206104855882,77.01563262939453,32695300,0.0,0.0,0.026312375518387388,74.13869819641113,65.90664848448738
2014-11-28 00:00:00-05:00,77.0652436474436,77.6605704104964,76.6286747251998,77.09500885009766,15992000,0.0,0.0,0.0010306507652166896,74.31680107116699,66.02953337109278
2014-12-01 00:00:00-05:00,76.65842079700518,76.70802693238544,74.21757637863155,74.5152359008789,31789900,0.0,0.0,-0.03346225634703304,74.32225799560547,66.1401336760748
2014-12-02 00:00:00-05:00,74.74345148205336,75.31893718051602,74.45570863282202,74.8724365234375,16773900,0.0,0.0,0.004793658883852192,74.40064277648926,66.25195456308032
2014-12-03 00:00:00-05:00,74.79305809161586,75.14033890597642,73.82069300737541,74.29695129394531,16689900,0.0,0.0,-0.007686209454557336,74.35698509216309,66.36279112195211
2014-12-04 00:00:00-05:00,74.24734826179252,74.96174329151809,74.07867376032657,74.6541519165039,14362800,0.0,0.0,0.004807742664236336,74.3773250579834,66.4676035320948
2014-12-05 00:00:00-05:00,75.20979704833292,76.16232123570629,74.77322062370746,75.76543426513672,24306400,0.0,0.0,0.014885740713734386,74.43189659118653,66.57792825547476
2014-12-08 00:00:00-05:00,75.58684528779358,76.64851371870286,74.81291975853134,75.9241943359375,25733900,0.0,0.0,0.0020954155722938683,74.47753868103027,66.69045793442498
2014-12-09 00:00:00-05:00,74.6144618440223,76.33099475232542,74.19773393680047,76.24169158935547,25358600,0.0,0.0,0.004181766513229768,74.56882209777832,66.80070388127886
2014-12-10 00:00:00-05:00,76.05317940517838,76.94617322318233,75.47769365913257,75.58683776855469,32210500,0.0,0.0,-0.008589182731252643,74.64671173095704,66.9027995457725
2014-12-11 00:00:00-05:00,75.9241859280423,77.90861324792829,75.88450404323532,77.12477111816406,33462100,0.0,0.0,0.020346576136952566,74.79604072570801,67.01442359742664
2014-12-12 00:00:00-05:00,76.55920249131263,78.26580346838618,76.42028562749216,77.22398376464844,28091600,0.0,0.0,0.0012863914543406185,74.97364654541016,67.11679482838464
2014-12-15 00:00:00-05:00,77.84908107593363,77.96814943760849,75.9638736510228,76.3905258178711,29396500,0.0,0.0,-0.010792734409007299,75.07832527160645,67.20999203031025
2014-12-16 00:00:00-05:00,75.59675699206556,76.78741029014427,74.00920916797521,74.10843658447266,31554600,0.0,0.0,-0.02987398252552098,75.10065002441407,67.29220400916205
2014-12-17 00:00:00-05:00,74.42594628497972,75.81504687685432,74.31680218040455,75.51737976074219,29203900,0.0,0.0,0.019011913369182176,75.1884609222412,67.37587282392714
2014-12-18 00:00:00-05:00,76.29129858489686,77.78954315185547,75.91426016439905,77.78954315185547,34222100,0.0,0.0,0.030087953240857335,75.43998718261719,67.4657626227727
2014-12-19 00:00:00-05:00,78.1368198671045,79.37708684912204,77.72009197794395,79.25801849365234,43335000,0.0,0.0,0.018877541663025577,75.75154266357421,67.56352715265183
2014-12-22 00:00:00-05:00,79.45646809093817,81.25237231135128,79.37708918495582,80.8157958984375,31395800,0.0,0.0,0.019654508583379693,76.13354415893555,67.66719772702172
2014-12-23 00:00:00-05:00,81.3813629374946,81.53019650392174,79.77398161605255,79.98234558105469,19865800,0.0,0.0,-0.010312963055269853,76.4609748840332,67.7571269444057
2014-12-24 00:00:00-05:00,80.39907570664701,80.79596270462793,80.12125707905733,80.14109802246094,7685500,0.0,0.0,0.0019848435333191805,76.71597366333008,67.84693804241363
2014-12-26 00:00:00-05:00,80.38914538818798,80.6471230529212,79.88312188465925,80.15101623535156,10647400,0.0,0.0,0.000123759383579225,76.87274284362793,67.93769409542992
2014-12-29 00:00:00-05:00,79.86326079676765,80.329602343047,79.08933549442662,79.39691925048828,14134700,0.0,0.0,-0.009408451948369367,76.98783836364746,68.03447422148689
2014-12-30 00:00:00-05:00,79.22825653211444,79.96249249585026,78.4840963125204,78.60316467285156,14370800,0.0,0.0,-0.009997296937082845,77.19223480224609,68.1349161693028
2014-12-31 00:00:00-05:00,78.92067509969706,79.17865276983142,77.2537558549641,77.41250610351562,19935400,0.0,0.0,-0.015147717961375817,77.31923828125,68.22693213205488
2015-01-02 00:00:00-05:00,77.9681497226088,78.31542298294325,77.09499687378008,77.83915710449219,18177500,0.0,0.0,0.005511396316327133,77.49634857177735,68.32040496099563
2015-01-05 00:00:00-05:00,77.3728313977153,78.6329395268451,76.2615492747893,76.58898162841797,26452200,0.0,0.0,-0.01606100994125581,77.59309005737305,68.40950734274728
2015-01-06 00:00:00-05:00,76.62866038606137,76.98585032106149,74.77321821125572,75.55706787109375,27399300,0.0,0.0,-0.013473397026359413,77.58267173767089,68.48412023271833
2015-01-07 00:00:00-05:00,76.16231877843718,76.7576454300895,75.2296355631888,75.55706787109375,22045300,0.0,0.0,0.0,77.5643154144287,68.55589821225121
2015-01-08 00:00:00-05:00,76.14246855705272,77.62087225227413,75.48761152593863,77.57125854492188,23961000,0.0,0.0,0.02665787239473727,77.63079376220703,68.6344484601702
2015-01-09 00:00:00-05:00,77.59110671526334,78.00784221387961,76.59889303568202,77.13468933105469,21157000,0.0,0.0,-0.005627976418796532,77.70818634033203,68.71524299137177
2015-01-12 00:00:00-05:00,77.23390936664643,77.3926671893478,75.6166037903217,76.12263488769531,19190200,0.0,0.0,-0.013120613463752151,77.6580795288086,68.78918655334957
2015-01-13 00:00:00-05:00,76.62865397875957,77.47203396224693,75.25939446746183,75.85472106933594,25179600,0.0,0.0,-0.003519502691343157,77.58961639404296,68.87005978538876
2015-01-14 00:00:00-05:00,75.82495971016981,76.59888508875221,75.43799702087861,75.68605041503906,25918600,0.0,0.0,-0.0022236012725259657,77.55439262390136,68.94305833180745
2015-01-15 00:00:00-05:00,75.8051353493363,75.97380987746014,72.96740329388015,73.47343444824219,34134000,0.0,0.0,-0.029234131714676148,77.52264251708985,69.00782789502826
2015-01-16 00:00:00-05:00,73.46350435111485,74.73353669484186,73.26505706616382,74.5946273803711,21791500,0.0,0.0,0.015259841064306334,77.47650489807128,69.07866094982813
2015-01-20 00:00:00-05:00,75.13040698912368,75.71580931708476,74.23741333038049,75.64635467529297,22821600,0.0,0.0,0.014099236524889758,77.36934547424316,69.15717177920871
2015-01-21 00:00:00-05:00,75.56697802183324,76.6981007198397,75.25938671273488,76.1424560546875,25096700,0.0,0.0,0.006558166371982033,77.21356735229492,69.22894969819085
2015-01-22 00:00:00-05:00,76.56912141103876,77.14460711370039,76.08293886844001,77.0453872680664,19519500,0.0,0.0,0.011858446130637024,77.02504692077636,69.30824805062915
2015-01-23 00:00:00-05:00,77.04538501972358,77.58118125449818,76.44013413803313,77.22398376464844,16746500,0.0,0.0,0.00231806864648032,76.88712882995605,69.3917199846298
2015-01-26 00:00:00-05:00,77.3728265690452,77.85900915561304,76.68819670327338,76.89656066894531,19260800,0.0,0.0,-0.004239914593126892,76.72490196228027,69.48247605278378
2015-01-27 00:00:00-05:00,76.11271575412663,76.28139027460743,75.04112308873653,75.18995666503906,20110000,0.0,0.0,-0.022193502401928078,76.47684898376465,69.57000350952148
2015-01-28 00:00:00-05:00,76.30121921503405,77.03545508111702,75.40822555629086,75.64635467529297,53306400,0.0,0.0,0.0060699331466183,76.28932075500488,69.6530816517179
2015-01-29 00:00:00-05:00,76.25160735902729,77.41249535851425,73.63216427660052,77.39265441894531,61293500,0.0,0.0,0.02308504819760615,76.22879524230957,69.74942873394679
2015-01-30 00:00:00-05:00,77.3926620324119,77.55141984453472,75.16018139686156,75.31893920898438,42649500,0.0,0.0,-0.026794729106142445,76.12411689758301,69.80781972975959
2015-02-02 00:00:00-05:00,75.51737939421322,75.54714459168213,73.17575464012992,74.40609741210938,41955300,0.0,0.0,-0.012119684722884605,75.95246391296386,69.85672168126182
2015-02-03 00:00:00-05:00,74.60454802568493,74.99151075012013,73.28490203210366,74.81291198730469,26957700,0.0,0.0,0.005467489753455457,75.8636604309082,69.9115296923925
2015-02-04 00:00:00-05:00,74.5053261084852,75.7555175405744,74.42595476247183,75.04112243652344,20277400,0.0,0.0,0.003050415271330209,75.83786315917969,69.96224285307385
2015-02-05 00:00:00-05:00,75.12049823724223,75.38840017514636,74.62439138777954,75.02127838134766,15062600,0.0,0.0,-0.0002644424087948627,75.81107368469239,70.0150821927994
2015-02-06 00:00:00-05:00,75.09072183635801,75.1105627765814,73.67185615574414,73.89014434814453,21211000,0.0,0.0,-0.015077509442765757,75.62701797485352,70.06355099450974
2015-02-09 00:00:00-05:00,73.4734269749058,74.24735244403952,72.87809270327398,73.86038970947266,16194300,0.0,0.0,-0.000402687515830058,75.46330299377442,70.10339700608026
2015-02-10 00:00:00-05:00,74.26718902116981,74.75337158243096,73.91991576312613,74.60454559326172,15811300,0.0,0.0,0.010075168662339484,75.38739852905273,70.14922783866761
2015-02-11 00:00:00-05:00,74.50531935722738,76.1523976500947,74.44578896061414,75.91426849365234,20877400,0.0,0.0,0.01755553753428285,75.39037590026855,70.19513744778104
2015-02-12 00:00:00-05:00,76.26153591834472,76.27146017368355,75.29908754017586,75.63644409179688,17235000,0.0,0.0,-0.0036597125595526636,75.38789558410645,70.24151950412326
2015-02-13 00:00:00-05:00,75.86464827391941,75.88449678441374,74.9121241598877,75.15025329589844,18621900,0.0,0.0,-0.006427996473609587,75.47173652648925,70.27463262043302
2015-02-17 00:00:00-05:00,74.7136929776711,76.31115760477064,74.49540475732366,75.0113525390625,25254400,0.0,0.0,-0.0018483072344284146,75.49257278442383,70.30813952854702
2015-02-18 00:00:00-05:00,75.34870785704985,76.30123206344261,74.86251771264925,76.11270904541016,22426400,0.0,0.0,0.0146825309645513,75.5158905029297,70.3451900179424
2015-02-19 00:00:00-05:00,76.39052578417925,79.21833313530364,76.35083633030513,78.80160522460938,45851200,0.0,0.0,0.035327821239354185,75.64884796142579,70.38991840301998
2015-02-20 00:00:00-05:00,78.93058932737912,79.71443135436894,78.58330853594165,79.27786254882812,36931700,0.0,0.0,0.0060437515563454,75.76047172546387,70.43035501147074
2015-02-23 00:00:00-05:00,79.33740200068064,79.56561446940853,77.76970262765077,78.22611999511719,24139100,0.0,0.0,-0.013266535195284312,75.81057853698731,70.47071293422154
2015-02-24 00:00:00-05:00,77.88877081453539,78.8611435134612,77.49188384415773,77.83915710449219,18897100,0.0,0.0,-0.004946722279580706,75.85770835876465,70.50091240898011
2015-02-25 00:00:00-05:00,77.88876959036018,79.57552972546785,77.88876959036018,78.94051361083984,25593800,0.0,0.0,0.01414913197054779,76.04523620605468,70.53914412241133
2015-02-26 00:00:00-05:00,79.25801784503979,80.7364215258981,79.09926760903492,79.78389739990234,31111900,0.0,0.0,0.010683788975838215,76.25211334228516,70.58304562644354
2015-02-27 00:00:00-05:00,80.05178674236008,80.59750720394193,78.00782932259604,78.3551025390625,30739200,0.0,0.0,-0.01790831116808278,76.30023574829102,70.62253721933516
2015-03-02 00:00:00-05:00,78.38487573701386,79.23818005316782,77.908609870095,79.12903594970703,21662500,0.0,0.0,0.009877256050538685,76.49074058532715,70.66698994712225
2015-03-03 00:00:00-05:00,78.99011834651996,79.07941392906277,77.90860168135322,78.98019409179688,18635000,0.0,0.0,-0.0018810017855488415,76.71944541931153,70.71498628646609
2015-03-04 00:00:00-05:00,78.68254782239593,80.51814161570746,78.23604712457012,80.27008819580078,28126700,0.0,0.0,0.016331867993445215,76.99230422973633,70.76262828281948
2015-03-05 00:00:00-05:00,80.59751574793796,81.35159264934963,80.41891699339537,80.57766723632812,27825700,0.0,0.0,0.003831801452330197,77.26913146972656,70.80058436923557
2015-03-06 00:00:00-05:00,80.27008583973573,80.69673801225184,79.2084175364965,79.38701629638672,24488600,0.0,0.0,-0.01477643844477794,77.48741836547852,70.83668993389796
2015-03-09 00:00:00-04:00,79.05959372446387,79.28780622301794,78.01776623496237,78.82146453857422,18925100,0.0,0.0,-0.007123983041522175,77.733984375,70.87464605058942
2015-03-10 00:00:00-04:00,77.88876687542316,78.64285132400505,76.9461669921875,76.9461669921875,23067100,0.0,0.0,-0.02379171152635673,77.88827323913574,70.89638025798494
2015-03-11 00:00:00-04:00,77.19422351326926,77.81931537555027,76.65842724417585,76.96601104736328,20215700,0.0,0.0,0.00025789530461994836,78.00634651184082,70.92579233078729
2015-03-12 00:00:00-04:00,77.49189047821157,78.4344980598035,77.30337501788516,78.3154296875,16093300,0.0,0.0,0.017532656581439765,78.1264045715332,70.95748804485987
2015-03-13 00:00:00-04:00,77.98797358319048,78.76189884242257,77.07513905024945,77.4422607421875,18557300,0.0,0.0,-0.011149385871937145,78.21669540405273,70.99379042973594
2015-03-16 00:00:00-04:00,77.35296832941731,77.51172613281757,76.75764170664377,77.46211242675781,19305400,0.0,0.0,0.00025634174906641327,78.3322883605957,71.03454202318949
2015-03-17 00:00:00-04:00,77.74986697775482,79.15880863018214,77.73001846434607,78.74208068847656,22170000,0.0,0.0,0.016523797526551975,78.51882476806641,71.07635676671588
2015-03-18 00:00:00-04:00,78.63292071804376,80.6074234846162,78.55354182039554,80.27999877929688,36912400,0.0,0.0,0.01953108271172943,78.72718925476075,71.12250252375527
2015-03-19 00:00:00-04:00,80.48837679288887,82.35373579411349,80.36930842558063,82.10568237304688,42099500,0.0,0.0,0.022741450193205726,78.89239311218262,71.1796335795569
2015-03-20 00:00:00-04:00,82.74069548467315,83.94127309011577,82.42318742017585,83.14750671386719,44466300,0.0,0.0,0.01268882141538974,79.08587532043457,71.2458992609902
2015-03-23 00:00:00-04:00,83.26656718855922,84.2984702867288,82.65139957406593,83.77259826660156,27357300,0.0,0.0,0.007517862861305957,79.36319923400879,71.31358246576218
2015-03-24 00:00:00-04:00,84.05041007013136,85.39982112232238,83.86188707063758,84.64573669433594,32576500,0.0,0.0,0.01042272110213971,79.70352821350097,71.3970937577505
2015-03-25 00:00:00-04:00,84.83426602959565,84.85410697155581,82.27435302734375,82.27435302734375,37436100,0.0,0.0,-0.028015394036388197,79.87022018432617,71.4680842747764
2015-03-26 00:00:00-04:00,82.07590462808413,83.11772429532375,81.5004189623774,82.3636474609375,32794800,0.0,0.0,0.0010853252600366847,79.99920768737793,71.55714723798964
2015-03-27 00:00:00-04:00,82.73077667833338,83.2963381920367,82.2346698217519,82.65140533447266,18372600,0.0,0.0,0.0034937485456993933,80.21402282714844,71.64506842598082
2015-03-30 00:00:00-04:00,83.157413025661,83.68328498219307,81.76832014802473,82.55216217041016,24527700,0.0,0.0,-0.001200743818703165,80.38517913818359,71.73637565733894
2015-03-31 00:00:00-04:00,82.25451671061585,82.84984341275748,81.56988683965862,81.5798110961914,19734300,0.0,0.0,-0.011778626369731593,80.51515998840333,71.82291875566754
2015-04-01 00:00:00-04:00,81.8576118789498,82.07590005515843,80.24030663611292,81.03407287597656,22058200,0.0,0.0,-0.006689623485047758,80.55335922241211,71.89792531634134
2015-04-02 00:00:00-04:00,81.6095718502648,81.91715565611847,80.8058812246527,80.92494201660156,19664100,0.0,0.0,-0.0013467280552715843,80.57072296142579,71.97210507165818
2015-04-06 00:00:00-04:00,80.17086592322688,82.16520990871837,80.17086592322688,81.798095703125,19062900,0.0,0.0,0.010789673304236747,80.6912769317627,72.06246739342099
2015-04-07 00:00:00-04:00,82.00647136940938,82.77047265795619,81.57981913632753,81.67903900146484,17467000,0.0,0.0,-0.0014554947842827515,80.83415565490722,72.16314564053974
2015-04-08 00:00:00-04:00,81.98661654798234,82.45295820524623,81.20276680470745,81.63934326171875,18966700,0.0,0.0,-0.00048599665509507783,81.06881446838379,72.26287887209938
2015-04-09 00:00:00-04:00,81.85762181823044,82.15528892556506,81.07377216757234,81.53018951416016,15927300,0.0,0.0,-0.0013370238318634042,81.29702339172363,72.35729665604849
2015-04-10 00:00:00-04:00,81.56987382501663,81.96676075311683,81.27221430643287,81.40119934082031,12529700,0.0,0.0,-0.0015821154606471266,81.45131187438965,72.43458693368095
2015-04-13 00:00:00-04:00,81.29205502892947,83.28640634905744,81.28213077400666,82.3636474609375,26883100,0.0,0.0,0.011823512772674238,81.69738121032715,72.52849285186284
2015-04-14 00:00:00-04:00,82.52240144440358,83.03835674402566,81.79808977184217,82.86967468261719,19634200,0.0,0.0,0.00614381753697435,81.96775932312012,72.62688735174754
2015-04-15 00:00:00-04:00,82.89945770753782,83.00860182019564,81.629417812064,82.06599426269531,22390900,0.0,0.0,-0.009698124470741476,82.13395500183105,72.72067516569108
2015-04-16 00:00:00-04:00,81.82786335208567,82.42319004573334,81.51035527747426,81.66910552978516,13769700,0.0,0.0,-0.004836214274571593,82.20341033935547,72.81210059211368
2015-04-17 00:00:00-04:00,80.84557032194262,81.47066218688421,79.7442125813389,80.15101623535156,24215000,0.0,0.0,-0.018588293389351973,82.10567703247071,72.89502128722175
2015-04-20 00:00:00-04:00,80.90509715685562,82.5025616447213,80.60743005141907,82.44302368164062,28796800,0.0,0.0,0.02859611211364954,82.07045288085938,72.9901084143018
2015-04-21 00:00:00-04:00,83.345941024472,83.83212356085119,82.88952368440331,82.96890258789062,27171900,0.0,0.0,0.006378695040113014,82.03026809692383,73.07822640736897
2015-04-22 00:00:00-04:00,83.66344740654746,84.08017528659464,82.99866613552143,83.97103118896484,45548000,0.0,0.0,0.012078363938978764,81.99653282165528,73.1632732512459
2015-04-23 00:00:00-04:00,83.44516162968662,84.92355776317045,81.76832580566406,81.76832580566406,73728100,0.0,0.0,-0.026231729587122832,81.97123146057129,73.24615458836631
2015-04-24 00:00:00-04:00,82.1255148410698,82.29419690318025,80.84556598204016,80.89517211914062,29660400,0.0,0.0,-0.01067838527841003,81.89780769348144,73.32750034332275
2015-04-27 00:00:00-04:00,81.23253497151862,82.28427902745473,80.99439824301314,81.27222442626953,25446000,0.0,0.0,0.004660998885985368,81.82884864807129,73.42278436630491
2015-04-28 00:00:00-04:00,81.19282767151763,81.26228230956903,79.6052876803514,80.0517807006836,23775300,0.0,0.0,-0.015016738303910038,81.70382957458496,73.51940701499818
2015-04-29 00:00:00-04:00,79.38702738960792,80.75627969344042,78.90083718253057,79.84344482421875,26430300,0.0,0.0,-0.002602513955858421,81.61701126098633,73.60728887527708
2015-04-30 00:00:00-04:00,79.38702005191975,80.3296200364936,77.71017648084629,78.15666961669922,28999000,0.0,0.0,-0.021126032465571765,81.47314109802247,73.68205927288722
2015-05-01 00:00:00-04:00,78.6230076365434,79.1389629745915,77.50180893538372,78.37495422363281,24136400,0.0,0.0,0.002792910803442794,81.34564170837402,73.75230170053149
2015-05-04 00:00:00-04:00,78.71230540029919,79.06950289597847,78.0177513498166,78.19635009765625,14692000,0.0,0.0,-0.002278841853826652,81.16555442810059,73.82455215756855
2015-05-05 00:00:00-04:00,77.93838212982818,78.18643553244382,76.61873621111563,76.95608520507812,22311300,0.0,0.0,-0.015860905157711436,80.92940673828124,73.88888852558439
2015-05-06 00:00:00-04:00,77.3628972786214,78.19635308707656,76.45006256364981,77.49188232421875,28663000,0.0,0.0,0.006962374940367555,80.72203369140625,73.96594257960244
2015-05-07 00:00:00-04:00,77.39266089797673,78.32534410555395,76.95608449102754,77.8193130493164,19749400,0.0,0.0,0.004225355163366862,80.53648986816407,74.0487845435975
2015-05-08 00:00:00-04:00,78.48410701445204,78.6130996482306,77.42243859253051,77.8987045288086,19943600,0.0,0.0,0.001020202779763446,80.36136512756347,74.13442209031847
2015-05-11 00:00:00-04:00,77.86892951090395,78.4146424688984,77.32320898292022,77.402587890625,18874100,0.0,0.0,-0.0063687405481835935,80.11331214904786,74.21620097992913
2015-05-12 00:00:00-04:00,77.26368381059147,77.28352475386438,76.19209119409922,76.85687255859375,21285300,0.0,0.0,-0.007050349954737745,79.81267204284669,74.28561658707876
2015-05-13 00:00:00-04:00,77.11485143229909,77.91854212208827,77.04539677478633,77.8292465209961,21512300,0.0,0.0,0.012651750325399114,79.60083465576172,74.35889082106333
2015-05-14 00:00:00-04:00,78.32534783837018,81.21268561923542,78.05744591406955,80.7364273071289,49438000,0.0,0.0,0.03735332045580764,79.5542007446289,74.4460639196729
2015-05-15 00:00:00-04:00,80.77611252370848,80.88524905493232,79.5556864692327,79.79381561279297,27069900,0.0,0.0,-0.011675172233596043,79.53634071350098,74.53465439024426
2015-05-18 00:00:00-04:00,79.70452355099812,80.74634333143588,79.60530370095489,80.25023651123047,21613700,0.0,0.0,0.005720003422976072,79.42670135498047,74.62466232360356
2015-05-19 00:00:00-04:00,80.61736486873288,81.05394132857263,79.92281829170592,80.00218963623047,17955400,0.0,0.0,-0.0030909176817851547,79.27836570739746,74.70900051177495
2015-05-20 00:00:00-04:00,79.84342688403879,80.46851870555453,78.84128906257082,79.92280578613281,23056900,0.0,0.0,-0.0009922709673149122,79.07595443725586,74.79558293781584
2015-05-21 00:00:00-04:00,79.5656125497348,80.28992425259047,79.4564684460186,79.85335540771484,13402700,0.0,0.0,-0.00086896822170901,78.9802059173584,74.87429067823622
2015-05-22 00:00:00-04:00,79.7243569476155,80.6768810438609,79.6251371069628,79.91287994384766,19567900,0.0,0.0,0.0007454231050014748,78.93109130859375,74.95311649261959
2015-05-26 00:00:00-04:00,79.80373655849323,79.9724110461031,78.46424977278704,78.7123031616211,16321300,0.0,0.0,-0.015023570456604407,78.80309524536133,75.02391014401874
2015-05-27 00:00:00-04:00,78.98019835624099,80.0319498840149,78.81152386678275,79.92280578613281,14160900,0.0,0.0,0.015378823587796298,78.7966464996338,75.0911207955981
2015-05-28 00:00:00-04:00,79.6251368936095,80.43875169676335,79.3770835076481,79.52591705322266,11982000,0.0,0.0,-0.004965900896575115,78.78077011108398,75.15663837251209
2015-05-29 00:00:00-04:00,79.32749474359233,79.44656313148565,78.26582622068089,78.57341766357422,16134600,0.0,0.0,-0.011977219816415086,78.80160751342774,75.2171162196568
2015-06-01 00:00:00-04:00,78.68255123243715,79.75413629968358,78.04753505555409,79.66484069824219,18119000,0.0,0.0,0.013890486975392635,78.8661018371582,75.28401191650875
2015-06-02 00:00:00-04:00,79.13895415722554,80.71657005396992,78.94050690701367,79.81365966796875,18923300,0.0,0.0,0.0018680633567105254,78.94696731567383,75.35236438872322
2015-06-03 00:00:00-04:00,80.71657888856465,81.88739129800251,80.61735903759319,81.798095703125,31775000,0.0,0.0,0.024863363532153127,79.18906784057617,75.42941847301665
2015-06-04 00:00:00-04:00,81.50042840718793,82.3041190393367,80.87533653440435,81.4111328125,20863900,0.0,0.0,-0.004730707815368107,79.38503036499023,75.50308640797932
2015-06-05 00:00:00-04:00,81.23254050017364,81.8179429651156,80.87534295309415,81.50043487548828,16143100,0.0,0.0,0.0010969269177711904,79.56908645629883,75.57769934336345
2015-06-08 00:00:00-04:00,81.1829327592159,81.36153154589675,79.50608901593398,80.04188537597656,16915500,0.0,0.0,-0.0178962173850975,79.67624549865722,75.6492411295573
2015-06-09 00:00:00-04:00,79.97243071282236,80.55784079082817,78.7023982608654,80.04188537597656,16497500,0.0,0.0,0.0,79.8082103729248,75.7192867218502
2015-06-10 00:00:00-04:00,80.20063293001674,81.95684779878088,80.18078441738123,81.52027893066406,21531200,0.0,0.0,0.018470249017038087,80.04138069152832,75.78382001604352
2015-06-11 00:00:00-04:00,81.66909886422354,82.25450882369043,80.72649897371241,81.19284057617188,18656800,0.0,0.0,-0.00401664909378785,80.20956039428711,75.84701453314887
2015-06-12 00:00:00-04:00,80.7364218824347,81.45080930259466,80.56773982032426,80.89517211914062,11417900,0.0,0.0,-0.00366619094638021,80.21749763488769,75.91489451272147
2015-06-15 00:00:00-04:00,79.9228079889643,80.2998464293197,79.44654213326207,80.08155822753906,18805100,0.0,0.0,-0.010057632245386583,80.231884765625,75.97871901497008
2015-06-16 00:00:00-04:00,80.19071146721245,80.8753413471854,79.82358967056221,80.42884063720703,13693700,0.0,0.0,0.004336609044010009,80.24081497192383,76.04514221918015
2015-06-17 00:00:00-04:00,81.12338726857351,81.57980462299929,80.70665179715073,81.15315246582031,18350300,0.0,0.0,0.009005623143077068,80.29836311340333,76.1136127653576
2015-06-18 00:00:00-04:00,81.00431176614778,82.54224576151465,80.93485712203378,82.2644271850586,26782600,0.0,0.0,0.013693549609256728,80.4154441833496,76.18176835680765
2015-06-19 00:00:00-04:00,82.18505413006838,82.33388768374975,81.4805833839648,81.86754608154297,23353200,0.0,0.0,-0.004824455929448357,80.51615371704102,76.2533101430015
2015-06-22 00:00:00-04:00,82.76053898860057,84.30838976310868,82.6613115738335,84.0801773071289,29383100,0.0,0.0,0.027026964059507552,80.72451858520508,76.33300218128022
2015-06-23 00:00:00-04:00,84.29846272353186,87.28502764364788,84.10002304052936,87.19572448730469,50667900,0.0,0.0,0.03705447918830229,81.14868965148926,76.42163204011463
2015-06-24 00:00:00-04:00,86.9774602462437,88.55507646222763,86.76908869885894,88.1681137084961,41370200,0.0,0.0,0.01115179932168564,81.56095504760742,76.51274251180982
2015-06-25 00:00:00-04:00,88.56499227934343,88.70390158436902,87.15604314695769,87.29496002197266,27302000,0.0,0.0,-0.00990328192128831,81.94940719604492,76.59361578926207
2015-06-26 00:00:00-04:00,87.43386639318108,87.65214702947597,86.15390992268864,87.32472229003906,38214600,0.0,0.0,0.0003409391339306289,82.38697242736816,76.67582778325156
2015-06-29 00:00:00-04:00,85.93561806101295,86.8186875343345,85.06247284300646,85.13192749023438,35957900,0.0,0.0,-0.025110813321817083,82.66032676696777,76.7474876282707
2015-06-30 00:00:00-04:00,85.92570440516533,86.02492426058906,84.90372551132053,85.10216522216797,23016500,0.0,0.0,-0.00034960171752040914,82.92475204467773,76.820249951075
2015-07-01 00:00:00-04:00,86.0943747511165,87.26518715644755,85.81655614137513,86.23329162597656,25260000,0.0,0.0,0.013291393948152486,83.14651184082031,76.89446915520563
2015-07-02 00:00:00-04:00,86.7194651402107,86.7591545903147,85.66771363742642,86.61032104492188,16908800,0.0,0.0,0.004372202566273575,83.4064712524414,76.97652365669371
2015-07-06 00:00:00-04:00,85.8165573930768,87.50332515823554,85.71733754100616,86.8683090209961,24635900,0.0,0.0,0.002978720930273626,83.6748649597168,77.06023188999721
2015-07-07 00:00:00-04:00,87.11635636640234,87.16596250398665,84.56636773890912,86.5408706665039,33059900,0.0,0.0,-0.0037693648947747516,83.99981422424317,77.14657807728601
2015-07-08 00:00:00-04:00,85.61812470982007,86.07454212276386,84.78466123010392,84.98310852050781,24399300,0.0,0.0,-0.018000305913250192,84.24687538146972,77.23670420570978
2015-07-09 00:00:00-04:00,86.05468364645007,86.91790458137169,84.98309120655922,85.21129608154297,23307400,0.0,0.0,0.0026850931321262816,84.43142623901367,77.31903427366227
2015-07-10 00:00:00-04:00,86.66985585318699,87.53308440447861,86.0943701523259,87.26518249511719,23245900,0.0,0.0,0.024103452335811903,84.73504333496093,77.40990838550385
2015-07-13 00:00:00-04:00,87.96966267247565,89.5175134882999,87.73152595466489,89.39844512939453,29976700,0.0,0.0,0.02444574770008301,85.16020698547364,77.5034599606953
2015-07-14 00:00:00-04:00,89.7556454024683,90.09300197810326,88.95195477255668,88.98171997070312,26627800,0.0,0.0,-0.004661436315679168,85.60521507263184,77.58921559651692
2015-07-15 00:00:00-04:00,89.29921768958718,90.28150696457587,88.72373202545705,89.06108856201172,30886600,0.0,0.0,0.0008919651287335739,86.03682746887208,77.67816044035412
2015-07-16 00:00:00-04:00,89.57703958301128,90.15252526844662,89.07100854443962,90.1426010131836,21804100,0.0,0.0,0.012143490144058022,86.48629989624024,77.76946770198761
2015-07-17 00:00:00-04:00,91.82936717898372,94.6472500304114,91.81944292387625,94.23052215576172,54001600,0.0,0.0,0.04534949176782965,87.0846046447754,77.88191855899872
2015-07-20 00:00:00-04:00,95.10367873560351,97.83226632753261,94.61749615700231,97.14764404296875,54860500,0.0,0.0,0.030957293034894473,87.84860954284667,77.99803125290643
2015-07-21 00:00:00-04:00,98.17953092137579,98.46727376858514,96.38362676016068,97.62389373779297,39453300,0.0,0.0,0.004902328816266177,88.52579536437989,78.11217516944522
2015-07-22 00:00:00-04:00,95.98674146159712,96.8202048212724,95.17312661309857,96.28440856933594,28299500,0.0,0.0,-0.01372087423653412,88.98022956848145,78.22151547386532
2015-07-23 00:00:00-04:00,96.20503024549444,96.69121279241368,94.07176948045631,94.69686889648438,29418800,0.0,0.0,-0.016488024348286334,89.30666732788086,78.31660261608306
2015-07-24 00:00:00-04:00,96.59199346453049,96.9988046784149,95.1334382459523,96.19510650634766,33444900,0.0,0.0,0.01582140600130133,89.75167465209961,78.40310632614862
2015-07-27 00:00:00-04:00,95.82799853883945,95.85776373788818,93.09941093285876,93.43675994873047,38585400,0.0,0.0,-0.028674499751556226,90.05727653503418,78.47783733549572
2015-07-28 00:00:00-04:00,94.10154160021122,94.81593665966284,92.58345588387135,94.54804229736328,35236000,0.0,0.0,0.011893416993938866,90.52808227539063,78.55804134550549
2015-07-29 00:00:00-04:00,95.5700209004517,96.52254512032455,94.00232147670717,96.23480224609375,64648300,0.0,0.0,0.017840241931455614,91.08471412658692,78.64970298040481
2015-07-30 00:00:00-04:00,94.17099129602768,95.06397743154653,91.08520656198937,94.4686508178711,86211300,0.0,0.0,-0.018352523068590254,91.49648208618164,78.73053686959403
2015-07-31 00:00:00-04:00,94.21068319224354,95.57994287625667,93.21846954063491,93.27800750732422,46509000,0.0,0.0,-0.012603581190572477,91.82986640930176,78.81463877360027
2015-08-03 00:00:00-04:00,92.80173913442448,94.33967328115978,92.07742742737334,93.40699005126953,29343100,0.0,0.0,0.0013827755050963564,92.15680046081543,78.90039437914652
2015-08-04 00:00:00-04:00,93.05971186740854,93.99239504789718,92.60329453248548,93.32760620117188,20136000,0.0,0.0,-0.0008498705509522031,92.49613723754882,78.98130698431106
2015-08-05 00:00:00-04:00,94.50835024710884,96.33401973114836,94.43889559434623,95.6890869140625,29813200,0.0,0.0,0.02530313172075105,93.03143615722657,79.07481917123945
2015-08-06 00:00:00-04:00,96.42332168646307,97.97117254003392,93.68480992476984,94.37936401367188,42271300,0.0,0.0,-0.013687275557001333,93.48983955383301,79.16400025382875
2015-08-07 00:00:00-04:00,94.63732739295043,94.65717590350462,92.88111270834268,93.56574249267578,23199100,0.0,0.0,-0.008620756555196007,93.80486755371093,79.24719659108965
2015-08-10 00:00:00-04:00,94.93500155437681,95.15328976678065,92.90096056060209,93.41691589355469,21624200,0.0,0.0,-0.0015906099300472265,94.00579109191895,79.33023546612452
2015-08-11 00:00:00-04:00,93.00018108541428,94.02215984954155,92.17664200694692,92.89103698730469,22491000,0.0,0.0,-0.005629375592416497,94.20125694274903,79.40969131106422
2015-08-12 00:00:00-04:00,91.97819273971974,93.70464976115603,90.47995573477984,93.45659637451172,27050500,0.0,0.0,0.006088417198790941,94.42103233337403,79.49379324534583
2015-08-13 00:00:00-04:00,93.31768979035503,93.99239532439759,92.62313574561159,92.7025146484375,17451800,0.0,0.0,-0.008068790811216364,94.54902801513671,79.57120171804277
2015-08-14 00:00:00-04:00,92.81166913428896,93.98248158704098,92.48423680097932,93.684814453125,15929700,0.0,0.0,0.01059625845547707,94.52174263000488,79.65042132423038
2015-08-17 00:00:00-04:00,93.68479853194727,93.72448798105705,92.66281981983248,93.19861602783203,18313500,0.0,0.0,-0.005189725017134328,94.32429122924805,79.73034958612351
2015-08-18 00:00:00-04:00,93.34746110250909,95.10367591516308,93.3077716484957,94.42897033691406,22278800,0.0,0.0,0.01320142252664569,94.1645450592041,79.81138041662791
2015-08-19 00:00:00-04:00,93.89317315144382,95.35172839982545,93.42683910378841,94.56787872314453,23251300,0.0,0.0,0.0014710356973590688,94.07871856689454,79.89020626128666
2015-08-20 00:00:00-04:00,92.81166604570424,94.03208460016941,89.75564617649177,89.85486602783203,44598200,0.0,0.0,-0.049837352375326494,93.83661842346191,79.9522196451823
2015-08-21 00:00:00-04:00,86.83853891757634,88.48561727845998,84.94341470389797,85.38990783691406,62778700,0.0,0.0,-0.04969077789882825,93.29635848999024,79.99745986575172
2015-08-24 00:00:00-04:00,76.4302075864449,81.4508056640625,71.43937470375568,81.4508056640625,83710700,0.0,0.0,-0.046130769696752005,92.69706077575684,80.02706872849237
2015-08-25 00:00:00-04:00,86.27296196889408,86.98735690979619,82.35372161865234,82.35372161865234,52021200,0.0,0.0,0.011085414652788783,92.08734474182128,80.05848878527445
2015-08-26 00:00:00-04:00,85.28076557376069,86.77901039945039,82.6117158343413,86.51111602783203,45124300,0.0,0.0,0.0504821679878773,91.60116043090821,80.10270533486018
2015-08-27 00:00:00-04:00,88.40623448060501,89.35875867383163,86.51111035022404,89.03133392333984,42431400,0.0,0.0,0.02913172331168412,91.32929458618165,80.16215945047045
2015-08-28 00:00:00-04:00,89.18016995010376,90.76771802078753,89.09087434537267,90.30137634277344,33215900,0.0,0.0,0.014265117273511319,91.1804630279541,80.22968513246566
2015-08-31 00:00:00-04:00,89.89456905807168,90.3410698115167,88.19788436295798,88.73368072509766,32850700,0.0,0.0,-0.017360705685426026,90.94679756164551,80.28720998007154
2015-09-01 00:00:00-04:00,86.17375049229321,88.69397396944238,85.82647724288053,86.55079650878906,36097400,0.0,0.0,-0.024600401994720578,90.60795707702637,80.32874906630744
2015-09-02 00:00:00-04:00,88.1184937822575,89.1900863647461,86.9476813465732,89.1900863647461,27190500,0.0,0.0,0.030494114004935957,90.28300704956055,80.38410828605531
2015-09-03 00:00:00-04:00,89.06110295249503,89.12063335151069,87.04691037257504,87.46363830566406,27048200,0.0,0.0,-0.019356950188630373,89.93722076416016,80.43214407421294
2015-09-04 00:00:00-04:00,86.52102520275157,87.7017618406824,86.02491838950188,87.5727767944336,27328700,0.0,0.0,0.0012478155595141427,89.63757247924805,80.47545496622722
2015-09-08 00:00:00-04:00,88.99163591473153,89.53734882642085,88.13833165428342,88.83287811279297,27012500,0.0,0.0,0.01438918993418814,89.40837059020996,80.52128582908993
2015-09-09 00:00:00-04:00,90.07315069203362,91.26381157114847,89.46789978173112,89.73580169677734,32551100,0.0,0.0,0.010164295057939254,89.2506088256836,80.57550324334039
2015-09-10 00:00:00-04:00,89.36869255834185,91.34319581005215,88.9321160839976,91.26382446289062,26437400,0.0,0.0,0.017028017103770443,89.14097023010254,80.63279182191879
2015-09-11 00:00:00-04:00,90.96614544545722,91.36303240946665,90.42042492369559,91.33326721191406,21185000,0.0,0.0,0.0007609011503968421,89.07250785827637,80.68842669895717
2015-09-14 00:00:00-04:00,91.59123992919922,91.89883130936698,90.88676914363593,91.59123992919922,20127900,0.0,0.0,0.0028245208472241767,88.96782913208008,80.74681769476996
2015-09-15 00:00:00-04:00,91.65077138380803,92.52391661162252,91.07528568889015,92.17664337158203,18859400,0.0,0.0,0.0063914785173269095,88.91673049926757,80.81895001729329
2015-09-16 00:00:00-04:00,92.1766381763379,92.87118461727296,91.90873628484262,92.72235107421875,16321200,0.0,0.0,0.0059202383887735355,88.8313995361328,80.88734184749542
2015-09-17 00:00:00-04:00,92.64300483868614,94.76634175609072,92.17666314346344,93.6054458618164,27841800,0.0,0.0,0.009524076744891863,88.78327789306641,80.9578599475679
2015-09-18 00:00:00-04:00,92.47430947183754,94.44882009255899,92.32548347981432,93.66497039794922,62300000,0.0,0.0,0.0006359089002223595,88.97378311157226,81.02636991228376
2015-09-21 00:00:00-04:00,93.88325603945131,95.73869067571567,93.78402862083654,94.80601501464844,28790000,0.0,0.0,0.012182191611776805,89.44458847045898,81.09582486228338
2015-09-22 00:00:00-04:00,93.03986613236415,93.94278414381401,91.20427248259055,92.23617553710938,36888900,0.0,0.0,-0.02710629148521848,89.98385696411133,81.15945252918061
2015-09-23 00:00:00-04:00,92.67275791020225,93.58559266604404,92.0774312246528,93.23831939697266,21701400,0.0,0.0,0.010864976285363204,90.52808685302735,81.22119025578574
2015-09-24 00:00:00-04:00,92.33540172942901,94.03208619712764,91.52178682263803,93.67489624023438,29106000,0.0,0.0,0.0046823757236864605,90.88627586364746,81.28367611718556
2015-09-25 00:00:00-04:00,95.04415041509512,95.1036808141871,91.34319001508597,92.04766082763672,28961600,0.0,0.0,-0.01737109383526325,91.0370922088623,81.34490203857422
2015-09-28 00:00:00-04:00,91.36302895122118,91.57139289619164,87.4933944460825,88.51537322998047,41199900,0.0,0.0,-0.03837455037853288,90.94779205322266,81.38592928931827
2015-09-29 00:00:00-04:00,88.40623480973774,89.35875900651058,85.05255539380906,85.99515533447266,42281800,0.0,0.0,-0.028472092513916025,90.81086578369141,81.41612882462759
2015-09-30 00:00:00-04:00,87.7513811286466,89.31907300498716,87.32472893932861,89.20001220703125,36169100,0.0,0.0,0.03726787701113521,90.94332656860351,81.45888852316236
2015-10-01 00:00:00-04:00,89.34884268470908,90.24182891845703,87.67199918491274,90.24182891845703,29283700,0.0,0.0,0.011679557946782992,90.99591369628907,81.51558642917209
2015-10-02 00:00:00-04:00,88.20778841863547,91.48208867737675,87.68191643456419,91.35310363769531,37881700,0.0,0.0,0.012314408213539574,91.19038696289063,81.57460739499047
2015-10-05 00:00:00-04:00,92.21633920290256,93.53597760635009,91.93852059165046,93.27800750732422,27292500,0.0,0.0,0.021071028711438622,91.47564849853515,81.6398493751647
2015-10-06 00:00:00-04:00,93.34746299937662,93.43675859522928,91.62100577966353,92.07743072509766,22172800,0.0,0.0,-0.012870952267417302,91.63787612915038,81.69985471452985
2015-10-07 00:00:00-04:00,92.38502045729996,92.93074103355536,90.65857069694914,91.68054962158203,24129300,0.0,0.0,-0.004310297326828527,91.73511352539063,81.76328556121342
2015-10-08 00:00:00-04:00,91.17451425006196,92.49416025837138,89.765572644343,91.75,27290500,0.0,0.0,0.0007575257642393751,91.7594223022461,81.8221490345304
2015-10-09 00:00:00-04:00,92.17665092670062,93.01010677111071,91.5217862746731,92.51399993896484,20012900,0.0,0.0,0.008326974811605936,91.81845893859864,81.89038340250652
2015-10-12 00:00:00-04:00,92.59337119261436,93.86340336669399,91.94843085015516,93.52605438232422,18449600,0.0,0.0,0.010939473420531698,91.91519966125489,81.97444594852509
2015-10-13 00:00:00-04:00,92.93072865221222,94.62741298598561,92.82158455150262,93.38714599609375,19480300,0.0,0.0,-0.0014852373186046153,91.97572479248046,82.05764231606135
2015-10-14 00:00:00-04:00,93.34746392915275,94.4587383952208,92.88112229286081,93.33753967285156,19253400,0.0,0.0,-0.0005311900552594784,92.00648422241211,82.1382793850369
2015-10-15 00:00:00-04:00,94.25037349849244,95.5501785414395,94.16107790263557,95.21282196044922,27557500,0.0,0.0,0.02009140474637028,92.08685302734375,82.22785425943042
2015-10-16 00:00:00-04:00,95.43111396990471,96.83013135052624,94.60757478209764,96.78052520751953,25412900,0.0,0.0,0.0164652534689238,92.24263076782226,82.3259338197254
2015-10-19 00:00:00-04:00,96.423313564325,97.8024897999846,96.16533592046395,97.7032699584961,23729900,0.0,0.0,0.009534405284513436,92.38749351501465,82.41460306682283
2015-10-20 00:00:00-04:00,97.96126110569907,98.81455791611272,95.80815164166377,96.2447280883789,30881800,0.0,0.0,-0.014928281015945233,92.58792114257812,82.49354707627069
2015-10-21 00:00:00-04:00,96.61184424151531,97.41553486244028,95.71885045716019,96.35386657714844,21917800,0.0,0.0,0.0011339684878044487,92.74369850158692,82.56607313004751
2015-10-22 00:00:00-04:00,97.02856966932283,98.95346649192584,96.79044052291485,98.89392852783203,26392100,0.0,0.0,0.026361806131047327,93.0046501159668,82.64993876502628
2015-10-23 00:00:00-04:00,101.11649900981918,102.04917471448465,99.38012508274242,101.39431762695312,42809700,0.0,0.0,0.025283545070387214,93.47198295593262,82.73715122162349
2015-10-26 00:00:00-04:00,101.40421548251778,103.00167980437834,100.75928277107354,102.96199035644531,25961200,0.0,0.0,0.015461149758509318,94.19431381225586,82.82810401916504
2015-10-27 00:00:00-04:00,102.13847071950234,103.28943456263633,101.60267446546118,102.89254760742188,23795500,0.0,0.0,-0.0006744503363137477,95.03918342590332,82.92031684754387
2015-10-28 00:00:00-04:00,103.09099707093706,103.66648278978477,102.11862438840168,103.38865661621094,24081500,0.0,0.0,0.004821622365517975,95.74861564636231,83.01256906418573
2015-10-29 00:00:00-04:00,103.15052740463577,104.30149884164652,102.7139509878401,104.06336212158203,20316700,0.0,0.0,0.006525914229407848,96.43969230651855,83.1268310546875
2015-10-30 00:00:00-04:00,103.6962489274021,103.90461288197955,100.85851733079421,101.176025390625,33487100,0.0,0.0,-0.027745948930456676,96.93083839416504,83.23652579292418
2015-11-02 00:00:00-05:00,100.9279837484437,102.66435780900385,100.39218741564346,102.50559997558594,24003900,0.0,0.0,0.013141201977718175,97.39221801757813,83.34803175547766
2015-11-03 00:00:00-05:00,102.41629666347534,102.84294884618656,101.60268175342017,101.78128051757812,21242300,0.0,0.0,-0.007066145246506839,97.87741050720214,83.46103389679439
2015-11-04 00:00:00-05:00,102.38652369970126,103.32912359072338,101.68205295283406,103.13068389892578,43469300,0.0,0.0,0.013257873888849359,98.44991722106934,83.57198857504224
2015-11-05 00:00:00-05:00,107.95284405494468,109.78843772384994,107.10945642843035,107.91315460205078,63232900,0.0,0.0,0.04637291756750206,99.25807495117188,83.70558302743095
2015-11-06 00:00:00-05:00,107.19875834144861,107.89330483402996,105.08534609688904,106.26607513427734,35084300,0.0,0.0,-0.01526300916554002,99.9456787109375,83.83094839065794
2015-11-09 00:00:00-05:00,106.16685104310783,107.40711799454601,105.03572818899531,105.66082000732422,26383500,0.0,0.0,-0.00569565711529596,100.5524169921875,83.95257326156374
2015-11-10 00:00:00-05:00,105.13494979430313,107.30789995206116,104.4205548070956,107.06977081298828,25031700,0.0,0.0,0.013334657118564852,101.23654823303222,84.0821516248915
2015-11-11 00:00:00-05:00,107.42696557541584,109.01451342737964,106.27600170973018,108.16120910644531,25057100,0.0,0.0,0.010193710934184974,101.97773170471191,84.2175967201354
2015-11-12 00:00:00-05:00,107.6353418793613,108.53825237953751,107.15907598861651,107.17891693115234,20924700,0.0,0.0,-0.009081741813058541,102.57603645324707,84.3487107110402
2015-11-13 00:00:00-05:00,106.87132741876971,107.40712367854405,103.0215413229704,103.1406021118164,30278400,0.0,0.0,-0.03767825739394248,102.89404029846192,84.46565013461642
2015-11-16 00:00:00-05:00,102.51551674597113,103.3588968569389,99.6877092821429,103.22991180419922,49309200,0.0,0.0,0.0008659023755357431,103.17037239074708,84.58046346997457
2015-11-17 00:00:00-05:00,103.80539312298639,105.37308491164607,103.32912724783114,104.31141662597656,26807200,0.0,0.0,0.010476661297828871,103.57370681762696,84.70208837115575
2015-11-18 00:00:00-05:00,104.97620788230704,107.04000653456843,104.56939664956023,106.93086242675781,23836500,0.0,0.0,0.025111784361760092,104.10255661010743,84.83371416727702
2015-11-19 00:00:00-05:00,106.52405061209335,106.89117236208818,105.12502582994098,105.4326171875,25520600,0.0,0.0,-0.014011345324031588,104.42949104309082,84.96337130713084
2015-11-20 00:00:00-05:00,106.00809389810574,107.0300802312285,105.78981327208749,106.48435974121094,22129600,0.0,0.0,0.009975495077017227,104.68399314880371,85.09613896930028
2015-11-23 00:00:00-05:00,106.35537761883822,106.63319621410518,105.25401992332353,106.11724090576172,19897200,0.0,0.0,-0.00344763152392924,104.84175567626953,85.22685910785009
2015-11-24 00:00:00-05:00,105.17462648326394,105.66080895778806,103.57716221126815,104.9166488647461,23577300,0.0,0.0,-0.011313826393977044,104.94296073913574,85.35179132128519
2015-11-25 00:00:00-05:00,105.50206804292148,105.76996236924164,104.28164205193526,104.5892333984375,15150800,0.0,0.0,-0.003120719827133245,105.00298957824707,85.4690457298642
2015-11-27 00:00:00-05:00,104.95635381489073,105.13495256640174,104.04351911605185,104.62892150878906,5913100,0.0,0.0,0.0003794665001546349,105.03126754760743,85.57862227303642
2015-11-30 00:00:00-05:00,105.01589273720936,105.27387041478462,102.94216977013375,103.42835235595703,20383200,0.0,0.0,-0.011474543897799672,105.14388389587403,85.68311966790094
2015-12-01 00:00:00-05:00,104.0137641630158,106.31569964809397,103.68633182466667,106.28593444824219,22781900,0.0,0.0,0.02762861466119615,105.33290061950683,85.8091938684857
2015-12-02 00:00:00-05:00,106.16685378715249,107.0796884702073,104.96627625552821,105.24409484863281,24429100,0.0,0.0,-0.009802233992840526,105.50604133605957,85.92971632215712
2015-12-03 00:00:00-05:00,105.44254398362182,106.0180297323132,102.54528186743637,103.5672607421875,23236500,0.0,0.0,-0.01593280942609665,105.52787017822266,86.04586834377713
2015-12-04 00:00:00-05:00,103.993913132608,106.89118282455226,103.29936658624545,105.3532485961914,21224700,0.0,0.0,0.0172447146058039,105.39987487792969,86.1676901559981
2015-12-07 00:00:00-05:00,105.65091015884687,105.99818341372409,103.84508166349603,104.78768157958984,15474900,0.0,0.0,-0.005368292142270081,105.32595520019531,86.28285780407134
2015-12-08 00:00:00-05:00,103.1902103596562,106.07755545619887,103.1405966536032,105.66082000732422,20401800,0.0,0.0,0.008332452961765213,105.32595520019531,86.4008602868943
2015-12-09 00:00:00-05:00,105.35322922964203,105.61120685800665,102.74371046230063,103.78553009033203,23517300,0.0,0.0,-0.017748205218000357,105.1617431640625,86.51016123332674
2015-12-10 00:00:00-05:00,104.23204504177377,105.57153193061838,103.59702892306241,104.59915924072266,17454300,0.0,0.0,0.00783952396526244,104.98364067077637,86.62528949313693
2015-12-11 00:00:00-05:00,103.33904431563208,103.52755974540229,101.11648804948086,101.3248519897461,26427700,0.0,0.0,-0.03130338020634682,104.69093742370606,86.72132156008766
2015-12-14 00:00:00-05:00,101.4935360479337,103.92445648354003,100.66999689448734,103.84508514404297,24648100,0.0,0.0,0.024872803708135827,104.72616157531738,86.82696085127573
2015-12-15 00:00:00-05:00,104.48009925541896,104.97620607511233,103.46803710405047,103.7359390258789,21764300,0.0,0.0,-0.0010510475099776428,104.75146293640137,86.93547439575195
2015-12-16 00:00:00-05:00,104.54954700622574,106.25614799452987,103.3787346862333,105.95848846435547,22680500,0.0,0.0,0.021425066947358573,104.83381652832031,87.06186349051339
2015-12-17 00:00:00-05:00,106.6530524508999,106.91103014206963,105.3036411632291,105.3929443359375,21675700,0.0,0.0,-0.00533741219428796,104.7569206237793,87.18041731819274
2015-12-18 00:00:00-05:00,105.25402861251563,105.76005213710253,103.16045714964869,103.22991180419922,35994200,0.0,0.0,-0.020523504162134998,104.64678535461425,87.28137116205124
2015-12-21 00:00:00-05:00,104.09311759324572,104.3312467037541,102.79331281466409,103.9542007446289,16138800,0.0,0.0,0.007016270069119868,104.52027740478516,87.3793718852694
2015-12-22 00:00:00-05:00,104.40071083670851,104.83728722066374,103.99389964802502,104.6884536743164,14597100,0.0,0.0,0.007063234813292851,104.44883804321289,87.4741046542213
2015-12-23 00:00:00-05:00,105.0654911680642,105.28377935811028,103.05129889262022,103.81529998779297,19599700,0.0,0.0,-0.008340496548356668,104.39377059936524,87.56867987012106
2015-12-24 00:00:00-05:00,103.92445190683394,104.49993762028332,103.68632275885076,104.2022705078125,6501800,0.0,0.0,0.003727490264585631,104.37442245483399,87.6641607133169
2015-12-28 00:00:00-05:00,104.20226845700326,105.1548001701674,103.71608591485935,105.10518646240234,13069700,0.0,0.0,0.008665031483379604,104.39823570251465,87.76318519834489
2015-12-29 00:00:00-05:00,105.59137182628393,106.90109350439836,105.42269732735757,106.42483520507812,17179900,0.0,0.0,0.012555505461643746,104.54805984497071,87.87043883308532
2015-12-30 00:00:00-05:00,106.16686983945662,106.41492327366096,105.23418650445149,105.3929443359375,13115000,0.0,0.0,-0.009695959285745626,104.50341033935547,87.97674748254201
2015-12-31 00:00:00-05:00,105.17464781298959,105.34332231815635,103.80539568929971,103.84508514404297,18391100,0.0,0.0,-0.014686554224737969,104.43345985412597,88.08163866921076
2016-01-04 00:00:00-05:00,101.15618558120319,101.44392846799009,98.97331842832385,101.42408752441406,37912400,0.0,0.0,-0.023313550335779087,104.3263011932373,88.17522966294061
2016-01-05 00:00:00-05:00,102.08887263988332,102.90248761613216,100.87837064766157,101.93012237548828,23258200,0.0,0.0,0.004989296560862888,104.15514488220215,88.27578974527026
2016-01-06 00:00:00-05:00,100.3425663083387,102.96200980684843,100.11436140209915,102.16824340820312,25096200,0.0,0.0,0.0023361203456389035,104.02417297363282,88.3813896481953
2016-01-07 00:00:00-05:00,99.71747538094381,100.64023441114915,96.5423946157156,97.15756225585938,45172900,0.0,0.0,-0.049043430572884295,103.59901008605956,88.46710589575389
2016-01-08 00:00:00-05:00,99.10229914296674,99.71747434671988,96.27449168295321,96.57215881347656,35402300,0.0,0.0,-0.006025299820112684,103.2383415222168,88.54250629364498
2016-01-11 00:00:00-05:00,97.14763462409908,97.83225684228596,94.64725217945063,96.75074768066406,29932400,0.0,0.0,0.0018492790197683906,102.84592094421387,88.62034779503232
2016-01-12 00:00:00-05:00,98.2291535456875,99.18167776258026,96.79044674902426,98.59627532958984,28395400,0.0,0.0,0.019075073766015027,102.70949211120606,88.70952890789698
2016-01-13 00:00:00-05:00,99.79684622127934,99.79684622127934,94.46865643650813,94.69686889648438,33410600,0.0,0.0,-0.039549226581536145,102.25208129882813,88.78429933578249
2016-01-14 00:00:00-05:00,95.1036672962984,98.10015645784044,91.73013971078261,97.60404968261719,48658600,0.0,0.0,0.030699861780126403,101.94548683166504,88.87127552335224
2016-01-15 00:00:00-05:00,93.24823285980501,95.62953932636809,92.81165647494042,94.23052215576172,46132800,0.0,0.0,-0.03456339709085121,101.35908851623535,88.95364491901701
2016-01-19 00:00:00-05:00,95.77838037769398,96.66144990173449,93.18870220090444,94.51827239990234,30998300,0.0,0.0,0.0030536840670900567,100.81535491943359,89.03270700242784
2016-01-20 00:00:00-05:00,92.10718752030634,94.26028915041859,88.67412947648975,93.61534881591797,59051400,0.0,0.0,-0.009552899783907942,100.33462677001953,89.10401253473191
2016-01-21 00:00:00-05:00,94.17100967002122,95.24259475572183,91.89883929767325,93.42684936523438,30518900,0.0,0.0,-0.0020135528315368134,99.80825920104981,89.17260139707535
2016-01-22 00:00:00-05:00,95.65932065323592,97.3063913590218,94.7464783513658,97.17740631103516,30495400,0.0,0.0,0.04014431580731892,99.43270683288574,89.25249036153157
2016-01-25 00:00:00-05:00,97.95133846290979,98.70542300057117,96.17527501722816,96.25465393066406,32482000,0.0,0.0,-0.009495544441859738,99.0546745300293,89.3280088939364
2016-01-26 00:00:00-05:00,96.99880486737045,97.11786565606486,94.91515779533795,96.58206939697266,26877100,0.0,0.0,0.0034015546567176536,98.67366447448731,89.4061259920635
2016-01-27 00:00:00-05:00,97.02858216569398,97.08811256746567,93.4963036874264,93.71458435058594,58699400,0.0,0.0,-0.029689621109698416,98.10413436889648,89.47963641938709
2016-01-28 00:00:00-05:00,106.36530521814119,109.48085561900535,103.99391508952147,108.26043701171875,107475300,0.0,0.0,0.15521439658438685,98.19591445922852,89.60905738103958
2016-01-29 00:00:00-05:00,108.1413668219745,111.96138797450608,107.99253325603387,111.33629608154297,62739500,0.0,0.0,0.028411663159010336,98.49308204650879,89.74375437176417
2016-02-01 00:00:00-05:00,111.39582078437658,114.81896234603114,111.13785069125814,114.19386291503906,46132700,0.0,0.0,0.025666084952235213,99.0105209350586,89.8980199420263
2016-02-02 00:00:00-05:00,113.90612096228486,116.67439016338346,112.31857319292395,113.71759796142578,59778600,0.0,0.0,-0.004170670309731284,99.62519645690918,90.05401796007914
2016-02-03 00:00:00-05:00,114.37246655377997,114.44192120796764,108.8954504192951,111.81256103515625,56919300,0.0,0.0,-0.01675234933220926,100.11931838989258,90.20084196423727
2016-02-04 00:00:00-05:00,110.92948176198145,111.06839105819591,108.39933409381,109.62967681884766,38890200,0.0,0.0,-0.01952271011503126,100.49239006042481,90.3380981324211
2016-02-05 00:00:00-05:00,108.65732676943276,108.72678142714351,102.37661209505633,103.25968170166016,76894700,0.0,0.0,-0.058104660179864376,100.79749603271485,90.45015528845408
2016-02-08 00:00:00-05:00,99.6281616660045,101.88048299145476,96.70112728439784,98.97329711914062,71229700,0.0,0.0,-0.0415107282133973,100.91755294799805,90.54969160897392
2016-02-09 00:00:00-05:00,96.38363919500642,101.60268542981035,96.0661311105691,98.76495361328125,62709000,0.0,0.0,-0.002105047643391922,101.01826324462891,90.64851924351284
2016-02-10 00:00:00-05:00,100.75929779849145,102.44605795227655,99.45949278729114,100.21357727050781,45179400,0.0,0.0,0.014667385587996185,101.0991283416748,90.7501423850892
2016-02-11 00:00:00-05:00,98.82447462488635,104.2915737678292,98.11007961027447,101.11649322509766,43670600,0.0,0.0,0.009009916412349828,101.42010955810547,90.8501512133886
2016-02-12 00:00:00-05:00,102.93223882447047,103.42834563449586,100.30287121733808,101.21571350097656,36176800,0.0,0.0,0.0009812472002765915,101.60069274902344,90.95165625072661
2016-02-16 00:00:00-05:00,102.9917827740371,103.12076782694282,99.45949693380537,100.81883239746094,45687200,0.0,0.0,-0.003921141192289257,101.9301082611084,91.05351569160582
2016-02-17 00:00:00-05:00,101.22563487315226,104.89682997929619,99.61825357904733,104.38087463378906,44073400,0.0,0.0,0.03533111970872049,102.42323837280273,91.17006141420394
2016-02-18 00:00:00-05:00,104.97621214728639,105.17465185864643,102.22777596801241,102.66435241699219,29593500,0.0,0.0,-0.01644479626003459,102.87568855285645,91.2754250783769
2016-02-19 00:00:00-05:00,101.75151480015089,104.20227620417998,101.26532465187098,103.75578308105469,32404500,0.0,0.0,0.010631057795303933,103.39213523864746,91.37444959368024
2016-02-22 00:00:00-05:00,104.66861243409203,107.40712413913008,104.51977887740718,106.32561492919922,35709700,0.0,0.0,0.024768083010245023,103.84954566955567,91.481781944396
2016-02-23 00:00:00-05:00,106.01802367588157,106.63319884485608,104.30149835420987,104.63884735107422,25319300,0.0,0.0,-0.01586416950655023,104.26875534057618,91.58659435453869
2016-02-24 00:00:00-05:00,103.39858937889919,106.11725281334864,101.94003402009187,106.04779815673828,34412400,0.0,0.0,0.013464892258769678,104.74204177856446,91.69853340633331
2016-02-25 00:00:00-05:00,106.27599154690202,107.228515625,104.78767125550108,107.228515625,29906300,0.0,0.0,0.011133823509627438,105.41773834228516,91.81078738257999
2016-02-26 00:00:00-05:00,107.85361441639758,108.59777461035613,106.32561214639296,107.0796890258789,26686200,0.0,0.0,-0.0013879386304438412,105.35870094299317,91.9191040160164
2016-02-29 00:00:00-05:00,106.76217652547618,108.06198142429254,105.91879652150409,106.08747100830078,32779000,0.0,0.0,-0.009266164541609112,105.09625968933105,92.02915309724354
2016-03-01 00:00:00-05:00,106.99038672190603,108.96488952636719,106.7621742792853,108.96488952636719,26817300,0.0,0.0,0.027123075804505348,104.83481101989746,92.14754934159537
2016-03-02 00:00:00-05:00,108.82599297552747,109.68922157258062,107.9230749242431,109.09388732910156,25670200,0.0,0.0,0.001183847414475192,104.60362548828125,92.26704812428308
2016-03-03 00:00:00-05:00,109.39154979123253,109.44116349940559,107.69486543756312,108.72676849365234,21353100,0.0,0.0,-0.0033651641208983785,104.44933586120605,92.37997145879837
2016-03-04 00:00:00-05:00,109.19310629532474,109.19310629532474,107.08961080387037,107.54602813720703,24938900,0.0,0.0,-0.010859702470732868,104.34515342712402,92.48698876396058
2016-03-07 00:00:00-05:00,107.22854546595332,107.22854546595332,103.90463073746672,104.90676879882812,31436400,0.0,0.0,-0.024540742081257894,104.42750778198243,92.58825762309725
2016-03-08 00:00:00-05:00,103.96413931370671,106.5339764621596,103.58710087265474,105.10518646240234,25617000,0.0,0.0,0.0018913714133614867,104.73410224914551,92.69255810692196
2016-03-09 00:00:00-05:00,105.86919151985784,106.67288970947266,104.66861393338398,106.67288970947266,20493300,0.0,0.0,0.014915565062349367,105.12949905395507,92.81052129230802
2016-03-10 00:00:00-05:00,107.06976968231966,107.81392985780425,104.94642568388058,106.48435974121094,24854300,0.0,0.0,-0.0017673653425456237,105.44303817749024,92.92765759664869
2016-03-11 00:00:00-05:00,107.63533885260235,108.56801452534977,107.07969406736017,108.55809783935547,20697600,0.0,0.0,0.019474579207541254,105.81511840820312,93.04766818455288
2016-03-14 00:00:00-04:00,108.42910424385008,109.47093158304453,107.92307317309941,109.03435516357422,17249400,0.0,0.0,0.004387119281727969,106.206050491333,93.173033638606
2016-03-15 00:00:00-04:00,108.2604376216269,109.96704640012037,107.99253568291537,109.80828857421875,17618500,0.0,0.0,0.007098069314790401,106.6555233001709,93.30139148046099
2016-03-16 00:00:00-04:00,109.62967519945376,111.62402659420033,109.24271251285964,111.3065185546875,24744800,0.0,0.0,0.013644051828165082,107.00180549621582,93.43061544024755
2016-03-17 00:00:00-04:00,111.27675428360483,111.8125505241086,109.8678128196813,110.15554809570312,24241200,0.0,0.0,-0.010340548549444328,107.37636528015136,93.54916920737615
2016-03-18 00:00:00-04:00,110.69135083165494,111.54465516438285,109.41139433256309,110.58220672607422,36256900,0.0,0.0,0.0038732377782770833,107.71768646240234,93.66217128814213
2016-03-21 00:00:00-04:00,110.79057239626783,111.49504313233896,110.16547299370596,110.97908782958984,18448000,0.0,0.0,0.003589014139487645,107.95036010742187,93.77261407034737
2016-03-22 00:00:00-04:00,110.49289949549329,112.00106073287938,110.30437650207435,111.37596893310547,19001100,0.0,0.0,0.0035761791818387234,108.28721618652344,93.88215125553192
2016-03-23 00:00:00-04:00,111.13785477520462,112.3086672031146,111.12793051895407,111.66372680664062,18562000,0.0,0.0,0.0025836621336869925,108.56801261901856,93.98936550200932
2016-03-24 00:00:00-04:00,111.2569193017863,112.2094435440689,110.8104261654003,112.16976165771484,17839100,0.0,0.0,0.004531774691260981,108.8150749206543,94.10799807593936
2016-03-28 00:00:00-04:00,112.43764965046712,113.69775764548056,112.07052787759439,112.80477142333984,21351800,0.0,0.0,0.005661149281592781,109.10132904052735,94.22879618690128
2016-03-29 00:00:00-04:00,112.94367625514609,115.41428600721294,112.75515324816482,115.23568725585938,29825300,0.0,0.0,0.021549760722413547,109.55873985290528,94.35809889293853
2016-03-30 00:00:00-04:00,115.82110781106607,116.07907792106815,113.46955863150293,113.8069076538086,33235200,0.0,0.0,-0.012398759759886246,109.80084075927735,94.48212566072979
2016-03-31 00:00:00-04:00,113.80689738834467,114.11448875327866,112.88413843352072,113.2115707397461,21207500,0.0,0.0,-0.005231114053933061,110.00672492980956,94.60764851645818
2016-04-01 00:00:00-04:00,112.86429998101526,115.26545513963814,112.46741301653473,115.15631103515625,24760500,0.0,0.0,0.017177928746177074,110.32820205688476,94.74305422343905
2016-04-04 00:00:00-04:00,113.18181411087858,113.65808000780504,110.74096936785585,111.67365264892578,48487900,0.0,0.0,-0.03024287904782952,110.5345832824707,94.86507291642447
2016-04-05 00:00:00-04:00,111.23707019000041,112.43764776877615,111.02870623698868,111.3462142944336,22962400,0.0,0.0,-0.002932100336339616,110.85655555725097,94.98232735527887
2016-04-06 00:00:00-04:00,111.59428019382324,112.92384296759636,111.54466647898512,112.82462310791016,20814600,0.0,0.0,0.013277584898999661,111.24252738952637,95.10592094300286
2016-04-07 00:00:00-04:00,112.90399103073624,113.99542452099685,112.18959599856876,112.75515747070312,20714500,0.0,0.0,-0.0006156957168879096,111.5466407775879,95.2293963962131
2016-04-08 00:00:00-04:00,113.36041683404602,113.43979574797027,109.04428869178054,109.76860046386719,48497800,0.0,0.0,-0.026487098894894645,111.7108528137207,95.34145358252147
2016-04-11 00:00:00-04:00,109.83804950723616,110.04642103813495,107.92307683412947,108.14136505126953,39762300,0.0,0.0,-0.014824233940500142,111.69001617431641,95.44756535121373
2016-04-12 00:00:00-04:00,108.48864078833881,110.29447696396058,108.14136751225374,109.7487564086914,26248100,0.0,0.0,0.014863797554800717,111.72573623657226,95.55623641846672
2016-04-13 00:00:00-04:00,111.35614487729046,111.77287280699146,105.6905980906841,109.6495361328125,88227400,0.0,0.0,-0.0009040674275107019,111.71779861450196,95.66250570993574
2016-04-14 00:00:00-04:00,109.75867858054335,111.16762017103743,109.40148105478576,109.97695922851562,28473300,0.0,0.0,0.002986087376662727,111.65132064819336,95.77326350741916
2016-04-15 00:00:00-04:00,109.92735554526004,110.10595431213251,108.34973184288823,108.78630828857422,20922800,0.0,0.0,-0.010826367161756223,111.58285865783691,95.88087145487468
2016-04-18 00:00:00-04:00,108.88553312406196,109.94720151736875,108.34973679893658,109.59000396728516,21167200,0.0,0.0,0.007387838518970513,111.53324851989746,95.9976928347633
2016-04-19 00:00:00-04:00,110.23493562961633,111.57442255075688,108.31004628523246,111.4156723022461,30210500,0.0,0.0,0.016659077186510052,111.55507774353028,96.11266366262285
2016-04-20 00:00:00-04:00,111.55457147204874,112.38802723347476,110.69134294486713,111.54464721679688,21027900,0.0,0.0,0.0011576011873886127,111.56351165771484,96.22605947464231
2016-04-21 00:00:00-04:00,111.67363982187972,113.15203591483629,111.43550311577452,112.55670928955078,20875200,0.0,0.0,0.009073156785254666,111.60816078186035,96.3394947052002
2016-04-22 00:00:00-04:00,110.3440675160099,110.87986373912106,108.16120074332467,109.69912719726562,38458200,0.0,0.0,-0.02538793209504786,111.4846290588379,96.45033121865893
2016-04-25 00:00:00-04:00,109.01450904342269,109.80827536749455,108.22073514936196,109.24271392822266,21017900,0.0,0.0,-0.004160591617308196,111.30652618408203,96.56282146393306
2016-04-26 00:00:00-04:00,109.62967991227436,109.6396041679951,107.30790369289983,107.91315460205078,22521500,0.0,0.0,-0.012170691100236275,110.94039955139161,96.66853944082109
2016-04-27 00:00:00-04:00,107.09953726404571,108.09175085346251,105.48222426850342,108.0421371459961,52213100,0.0,0.0,0.0011952439387112879,110.65216102600098,96.77961228385804
2016-04-28 00:00:00-04:00,118.6488977938326,119.84947527757491,115.32498392463023,115.82109069824219,87110100,0.0,0.0,0.07199925656537576,110.78263702392579,96.92238071986607
2016-04-29 00:00:00-04:00,115.9104052074945,116.92245986009651,114.93803244166998,116.66448974609375,37140600,0.0,0.0,0.007281912497689502,110.85804595947266,97.07518952990335
2016-05-02 00:00:00-04:00,116.91253829739388,117.8055321124402,115.662346956329,117.64677429199219,28095200,0.0,0.0,0.00841973892858272,111.15670204162598,97.23103008573017
2016-05-03 00:00:00-04:00,116.60494348206623,117.2399671751854,116.10883666274671,116.5156478881836,24117500,0.0,0.0,-0.009614597685451254,111.41517372131348,97.38309079124814
2016-05-04 00:00:00-04:00,115.70202516105729,117.37886851904005,115.66233570980452,117.14073181152344,23448400,0.0,0.0,0.005364806656181553,111.63097915649413,97.54255367460705
2016-05-05 00:00:00-04:00,117.12088975716502,118.05357292776407,116.33704013485138,116.8926773071289,22056700,0.0,0.0,-0.0021175768714988275,111.83785514831543,97.69890603565034
2016-05-06 00:00:00-04:00,116.24774889749906,118.70843438393241,116.1981351895513,118.55960083007812,26395600,0.0,0.0,0.014260290390727182,112.27740516662598,97.86057384430416
2016-05-09 00:00:00-04:00,118.60922107920273,119.34345706339016,117.9742049463937,118.31155395507812,21138100,0.0,0.0,-0.002092170294631046,112.78591461181641,98.0209422944084
2016-05-10 00:00:00-04:00,118.68859183044594,119.56173706054688,118.07341668219982,119.56173706054688,23220000,0.0,0.0,0.010566872496184487,113.27656364440918,98.18824050540016
2016-05-11 00:00:00-04:00,119.47245551628805,120.1372368799689,118.49015850071089,118.5893783569336,22038400,0.0,0.0,-0.008132691340214215,113.72355575561524,98.3538456871396
2016-05-12 00:00:00-04:00,119.04579291097554,119.89908965586172,117.97420038950575,119.34345245361328,22035500,0.0,0.0,0.006358698452824774,114.19188041687012,98.51858459957062
2016-05-13 00:00:00-04:00,119.44266714648298,119.70064479496035,118.74812067364634,118.87710571289062,18124300,0.0,0.0,-0.003907602228148344,114.69642028808593,98.66993649800618
2016-05-16 00:00:00-04:00,118.45046536616414,118.67867784138083,116.4362728244268,117.7459945678711,31247800,0.0,0.0,-0.009514962012545647,115.10421981811524,98.82054038274856
2016-05-17 00:00:00-04:00,117.89482696113957,118.08334997922842,116.28743810425188,116.43627166748047,21328600,0.0,0.0,-0.011123290479623682,115.35524978637696,98.96413576035272
2016-05-18 00:00:00-04:00,115.89055244231558,117.34910008728376,115.8210977925552,116.73393249511719,21642300,0.0,0.0,0.002556426991125127,115.61471405029297,99.10989664471339
2016-05-19 00:00:00-04:00,116.1386036307184,116.57517246232455,114.97770797829413,115.90046691894531,20544100,0.0,0.0,-0.007139874056814932,115.78190193176269,99.25266514127216
2016-05-20 00:00:00-04:00,116.04930894507983,117.0712878052656,116.03938468886739,116.43627166748047,18944800,0.0,0.0,0.0046229731663622875,116.11875915527344,99.39783544389029
2016-05-23 00:00:00-04:00,116.50572334605991,116.68432210337586,115.03725140367472,115.0670166015625,20441000,0.0,0.0,-0.011759695207592125,116.40997428894043,99.5373359861828
2016-05-24 00:00:00-04:00,115.33492292629907,116.81332684811643,115.21586212238739,116.78355407714844,20183600,0.0,0.0,0.014917719484548009,116.8534942626953,99.68841237870474
2016-05-25 00:00:00-04:00,117.21019794748999,117.74599423693716,116.46603769603385,116.9720687866211,20019800,0.0,0.0,0.0016142230895637155,117.29999084472657,99.83543326362731
2016-05-26 00:00:00-04:00,117.3193383001902,118.82750726737876,117.00183023920144,118.53976440429688,18481300,0.0,0.0,0.01340230735369441,117.4359245300293,99.99025011819506
2016-05-27 00:00:00-04:00,118.62906110039876,118.91680396615455,118.08334813706001,118.4504623413086,13493600,0.0,0.0,-0.0007533511091156742,117.52522315979004,100.14849235897972
2016-05-31 00:00:00-04:00,118.52983567832791,119.16485177635766,117.20027308869969,117.88489532470703,23547600,0.0,0.0,-0.004774713457613267,117.53712921142578,100.30015924241808
2016-06-01 00:00:00-04:00,117.5773144530974,118.15280017185933,116.90260888592563,117.85513305664062,15029500,0.0,0.0,-0.00025246888487640007,117.60410346984864,100.4511174701509
2016-06-02 00:00:00-04:00,117.76584574761952,118.51000601802072,117.2995041003031,118.00397491455078,13228300,0.0,0.0,0.0012629221489963705,117.647265625,100.59479159400577
2016-06-03 00:00:00-04:00,118.05356978000638,118.05356978000638,116.94228789509361,117.54753875732422,14135100,0.0,0.0,-0.0038679727319107515,117.68000869750976,100.73819003029475
2016-06-06 00:00:00-04:00,117.69637677888355,118.50006735078394,117.43839913025315,117.86505126953125,12744700,0.0,0.0,0.002701141304732424,117.64528121948243,100.88249406360444
2016-06-07 00:00:00-04:00,118.31155826453926,118.37109623352649,116.75378307418978,116.84308624267578,17103000,0.0,0.0,-0.008670636595393022,117.57185783386231,101.02853057498024
2016-06-08 00:00:00-04:00,116.84307072022061,117.67652647542126,116.35688062636488,117.4681625366211,14505600,0.0,0.0,0.005349707150383409,117.46717910766601,101.17704754783993
2016-06-09 00:00:00-04:00,117.2101962754921,117.75591681343775,116.79346835741875,117.63684844970703,13859200,0.0,0.0,0.0014360138904305764,117.41955261230468,101.3203672681536
2016-06-10 00:00:00-04:00,116.6247945899361,117.19035607374938,115.35476231540727,115.71195983886719,18510800,0.0,0.0,-0.0163629733047701,117.23797798156738,101.45734790014842
2016-06-13 00:00:00-04:00,114.10457151725663,114.58083740742839,112.427728000389,113.062744140625,31718200,0.0,0.0,-0.02289491684292022,116.9472599029541,101.58499699547177
2016-06-14 00:00:00-04:00,113.18180773821305,114.05495300176149,112.69562518225908,114.04503631591797,17618500,0.0,0.0,0.008688027013312283,116.76221199035645,101.7197727021717
2016-06-15 00:00:00-04:00,114.40224150303301,114.54115081405574,113.18181533334513,113.70768737792969,19819400,0.0,0.0,-0.0029580326236539056,116.6257827758789,101.85183161780948
2016-06-16 00:00:00-04:00,112.98337320683586,113.60846509306874,112.06061419192665,113.49932098388672,19236300,0.0,0.0,-0.0018324741171669157,116.46405220031738,101.9801894293891
2016-06-17 00:00:00-04:00,113.52906931620436,113.53899357101638,111.68355156056697,112.13996887207031,24644300,0.0,0.0,-0.011976742239800608,116.27602729797363,102.09874316624233
2016-06-20 00:00:00-04:00,112.88413829639038,113.82674576134966,111.87208375200115,112.48725891113281,20785400,0.0,0.0,0.0030969336139079484,116.07857666015624,102.22024996318514
2016-06-21 00:00:00-04:00,113.231425041676,114.31293429210635,113.08259147941776,113.48939514160156,19166300,0.0,0.0,0.008908886572304597,115.9996955871582,102.33695320856003
2016-06-22 00:00:00-04:00,113.7572996615641,113.84659525896151,112.72539652836406,113.02306365966797,14846300,0.0,0.0,-0.004109031344750269,115.81167106628418,102.4394426497202
2016-06-23 00:00:00-04:00,113.47948152578228,114.19386901796958,112.65594235299555,114.18395233154297,16176900,0.0,0.0,0.010271254682766573,115.67226524353028,102.54268010457356
2016-06-24 00:00:00-04:00,110.1456300661339,112.79483847019287,110.13570581087842,111.2072982788086,40643100,0.0,0.0,-0.026068935187069098,115.30564193725586,102.63757033575149
2016-06-27 00:00:00-04:00,110.70127493259353,110.70127493259353,107.38728502593372,108.12152099609375,36130400,0.0,0.0,-0.027747974552699506,114.78919486999511,102.72009731474377
2016-06-28 00:00:00-04:00,109.7685897340645,111.87208532750277,109.68921839788862,111.82247161865234,26813800,0.0,0.0,0.034229546425750934,114.48607368469239,102.82601217239622
2016-06-29 00:00:00-04:00,112.48726086617951,113.36040612690618,112.15982855466106,113.27111053466797,20968300,0.0,0.0,0.012954810379758985,114.25687255859376,102.93779370141408
2016-06-30 00:00:00-04:00,113.7771375841522,114.28316866594061,112.78492393279657,113.39017486572266,23192700,0.0,0.0,0.0010511447313676925,114.02618255615235,103.04555911109561
2016-07-01 00:00:00-04:00,113.31078948828944,114.23354843417259,112.92382679195029,113.30087280273438,14980000,0.0,0.0,-0.0007875643819584832,113.81384925842285,103.15147399902344
2016-07-05 00:00:00-04:00,113.05282092791431,113.310791015625,112.09037251687094,113.310791015625,14207000,0.0,0.0,8.753871568045746e-05,113.58613624572754,103.2564044831291
2016-07-06 00:00:00-04:00,112.47733851561046,115.88063159391584,112.09037580271186,115.79132843017578,24337600,0.0,0.0,0.021891449104866956,113.53354835510254,103.37247772822305
2016-07-07 00:00:00-04:00,115.7218777226838,116.05923430721589,114.46176969131845,114.94795227050781,16630200,0.0,0.0,-0.007283586526745323,113.40753784179688,103.4913858383421
2016-07-08 00:00:00-04:00,115.52343491975275,116.58510321645622,114.94794918920599,116.3271255493164,18142600,0.0,0.0,0.01199824139157335,113.34205169677735,103.61486135210309
2016-07-11 00:00:00-04:00,116.79346691509825,117.77575630128037,116.58510295863472,116.95222473144531,17711600,0.0,0.0,0.005373632153094832,113.40406494140625,103.73266707526312
2016-07-12 00:00:00-04:00,117.70630342902031,117.79560659456325,116.65455937477974,117.01175689697266,15217700,0.0,0.0,0.0005090297825804946,113.60151557922363,103.84224370926145
2016-07-13 00:00:00-04:00,117.46816917528216,117.47809343102075,115.77148480346032,115.8707046508789,16207700,0.0,0.0,-0.009751603397412767,113.69279899597169,103.94894602942088
2016-07-14 00:00:00-04:00,116.58510345931145,116.72401276421702,115.79132951414593,116.37673950195312,14579700,0.0,0.0,0.004367237194240925,113.82625160217285,104.05734146965875
2016-07-15 00:00:00-04:00,116.82322610662959,117.35902235426865,115.67226227724821,115.95008087158203,16646000,0.0,0.0,-0.0036661847736672026,113.94878959655762,104.15975210401747
2016-07-18 00:00:00-04:00,116.4065031522225,118.67867328080533,115.97985098711762,118.44054412841797,20868400,0.0,0.0,0.021478753944071727,114.263818359375,104.25582361978198
2016-07-19 00:00:00-04:00,118.06350194471125,119.90901996824144,117.73607718827036,119.67089080810547,21541300,0.0,0.0,0.010387884391627855,114.62299995422363,104.34520158313569
2016-07-20 00:00:00-04:00,120.3058913544666,121.24849118656805,119.62126159157887,120.97067260742188,20046500,0.0,0.0,0.010861302949608964,114.99706382751465,104.43784753103105
2016-07-21 00:00:00-04:00,120.97068828758498,121.14928705018434,119.31369328290675,119.67089080810547,17801700,0.0,0.0,-0.010744602566065797,115.32945518493652,104.53065103197855
2016-07-22 00:00:00-04:00,118.96642773914004,120.06778558502204,118.38101770205438,120.057861328125,18422400,0.0,0.0,0.0032336227916949234,115.62315063476562,104.63128989083427
2016-07-25 00:00:00-04:00,120.4448084773135,120.9012258255928,116.86291677039372,120.68293762207031,18487400,0.0,0.0,0.005206458677761594,116.09693260192871,104.72846382383317
2016-07-26 00:00:00-04:00,121.05007140992367,121.11952606612978,119.809804284822,120.2761459350586,17612000,0.0,0.0,-0.003370747307176347,116.70466384887695,104.8349693237789
2016-07-27 00:00:00-04:00,121.46679627826622,124.02670937659667,120.56388577039917,122.37963104248047,52654200,0.0,0.0,0.01748879706003903,117.23252182006836,104.94541213625953
2016-07-28 00:00:00-04:00,126.52708566334518,127.33078389504459,122.66737503786524,124.0267105102539,78955800,0.0,0.0,0.013458771314661888,117.77030181884766,105.05569748651413
2016-07-29 00:00:00-04:00,123.6794310995015,124.86016017739414,122.74674786033498,122.97496032714844,35058800,0.0,0.0,-0.00848002965472916,118.24954109191894,105.1688177623446
2016-08-01 00:00:00-04:00,122.88566178180731,123.60998109327238,121.90337236597567,123.34207916259766,25006900,0.0,0.0,0.0029853137132354046,118.75160140991211,105.28811963399251
2016-08-02 00:00:00-04:00,123.09401731597396,123.82826083348193,121.11951436319174,122.1315689086914,23968400,0.0,0.0,-0.009814252055135864,119.19264030456543,105.4021060580299
2016-08-03 00:00:00-04:00,122.13157711390133,122.95511627752165,121.35765166182037,121.55609893798828,18525300,0.0,0.0,-0.00471188551694901,119.48087882995605,105.5141238863506
2016-08-04 00:00:00-04:00,121.98274397254764,123.81833764211724,121.55609181627024,123.39168548583984,21066000,0.0,0.0,0.015100735906208973,119.90306549072265,105.62405483306401
2016-08-05 00:00:00-04:00,124.0068626093429,124.86015936538449,123.64966509751655,124.175537109375,20184000,0.0,0.0,0.006352548151431936,120.29548606872558,105.74229361518981
2016-08-08 00:00:00-04:00,124.2747589714972,124.47319867239807,123.58021244835484,124.28468322753906,15233900,0.0,0.0,0.0008789663463901753,120.66210899353027,105.86419417366149
2016-08-09 00:00:00-04:00,124.36405365360567,125.10821388150897,123.56036302986668,124.08623504638672,19621000,0.0,0.0,-0.001596722749729551,121.01583290100098,105.98589782109336
2016-08-10 00:00:00-04:00,124.09614628470503,124.50295746687932,123.5702743233488,123.90762329101562,10670100,0.0,0.0,-0.0014394163486733946,121.41767883300781,106.10897951277475
2016-08-11 00:00:00-04:00,124.22514214887404,124.40374090320584,123.7786490480391,123.92748260498047,11729500,0.0,0.0,0.000160275158520351,121.79521598815919,106.22989572797503
2016-08-12 00:00:00-04:00,123.72902455225422,124.02669164018606,123.21307684582598,123.90762329101562,12159000,0.0,0.0,-0.00016024947451043214,122.19309310913086,106.35372552417573
2016-08-15 00:00:00-04:00,123.93741011855553,123.94732680462025,122.73682494566235,122.93527221679688,19295100,0.0,0.0,-0.007847387016172824,122.4178295135498,106.46979876926967
2016-08-16 00:00:00-04:00,122.53838262903855,122.95511053454233,121.82398760818111,122.3399429321289,14222400,0.0,0.0,-0.004842623877857499,122.55128211975098,106.58543895539783
2016-08-17 00:00:00-04:00,122.6971405624216,123.41152801398773,121.89344237817724,123.401611328125,13794200,0.0,0.0,0.008678019382313051,122.67282905578614,106.700409752982
2016-08-18 00:00:00-04:00,123.04441791093475,123.29247132556127,122.6772961320913,122.94519805908203,12400800,0.0,0.0,-0.0036986005622678952,122.83654441833497,106.81301816304524
2016-08-19 00:00:00-04:00,122.63759747177929,123.19324222642703,122.32008942769009,122.59790802001953,11688300,0.0,0.0,-0.0028247548057599436,122.96354675292969,106.94295086936346
2016-08-22 00:00:00-04:00,122.36971182729425,123.85803230905657,122.15142361210414,123.1833267211914,14386400,0.0,0.0,0.004775111668922527,123.08856620788575,107.09292475382487
2016-08-23 00:00:00-04:00,123.5405206300953,124.11599877969114,123.28254296786938,123.401611328125,13309500,0.0,0.0,0.0017720304585346902,123.24483947753906,107.25939620487274
2016-08-24 00:00:00-04:00,123.50083646984982,123.7191246880129,122.13157676318667,122.51854705810547,12243700,0.0,0.0,-0.007156018957252153,123.25178527832031,107.41878043280707
2016-08-25 00:00:00-04:00,122.16134520797318,123.40161224909949,122.14149669612117,122.92534637451172,10730800,0.0,0.0,0.0033203080364094806,123.1967170715332,107.5632813468812
2016-08-26 00:00:00-04:00,123.08408915247962,124.2152119502011,122.94517986644284,123.98699951171875,17504800,0.0,0.0,0.008636568197843753,123.24731903076172,107.70199430556525
2016-08-29 00:00:00-04:00,123.38175267516026,125.74322575453435,123.38175267516026,125.55470275878906,15925900,0.0,0.0,0.012644093761799091,123.35795021057129,107.84188845800975
2016-08-30 00:00:00-04:00,125.61425298912741,125.61425298912741,124.17554615117125,124.86016845703125,17804300,0.0,0.0,-0.005531726701564654,123.49438018798828,107.98524753631108
2016-08-31 00:00:00-04:00,124.62202990480637,125.23720507808893,124.12592309183341,125.13798522949219,14200600,0.0,0.0,0.0022250232071130416,123.67347450256348,108.13837130107576
2016-09-01 00:00:00-04:00,125.39595550609046,125.6440089129414,124.6220300879138,125.18759155273438,13536100,0.0,0.0,0.00039641299283510456,123.76326980590821,108.28121854388525
2016-09-02 00:00:00-04:00,125.86229711983339,125.87222137570421,125.01891705055368,125.52494812011719,12118800,0.0,0.0,0.0026948083527966737,123.83074035644532,108.4322554875934
2016-09-06 00:00:00-04:00,125.68369274982446,128.92823540563506,125.48525306120737,128.71986389160156,26278400,0.0,0.0,0.02545243650232054,124.05249938964843,108.59553757924883
2016-09-07 00:00:00-04:00,129.02745657322828,130.9523534794418,128.9381609781925,130.02960205078125,27990800,0.0,0.0,0.010175105221387204,124.34966773986817,108.75901664249481
2016-09-08 00:00:00-04:00,129.90060908526553,130.05936690266986,128.7992513294885,129.25567626953125,15676600,0.0,0.0,-0.005951919940105244,124.61707038879395,108.91584154159304
2016-09-09 00:00:00-04:00,128.70003732683477,128.9381589097769,126.1103515625,126.1103515625,27100700,0.0,0.0,-0.024334132146525134,124.72621383666993,109.05412141103594
2016-09-12 00:00:00-04:00,124.97922651241188,127.75742010298642,124.77086256086798,127.68797302246094,21252800,0.0,0.0,0.012509849036294707,124.91523132324218,109.19838611663334
2016-09-13 00:00:00-04:00,127.03310489340298,127.35062050983451,125.67377711800295,126.21949005126953,18016200,0.0,0.0,-0.011500558247040993,125.07944221496582,109.33579980759393
2016-09-14 00:00:00-04:00,125.9020011166126,127.79713299742532,125.9020011166126,126.775146484375,15691100,0.0,0.0,0.004402302947664971,125.30120239257812,109.47309545486692
2016-09-15 00:00:00-04:00,126.98350232016055,128.09478429889697,126.67591095060588,127.35062408447266,15077200,0.0,0.0,0.004539356617257573,125.4986530303955,109.61050923665364
2016-09-16 00:00:00-04:00,127.2017815657236,128.17414666273757,127.2017815657236,128.0650177001953,24119200,0.0,0.0,0.005609659323293048,125.75464401245117,109.74725356934563
2016-09-19 00:00:00-04:00,128.89847614452626,128.9282413421905,127.26131457310143,127.64827728271484,14958800,0.0,0.0,-0.003254131572886454,126.00716247558594,109.88210796174549
2016-09-20 00:00:00-04:00,127.64830627554998,128.1642617188833,127.03313853079459,127.63838958740234,11083800,0.0,0.0,-7.746046811585305e-05,126.22991561889648,110.01239516243102
2016-09-21 00:00:00-04:00,128.12454731951158,128.99768499441674,127.39030380336177,128.92823791503906,14068300,0.0,0.0,0.010105488887835579,126.5062469482422,110.15799858456566
2016-09-22 00:00:00-04:00,129.4838818485516,129.71208674978027,128.5511985913838,129.06715393066406,15538300,0.0,0.0,0.0010774677283384992,126.83367729187012,110.30017649938189
2016-09-23 00:00:00-04:00,126.56678181461574,127.59869257903856,126.30881169350008,126.96366882324219,28326300,0.0,0.0,-0.016297602010747703,127.03559341430665,110.43227480328272
2016-09-26 00:00:00-04:00,126.37824829042684,127.16209793868995,125.81268684421029,126.31871032714844,15064900,0.0,0.0,-0.005079866563966862,127.15217895507813,110.56827103145538
2016-09-27 00:00:00-04:00,126.61638049738731,128.00547350768,126.43778174320836,127.68797302246094,15637100,0.0,0.0,0.0108397456858631,127.25884246826172,110.72371785602873
2016-09-28 00:00:00-04:00,128.20393676870705,128.46190687614944,127.40023096710026,128.22377014160156,12047600,0.0,0.0,0.00419614397862178,127.42702255249023,110.89129172431097
2016-09-29 00:00:00-04:00,128.17415299072167,128.28329709863056,126.55685502440868,127.09264373779297,14532200,0.0,0.0,-0.008821503240463602,127.52475547790527,111.04165930975051
2016-09-30 00:00:00-04:00,127.03311113973648,127.58874835583497,126.45762541164058,127.27124786376953,18402900,0.0,0.0,0.0014053065600323489,127.62893829345703,111.18860144842239
2016-10-03 00:00:00-04:00,127.38039415186272,128.08485737006293,126.80490841390852,127.7673568725586,13156900,0.0,0.0,0.003898044665359812,127.74105873107911,111.33310245332264
2016-10-04 00:00:00-04:00,128.16421372862212,128.27335781730545,126.55683273162788,127.19184875488281,14307500,0.0,0.0,-0.00450434392448007,127.66465797424317,111.467681188432
2016-10-05 00:00:00-04:00,127.25139258570375,127.79711308677642,126.83466469578768,127.46968078613281,12386800,0.0,0.0,0.002184354060183802,127.53666191101074,111.60812662518214
2016-10-06 00:00:00-04:00,127.42998042408645,128.05507981256454,127.08271476158109,127.73757934570312,11682700,0.0,0.0,0.002101664944307746,127.46075706481933,111.75121007646833
2016-10-07 00:00:00-04:00,128.03522478426652,128.24359628314414,127.3307616699182,127.98562622070312,12804400,0.0,0.0,0.0019418473112653434,127.5545207977295,111.8950022440108
2016-10-10 00:00:00-04:00,128.670254031361,129.68231615553734,128.19399573644552,129.2259063720703,15138700,0.0,0.0,0.00969077690981024,127.63141746520996,112.04068441239615
2016-10-11 00:00:00-04:00,129.21595923703518,129.62277040364998,127.23153224669151,127.87648010253906,17537900,0.0,0.0,-0.010442381929564148,127.71426696777344,112.17699562557159
2016-10-12 00:00:00-04:00,128.00548424794448,128.65043223824892,127.45977882381399,128.04518127441406,11073000,0.0,0.0,0.001319250981413722,127.77776870727538,112.31452751159668
2016-10-13 00:00:00-04:00,127.21170780348639,127.25138968448795,125.76306933730096,126.82473754882812,17139300,0.0,0.0,-0.009531352241755942,127.75147438049316,112.44741321745373
2016-10-14 00:00:00-04:00,127.48952817292847,127.9459379407264,126.58661018274958,126.88426971435547,13345300,0.0,0.0,0.00046940499683212344,127.69243698120117,112.57309356568352
2016-10-17 00:00:00-04:00,127.20178547100018,127.46968739268037,126.32864019401913,126.54692840576172,11351700,0.0,0.0,-0.0026586535064840877,127.63736953735352,112.6912142132956
2016-10-18 00:00:00-04:00,127.67803001614146,128.38250828537173,127.01324876657384,127.56890106201172,13504000,0.0,0.0,0.008075839288434805,127.63389511108399,112.80972862243652
2016-10-19 00:00:00-04:00,127.73761101556477,129.4541366631787,127.59870168812748,129.09693908691406,16752300,0.0,0.0,0.011978138967894347,127.64233016967773,112.94009453909737
2016-10-20 00:00:00-04:00,129.05723993437937,129.64264236885265,128.49167087261492,128.98777770996094,13167500,0.0,0.0,-0.0008455768024029364,127.63836135864258,113.0695941864498
2016-10-21 00:00:00-04:00,128.76947888779267,131.1011868873239,128.69009998355565,131.04165649414062,19088800,0.0,0.0,0.01592304961480928,127.8422607421875,113.19716453552246
2016-10-24 00:00:00-04:00,131.6865960580597,132.37122589489525,131.12102701372473,132.2422332763672,17470200,0.0,0.0,0.009161794915804045,128.13843688964843,113.31957689921062
2016-10-25 00:00:00-04:00,132.46051861661175,132.46051861661175,131.1904863908867,131.2599334716797,13336800,0.0,0.0,-0.007428033997540218,128.31703491210936,113.43187032427106
2016-10-26 00:00:00-04:00,130.61498748977348,131.23015502890016,129.92044105205358,130.0196533203125,13084700,0.0,0.0,-0.009449038397042808,128.4068290710449,113.5395175691635
2016-10-27 00:00:00-04:00,130.7142320560537,130.7737624528186,128.26346312270582,128.68019104003906,16741400,0.0,0.0,-0.010301998552277203,128.48620643615723,113.63988080100408
2016-10-28 00:00:00-04:00,129.4838582133118,131.93462670257028,128.9182892665709,130.2677001953125,24545500,0.0,0.0,0.012336857308359761,128.6360290527344,113.74386626955062
2016-10-31 00:00:00-04:00,130.98210920637382,131.0912533057404,129.8609181564928,129.97006225585938,15669000,0.0,0.0,-0.002284817640956782,128.7461643218994,113.85812832060314
2016-11-01 00:00:00-04:00,130.38678493755995,130.91265690261247,127.64826587731068,128.4916534423828,22077800,0.0,0.0,-0.011374995039751257,128.8111545562744,113.96124758039203
2016-11-02 00:00:00-04:00,129.21598095340897,129.21598095340897,125.29674001679766,126.1798095703125,39640900,0.0,0.0,-0.017992171554605862,128.7466609954834,114.05806714012509
2016-11-03 00:00:00-04:00,121.05005518595378,122.320087340641,118.56952126820883,119.06562805175781,63766300,0.0,0.0,-0.05638129858319674,128.31306343078614,114.12130104549347
2016-11-04 00:00:00-04:00,118.65882771754903,120.98061161348596,118.32147870744977,119.80979919433594,30545500,0.0,0.0,0.006250092111004912,127.90427207946777,114.16850995260572
2016-11-07 00:00:00-05:00,121.87360389718934,122.25064235729438,120.40512437101032,121.19889831542969,23008900,0.0,0.0,0.011594202898550732,127.50292167663574,114.22776718745156
2016-11-08 00:00:00-05:00,121.07981935431302,123.63973215250029,120.5936368301575,123.25276947021484,19460800,0.0,0.0,0.016946285678602457,127.27173614501953,114.297576510717
2016-11-09 00:00:00-05:00,120.55395935411892,122.84597047993641,119.57166995305278,122.22087860107422,31916000,0.0,0.0,-0.008372151583904142,126.98052101135254,114.35769995432051
2016-11-10 00:00:00-05:00,122.96503917734265,123.21309259232397,114.37246524879457,119.85941314697266,67846700,0.0,0.0,-0.019321293392181582,126.63225479125977,114.40412139892578
2016-11-11 00:00:00-05:00,118.59929278453474,119.76018090310927,117.23004071416393,118.09326171875,32840100,0.0,0.0,-0.014735191687089144,126.1927043914795,114.44743229094006
2016-11-14 00:00:00-05:00,118.20241320130378,118.20241320130378,112.6658666094118,114.18395233154297,51377000,0.0,0.0,-0.03310357703996192,125.57455558776856,114.4912551092723
2016-11-15 00:00:00-05:00,115.8211033795011,117.56739396342483,114.92810957522791,116.28743743896484,34681400,0.0,0.0,0.018421897862794356,125.0104824066162,114.54307068718805
2016-11-16 00:00:00-05:00,113.58861745654683,116.9621376761282,113.32071554252805,115.43412780761719,32397900,0.0,0.0,-0.007337934777310151,124.32734184265136,114.58720842997234
2016-11-17 00:00:00-05:00,115.90048335414879,116.87285614013672,115.10671691231234,116.87285614013672,18597800,0.0,0.0,0.012463630642380874,123.72159576416016,114.6266607859778
2016-11-18 00:00:00-05:00,117.46817640261798,118.20241240267696,115.93024217804526,116.10884094238281,22879300,0.0,0.0,-0.006537148342107835,122.97495498657227,114.66902675325909
2016-11-21 00:00:00-05:00,117.27965118630657,121.00045239868926,116.88277177964397,120.82185363769531,35415400,0.0,0.0,0.04059133358889744,122.40393600463867,114.72592157030863
2016-11-22 00:00:00-05:00,121.44694411597867,122.02242981111871,119.9586237409544,120.52418518066406,26089200,0.0,0.0,-0.0024636971546874165,121.8671485900879,114.78309198409792
2016-11-23 00:00:00-05:00,120.28606391515999,120.36543525383269,119.0061074004441,119.89909362792969,15672100,0.0,0.0,-0.005186440811007165,121.36112060546876,114.84254612998357
2016-11-25 00:00:00-05:00,120.0677798235752,120.19676487708743,119.13509653974772,119.44268035888672,8658600,0.0,0.0,-0.003806644864716935,120.89924507141113,114.90148837982662
2016-11-28 00:00:00-05:00,119.18469977595771,120.74247481756122,118.88703266941376,119.47244262695312,18101300,0.0,0.0,0.00024917615693964557,120.35948219299317,114.96039124140664
2016-11-29 00:00:00-05:00,119.63119641002787,121.14928204440169,119.46252191065061,119.92886352539062,18891000,0.0,0.0,0.0038203027275725,119.85742225646973,115.02586946033296
2016-11-30 00:00:00-05:00,119.38313978389026,120.84169498384709,117.03159083192016,117.49793243408203,30188900,0.0,0.0,-0.020269775097084386,119.30773620605468,115.07036151583233
2016-12-01 00:00:00-05:00,117.45824829408367,117.527702946271,113.11235526438504,114.20378875732422,43277000,0.0,0.0,-0.0280357586598885,118.70893516540528,115.10591585673983
2016-12-02 00:00:00-05:00,114.21371434622446,115.57304977774207,113.41002370867923,114.50145721435547,25070400,0.0,0.0,0.0026064674409689292,118.48072662353516,115.14930552528018
2016-12-05 00:00:00-05:00,115.04716837220249,116.65455719199392,114.17402309539628,116.5156478881836,20201500,0.0,0.0,0.01759096104827207,118.31601905822754,115.19360076056586
2016-12-06 00:00:00-05:00,116.7736142894447,116.88275838476572,115.42420326546524,116.39656829833984,19131200,0.0,0.0,-0.0010220051298004407,118.07590255737304,115.23966777135455
2016-12-07 00:00:00-05:00,116.08899341278253,117.0315933227539,115.66234125385051,117.0315933227539,21913700,0.0,0.0,0.005455702291724096,117.76484375,115.28478988768562
2016-12-08 00:00:00-05:00,117.06137184561776,118.56953328972091,116.72401526220642,117.984130859375,22442800,0.0,0.0,0.008139148665558649,117.55300636291504,115.34113354153104
2016-12-09 00:00:00-05:00,118.2917134244195,119.0061084688129,118.02381149777725,118.74813079833984,17464700,0.0,0.0,0.006475446599470747,117.4974422454834,115.39728025406126
2016-12-12 00:00:00-05:00,118.29171114338497,118.31155208535132,116.73393603439514,116.85299682617188,17805500,0.0,0.0,-0.015959274132797296,117.4354290008545,115.45889987642803
2016-12-13 00:00:00-05:00,116.94228697747471,120.57378455237432,116.69423359555574,119.37320709228516,29768000,0.0,0.0,0.02156735671796506,117.6948917388916,115.52051940796868
2016-12-14 00:00:00-05:00,119.06563811688947,120.74248160943228,117.92459090427141,119.27400207519531,25913100,0.0,0.0,-0.0008310492740062347,117.84421997070312,115.5821783883231
2016-12-15 00:00:00-05:00,119.14500491898744,121.54615989355675,118.69850427942609,119.63118743896484,20139600,0.0,0.0,0.0029946623535306305,118.0540729522705,115.63643513028583
2016-12-16 00:00:00-05:00,119.95863198711135,120.55395866404703,118.34131889028194,118.93665313720703,25324300,0.0,0.0,-0.005805629089088216,118.15726280212402,115.69018000648136
2016-12-19 00:00:00-05:00,118.91680488947257,119.42283597248864,117.58724222702537,118.31155395507812,15918100,0.0,0.0,-0.005255732069472163,118.26739845275878,115.75002779279437
2016-12-20 00:00:00-05:00,118.56953095590569,118.83742531011535,117.87498443018485,118.1627197265625,13684400,0.0,0.0,-0.0012579855774029758,118.13444175720215,115.80641080462743
2016-12-21 00:00:00-05:00,117.9940526622319,118.2718712900356,117.55748377710742,118.11312103271484,10767600,0.0,0.0,-0.0004197490880578636,118.01388854980469,115.85968329414489
2016-12-22 00:00:00-05:00,117.93450893629347,118.06349397891663,116.01953638817807,116.48587799072266,16258600,0.0,0.0,-0.013776987922802242,117.84322776794434,115.90996336558509
2016-12-23 00:00:00-05:00,116.08898585910842,116.64462302714881,115.39443939905794,116.35688018798828,10890000,0.0,0.0,-0.0011074115159663833,117.68893775939941,115.95819594368102
2016-12-27 00:00:00-05:00,116.04929821202612,117.75590676323056,115.95007836904676,117.09112548828125,12051500,0.0,0.0,0.0063102869302331666,117.56987190246582,116.00575919378372
2016-12-28 00:00:00-05:00,117.26973626862821,117.32926666652746,115.7417263059677,116.0096206665039,12087400,0.0,0.0,-0.009236437153263055,117.37390975952148,116.04379405672589
2016-12-29 00:00:00-05:00,116.08899401956442,116.61486602913854,115.15631079051498,115.44405364990234,9934900,0.0,0.0,-0.004875173398139254,117.2712158203125,116.08367941114638
2016-12-30 00:00:00-05:00,115.69210130357968,115.92031375657066,113.87634864496275,114.1541748046875,18684100,0.0,0.0,-0.011173194326028701,117.26873512268067,116.12458849710131
2017-01-03 00:00:00-05:00,115.12654177410039,116.92244595175039,114.61059403747888,115.95008087158203,20663900,0.0,0.0,0.01573228548116834,117.34116630554199,116.18223132784405
2017-01-04 00:00:00-05:00,116.63472324218203,118.72829475081765,116.3767455610733,117.7658462524414,19630900,0.0,0.0,0.01565988886950742,117.40367622375489,116.24507150195893
2017-01-05 00:00:00-05:00,117.93451863485706,120.00824159289209,117.39872233914718,119.73042297363281,19492200,0.0,0.0,0.0166820583701337,117.57036895751953,116.31476269071064
2017-01-06 00:00:00-05:00,120.03800212107151,122.9154154442489,119.09539467900576,122.44908142089844,28545300,0.0,0.0,0.022706496642581175,117.84124336242675,116.41512586200048
2017-01-09 00:00:00-05:00,122.58799573248649,124.4533546121827,122.08196466688152,123.92748260498047,22880400,0.0,0.0,0.01207359962954957,118.13841094970704,116.52367873418899
2017-01-10 00:00:00-05:00,123.84810124674368,124.52280679752985,123.31230499435563,123.38175964355469,17324600,0.0,0.0,-0.004403566908280365,118.37009239196777,116.62935735308935
2017-01-11 00:00:00-05:00,123.38176570287588,125.13798810028358,123.09402283635175,125.10821533203125,18356500,0.0,0.0,0.013992795154358584,118.78285331726075,116.73456346421014
2017-01-12 00:00:00-05:00,124.63195633896369,125.74323834464204,123.82826571029726,125.63409423828125,18653900,0.0,0.0,0.00420339227807176,119.09589767456055,116.8573302314395
2017-01-13 00:00:00-05:00,126.49731814020898,128.26346482422142,126.37825734509971,127.3406982421875,24884300,0.0,0.0,0.0135839241270721,119.49923248291016,116.97533280508858
2017-01-17 00:00:00-05:00,127.04302606055795,127.34069317646869,126.40801751526084,126.87435913085938,15294500,0.0,0.0,-0.0036621372252977347,119.86139106750488,117.10487184070405
2017-01-18 00:00:00-05:00,127.41015558212624,127.42998895389817,125.85237291925715,126.92396545410156,13145900,0.0,0.0,0.00039098777390500494,120.26075668334961,117.2334658607604
2017-01-19 00:00:00-05:00,127.23153692358716,127.35061284256885,126.45761158010257,126.55683898925781,12195500,0.0,0.0,-0.002892491292170618,120.67302093505859,117.36418605986096
2017-01-20 00:00:00-05:00,127.10256329041235,127.4795941486163,125.79283412197856,126.05081176757812,19097200,0.0,0.0,-0.00399841862139616,121.06742553710937,117.49364622812422
2017-01-23 00:00:00-05:00,126.31869777735392,128.24359438235572,125.96150031312702,127.92607879638672,16593600,0.0,0.0,0.014877072210104814,121.55807342529297,117.61566476973276
2017-01-24 00:00:00-05:00,128.37261798417197,128.8885582260086,127.38040424835978,128.36268615722656,15162700,0.0,0.0,0.003412966026534514,122.15191383361817,117.74307759602864
2017-01-25 00:00:00-05:00,128.98776592775425,130.71422301441004,128.7595610426143,130.45623779296875,18731300,0.0,0.0,0.016309658970348195,122.85688171386718,117.87749889918736
2017-01-26 00:00:00-05:00,130.60508465177713,132.10332177912966,130.41656164012792,131.74612426757812,20020100,0.0,0.0,0.009887503245773477,123.58963165283203,118.02841770838178
2017-01-27 00:00:00-05:00,131.6468788406863,131.91478072269794,130.05934633760097,131.15077209472656,19539500,0.0,0.0,-0.004518935005954239,124.34668922424316,118.11925237140959
2017-01-30 00:00:00-05:00,130.5554783091399,130.5554783091399,128.59089945474207,129.96014404296875,18956100,0.0,0.0,-0.009078315230182987,125.07249374389649,118.19315652998667
2017-01-31 00:00:00-05:00,129.15644146996812,129.64263158050088,128.51150869107875,129.30528259277344,19790500,0.0,0.0,-0.005038940630742839,125.83004913330078,118.2531224810888
2017-02-01 00:00:00-05:00,131.22024662020044,132.4505969160295,129.6624640245142,132.19261169433594,50139800,0.0,0.0,0.022329552541605624,126.64217567443848,118.32643602764796
2017-02-02 00:00:00-05:00,132.18270131720746,134.43503050190992,129.38465160669884,129.82122802734375,54366400,0.0,0.0,-0.017938851775433973,127.2449447631836,118.39789899190266
2017-02-03 00:00:00-05:00,130.2181292902999,131.81559392654714,129.7418558213713,129.96014404296875,24804900,0.0,0.0,0.0010700562437735428,127.7564308166504,118.47857544914125
2017-02-06 00:00:00-05:00,129.96013053869066,131.03172302246094,129.28543257111926,131.03172302246094,17058500,0.0,0.0,0.008245443150154408,128.18556289672853,118.58878196231903
2017-02-07 00:00:00-05:00,131.2103405951669,131.96441753066398,130.63485485229586,130.81344604492188,14596400,0.0,0.0,-0.0016658330708331226,128.52986106872558,118.71513175964355
2017-02-08 00:00:00-05:00,131.5675271655939,133.393196524772,131.40876935871464,133.15505981445312,22390600,0.0,0.0,0.017900405809408326,129.0185260772705,118.85160043504503
2017-02-09 00:00:00-05:00,133.44280080504925,133.452717489787,132.27198098699782,133.09552001953125,16470600,0.0,0.0,-0.0004471463195228065,129.41789131164552,118.98208433484274
2017-02-10 00:00:00-05:00,133.055846013709,133.88930178029693,132.6391029904374,133.1451416015625,15061900,0.0,0.0,0.0003728268391300915,129.79344367980957,119.10918214586046
2017-02-13 00:00:00-05:00,133.65117365170323,133.65117365170323,132.6589600163677,133.00624084472656,13526200,0.0,0.0,-0.0010432281280799982,130.07672080993652,119.23533503214519
2017-02-14 00:00:00-05:00,133.05585370021,133.1848311767901,131.51791954731843,132.80780029296875,14364900,0.0,0.0,-0.0014919642153443657,130.373392868042,119.36227538093688
2017-02-15 00:00:00-05:00,132.41091766335157,132.658971092897,131.62707548757916,132.4010009765625,13226500,0.0,0.0,-0.003063067948636089,130.64724464416503,119.47346635848757
2017-02-16 00:00:00-05:00,132.03387323723885,132.82763201859083,131.98425952840978,132.79786682128906,12831100,0.0,0.0,0.0029974535071439767,130.9592960357666,119.59304379659986
2017-02-17 00:00:00-05:00,132.46051495471045,133.0459173422639,132.13308265150818,132.4902801513672,12276500,0.0,0.0,-0.002316201888512337,131.28126945495606,119.70706957862491
2017-02-21 00:00:00-05:00,132.46051428919625,132.86732549476525,131.86518007909638,132.67880249023438,14759100,0.0,0.0,0.001422914485891269,131.51890563964844,119.81164571974013
2017-02-22 00:00:00-05:00,132.55973711029574,135.72488563570303,132.42082781808344,135.0601043701172,27360100,0.0,0.0,0.01794786985704122,131.85377655029296,119.93236499362521
2017-02-23 00:00:00-05:00,134.83190225759947,135.0601071409205,133.28405150119988,134.3060302734375,18422500,0.0,0.0,-0.005583248289318887,132.0462661743164,120.04450083535815
2017-02-24 00:00:00-05:00,133.11538946779692,134.56401294616128,133.11538946779692,134.3854217529297,12625700,0.0,0.0,0.0005911237144791137,132.178231048584,120.1522663358658
2017-02-27 00:00:00-05:00,134.20681507265033,136.11186349542285,133.96869348229066,135.34786987304688,14306700,0.0,0.0,0.007161849161634981,132.3880859375,120.26444165668791
2017-02-28 00:00:00-05:00,135.72488608951662,135.74473459989255,133.70077709051557,134.484619140625,16112100,0.0,0.0,-0.006378014912473917,132.61430969238282,120.3771287524511
2017-03-01 00:00:00-05:00,135.4074061077574,136.40953650367177,135.2387315939884,136.35000610351562,16257000,0.0,0.0,0.01387063423914725,132.96654586791993,120.48579984997946
2017-03-02 00:00:00-05:00,136.02254641073932,136.74687317360116,135.24862108437395,135.6951141357422,12294800,0.0,0.0,-0.004803021184144662,133.14167098999025,120.59136027381534
2017-03-03 00:00:00-05:00,135.56615526261615,136.26070178664028,135.02043472946193,136.10194396972656,11160600,0.0,0.0,0.002998117040363013,133.45570678710936,120.69999192252992
2017-03-06 00:00:00-05:00,135.81421736213062,136.75681735788885,135.4470879945349,136.35000610351562,12748200,0.0,0.0,0.0018226200637092571,133.77519989013672,120.81429342239622
2017-03-07 00:00:00-05:00,135.96302460993968,137.29258716331378,135.92334272863522,136.23092651367188,13527100,0.0,0.0,-0.0008733376201930376,134.03516006469727,120.93859563555036
2017-03-08 00:00:00-05:00,136.0821054736562,136.9155765038098,135.98289318576687,136.64767456054688,10184500,0.0,0.0,0.0030591295056132672,134.3268714904785,121.06376423911443
2017-03-09 00:00:00-05:00,136.64767986093693,137.49106761059946,136.3301641914234,137.16363525390625,15535300,0.0,0.0,0.0037758468632465014,134.52730026245118,121.18475926111616
2017-03-10 00:00:00-05:00,137.8284112685531,138.40389704207283,137.14378138040064,137.70933532714844,16314100,0.0,0.0,0.00397846026923987,134.75799102783202,121.30866789439368
2017-03-13 00:00:00-04:00,137.6299766282297,138.5924100418718,137.59027959963763,138.51304626464844,10955500,0.0,0.0,0.005836285068043345,135.02638626098633,121.42753673735119
2017-03-14 00:00:00-04:00,138.37409299180908,138.37409299180908,137.44140993589508,138.2351837158203,12944000,0.0,0.0,-0.002006038826820933,135.287833404541,121.54341304112994
2017-03-15 00:00:00-04:00,138.20542037372508,139.00912607643505,137.411661636197,138.632080078125,19344800,0.0,0.0,0.0028711674671813014,135.57904739379882,121.65779316614545
2017-03-16 00:00:00-04:00,139.10838084732603,139.15799456857326,138.64203911956966,138.9000244140625,13612900,0.0,0.0,0.001932772961254825,135.90399856567382,121.76729120526996
2017-03-17 00:00:00-04:00,139.24725120281087,139.24725120281087,138.61223511256208,138.7511444091797,20592800,0.0,0.0,-0.001071850098737226,136.20166244506837,121.88076579381548
2017-03-20 00:00:00-04:00,138.6221674277703,139.0984257121451,138.16574251442682,138.85037231445312,12099500,0.0,0.0,0.0007151501754882883,136.51966705322266,121.99294105408684
2017-03-21 00:00:00-04:00,140.05094665167545,141.20191808648096,137.32235919190865,137.43150329589844,29894800,0.0,0.0,-0.010218690774133399,136.75730209350587,122.09791095673091
2017-03-22 00:00:00-04:00,136.8560041908404,138.70152195232967,136.52858705087826,138.50308227539062,17055400,0.0,0.0,0.007797185898381853,136.92945098876953,122.20555823189872
2017-03-23 00:00:00-04:00,138.39397453957292,139.29689271782476,138.00701176889083,138.44358825683594,13022800,0.0,0.0,-0.00042955014124812507,137.13632888793944,122.31182752336774
2017-03-24 00:00:00-04:00,138.98928333156874,139.92196654082906,138.67176771140433,139.24725341796875,16664700,0.0,0.0,0.005805000948414296,137.3794204711914,122.41927788749574
2017-03-27 00:00:00-04:00,137.96730150477003,139.55483415082898,137.6894829132103,139.2274169921875,12800500,0.0,0.0,-0.00014245470050100462,137.57339782714843,122.52412965562608
2017-03-28 00:00:00-04:00,139.26712625154946,140.84474252232187,138.91984537384099,140.65621948242188,14679400,0.0,0.0,0.010262364418601289,137.8819778442383,122.62500478350927
2017-03-29 00:00:00-04:00,140.88441140907503,141.74763237725531,140.32875908774096,141.5392608642578,16527600,0.0,0.0,0.006278011630664437,138.14144058227538,122.73505380418565
2017-03-30 00:00:00-04:00,141.29120037727998,141.83692084585329,140.74549504868358,141.30113220214844,12404000,0.0,0.0,-0.0016824212635796476,138.4217414855957,122.84652031792535
2017-03-31 00:00:00-04:00,141.20192457087862,141.51944021160415,140.78519664741066,140.94395446777344,11478300,0.0,0.0,-0.002527776874880372,138.66384201049806,122.94885223630875
2017-04-03 00:00:00-04:00,140.82486884255286,141.36067266441452,139.72352628201304,141.17214965820312,13564000,0.0,0.0,0.0016190491553282893,138.90494918823242,123.06590976412335
2017-04-04 00:00:00-04:00,140.75542694358546,140.98363184056612,140.17002453221056,140.62643432617188,12948600,0.0,0.0,-0.003865601914772143,139.1247245788574,123.18210111345563
2017-04-05 00:00:00-04:00,141.15231001077797,142.32313000393944,140.18986154808707,140.74551391601562,17158100,0.0,0.0,0.0008467795575870518,139.32961654663086,123.2928982992021
2017-04-06 00:00:00-04:00,141.0034533246997,141.11259740928756,139.81280021827138,140.07077026367188,15103400,0.0,0.0,-0.004794068624783154,139.47497329711913,123.40129358806307
2017-04-07 00:00:00-04:00,140.1005658111678,140.44784664827628,139.14804917563535,139.683837890625,11818300,0.0,0.0,-0.0027624062630519086,139.57369842529297,123.52000484769306
2017-04-10 00:00:00-04:00,139.90210584065233,140.32875038560164,139.53499168430275,139.94178771972656,9039400,0.0,0.0,0.0018466691135987645,139.64513549804687,123.64619700113933
2017-04-11 00:00:00-04:00,139.70368876934867,139.93189367589676,137.729178101447,138.83053588867188,16638100,0.0,0.0,-0.007940814885688652,139.67490310668944,123.76160088796465
2017-04-12 00:00:00-04:00,138.63210389700978,139.30680196782646,138.35428526314644,138.49319458007812,11612500,0.0,0.0,-0.00242987831484176,139.6679588317871,123.87605985005696
2017-04-13 00:00:00-04:00,138.53286187763672,139.4853936219771,138.24512658714656,138.30465698242188,10965600,0.0,0.0,-0.0013613491856253601,139.63819046020507,123.9884713490804
2017-04-17 00:00:00-04:00,138.67178450096836,140.44785554384578,138.66186781412935,140.31886291503906,11519700,0.0,0.0,0.014563543821038305,139.71657638549806,124.11360053410606
2017-04-18 00:00:00-04:00,140.17002582405777,140.805041951058,139.5151611849698,139.86244201660156,14807500,0.0,0.0,-0.003252740857185077,139.76717987060547,124.23372925652399
2017-04-19 00:00:00-04:00,140.2493967608824,141.9262250075123,140.1700178570218,141.1622314453125,15563900,0.0,0.0,0.009293341442991876,139.95371627807617,124.35177115788535
2017-04-20 00:00:00-04:00,141.8369406960421,143.12682149137788,141.57897059296656,142.68032836914062,15968200,0.0,0.0,0.010754271225984713,140.16257858276367,124.47532544817243
2017-04-21 00:00:00-04:00,142.7795217095268,143.0474236033186,141.16222394176611,142.5612335205078,12382000,0.0,0.0,-0.0008346970461456937,140.36846084594725,124.5943910205175
2017-04-24 00:00:00-04:00,143.8312873152668,144.53575047915373,143.21610460006758,144.33731079101562,14407200,0.0,0.0,0.012458346681268884,140.62296371459962,124.73184413001651
2017-04-25 00:00:00-04:00,144.65481883834596,146.0042299843108,144.65481883834596,145.34938049316406,17767500,0.0,0.0,0.007011837040623581,140.92906188964844,124.87512455289325
2017-04-26 00:00:00-04:00,145.94467992664266,146.44078667611657,144.95246642769484,145.41880798339844,12395000,0.0,0.0,0.00047765934742072247,141.16719131469728,125.02395651075575
2017-04-27 00:00:00-04:00,145.52796324543056,146.5995557233529,145.0020912618174,146.54994201660156,11275100,0.0,0.0,0.007778457607301004,141.41772537231446,125.17676526024228
2017-04-28 00:00:00-04:00,148.33594836649203,150.35014096923334,147.90930374205954,149.08010864257812,30652200,0.0,0.0,0.017264876336081647,141.80667419433593,125.30874549018012
2017-05-01 00:00:00-04:00,150.55849319897402,151.3820322823545,150.2409775880419,151.27288818359375,25218300,0.0,0.0,0.014708733183665945,142.32312088012696,125.44608040461465
2017-05-02 00:00:00-04:00,152.14604557644944,152.2452730027361,150.47913382268703,151.5904083251953,21870400,0.0,0.0,0.0020989890879601347,142.84403381347656,125.58077736506387
2017-05-03 00:00:00-04:00,152.40399879248545,152.40399879248545,150.16158660560578,150.61801147460938,29782500,0.0,0.0,-0.0064146330980251465,143.34361267089844,125.71610420469254
2017-05-04 00:00:00-04:00,149.00070197496873,150.34019627840487,147.561995403856,149.6754150390625,36225500,0.0,0.0,-0.006258192007174257,143.79010772705078,125.8452100905161
2017-05-05 00:00:00-04:00,150.27074513607988,150.44935145501913,148.62366694353923,149.07017517089844,17148500,0.0,0.0,-0.004043682578104835,144.2400779724121,125.97289857410249
2017-05-08 00:00:00-04:00,149.53652337474267,149.9036375743651,148.57407493899555,149.8837890625,15827500,0.0,0.0,0.005457925374199091,144.75007553100585,126.09720090835813
2017-05-09 00:00:00-04:00,150.310449295806,151.40187521234662,149.04041705184466,149.3083038330078,17453900,0.0,0.0,-0.003839542842436483,145.21840133666993,126.2202038840642
2017-05-10 00:00:00-04:00,149.0602663507549,149.34801681457338,147.7009383678295,149.1197967529297,12080700,0.0,0.0,-0.0012625358083832028,145.7328643798828,126.33749777173239
2017-05-11 00:00:00-04:00,149.13963655325483,149.47698557252204,148.24665029284657,148.87173461914062,11841900,0.0,0.0,-0.001663509065802038,146.25179138183594,126.45766585213798
2017-05-12 00:00:00-04:00,149.22893194833978,149.28847748693477,148.46493831279952,149.15948486328125,9598200,0.0,0.0,0.0019328735899852845,146.7945327758789,126.57598344106523
2017-05-15 00:00:00-04:00,149.0007203356844,150.30051778023696,148.60384093611884,149.02056884765625,15064700,0.0,0.0,-0.0009313253914247088,147.22961807250977,126.69560035826667
2017-05-16 00:00:00-04:00,148.9411865827128,149.04041400035698,147.86959406006446,148.61375427246094,14550800,0.0,0.0,-0.0027299223076460155,147.66718368530275,126.81809146820552
2017-05-17 00:00:00-04:00,146.84763523015647,147.51241662690074,143.29550818279154,143.72216796875,28300100,0.0,0.0,-0.032914761676385296,147.7951805114746,126.92636883448041
2017-05-18 00:00:00-04:00,143.59315865201236,146.99644415722446,143.38478712680535,146.51026916503906,23031600,0.0,0.0,0.019399242550357965,147.98667755126954,127.0445289006309
2017-05-19 00:00:00-04:00,147.29412828457313,148.22681163276192,146.8079532362477,146.90716552734375,16187900,0.0,0.0,0.002709000294427222,148.20397415161133,127.16757135542612
2017-05-22 00:00:00-04:00,146.92699657966912,147.43302008206632,146.54003386842925,147.08575439453125,12586700,0.0,0.0,0.0012156579738396012,148.3413963317871,127.28919628688267
2017-05-23 00:00:00-04:00,147.36356155358095,147.65129682318653,146.1034460984617,146.9170684814453,12817800,0.0,0.0,-0.0011468541857116987,148.41978073120117,127.4155853816441
2017-05-24 00:00:00-04:00,147.35364889245895,149.0602576416662,147.26435329441398,148.87173461914062,17862400,0.0,0.0,0.013304554453059891,148.5924270629883,127.54291943141392
2017-05-25 00:00:00-04:00,149.12971612441623,151.40187874420144,148.78243528742834,150.77679443359375,19891400,0.0,0.0,0.012796652227683447,148.80376968383788,127.67706516810826
2017-05-26 00:00:00-04:00,151.0446926361892,151.06454115008316,149.97309998561764,150.9454803466797,14996200,0.0,0.0,0.0011187790118474261,148.89703826904298,127.80565927899073
2017-05-30 00:00:00-04:00,150.78671597439174,151.70946744070014,150.45928363925603,151.1935272216797,13226000,0.0,0.0,0.001643287857511888,148.89307022094727,127.93559207613507
2017-05-31 00:00:00-04:00,151.51102065576754,152.1559686093975,149.9135560807456,150.2806854248047,18023900,0.0,0.0,-0.0060375719361093205,148.82758407592775,128.0641467987545
2017-06-01 00:00:00-04:00,150.56841638076787,151.10420507236105,149.12970966410379,150.35012817382812,14530600,0.0,0.0,0.0004620869862759225,148.81418991088867,128.19309519207667
2017-06-02 00:00:00-04:00,150.66766492803777,152.43380420279416,150.12194433415678,152.41395568847656,16854400,0.0,0.0,0.013726809146862307,148.95111694335938,128.32964273483034
2017-06-05 00:00:00-04:00,152.44370880064,153.50538470272116,152.21550389401645,152.4337921142578,12520400,0.0,0.0,0.00013014835611113718,149.11929779052736,128.4680802481515
2017-06-06 00:00:00-04:00,152.21551251886183,153.3168703688561,151.29274587374118,151.62017822265625,13457100,0.0,0.0,-0.0053374903314857836,149.20611724853515,128.60202916463217
2017-06-07 00:00:00-04:00,152.07657549192112,152.55283375811868,151.15380901493748,151.927734375,12066700,0.0,0.0,0.002028464521998563,149.33708877563475,128.74125395880804
2017-06-08 00:00:00-04:00,152.88025649091685,153.52518920399547,151.9078915090521,153.50535583496094,17799400,0.0,0.0,0.01038402544769701,149.55636672973634,128.88425869411893
2017-06-09 00:00:00-04:00,153.5648922798733,154.37849950169897,145.46842624134283,148.43515014648438,35577700,0.0,0.0,-0.0330295035042798,149.5345375061035,129.00647417704263
2017-06-12 00:00:00-04:00,147.0162777936205,148.03825652437234,143.4343863235171,147.2841796875,33170200,0.0,0.0,-0.0077540290008702994,149.44077224731444,129.13176076374356
2017-06-13 00:00:00-04:00,148.98087236543873,150.0028512060158,147.74060531231325,149.50674438476562,20483400,0.0,0.0,0.01509031521227433,149.46508102416993,129.2763798123314
2017-06-14 00:00:00-04:00,150.08223903064805,151.21336204469972,147.8894552288363,149.08010864257812,20808800,0.0,0.0,-0.002853622048578086,149.48839874267577,129.41540787711975
2017-06-15 00:00:00-04:00,146.52020110573918,148.8717428237302,145.23032021630007,148.6336212158203,18994200,0.0,0.0,-0.0029949497006892534,149.7339714050293,129.55400285266694
2017-06-16 00:00:00-04:00,148.4252289651916,149.65557928103254,147.4429471896208,149.46705627441406,22882400,0.0,0.0,0.005607311803186077,149.88181076049804,129.6967319609627
2017-06-19 00:00:00-04:00,150.5287312355979,152.3742491288356,150.5287312355979,151.6796875,19026500,0.0,0.0,0.01480347095030532,150.12043685913085,129.85363560631163
2017-06-20 00:00:00-04:00,151.68964419016012,152.64216091959128,151.02486278899994,151.06454467773438,14743900,0.0,0.0,-0.004055538565542083,150.31937637329102,130.0067200736394
2017-06-21 00:00:00-04:00,151.17367467723804,152.88028339305185,150.69741635700458,152.71160888671875,15039800,0.0,0.0,0.010903049504422446,150.60910339355468,130.16236377897718
2017-06-22 00:00:00-04:00,151.81860369202988,153.34662117688373,151.71939141196086,152.20556640625,13005500,0.0,0.0,-0.003313713241303917,150.77579498291016,130.31784990098743
2017-06-23 00:00:00-04:00,151.53084113630436,153.99152628300857,151.46137892677203,153.862548828125,18027000,0.0,0.0,0.010886477157165064,150.93008270263672,130.47530464898972
2017-06-26 00:00:00-04:00,155.03339617396708,155.28144960784542,152.00714125265523,152.39410400390625,18049700,0.0,0.0,-0.00954387429171677,151.00251388549805,130.63874435424805
2017-06-27 00:00:00-04:00,151.6499291144433,152.11627073647367,149.2190087242717,149.40753173828125,19360800,0.0,0.0,-0.019597689065112722,150.91321411132813,130.8025777302091
2017-06-28 00:00:00-04:00,149.744886227169,152.2750341300132,148.6931421525699,152.0468292236328,16719100,0.0,0.0,0.017665089936529155,151.00152130126952,130.96219819689554
2017-06-29 00:00:00-04:00,151.09428770788358,151.31257591384278,147.76044936411716,149.8639373779297,23973500,0.0,0.0,-0.01435670744894324,150.97721176147462,131.10740782722596
2017-06-30 00:00:00-04:00,150.71724758424244,150.73709609646355,148.8915780993513,149.80441284179688,17666000,0.0,0.0,-0.00039719052611508765,150.84673461914062,131.25190877157544
2017-07-03 00:00:00-04:00,150.5386527877377,150.96529738040775,146.6491771844189,147.27426147460938,13862700,0.0,0.0,-0.016889698502136286,150.5887580871582,131.38672380598766
2017-07-05 00:00:00-04:00,147.83982523743282,149.67542643898943,146.9766042570139,149.1693878173828,14334300,0.0,0.0,0.012868007782202762,150.46621856689453,131.52901982504224
2017-07-06 00:00:00-04:00,147.86961128817103,148.87174170722975,146.8476323552753,147.6612548828125,14951800,0.0,0.0,-0.010110203954289965,150.25289459228514,131.6554877871559
2017-07-07 00:00:00-04:00,148.08788347984216,150.8065542617906,148.02835308475937,150.26083374023438,13615900,0.0,0.0,0.01760501669503589,150.09066848754884,131.7956182691786
2017-07-10 00:00:00-04:00,150.5088900387809,152.78105262131658,150.3302837101218,152.30479431152344,13378700,0.0,0.0,0.013602750100685457,150.28415069580078,131.93838679601276
2017-07-11 00:00:00-04:00,152.17580485127408,154.20984589111666,151.7193950440772,154.06101989746094,13667700,0.0,0.0,0.011530993452151694,150.62299270629882,132.0856439196874
2017-07-12 00:00:00-04:00,155.2715267430781,157.92073549469688,154.9837762928391,157.66275024414062,22739400,0.0,0.0,0.02337859602043979,151.0307929992676,132.24695738535078
2017-07-13 00:00:00-04:00,157.50397261304698,158.53586796638226,157.18645703357387,158.01991271972656,13929200,0.0,0.0,0.0022653573848792075,151.477783203125,132.41421614752875
2017-07-14 00:00:00-04:00,158.88318409459555,159.071707119362,158.0894101092535,158.72442626953125,16371200,0.0,0.0,0.004458384628108547,151.98232345581056,132.58226252359057
2017-07-17 00:00:00-04:00,159.00223768671668,159.52810971092532,157.573447605856,158.4862823486328,12858800,0.0,0.0,-0.0015003608864463391,152.43328475952148,132.75105697389634
2017-07-18 00:00:00-04:00,158.41683822845334,162.45513999365164,158.17870149719673,161.5919189453125,23722900,0.0,0.0,0.01959561768158591,152.92889633178712,132.9222925882491
2017-07-19 00:00:00-04:00,162.31621797266106,164.4097892585536,161.89949008058483,162.8619384765625,26273600,0.0,0.0,0.007859424775318313,153.5187660217285,133.0936856345525
2017-07-20 00:00:00-04:00,163.51678799286196,163.71522766506675,161.54227767547962,163.24888610839844,18523100,0.0,0.0,0.0023759242672383163,154.0456298828125,133.26145632304844
2017-07-21 00:00:00-04:00,162.88178669319223,163.76485618337188,162.47497548738482,163.14967346191406,14744000,0.0,0.0,-0.0006077385815576042,154.59283523559571,133.43399117484924
2017-07-24 00:00:00-04:00,163.3580322533759,164.8761177177987,163.03059997713103,164.7074432373047,17367000,0.0,0.0,0.009548102318171603,155.13507995605468,133.61117205544124
2017-07-25 00:00:00-04:00,163.72518581623982,164.25105789375914,162.58414605708967,163.9930877685547,15383200,0.0,0.0,-0.004337117101142707,155.71502914428712,133.7830377306257
2017-07-26 00:00:00-04:00,164.71739028682083,164.71739028682083,162.822273633106,164.3205108642578,35236900,0.0,0.0,0.0019965664416614626,156.46067810058594,133.95781695653523
2017-07-27 00:00:00-04:00,173.3397089099924,174.1235661143731,166.19577418210062,169.11288452148438,68910700,0.0,0.0,0.02916479283091733,157.31398086547853,134.14326637510268
2017-07-28 00:00:00-04:00,167.75355201003845,172.07958854964633,167.73370349986322,171.1072235107422,24557600,0.0,0.0,0.01179294525606922,158.37614517211915,134.33009380764432
2017-07-31 00:00:00-04:00,170.66074694770126,171.3751419833318,167.23761290029253,167.93215942382812,25478900,0.0,0.0,-0.018555990926442223,159.28253250122071,134.5084953913613
2017-08-01 00:00:00-04:00,168.4977174103853,169.14265018134674,167.73370871464778,168.5373992919922,14385000,0.0,0.0,0.0036040736344999935,160.34568939208984,134.68784189981127
2017-08-02 00:00:00-04:00,168.97397934848246,169.2220327488355,165.6103758452944,167.9817657470703,17433800,0.0,0.0,-0.003296796718449624,161.28630828857422,134.8697871253604
2017-08-03 00:00:00-04:00,167.98177633663607,168.37865574622896,166.93994896148095,167.2772979736328,10793800,0.0,0.0,-0.00419371573042171,162.26711044311523,135.05122045486692
2017-08-04 00:00:00-04:00,167.65433782808302,168.73584704832263,167.3765192236174,168.2992706298828,10777700,0.0,0.0,0.00610945220080672,163.16903228759764,135.22942515781946
2017-08-07 00:00:00-04:00,168.62670715552937,170.72027856717287,168.33897185799546,170.64089965820312,12787800,0.0,0.0,0.01391348292572192,164.08583755493163,135.41381151714023
2017-08-08 00:00:00-04:00,170.5416764321214,171.70256451384145,169.29147762105526,169.896728515625,14393500,0.0,0.0,-0.00436103621153372,164.87762298583985,135.59481169685486
2017-08-09 00:00:00-04:00,168.6564840142652,170.11503939496933,168.23975606834685,169.84713745117188,10815000,0.0,0.0,-0.00029188946065294985,165.4868423461914,135.7764025794135
2017-08-10 00:00:00-04:00,168.73583403728733,169.2617060080463,165.55083701740585,166.09654235839844,20832700,0.0,0.0,-0.022082180183058298,165.890673828125,135.94381892491901
2017-08-11 00:00:00-04:00,166.6422781337094,167.50551429737172,165.55085221157645,166.77127075195312,13791200,0.0,0.0,0.004062266342057752,166.2930160522461,136.11383395724826
2017-08-14 00:00:00-04:00,168.76562178551902,169.74791878253347,167.97184781075796,169.4204864501953,12954200,0.0,0.0,0.015885324170626935,166.83972625732423,136.2944405570863
2017-08-15 00:00:00-04:00,170.15472346172416,170.1646401477836,168.68623636607816,169.6685333251953,8729200,0.0,0.0,0.0014640902065461425,167.24355697631836,136.47989000592912
2017-08-16 00:00:00-04:00,169.91658233193792,170.04557494726032,167.92223840722238,168.6763153076172,15779900,0.0,0.0,-0.005847978986630253,167.5342758178711,136.66376449948265
2017-08-17 00:00:00-04:00,168.0214694360277,168.5374248149186,165.55086693745287,165.6103973388672,17216000,0.0,0.0,-0.01817633947693631,167.65235137939453,136.83125968206497
2017-08-18 00:00:00-04:00,165.540906833291,167.35665946616598,164.9158225852358,166.10647583007812,15093600,0.0,0.0,0.0029954549906421324,167.80019149780273,137.00253459385462
2017-08-21 00:00:00-04:00,165.85843468665865,166.69189050559177,164.52887205074464,166.47360229492188,11907500,0.0,0.0,0.0022101875499382917,167.88849945068358,137.1766444917709
2017-08-22 00:00:00-04:00,166.96969601373323,168.54731193437945,165.84848985051778,168.31910705566406,11391000,0.0,0.0,0.0110858702839427,168.10480041503905,137.35575473119343
2017-08-23 00:00:00-04:00,167.52537031796777,168.04132572071848,166.89035410688254,167.39639282226562,9856500,0.0,0.0,-0.005481933985624687,168.25859451293945,137.53033719744002
2017-08-24 00:00:00-04:00,167.5650370793704,167.9718331476921,165.11426828397387,166.4339141845703,14030400,0.0,0.0,-0.005749697597828396,168.12464599609376,137.70460452730694
2017-08-25 00:00:00-04:00,166.5529809702761,167.06893629841107,164.88605419475488,165.0249786376953,12614500,0.0,0.0,-0.00846543538784128,167.8205337524414,137.87166656009734
2017-08-28 00:00:00-04:00,165.61037287638777,166.39421494586102,165.03488718108812,165.93780517578125,8553700,0.0,0.0,0.0055314446674767925,167.72081604003907,138.0381380111452
2017-08-29 00:00:00-04:00,163.9633147119512,167.11854702590475,163.71526128576068,166.74151611328125,11121000,0.0,0.0,0.004843446836292786,167.63102188110352,138.2015777466789
2017-08-30 00:00:00-04:00,166.86053502192698,168.85487861741683,166.3247464174587,168.59690856933594,11138300,0.0,0.0,0.011127357477031419,167.6617790222168,138.37513623918807
2017-08-31 00:00:00-04:00,169.07319875817996,170.80957263391232,168.7358497530611,170.6309814453125,17226500,0.0,0.0,0.01206471039853052,167.82946319580077,138.55566400194925
2017-09-01 00:00:00-04:00,171.05763393399184,171.57358929148532,169.97612464653653,170.68060302734375,11677600,0.0,0.0,0.0002908122640503663,167.94852981567382,138.7361918252612
2017-09-05 00:00:00-04:00,169.9364370914954,171.04771154135142,168.22982839208575,169.39071655273438,13210900,0.0,0.0,-0.0075573114444804634,167.8860206604004,138.91026233491442
2017-09-06 00:00:00-04:00,169.5792409202277,171.13700849966503,168.24967824427912,170.7500457763672,13906300,0.0,0.0,0.008024815357632775,167.9286865234375,139.0770487709651
2017-09-07 00:00:00-04:00,170.60121258588958,171.96054040321113,168.94421765397794,171.861328125,18049500,0.0,0.0,0.006508240414109467,168.0293960571289,139.24304768395803
2017-09-08 00:00:00-04:00,171.7422327898989,172.13912727783313,169.47007051388508,169.618896484375,10998500,0.0,0.0,-0.013047912902162673,168.20551376342775,139.4032191927471
2017-09-11 00:00:00-04:00,171.05759326706854,172.5359967626533,170.8591536044337,172.15895080566406,12372000,0.0,0.0,0.014975066893699873,168.4748977661133,139.5859517294263
2017-09-12 00:00:00-04:00,172.40700940707748,172.64514609345989,170.41266575604448,171.61325073242188,11186300,0.0,0.0,-0.003169745579236105,168.58453598022462,139.7602583870055
2017-09-13 00:00:00-04:00,171.6628786590847,171.82163647716328,170.7202787167088,171.70257568359375,9119300,0.0,0.0,0.0005205014810374387,168.68623809814454,139.94074682205442
2017-09-14 00:00:00-04:00,170.9187107942465,170.93855930561554,169.17242029322472,169.62884521484375,15615700,0.0,0.0,-0.012077456965883693,168.73386459350587,140.11080118209597
2017-09-15 00:00:00-04:00,169.54948139027258,170.99810490952214,168.9342986029388,170.30355834960938,15660500,0.0,0.0,0.003977584908457343,168.96852264404296,140.28124933394176
2017-09-18 00:00:00-04:00,170.65081196910174,170.73019086899393,168.02143700759598,168.68621826171875,12954000,0.0,0.0,-0.009496807368936211,169.097509765625,140.44244457426527
2017-09-19 00:00:00-04:00,169.29149691913912,171.21639392260508,169.03352680712044,171.1767120361328,13168600,0.0,0.0,0.014764061937472706,169.33266525268556,140.6151764582074
2017-09-20 00:00:00-04:00,171.15683902974413,171.70255951551562,169.37085159448176,170.82940673828125,12264100,0.0,0.0,-0.0020289284314460865,169.45818023681642,140.7865693834093
2017-09-21 00:00:00-04:00,170.3531498706669,170.9286355567635,168.68622320404614,169.7776641845703,11161400,0.0,0.0,-0.00615668328885699,169.57724380493164,140.94867028130426
2017-09-22 00:00:00-04:00,168.88469523921373,170.3928491151046,167.90239825664426,169.2121124267578,12097100,0.0,0.0,-0.003331131692315359,169.716153717041,141.10797567216176
2017-09-25 00:00:00-04:00,167.92223273712122,167.98176312988195,160.30202452421173,161.60182189941406,41251600,0.0,0.0,-0.044974856812557085,169.54499588012695,141.24542866055927
2017-09-26 00:00:00-04:00,163.21913175718967,164.21134532410267,161.5125232109011,162.931396484375,23363300,0.0,0.0,0.008227472743398412,169.39467544555663,141.39071709769112
2017-09-27 00:00:00-04:00,164.60825043436265,167.02925433859465,164.28083322926395,166.3743896484375,19242500,0.0,0.0,0.021131551305353824,169.37631912231444,141.5442346239847
2017-09-28 00:00:00-04:00,166.63235663756362,167.75356286536928,165.8584312303992,167.41619873046875,12178700,0.0,0.0,0.006261835636077517,169.3172836303711,141.69976013425796
2017-09-29 00:00:00-04:00,167.51541133316672,170.32337742723297,167.49556282346248,169.53952026367188,15340400,0.0,0.0,0.01268289179484694,169.26271057128906,141.86820012047178
2017-10-02 00:00:00-04:00,170.05548465576314,170.5317429343677,167.4360414134715,168.1504364013672,13392300,0.0,0.0,-0.008193274701640996,169.13620223999024,142.0304191226051
2017-10-03 00:00:00-04:00,167.98176259901135,169.40062075525117,167.8825351847385,168.63662719726562,8190300,0.0,0.0,0.0028914037114833313,169.0984977722168,142.19259876675076
2017-10-04 00:00:00-04:00,168.50765225136317,169.34110811470646,166.97963469525448,167.10862731933594,12127900,0.0,0.0,-0.009060901556945167,168.91642684936522,142.35099868168908
2017-10-05 00:00:00-04:00,167.86270433288422,169.9761243314083,167.2872337174915,169.90667724609375,14580600,0.0,0.0,0.01674389869417614,168.8186943054199,142.5193994612921
2017-10-06 00:00:00-04:00,168.92438289966614,171.02787110478334,168.4282760482721,170.8889617919922,13124500,0.0,0.0,0.005781318084843168,168.88219757080077,142.69063510592022
2017-10-09 00:00:00-04:00,171.35530006020613,173.51833376236584,170.66075350996377,171.1568603515625,14570400,0.0,0.0,0.001567676207761215,168.83209304809571,142.86194952707442
2017-10-10 00:00:00-04:00,171.65296164929737,171.851401351532,169.47009464475872,170.25393676757812,11341100,0.0,0.0,-0.005275415675011441,168.7641273498535,143.02475917150105
2017-10-11 00:00:00-04:00,170.61110138446594,171.43464037289633,170.06538095358124,171.39495849609375,11283700,0.0,0.0,0.006701881613893512,168.7487464904785,143.19745154607864
2017-10-12 00:00:00-04:00,171.26599707083065,172.4963474352887,170.9484814387207,171.2064666748047,10351000,0.0,0.0,-0.0010997512583974522,168.82762756347657,143.36872648814366
2017-10-13 00:00:00-04:00,172.09944135765468,173.29009461828863,171.85138796419022,172.38719177246094,13658300,0.0,0.0,0.00689649824909333,168.93180923461915,143.54952987792
2017-10-16 00:00:00-04:00,173.13138286995618,173.63740643259538,172.70472308421773,173.16114807128906,11498800,0.0,0.0,0.004489639229402265,169.15555572509766,143.7331682840983
2017-10-17 00:00:00-04:00,173.34967629421004,174.75861804605935,173.00239541495966,174.73876953125,15990100,0.0,0.0,0.00911071263694474,169.33365859985352,143.92440574888198
2017-10-18 00:00:00-04:00,175.2745303942507,175.36384112667739,174.38154418981057,174.65936279296875,12752400,0.0,0.0,-0.00045443114023446807,169.5251564025879,144.11127266051278
2017-10-19 00:00:00-04:00,173.56790456452666,174.65934549741036,171.28582557027738,173.20079040527344,14048400,0.0,0.0,-0.008350954477168382,169.69631271362306,144.28628794352213
2017-10-20 00:00:00-04:00,174.1334937840359,174.5105398119512,173.27027276220736,173.61753845214844,12602200,0.0,0.0,0.0024061555718069005,169.91658401489258,144.46339016868956
2017-10-23 00:00:00-04:00,173.83583977485296,173.9747490893017,169.91659863006777,169.9364471435547,13852700,0.0,0.0,-0.021202300996844947,170.33331527709962,144.61773457602848
2017-10-24 00:00:00-04:00,170.95840232065564,171.89108550529875,170.16462843117358,170.46229553222656,12267900,0.0,0.0,0.0030943826207432412,170.7098602294922,144.76940148974222
2017-10-25 00:00:00-04:00,170.56148708533627,170.90876785103845,167.5749300322058,169.27162170410156,15868200,0.0,0.0,-0.0069849688718987,170.8547218322754,144.92024152241055
2017-10-26 00:00:00-04:00,170.0455823662001,170.94848529291494,169.06328538968916,169.30142211914062,11833100,0.0,0.0,0.00017605086274397053,170.948983001709,145.07612155732653
2017-10-27 00:00:00-04:00,172.79399687464306,176.82239691291616,172.54594346819655,176.49496459960938,30285300,0.0,0.0,0.04248955732578863,171.29675521850587,145.2658627222455
2017-10-30 00:00:00-04:00,177.86421622155078,179.2830896359603,176.2270697295188,178.46946716308594,24353200,0.0,0.0,0.011187302527048582,171.8127067565918,145.4571395752922
2017-10-31 00:00:00-04:00,179.16402815900284,179.39223306199798,177.5467150456508,178.65798950195312,20174200,0.0,0.0,0.0010563282440627653,172.31377487182618,145.65034563579258
2017-11-01 00:00:00-04:00,180.94006483853377,181.4758534976598,179.1640092333057,181.23773193359375,40918300,0.0,0.0,0.01443955816827569,173.02023010253907,145.85965547107514
2017-11-02 00:00:00-04:00,179.22356279071064,180.52336029584066,175.9591712882284,177.52687072753906,35529900,0.0,0.0,-0.020475102874352724,173.40123977661133,146.0634136502705
2017-11-03 00:00:00-04:00,177.89398494624558,178.45955401396256,175.33408696177935,177.52687072753906,17822100,0.0,0.0,0.0,173.73313522338867,146.2954027085077
2017-11-06 00:00:00-05:00,177.16965587879733,179.0449389548137,176.92160248175824,178.76712036132812,13312700,0.0,0.0,0.006986264269213338,174.11364822387696,146.52936033218626
2017-11-07 00:00:00-05:00,179.09456525530132,179.34261866978235,177.56656288368893,178.8465118408203,12928200,0.0,0.0,0.0004441056013639866,174.54327697753905,146.75812070331875
2017-11-08 00:00:00-05:00,178.3900548367019,178.945707102861,177.71535693775866,178.16184997558594,10494100,0.0,0.0,-0.0038282092179899863,174.88162155151366,146.97601387992736
2017-11-09 00:00:00-05:00,176.92158806507226,178.00309715443979,175.71108637496263,177.9038848876953,12610300,0.0,0.0,-0.0014479255122573642,175.21649246215821,147.19697819058857
2017-11-10 00:00:00-05:00,176.96132097435188,177.70548125575795,176.57435823361993,177.07046508789062,11070200,0.0,0.0,-0.004684663296311897,175.45065612792968,147.4240061744811
2017-11-13 00:00:00-05:00,176.11790578779843,177.6459079989589,175.9194661050471,177.37802124023438,9523400,0.0,0.0,0.0017369139014296042,175.66149978637696,147.65926315670922
2017-11-14 00:00:00-05:00,176.74301733340062,177.57647314229405,175.8004022805086,176.68348693847656,9585900,0.0,0.0,-0.003915560095335335,175.75873565673828,147.9072771829272
2017-11-15 00:00:00-05:00,175.2844887607132,177.17962070061895,175.02650349016187,176.56443786621094,10253700,0.0,0.0,-0.0006737985214604336,175.8539894104004,148.14647162906707
2017-11-16 00:00:00-05:00,177.3680960347039,178.4297718440115,177.1101259514971,178.19163513183594,15607600,0.0,0.0,0.009215883364112054,176.10353164672853,148.39550935654412
2017-11-17 00:00:00-05:00,177.9039293616313,178.57862744807636,177.50703477550445,177.60626220703125,13018000,0.0,0.0,-0.003285075219000011,176.30296783447267,148.63651493617468
2017-11-20 00:00:00-05:00,177.47724407604082,178.10234349689537,176.71325049497216,177.3482666015625,10052400,0.0,0.0,-0.0014526267388478287,176.67355880737304,148.8795285300603
2017-11-21 00:00:00-05:00,177.75506415197404,180.4737349239952,177.5963214789924,180.4439697265625,14504000,0.0,0.0,0.017455502578747728,177.17264251708986,149.11612422882564
2017-11-22 00:00:00-05:00,179.8883296448857,180.31497422791827,179.03502533884242,179.461669921875,10376300,0.0,0.0,-0.005443794027453763,177.68214492797853,149.35000313652887
2017-11-24 00:00:00-05:00,178.99532310826507,181.72391044308606,178.88617900927312,181.35679626464844,9426300,0.0,0.0,0.010560061898445827,178.2849136352539,149.5938829088968
2017-11-27 00:00:00-05:00,181.13853200354248,182.2994202244221,180.57297806310456,181.60487365722656,12344500,0.0,0.0,0.0013678968623602739,178.54040908813477,149.8405582791283
2017-11-28 00:00:00-05:00,182.08112781290637,182.8153713899124,180.67218619755369,180.99961853027344,14379700,0.0,0.0,-0.003332813237686194,178.66691665649415,150.08471373906212
2017-11-29 00:00:00-05:00,180.4737311688918,180.55311007372015,172.64516646743317,173.76637268066406,41933500,0.0,0.0,-0.0399627684762196,178.42233581542968,150.29835464840843
2017-11-30 00:00:00-05:00,175.47301307358876,176.89187151199687,173.8358512523708,175.80043029785156,25307600,0.0,0.0,0.01170570338672805,178.15047073364258,150.52971376691545
2017-12-01 00:00:00-05:00,174.65936947923964,176.0980762592376,170.99809864891415,173.7366180419922,20182500,0.0,0.0,-0.011739517658533316,177.96095809936523,150.76595515296572
2017-12-04 00:00:00-05:00,174.91733426284273,175.19516800816865,169.4601592949808,170.13487243652344,24459400,0.0,0.0,-0.02073106778559608,177.59135818481445,150.9867226736886
2017-12-05 00:00:00-05:00,169.12281016365682,174.01443123113526,167.6940201144138,171.48428344726562,20184900,0.0,0.0,0.007931419299389342,177.22721633911132,151.20485217987545
2017-12-06 00:00:00-05:00,171.1568395707224,175.39359572276817,170.56150537709414,174.68911743164062,20255800,0.0,0.0,0.018688791298827834,177.01934661865235,151.43617181929332
2017-12-07 00:00:00-05:00,174.43116212929084,178.98541913434752,174.43116212929084,178.73736572265625,20404500,0.0,0.0,0.02317401536246111,177.04812240600586,151.6810359954834
2017-12-08 00:00:00-05:00,180.11656179685957,180.8607221133695,177.3482920810341,177.60626220703125,19883800,0.0,0.0,-0.006328299127895343,177.03324127197266,151.9176317547995
2017-12-11 00:00:00-05:00,177.90390503049875,178.81673974377554,177.4077982206758,177.6459197998047,13168600,0.0,0.0,0.0002232893833844507,177.06201400756837,152.15135313972596
2017-12-12 00:00:00-05:00,177.2093524778285,177.7848230344054,175.22492530625138,175.58212280273438,16854100,0.0,0.0,-0.011617474802664063,176.97221908569335,152.38440522693452
2017-12-13 00:00:00-05:00,175.9194685613184,177.76498640263088,175.8698548549435,176.91168212890625,14615700,0.0,0.0,0.007572293266243424,176.98362884521484,152.61273250882587
2017-12-14 00:00:00-05:00,176.90174915039708,178.95563848910353,176.29649827251512,177.0009765625,13591000,0.0,0.0,0.0005047401761104631,177.0054557800293,152.84180780441042
2017-12-15 00:00:00-05:00,177.6260974690611,179.08465279179953,176.97123280579504,178.7770538330078,28463100,0.0,0.0,0.010034279499472998,177.03472671508788,153.0765136234344
2017-12-18 00:00:00-05:00,179.60058673270638,179.88833716862774,178.35040298829895,179.41207885742188,17265400,0.0,0.0,0.0035520499460026667,177.12501754760743,153.3164954715305
2017-12-19 00:00:00-05:00,178.54883532004297,178.67782793357867,176.83231002135352,178.1122589111328,14920600,0.0,0.0,-0.0072448853754268905,177.16321716308593,153.55379985627673
2017-12-20 00:00:00-05:00,178.40991575021332,178.40991575021332,175.97899558415452,176.50486755371094,11860500,0.0,0.0,-0.009024596999939627,176.96626205444335,153.7853163159083
2017-12-21 00:00:00-05:00,176.5544884488452,177.28871681511848,175.67141896023537,176.06829833984375,11600700,0.0,0.0,-0.0024734117529894295,176.7965934753418,154.01529717823817
2017-12-22 00:00:00-05:00,175.7607058160693,176.14766849095147,174.85778786135185,175.8202362060547,8509500,0.0,0.0,-0.001408897207095472,176.5197654724121,154.25075098067995
2017-12-26 00:00:00-05:00,175.25470608718072,175.6218203017753,173.30996062450808,174.61968994140625,8897300,0.0,0.0,-0.006828259878125964,176.1705062866211,154.48195260668558
2017-12-27 00:00:00-05:00,175.17530834982693,177.05059138658558,174.88755793689785,176.23696899414062,9496100,0.0,0.0,0.009261722164763064,175.93237380981446,154.71665833488342
2017-12-28 00:00:00-05:00,176.56440264722434,177.54669953688838,176.29650074277458,176.53463745117188,12220800,0.0,0.0,0.0016890239246065697,176.07078704833984,154.95683697291784
2017-12-29 00:00:00-05:00,176.61403142708585,177.45741909382474,175.08602905273438,175.08602905273438,10261500,0.0,0.0,-0.00820580266486326,176.035066986084,155.19351147848462
2018-01-02 00:00:00-05:00,176.2965309154021,180.16617360425352,176.16755342375987,180.00741577148438,18151900,0.0,0.0,0.028108391888125528,176.3486068725586,155.4548338632735
2018-01-03 00:00:00-05:00,180.46381686166586,183.34123028472084,179.9180963462649,183.23208618164062,16886600,0.0,0.0,0.01791409757390161,177.00346755981445,155.72182594783723
2018-01-04 00:00:00-05:00,183.46028347772807,184.76009597513172,182.66652473180332,182.8947296142578,13880900,0.0,0.0,-0.0018411435159254586,177.57398986816406,155.9802738976857
2018-01-05 00:00:00-05:00,184.1449426115342,185.44474017610392,183.49007791580317,185.3951416015625,13574500,0.0,0.0,0.013671317880937783,178.10929107666016,156.24084817795526
2018-01-08 00:00:00-05:00,185.7423875707489,187.4291477052418,184.87916656179783,186.81398010253906,17994700,0.0,0.0,0.007653051146431,178.51312179565429,156.49626444256495
2018-01-09 00:00:00-05:00,187.23071996426356,187.32994738909062,185.64318714688596,186.4071807861328,12393100,0.0,0.0,-0.0021775635644771807,178.9531677246094,156.74419975280762
2018-01-10 00:00:00-05:00,185.4844398333351,186.42703986268575,184.18464225033807,186.37742614746094,10529900,0.0,0.0,-0.000159621740677518,179.38974304199218,156.99418255639455
2018-01-11 00:00:00-05:00,186.93305246691168,186.93305246691168,185.92100540754097,186.30796813964844,9588600,0.0,0.0,-0.00037267392971473967,179.9260353088379,157.23703871832953
2018-01-12 00:00:00-05:00,176.67356069082177,180.06692956843747,176.01869604602433,177.97335815429688,77551300,0.0,0.0,-0.04473566036158094,179.97911911010743,157.44473421005975
2018-01-16 00:00:00-05:00,180.0867613431806,180.33481473346046,176.65369576011722,177.0009765625,36183800,0.0,0.0,-0.005463635691774993,179.97911911010743,157.64179880656894
2018-01-17 00:00:00-05:00,177.8641955552792,177.92374108587103,174.43114515003586,176.21713256835938,27992400,0.0,0.0,-0.004428472708814968,179.851123046875,157.83760346306696
2018-01-18 00:00:00-05:00,176.74302936926532,179.57082930057405,175.70120196721285,178.4000244140625,23304900,0.0,0.0,0.01238751200798438,179.80052032470704,158.04187353830488
2018-01-19 00:00:00-05:00,179.44182620764286,180.94997989978438,178.76711312223028,179.87838745117188,26826500,0.0,0.0,0.00828678719055631,179.888826751709,158.25346698458233
2018-01-22 00:00:00-05:00,179.39221244341843,183.9464689935451,179.00524976543338,183.92662048339844,21059500,0.0,0.0,0.022505388721729913,180.25991439819336,158.48313289218478
2018-01-23 00:00:00-05:00,184.60133314147055,188.0740805502164,184.1052263687926,187.87564086914062,25678800,0.0,0.0,0.021470629837939237,180.85028152465821,158.72102797977507
2018-01-24 00:00:00-05:00,188.4114633473833,189.17547215366278,185.06770794402502,185.09747314453125,24334500,0.0,0.0,-0.014787269449925255,181.31414337158202,158.9461660233755
2018-01-25 00:00:00-05:00,186.48657483687862,187.15135624524436,185.1470953328511,186.02023315429688,17377700,0.0,0.0,0.004985265298814268,181.88417053222656,159.16665806846012
2018-01-26 00:00:00-05:00,186.28811858327765,188.52059936523438,185.3554353008635,188.52059936523438,17759200,0.0,0.0,0.013441366933797605,182.49835205078125,159.39195360456193
2018-01-29 00:00:00-05:00,187.28031143994878,187.369607027703,184.18460994464814,184.53187561035156,20453200,0.0,0.0,-0.021158026063534674,182.89821395874023,159.6037833804176
2018-01-30 00:00:00-05:00,186.15911645866893,186.7147536692003,180.42412288714675,185.6630096435547,20858600,0.0,0.0,0.006129748746452668,183.42706298828125,159.82482649788025
2018-01-31 00:00:00-05:00,186.9033018431509,188.3519405998976,183.7778345431574,185.43482971191406,43275100,0.0,0.0,-0.0012290004997694837,183.69843368530275,160.04756279597206
2018-02-01 00:00:00-05:00,186.7544568978059,193.7991799624837,186.42702457215398,191.58653259277344,54211300,0.0,0.0,0.03317447369739801,184.11615600585938,160.28325295826747
2018-02-02 00:00:00-05:00,190.54467594869928,192.69779259027246,188.5007185388877,188.7983856201172,26677500,0.0,0.0,-0.014552938220258937,184.41133880615234,160.5172892979213
2018-02-05 00:00:00-05:00,185.47449787905256,189.12585213250935,179.20371522852162,179.84864807128906,33128200,0.0,0.0,-0.04740367625195674,184.13401412963867,160.71525955200195
2018-02-06 00:00:00-05:00,177.17957140894336,184.32350555864102,176.35603238971768,183.86708068847656,37758500,0.0,0.0,0.02234341297686404,183.98666915893554,160.92492366972425
2018-02-07 00:00:00-05:00,182.71614335904567,183.6389099554623,178.54884892549848,178.7770538330078,27601900,0.0,0.0,-0.02768318742218301,183.60516281127929,161.11525544666108
2018-02-08 00:00:00-05:00,179.60056983654195,180.42410890259703,170.14477588457524,170.24400329589844,38478300,0.0,0.0,-0.04773012170275459,182.79849166870116,161.2624337938097
2018-02-09 00:00:00-05:00,173.3992748712623,175.52261175644094,165.87829259647566,174.73876953125,39887600,0.0,0.0,0.026401906371640527,182.22003173828125,161.42768478393555
2018-02-12 00:00:00-05:00,175.6813249495059,176.16751502890602,170.5019691190751,175.03639221191406,32092100,0.0,0.0,0.0017032435415589298,182.07318344116212,161.5939199054052
2018-02-13 00:00:00-05:00,174.2525417929948,174.5998225974383,171.75217450492073,171.80177307128906,21809400,0.0,0.0,-0.018479694992278528,181.81322326660157,161.74787043011378
2018-02-14 00:00:00-05:00,172.0994337304368,178.40991238610002,171.8613121728498,178.12217712402344,28929700,0.0,0.0,0.0367889337795817,181.90847549438476,161.92768938579258
2018-02-15 00:00:00-05:00,179.0945502655238,179.0945502655238,175.46304494787478,178.5587615966797,20922100,0.0,0.0,0.0024510393916432616,181.91641235351562,162.11085510253906
2018-02-16 00:00:00-05:00,177.59633231075645,178.47940188173544,174.92727508499433,175.97901916503906,20645300,0.0,0.0,-0.014447582457295605,181.721443939209,162.28220888168093
2018-02-20 00:00:00-05:00,174.40140477084617,176.56442335083702,173.7465401009486,174.6395263671875,21204900,0.0,0.0,-0.0076116619140566,181.25708923339843,162.44946779523576
2018-02-21 00:00:00-05:00,175.33406598655316,179.8585574271064,175.0264670633768,176.52471923828125,23200800,0.0,0.0,0.010794766284065949,180.68954315185547,162.62345952836293
2018-02-22 00:00:00-05:00,177.30857829510717,178.80683061366898,176.02862933326867,177.59632873535156,18464200,0.0,0.0,0.006070591709163464,180.3144859313965,162.79225406949482
2018-02-23 00:00:00-05:00,178.49920502237845,181.9620356348796,178.11224235771311,181.86280822753906,19007300,0.0,0.0,0.024023466715605846,180.1066146850586,162.98097144232855
2018-02-26 00:00:00-05:00,183.14280082818172,184.2143934074253,181.79338963283567,183.4900665283203,17599700,0.0,0.0,0.008947724477812447,179.8550880432129,163.17583114381821
2018-02-27 00:00:00-05:00,183.0137976321534,183.26185103505412,180.04708862304688,180.04708862304688,15849800,0.0,0.0,-0.01876383812167859,179.63084869384767,163.35320899600075
2018-02-28 00:00:00-05:00,180.88053964412475,181.4560253404468,176.75292749531835,176.93153381347656,18783000,0.0,0.0,-0.01730411101560858,179.19427490234375,163.52164913359144
2018-03-01 00:00:00-05:00,177.6161408034602,178.71749844130207,173.05196759166571,174.57005310058594,23201600,0.0,0.0,-0.013346861704031432,178.65103607177736,163.6733159867544
2018-03-02 00:00:00-05:00,171.9406780642771,175.7309410626267,171.64302611360225,175.2447509765625,20025900,0.0,0.0,0.003864911902087931,177.8339469909668,163.83025899009098
2018-03-05 00:00:00-05:00,174.82803663876726,179.73949102479247,174.5204528392756,178.99533081054688,16189300,0.0,0.0,0.021401952486930664,177.3437942504883,164.00047084263392
2018-03-06 00:00:00-05:00,180.36460007336458,180.95993433251797,177.71539138609242,178.3801727294922,15086800,0.0,0.0,-0.003436726970860393,177.27037048339844,164.16725721813384
2018-03-07 00:00:00-05:00,177.34826861054702,182.38871563744618,176.68348729924048,182.27957153320312,19097300,0.0,0.0,0.021860046125329546,177.19099502563478,164.3499899364653
2018-03-08 00:00:00-05:00,182.130759594883,182.96421553905242,180.0371879070411,180.92025756835938,17225900,0.0,0.0,-0.007457302831086254,177.29815521240235,164.52567478967092
2018-03-09 00:00:00-05:00,182.47803595573626,184.06556888531674,181.78348935279604,183.78775024414062,18526300,0.0,0.0,0.015849483713551438,177.97534255981446,164.71069111899723
2018-03-12 00:00:00-04:00,183.78773751942006,184.65097372471777,182.78560714313122,183.32139587402344,15301200,0.0,0.0,-0.002537461661605289,178.40447387695312,164.8916913592626
2018-03-13 00:00:00-04:00,184.1647584717446,184.54180446727887,179.6997974761212,180.46380615234375,18067500,0.0,0.0,-0.015587868006653127,178.67584457397462,165.05816262865824
2018-03-14 00:00:00-04:00,181.17822796429562,182.81537451590896,180.43406768811147,182.75584411621094,16821700,0.0,0.0,0.012700818035126016,179.2235481262207,165.23483191596137
2018-03-15 00:00:00-04:00,181.81322292448564,182.56729979935182,180.77139563133073,182.4283905029297,15614300,0.0,0.0,-0.0017917545393132395,179.43885879516603,165.4086267985995
2018-03-16 00:00:00-04:00,183.05351507911837,183.88697097226247,181.98192244222741,183.64883422851562,24403400,0.0,0.0,0.006689987902767536,179.6933624267578,165.58620144072034
2018-03-19 00:00:00-04:00,175.63171694646186,175.79047474978412,168.73583572691126,171.21636962890625,88140100,0.0,0.0,-0.06769694265600168,179.45522994995116,165.71503169952877
2018-03-20 00:00:00-04:00,166.1659851150126,168.8747235524625,160.68896271645326,166.84068298339844,129851800,0.0,0.0,-0.025556473688769676,179.0652877807617,165.82610436091346
2018-03-21 00:00:00-04:00,163.51681826044535,172.0498468645589,162.028497733451,168.07107543945312,106598800,0.0,0.0,0.0073746548746573826,178.64260559082032,165.94768996465774
2018-03-22 00:00:00-04:00,164.83644463309642,168.94420819244993,162.44520630444487,163.60609436035156,73743000,0.0,0.0,-0.02656602908874739,177.9430938720703,166.047305091979
2018-03-23 00:00:00-04:00,164.15182111516467,165.302792529729,157.78181159245784,158.14892578125,53609700,0.0,0.0,-0.033355533609168875,176.75739974975585,166.12550087580604
2018-03-26 00:00:00-04:00,159.56781279665657,159.84563141849048,147.85968823372906,158.813720703125,126116600,0.0,0.0,0.004203600616260461,175.5235824584961,166.20314558725508
2018-03-27 00:00:00-04:00,155.0929096225438,161.5819952218703,149.5762042785155,151.03475952148438,79117000,0.0,0.0,-0.04898166951319061,174.07296600341797,166.2500001211015
2018-03-28 00:00:00-04:00,150.4691652620328,154.66623910165646,149.62579290440726,151.8384246826172,60029200,0.0,0.0,0.005321060950995715,172.818310546875,166.294373951261
2018-03-29 00:00:00-04:00,153.9419659480102,160.1631507509503,152.93983545432323,158.54583740234375,59434300,0.0,0.0,0.044174672740097565,172.0170997619629,166.36186036609467
2018-04-02 00:00:00-04:00,156.58119304515742,157.96036905510812,152.91000652096972,154.18003845214844,36796000,0.0,0.0,-0.027536509451939528,170.9638641357422,166.41296713692802
2018-04-03 00:00:00-04:00,155.33107723755415,156.1645332164532,149.63576443511445,154.89450073242188,42543900,0.0,0.0,0.004633947996421028,169.75882263183593,166.46832644750202
2018-04-04 00:00:00-04:00,150.84623099352257,154.34874375774146,149.33806209635878,153.892333984375,49885600,0.0,0.0,-0.00646999566355233,168.53443069458007,166.51880336943128
2018-04-05 00:00:00-04:00,160.30203497360776,160.3119667997005,155.43026231541282,158.0993194580078,41449600,0.0,0.0,0.027337199746804597,167.3254180908203,166.5881402151925
2018-04-06 00:00:00-04:00,156.50183937879345,160.1631098094975,155.58900472739475,155.97596740722656,41644800,0.0,0.0,-0.01343049456544454,166.07820358276368,166.64857852269733
2018-04-09 00:00:00-04:00,156.5911579034152,159.28004828590807,154.8250037634297,156.70028686523438,34915200,0.0,0.0,0.0046437888480392875,164.72383041381835,166.71456866794162
2018-04-10 00:00:00-04:00,156.70030377210585,164.68762715637567,155.78746897675782,163.75494384765625,57889300,0.0,0.0,0.045020064248440184,163.7455078125,166.81008892967589
2018-04-11 00:00:00-04:00,164.07244688882912,167.3368230784228,161.9788755184887,165.0249786376953,56144600,0.0,0.0,0.007755703493267374,162.97356643676758,166.90962540157258
2018-04-12 00:00:00-04:00,165.67982485901135,166.1461664683181,161.83004633576897,162.5940399169922,38263000,0.0,0.0,-0.014730731921742235,161.96547622680663,167.00392502073257
2018-04-13 00:00:00-04:00,163.29851354696794,164.4097879167685,162.49482296595303,163.23898315429688,19990600,0.0,0.0,0.0039665859685504845,161.006005859375,167.1021225944398
2018-04-16 00:00:00-04:00,164.42963932434435,164.48916971806412,162.1177798150317,163.54656982421875,18119400,0.0,0.0,0.0018842721510408111,160.00089263916016,167.2022889152406
2018-04-17 00:00:00-04:00,164.5387895663767,167.68410498509857,164.37011506455008,167.3467559814453,22743000,0.0,0.0,0.023236110432099055,159.80741195678712,167.3095424591549
2018-04-18 00:00:00-04:00,165.58060678916027,166.8109419366492,164.4792491116637,165.0646514892578,20969600,0.0,0.0,-0.013636980763705564,159.71861038208007,167.40955122690352
2018-04-19 00:00:00-04:00,164.90590739701548,167.0193273393134,163.91369373621518,166.79112243652344,22235000,0.0,0.0,0.010459362023843122,159.65461273193358,167.51125317528135
2018-04-20 00:00:00-04:00,166.48352774308782,167.1185438966459,164.5189488836393,164.98529052734375,19119400,0.0,0.0,-0.010826906629080035,159.72357254028321,167.59976492987738
2018-04-23 00:00:00-04:00,165.96757942949182,167.1383842548743,163.80454582635772,164.5487060546875,23088100,0.0,0.0,-0.002646202405443443,160.04356155395507,167.68701680501303
2018-04-24 00:00:00-04:00,164.14187487847073,164.8066712581551,156.95825870373514,158.4465789794922,35079900,0.0,0.0,-0.03708401738004119,160.02520446777345,167.7430059644911
2018-04-25 00:00:00-04:00,158.89307203422396,159.8059066532244,154.9738316693924,158.4465789794922,41083600,0.0,0.0,0.0,160.39579544067382,167.7949789743575
2018-04-26 00:00:00-04:00,171.87124135225616,174.8974958663979,169.47008625217697,172.80392456054688,77556900,0.0,0.0,0.09061316232591521,161.4440704345703,167.90365007188586
2018-04-27 00:00:00-04:00,175.43330213263187,175.72105258444364,171.25609092787653,172.23837280273438,29804700,0.0,0.0,-0.0032727946384941697,162.12869720458986,168.00558828929113
2018-04-30 00:00:00-04:00,172.43679173396586,174.3517718197897,170.37300080682832,170.66073608398438,20750500,0.0,0.0,-0.00915961230402984,162.95273208618164,168.0912256997729
2018-05-01 00:00:00-04:00,170.6607684036872,172.66504445785532,168.9045457919663,172.50628662109375,26025900,0.0,0.0,0.010814148464712847,163.83332138061525,168.17548521738203
2018-05-02 00:00:00-04:00,172.8932149349454,176.69339473280922,172.84360122834588,174.6990509033203,30424500,0.0,0.0,0.012711213748649808,164.8736572265625,168.26718617999364
2018-05-03 00:00:00-04:00,173.76639691815015,174.7486788299597,170.77982387482106,172.6650390625,24026100,0.0,0.0,-0.011642947287366479,165.6019432067871,168.3546743847075
2018-05-04 00:00:00-04:00,171.73235010908928,175.6019775078001,171.71250159576832,175.23486328125,17677800,0.0,0.0,0.014883292140106086,166.56488800048828,168.45610076662095
2018-05-07 00:00:00-04:00,175.96909143404696,178.10234465949247,175.7904851097891,176.58425903320312,18697200,0.0,0.0,0.007700498215285956,167.55908660888673,168.5652836390904
2018-05-08 00:00:00-04:00,176.8620893752962,177.64593152496187,175.7309663798416,177.52687072753906,15577200,0.0,0.0,0.005338027859882466,168.24768295288087,168.67497840760245
2018-05-09 00:00:00-04:00,178.2710079481258,181.5849975945159,177.38793848810025,181.23773193359375,23282800,0.0,0.0,0.020903095913575642,169.05832061767578,168.8016824873667
2018-05-10 00:00:00-04:00,181.72391496840459,184.68072240018904,181.07898218374137,184.08538818359375,21071400,0.0,0.0,0.015712270395457084,170.13288803100585,168.94043483431378
2018-05-11 00:00:00-04:00,183.41067551035053,186.85365764124913,182.7458791277475,185.5340118408203,21207800,0.0,0.0,0.007869302781282173,171.24763946533204,169.08592006138392
2018-05-14 00:00:00-04:00,186.2484281764832,186.39725416581294,184.75017589733065,185.18675231933594,15646700,0.0,0.0,-0.0018716758077883533,172.32964859008788,169.22888540843175
2018-05-15 00:00:00-04:00,183.4404791851606,183.84727530793822,181.7735522465347,182.8848419189453,15429400,0.0,0.0,-0.012430210971145605,173.1065528869629,169.36326744442894
2018-05-16 00:00:00-04:00,182.26962055383052,182.8848032312724,181.23772515485908,181.7735137939453,16975500,0.0,0.0,-0.00607665519645717,173.94199600219727,169.49485379173643
2018-05-17 00:00:00-04:00,181.25757011100754,182.62682970061053,180.80116034112504,182.32916259765625,14840700,0.0,0.0,0.0030568194018674166,174.7188980102539,169.64805615137493
2018-05-18 00:00:00-04:00,182.06127407157805,182.75582054510755,181.18812128201085,181.257568359375,13130500,0.0,0.0,-0.005877250918142618,175.53251190185546,169.78594225928896
2018-05-21 00:00:00-04:00,182.33911749176113,183.85720325491346,181.70410132377572,183.0535125732422,13532900,0.0,0.0,0.009908243998432154,176.4577522277832,169.92938014439173
2018-05-22 00:00:00-04:00,183.4900570596467,183.97624718272667,182.00173663305148,182.36886596679688,12731400,0.0,0.0,-0.0037401445993634486,177.65386657714845,170.06939249190074
2018-05-23 00:00:00-04:00,181.0789686854369,185.45463397329314,180.76145308959406,185.4447021484375,16628100,0.0,0.0,0.0168660158373779,179.0037727355957,170.22227992708721
2018-05-24 00:00:00-04:00,184.4326707185793,185.34550542321446,183.58928309387315,184.48226928710938,12354700,0.0,0.0,-0.0051898644187621246,179.58768997192382,170.36359157259503
2018-05-25 00:00:00-04:00,184.57158939816497,184.87917321057796,183.0138066837136,183.4801483154297,10965100,0.0,0.0,-0.005432072011864131,180.1497787475586,170.49336678641183
2018-05-29 00:00:00-04:00,182.90463891897232,185.35540755506383,182.27955468877903,184.2937469482422,16398900,0.0,0.0,0.004434259729362067,180.8314292907715,170.62570117768786
2018-05-30 00:00:00-04:00,185.08748842607582,186.53612670998731,183.80753975013377,186.2086944580078,13736900,0.0,0.0,0.010390735125177297,181.51654968261718,170.7646502540225
2018-05-31 00:00:00-04:00,186.40716899560496,191.21941113572862,186.02020628722232,190.28672790527344,30782600,0.0,0.0,0.021900338537550246,182.29593353271486,170.92340439084975
2018-06-01 00:00:00-04:00,191.56668800517716,193.0351599015415,190.57447440007027,192.47952270507812,17307200,0.0,0.0,0.0115236350109309,183.28665771484376,171.09058452787855
2018-06-04 00:00:00-04:00,190.34626483930563,192.46960146542042,189.9791506300175,191.77505493164062,18939800,0.0,0.0,-0.0036599621795452286,184.1136672973633,171.24677936614506
2018-06-05 00:00:00-04:00,192.78710949375522,193.48165600011896,191.12018273850393,191.4376983642578,15544300,0.0,0.0,-0.0017591264281116015,184.85633926391603,171.40155677189904
2018-06-06 00:00:00-04:00,189.54259011226512,191.03091072675076,187.6375415425211,189.8501739501953,22558900,0.0,0.0,-0.008292642607109935,185.47250442504884,171.55326310415117
2018-06-07 00:00:00-04:00,189.264763941221,189.48305216718774,185.31575764051456,186.7147674560547,21503200,0.0,0.0,-0.01651516260903274,185.74635620117186,171.69130688621885
2018-06-08 00:00:00-04:00,186.06979627457957,188.00460956982465,184.9783553695816,187.62757873535156,12677100,0.0,0.0,0.004888800664959225,185.92346572875977,171.82671253264897
2018-06-11 00:00:00-04:00,187.33984512832245,191.10034310523886,187.32992844283444,190.048583984375,12928900,0.0,0.0,0.012903248367545528,186.1491943359375,171.99184520660884
2018-06-12 00:00:00-04:00,190.67368110301805,191.7750387780921,190.0684302159958,190.90188598632812,11562700,0.0,0.0,0.00448991507362817,186.4349510192871,172.1649313427153
2018-06-13 00:00:00-04:00,191.23926704270227,192.98555764088545,190.41572788481517,190.91183471679688,15853800,0.0,0.0,5.211436449337192e-05,186.8363006591797,172.32923725673132
2018-06-14 00:00:00-04:00,191.5964533732013,195.74389897906175,191.4079303656662,195.27755737304688,19120900,0.0,0.0,0.022867742393897217,187.51150283813476,172.5125604659792
2018-06-15 00:00:00-04:00,194.26549719007528,195.535544547172,193.12445758781328,194.32504272460938,21860900,0.0,0.0,-0.0048777476595421865,188.1112968444824,172.69387563069662
2018-06-18 00:00:00-04:00,193.28321997564694,198.02599996059737,192.61843865407207,196.76588439941406,16826000,0.0,0.0,0.01256061308713452,188.88671264648437,172.8815693930974
2018-06-19 00:00:00-04:00,194.71198833804928,196.4185968187479,192.28105308055834,195.95225524902344,19994000,0.0,0.0,-0.004135011274307265,189.53164978027343,173.05725418575227
2018-06-20 00:00:00-04:00,197.54974105161622,201.96508870534092,197.26199061868914,200.42715454101562,28230900,0.0,0.0,0.022836681753447108,190.43456420898437,173.2531375582256
2018-06-21 00:00:00-04:00,201.18124460413006,201.8063440806771,198.532035838734,199.93106079101562,19045700,0.0,0.0,-0.0024751823231541348,191.15888214111328,173.4405163356236
2018-06-22 00:00:00-04:00,199.59370371285382,200.66529628370577,197.75810238371335,200.169189453125,17420200,0.0,0.0,0.001191053862102498,191.94322814941407,173.63084817311122
2018-06-25 00:00:00-04:00,198.44274095869176,198.44274095869176,191.606389138264,194.8211669921875,25275100,0.0,0.0,-0.02671751069956685,192.51027908325196,173.79338237217493
2018-06-26 00:00:00-04:00,196.06140754586227,197.54972790130157,194.70206465937628,197.45050048828125,17897600,0.0,0.0,0.013496138723977591,193.1681167602539,173.97217759631928
2018-06-27 00:00:00-04:00,197.62911458730136,199.186897340542,194.27544262589436,194.31512451171875,18734400,0.0,0.0,-0.015879301236557675,193.57343826293945,174.15038232954723
2018-06-28 00:00:00-04:00,193.6602296495636,195.8034145094117,191.75518148746872,194.70205688476562,18172400,0.0,0.0,0.001991262255159887,193.79420471191406,174.3196491059803
2018-06-29 00:00:00-04:00,195.78361746262402,196.061436091557,192.4497787754484,192.80697631835938,15811600,0.0,0.0,-0.009733233416880926,193.81057739257812,174.49005799066452
2018-07-02 00:00:00-04:00,191.86433507148328,195.912568293661,190.72329551076174,195.82327270507812,13961600,0.0,0.0,0.015644124731971853,194.01298828125,174.67267251393153
2018-07-03 00:00:00-04:00,193.03517577660398,193.87854832631626,191.0209832037896,191.22933959960938,13489500,0.0,0.0,-0.023459587014396877,194.00257034301757,174.84709742712596
2018-07-05 00:00:00-04:00,193.22368119239252,197.1032248475129,192.51920287743454,196.90478515625,19684200,0.0,0.0,0.029678738464106624,194.3553009033203,175.0365236070421
2018-07-06 00:00:00-04:00,196.90478790376508,202.05437896277454,196.16062769616207,201.64756774902344,19740100,0.0,0.0,0.02408668021455096,195.10194091796876,175.25075500730483
2018-07-09 00:00:00-04:00,203.33435139602528,204.19758763195725,200.54623325118624,203.14584350585938,18149400,0.0,0.0,0.007430170239894673,195.87785415649415,175.46061615716843
2018-07-10 00:00:00-04:00,202.90768615981906,203.3144973793578,200.68512219109925,201.9551544189453,13190100,0.0,0.0,-0.005861252518709392,196.47318267822266,175.65764139568995
2018-07-11 00:00:00-04:00,200.6454206866541,202.9076663175291,200.17907911766014,200.96292114257812,12927400,0.0,0.0,-0.004913136677407337,196.97623443603516,175.84376005142454
2018-07-12 00:00:00-04:00,201.8460069493238,205.4675957014534,201.60788537305933,205.308837890625,15454700,0.0,0.0,0.021625465649772968,197.69608459472656,176.03283182779947
2018-07-13 00:00:00-04:00,206.19190923545924,206.80707683293494,204.84249811133506,205.7057342529297,11486800,0.0,0.0,0.0019331674485252304,198.2174934387207,176.22206127832806
2018-07-16 00:00:00-04:00,205.8843417562371,207.0948436755926,205.2294770838029,205.61643981933594,11078200,0.0,0.0,-0.00043408820817780747,198.78206329345704,176.4081406971765
2018-07-17 00:00:00-04:00,203.3045560740338,208.82127628523605,203.24502568175086,208.3549346923828,15349900,0.0,0.0,0.013318462645560025,199.36151580810548,176.60603217473107
2018-07-18 00:00:00-04:00,208.18626806435344,209.34715617765175,206.81700843021673,207.72984313964844,15334900,0.0,0.0,-0.0030001283802434386,199.9503952026367,176.78911917550224
2018-07-19 00:00:00-04:00,207.14440907308153,208.35491071009434,206.14226378507652,206.46969604492188,11350400,0.0,0.0,-0.006066278564892613,200.25252227783204,176.96216583251953
2018-07-20 00:00:00-04:00,207.22380398482503,209.85316381110093,206.87652318966687,208.30531311035156,16163900,0.0,0.0,0.008890491440595172,200.67123489379884,177.14096117776538
2018-07-23 00:00:00-04:00,208.94034418058064,209.97223967521748,207.17420516285148,209.2677764892578,16732000,0.0,0.0,0.004620445655154182,201.12616424560548,177.32396952311197
2018-07-24 00:00:00-04:00,213.43506578153367,214.5165749601828,210.94461512299728,212.9984893798828,28468700,0.0,0.0,0.0178274598851893,202.03503036499023,177.5156006585984
2018-07-25 00:00:00-04:00,214.04031852666162,216.91773190426417,212.60161183786033,215.80645751953125,58954200,0.0,0.0,0.013183042508064124,202.95282821655275,177.7212092687213
2018-07-26 00:00:00-04:00,173.52821510032342,178.72741919156928,172.3970923374923,174.88754272460938,169803700,0.0,0.0,-0.18960931598267194,201.98144912719727,177.76314193483384
2018-07-27 00:00:00-04:00,178.46946373858236,178.52899413497158,171.65296083240102,173.5282440185547,60073700,0.0,0.0,-0.007772415832928314,200.92275848388672,177.78066320267934
2018-07-30 00:00:00-04:00,173.93503338501145,173.93503338501145,165.2630817548119,169.72804260253906,65280800,0.0,0.0,-0.021899613158128273,199.7688117980957,177.77519026256743
2018-07-31 00:00:00-04:00,169.34107465371358,172.88328408296775,168.6762934316917,171.2362060546875,40356500,0.0,0.0,0.00888576471526381,198.53945846557616,177.78830155872163
2018-08-01 00:00:00-04:00,172.57570713929462,173.71676188284266,169.56930109095373,170.31346130371094,34042100,0.0,0.0,-0.005388724570794756,197.49366455078126,177.7953494238475
2018-08-02 00:00:00-04:00,169.35102118058532,175.41344728311387,168.94422508406578,174.99671936035156,32400000,0.0,0.0,0.027497873748741464,196.39826126098632,177.8231865413605
2018-08-03 00:00:00-04:00,176.30645635292112,177.45742788881466,174.77843876286042,176.395751953125,24763400,0.0,0.0,0.007994621829981563,195.13567047119142,177.85937088254897
2018-08-06 00:00:00-04:00,177.57647891589647,184.34336816522875,176.99107649347212,184.24415588378906,49716200,0.0,0.0,0.04449315725443137,194.1905860900879,177.92264423673114
2018-08-07 00:00:00-04:00,185.04784125612684,186.83382881099132,182.2894885869389,182.3787841796875,33398600,0.0,0.0,-0.01012445521082439,193.211767578125,177.96922314356243
2018-08-08 00:00:00-04:00,183.3114840314187,185.3951388910154,182.32918700218374,183.73812866210938,22205200,0.0,0.0,0.007453413446832702,192.35052795410155,178.02414933461992
2018-08-09 00:00:00-04:00,184.40290213821012,185.1172971356833,181.0591320378216,181.6643829345703,19732100,0.0,0.0,-0.011286420203792558,191.16830520629884,178.07104316590323
2018-08-10 00:00:00-04:00,180.62255375922936,180.68209929171536,178.02295901985093,178.85641479492188,21500400,0.0,0.0,-0.015456899664585189,189.82583923339843,178.12167758033388
2018-08-13 00:00:00-04:00,178.69766973669223,181.18812034314962,177.50700134255118,178.64805603027344,17423300,0.0,0.0,-0.0011649499118460138,188.4774200439453,178.16880768064468
2018-08-14 00:00:00-04:00,179.3029344407843,180.572966695124,177.22919641645174,179.69981384277344,19102000,0.0,0.0,0.0058873174210289925,187.04466400146484,178.20959866236126
2018-08-15 00:00:00-04:00,177.94360282750299,179.46168859012798,173.41911073968112,178.1321258544922,33020200,0.0,0.0,-0.008723926612705823,185.56477813720704,178.24318434700135
2018-08-16 00:00:00-04:00,179.01518497061076,179.09456387943234,172.65509183858282,173.3397216796875,31351800,0.0,0.0,-0.026903648916868472,183.9082794189453,178.2616899278429
2018-08-17 00:00:00-04:00,173.1412627587135,174.8478712589947,170.7004107883188,172.44671630859375,24893200,0.0,0.0,-0.00515176419138319,182.11534957885743,178.28881817772276
2018-08-20 00:00:00-04:00,172.6848627620957,173.21074994297132,169.57924422887356,171.1568603515625,21518000,0.0,0.0,-0.007479736260811443,180.20980377197264,178.30885938614134
2018-08-21 00:00:00-04:00,171.46441715754236,172.8138281596967,170.05547576617158,171.27589416503906,19578500,0.0,0.0,0.0006954662128766387,178.12367401123046,178.32791609991165
2018-08-22 00:00:00-04:00,170.86910572781093,172.88329806579355,170.78972682533163,172.2879638671875,16894100,0.0,0.0,0.005909002589548518,175.94774932861327,178.3436655317034
2018-08-23 00:00:00-04:00,171.74221865246383,174.18307034740965,171.4842486115246,171.55369567871094,18053600,0.0,0.0,-0.004261865843644186,175.78105697631835,178.36016276526072
2018-08-24 00:00:00-04:00,172.34750020068213,173.4587897337263,171.57357479979996,173.29010009765625,14631600,0.0,0.0,0.010121638079993778,175.76914978027344,178.3873698522174
2018-08-27 00:00:00-04:00,174.61967661086052,177.27880178704885,174.42122177922306,176.07823181152344,17921900,0.0,0.0,0.016089388327988452,176.08665924072267,178.43123196798658
2018-08-28 00:00:00-04:00,176.71322703617685,176.85213631792885,174.46089819493395,174.88754272460938,15910700,0.0,0.0,-0.0067622730797785024,176.26922607421875,178.46674679952955
2018-08-29 00:00:00-04:00,174.92725951150646,175.41343448259514,173.38932541403022,174.53036499023438,18494100,0.0,0.0,-0.0020423280515607933,176.4800712585449,178.49765492999364
2018-08-30 00:00:00-04:00,174.5303786993064,178.390089274481,174.33193899307219,176.2568359375,24216500,0.0,0.0,0.009892094979359278,176.54307708740234,178.5280514671689
2018-08-31 00:00:00-04:00,175.77063585253046,176.23697746280862,173.61753412463977,174.3616943359375,18065200,0.0,0.0,-0.010752159435305608,176.44137420654297,178.54285588340153
2018-09-04 00:00:00-04:00,172.1490619892304,172.53602469300188,167.48566103250337,169.82728576660156,29809000,0.0,0.0,-0.026005761108283454,175.72053070068358,178.53946970379542
2018-09-05 00:00:00-04:00,168.17029155589415,169.79752128372485,165.3722418860996,165.87826538085938,31226700,0.0,0.0,-0.023253156098657968,174.8955047607422,178.52553140549432
2018-09-06 00:00:00-04:00,165.67981255394275,165.67981255394275,158.75416628878796,161.26446533203125,41514800,0.0,0.0,-0.027814373620526855,173.77182159423828,178.4878902132549
2018-09-07 00:00:00-04:00,159.06173876423492,163.34810821672843,158.91291279990224,161.77047729492188,24300600,0.0,0.0,0.0031377772024903106,172.77712631225586,178.4478471544054
2018-09-10 00:00:00-04:00,162.2368300747623,163.72515038109054,160.89735088305312,162.901611328125,20197700,0.0,0.0,0.00699221546550155,171.97938613891603,178.4211912609282
2018-09-11 00:00:00-04:00,162.66350667856327,165.88820101083448,162.44521846641123,164.64793395996094,20457100,0.0,0.0,0.010720106557561282,171.27938003540038,178.3913856385246
2018-09-12 00:00:00-04:00,161.97889942593045,163.20924996231525,160.54019247433945,160.73863220214844,24078100,0.0,0.0,-0.02374340001595865,170.33132095336913,178.3482323903886
2018-09-13 00:00:00-04:00,160.73857739783367,162.0483064067821,159.6074546810035,160.1035614013672,25453800,0.0,0.0,-0.003950953122349388,169.42989273071288,178.30220455593533
2018-09-14 00:00:00-04:00,160.46078759906553,161.57206200702052,159.09152796070794,161.05612182617188,21770400,0.0,0.0,0.0059496516908621455,168.81571273803712,178.26818581232948
2018-09-17 00:00:00-04:00,160.6592441512114,160.7981534667802,158.52599070355205,159.32968139648438,21005300,0.0,0.0,-0.01071949585096088,168.15986099243165,178.2246386815631
2018-09-18 00:00:00-04:00,158.1489161479513,160.50045740207267,157.63296086595798,159.0518341064453,22465200,0.0,0.0,-0.0017438514130185823,167.5546096801758,178.18640699840728
2018-09-19 00:00:00-04:00,158.83355200348495,162.16739024418695,158.23821779836834,161.79034423828125,19629000,0.0,0.0,0.01721772117386089,167.0803321838379,178.14915950714595
2018-09-20 00:00:00-04:00,163.21912611312553,165.15393947370515,163.18936091834559,164.727294921875,18936000,0.0,0.0,0.018152818064768317,166.70229873657226,178.12494477771577
2018-09-21 00:00:00-04:00,165.3424965801454,165.94774756550518,161.54231614944115,161.661376953125,45994800,0.0,0.0,-0.01861208229154776,166.20768280029296,178.0927372887021
2018-09-24 00:00:00-04:00,159.77616949978685,164.40980562138776,159.62734350208274,164.1220703125,19222800,0.0,0.0,0.015221281704711043,165.74928131103516,178.07253870888363
2018-09-25 00:00:00-04:00,160.7286841915896,164.30064401598187,159.89521327325136,163.62594604492188,27622800,0.0,0.0,-0.003022897935868518,165.12666702270508,178.08057094755628
2018-09-26 00:00:00-04:00,163.02071000485904,167.98177838516528,162.93141440760854,165.6500701904297,25252200,0.0,0.0,0.012370435095618193,164.6647933959961,178.0913593352787
2018-09-27 00:00:00-04:00,166.24541107589576,170.43255416690397,165.9080620461887,167.52536010742188,27266900,0.0,0.0,0.011320791562819066,164.31454315185547,178.09592667836992
2018-09-28 00:00:00-04:00,167.01932048303863,167.47573026988258,161.29424365604567,163.17945861816406,34265600,0.0,0.0,-0.025941752857424727,163.66067428588866,178.07911421760681
2018-10-01 00:00:00-04:00,161.7605732572147,164.58838792042496,160.0043510409059,161.1751708984375,26407700,0.0,0.0,-0.012282720733965302,163.00134811401367,178.04592235504634
2018-10-02 00:00:00-04:00,160.3218819374772,161.01642845821567,157.43453660843005,158.0894012451172,36031000,0.0,0.0,-0.019145440554642068,162.41445388793946,178.00599761236282
2018-10-03 00:00:00-04:00,158.75418083136026,162.38568635147246,158.28783921396985,161.16525268554688,23109500,0.0,0.0,0.01945640514926472,162.17880325317384,177.97634930080838
2018-10-04 00:00:00-04:00,160.20280663630757,160.20280663630757,156.12480833532828,157.61312866210938,25739600,0.0,0.0,-0.02204025969771617,161.99623641967773,177.9386687505813
2018-10-05 00:00:00-04:00,157.9703315953319,159.6471598371,154.98375901365037,156.10496520996094,25744000,0.0,0.0,-0.009568767937990996,161.71296081542968,177.8839000520252
2018-10-08 00:00:00-04:00,154.3289121602927,157.10711354691838,153.1878724618473,156.02560424804688,24046000,0.0,0.0,-0.0005083820479849788,161.3691604614258,177.82491847446985
2018-10-09 00:00:00-04:00,156.46217583453068,159.33958941767398,156.19427390479638,156.6705322265625,18844400,0.0,0.0,0.004133475281982157,160.97029037475585,177.7674330454024
2018-10-10 00:00:00-04:00,155.598953955172,156.46217499750117,150.1318469804765,150.20130920410156,30610000,0.0,0.0,-0.04129189408194356,160.44342422485352,177.68785912649972
2018-10-11 00:00:00-04:00,148.96103111199872,153.60458344602512,147.99858271849723,152.1559600830078,35338900,0.0,0.0,0.013013540888982211,160.04604415893556,177.61151389470177
2018-10-12 00:00:00-04:00,155.5096319219713,155.66838973017065,150.12191938851547,152.5429229736328,25293500,0.0,0.0,0.0025431990335040844,159.6203842163086,177.5374522133479
2018-10-15 00:00:00-04:00,152.12622153012268,154.35870249863035,151.36221269281663,152.3246612548828,15433500,0.0,0.0,-0.0014308216631441217,159.2701332092285,177.4578389970083
2018-10-16 00:00:00-04:00,154.18998391691443,158.21838375991396,153.80302122721474,157.54367065429688,19180100,0.0,0.0,0.03426240607672293,159.1947250366211,177.39586488027422
2018-10-17 00:00:00-04:00,158.3175897096505,159.24035617282968,156.72012530778295,158.17868041992188,17592000,0.0,0.0,0.00403069043007398,159.01414184570314,177.33015024094354
2018-10-18 00:00:00-04:00,157.27578867887388,157.4246298183748,152.08651524917622,153.7137451171875,21675100,0.0,0.0,-0.028227162414562912,158.46346435546874,177.2470327104841
2018-10-19 00:00:00-04:00,154.6463984171292,156.1248019987872,152.3543876293071,152.85049438476562,19761300,0.0,0.0,-0.005615963177292627,158.02292022705078,177.16627756754556
2018-10-22 00:00:00-04:00,153.5549653323491,156.11487813789978,153.25731337587135,153.57481384277344,15424700,0.0,0.0,0.004738744620508051,157.49555740356445,177.0867429460798
2018-10-23 00:00:00-04:00,150.04252083765374,153.56488165346744,149.6754067017438,153.18783569335938,19095000,0.0,0.0,-0.0025198021715346908,156.97365188598633,177.02028020222983
2018-10-24 00:00:00-04:00,153.0787239045878,153.44583811795397,144.46631651009108,144.9028778076172,27744600,0.0,0.0,-0.05408365388963676,155.9362922668457,176.91885394141786
2018-10-25 00:00:00-04:00,146.57971387602666,151.0248417954003,145.8554021724594,149.77464294433594,22105700,0.0,0.0,0.03362089980840022,155.04875640869142,176.84148497808548
2018-10-26 00:00:00-04:00,144.68460641352917,147.83983865590815,142.68033053618106,144.23809814453125,31303300,0.0,0.0,-0.03696583541088694,154.10168838500977,176.7420273432656
2018-10-29 00:00:00-04:00,147.34372015279192,147.67115245881772,137.94745611434155,140.98362731933594,31336800,0.0,0.0,-0.022563184533494263,153.09211120605468,176.60110933818515
2018-10-30 00:00:00-04:00,138.85036678416012,145.49819454953195,138.6519271019058,145.0814666748047,50528300,0.0,0.0,0.029066065566513588,152.44171447753905,176.46861727275547
2018-10-31 00:00:00-04:00,153.79312110959418,155.1822142120117,147.8001571163338,150.6081085205078,60101300,0.0,0.0,0.038093369004125854,151.91385726928712,176.3573082212418
2018-11-01 00:00:00-04:00,150.3402155113316,151.56063405371577,148.1871137216049,150.56842041015625,25640800,0.0,0.0,-0.00026351908102051347,151.56162185668944,176.2356046040853
2018-11-02 00:00:00-04:00,150.61802798562925,152.9298874977579,147.80014498628802,149.1793212890625,24708700,0.0,0.0,-0.009225700298308048,151.21533966064453,176.12311432853576
2018-11-05 00:00:00-05:00,148.9312803660929,149.02057596426272,146.29198832700237,147.52232360839844,15971200,0.0,0.0,-0.011107422036418346,150.7901756286621,176.0040486653646
2018-11-06 00:00:00-05:00,148.14739211855178,149.7944701271911,146.8475948835329,148.77249145507812,16667100,0.0,0.0,0.008474431639229563,150.3952735900879,175.88502236018104
2018-11-07 00:00:00-05:00,150.38982519689623,151.81860008780413,148.66336805291238,150.35012817382812,21877400,0.0,0.0,0.010604357723123625,150.40271453857423,175.77194147261363
2018-11-08 00:00:00-05:00,149.31823799405643,149.7647311096227,145.59743679770625,146.7186279296875,24145800,0.0,0.0,-0.024153622535938557,150.1308479309082,175.6471667819553
2018-11-09 00:00:00-05:00,145.6073700653014,146.60950051791323,142.94824444135062,143.83131408691406,17326900,0.0,0.0,-0.01967925875204568,149.69526748657228,175.51195816766648
2018-11-12 00:00:00-05:00,143.35500861731956,143.91064577963837,139.39608626580937,140.4478302001953,18542100,0.0,0.0,-0.023523972566044882,149.1014259338379,175.36663025144546
2018-11-13 00:00:00-05:00,140.8943427633134,143.7519230106303,140.51729671957594,141.0531005859375,15141700,0.0,0.0,0.004309574486693224,148.27689743041992,175.22248374091254
2018-11-14 00:00:00-05:00,142.58110579355625,144.4464723960708,140.44785239257982,143.09706115722656,22068400,0.0,0.0,0.014490717061861114,147.52281646728517,175.08920427352663
2018-11-15 00:00:00-05:00,141.2217959522466,143.7122472100664,139.73347521028654,142.72996520996094,30320300,0.0,0.0,-0.0025653632876658783,146.97362747192383,174.95494049314468
2018-11-16 00:00:00-05:00,139.97160596464377,140.66615258638333,136.69729744503638,138.44358825683594,37250600,0.0,0.0,-0.030031373908201986,146.25328216552734,174.79721014840263
2018-11-19 00:00:00-05:00,136.53850750383592,136.67741679552446,130.18834682667722,130.52569580078125,44362700,0.0,0.0,-0.05719219326622538,145.10082626342773,174.61038250393338
2018-11-20 00:00:00-05:00,126.04088707090841,133.1153745847669,125.86228832765559,131.39883422851562,41939500,0.0,0.0,0.006689398760739262,144.01137619018556,174.42804348658
2018-11-21 00:00:00-05:00,133.3534901554566,136.12177433644726,133.08560340760076,133.77023315429688,25469700,0.0,0.0,0.018047336109977552,143.45474395751953,174.24283024621388
2018-11-23 00:00:00-05:00,132.6093483187103,133.4527359775338,130.23795829987594,130.7042999267578,11886100,0.0,0.0,-0.022919398099595645,142.50122680664063,174.04934861924914
2018-11-26 00:00:00-05:00,131.9643981740473,135.93325225446978,131.74610998842593,135.31808471679688,24263600,0.0,0.0,0.03529941090403654,142.05522613525392,173.86665531945607
2018-11-27 00:00:00-05:00,134.69299748738607,135.546301797141,132.6688883856301,133.94883728027344,20750300,0.0,0.0,-0.010118732018629228,141.70348663330077,173.67754406399197
2018-11-28 00:00:00-05:00,135.2188558902812,135.72487932983495,130.82335730951317,135.6951141357422,29847500,0.0,0.0,0.013036894466017968,141.23416900634766,173.49776428464858
2018-11-29 00:00:00-05:00,134.86165492600796,138.89997107300246,134.60368487056414,137.60015869140625,24238700,0.0,0.0,0.014039153640847735,140.5837715148926,173.354247562469
2018-11-30 00:00:00-05:00,137.18344401041747,139.87234947165177,136.29045784512456,139.51515197753906,25732600,0.0,0.0,0.013917086319846117,140.0311080932617,173.21025836278523
2018-12-03 00:00:00-05:00,141.88654085871002,142.56123882077898,139.66397700605577,139.9914093017578,24819200,0.0,0.0,0.0034136602187511134,139.57171249389648,173.07634880429222
2018-12-04 00:00:00-05:00,139.63421924516007,142.2735111219751,136.09202447573222,136.85601806640625,30307400,0.0,0.0,-0.022397026010311016,139.03839721679688,172.94428985837905
2018-12-06 00:00:00-05:00,132.77804184824052,138.61224798809107,132.62920071233876,138.5428009033203,28218100,0.0,0.0,0.012325236849252796,138.52691268920898,172.81356968955387
2018-12-07 00:00:00-05:00,138.16575900817648,139.77314037231113,135.59592913490496,136.35000610351562,21195500,0.0,0.0,-0.015827562208265866,137.82690658569337,172.66143035888672
2018-12-10 00:00:00-05:00,138.51303317801737,141.9361672816189,137.92761561144712,140.74551391601562,26422200,0.0,0.0,0.03223694621005713,137.52825088500975,172.5106690421937
2018-12-11 00:00:00-05:00,142.75971205389462,142.75971205389462,140.00135917806696,140.97372436523438,20300300,0.0,0.0,0.0016214403064733762,137.38537139892577,172.36530182853576
2018-12-12 00:00:00-05:00,141.96592120054922,146.04391963021334,141.40035219133628,143.37486267089844,23696900,0.0,0.0,0.017032523730757143,137.53172302246094,172.22930557008775
2018-12-13 00:00:00-05:00,144.4365575485377,144.7143761771331,142.07508406549724,143.8809051513672,18148600,0.0,0.0,0.00352950629588622,137.67311325073243,172.1035070873442
2018-12-14 00:00:00-05:00,142.22389843052554,144.87310701215983,141.40035929885983,142.93829345703125,21785800,0.0,0.0,-0.006551332807812726,137.66517486572266,171.968692052932
2018-12-17 00:00:00-05:00,141.9659313000558,143.7916007881354,137.34221204308943,139.0984344482422,24334000,0.0,0.0,-0.026863752993828482,137.4835983276367,171.8182851397802
2018-12-18 00:00:00-05:00,139.98148441109294,144.79371087135365,138.74121751824583,142.54139709472656,24709100,0.0,0.0,0.024751987038110546,137.68848876953126,171.67449285113622
2018-12-19 00:00:00-05:00,140.11050491989727,143.7816926259551,131.46831682760123,132.2025604248047,57404900,0.0,0.0,-0.07253216876393564,137.77233200073243,171.48715349227663
2018-12-20 00:00:00-05:00,129.68230877473562,134.5143990888896,128.98776231335148,132.3612823486328,40297900,0.0,0.0,0.0012005964432013627,137.8204544067383,171.305601997981
2018-12-21 00:00:00-05:00,132.35136616795032,133.84960319321675,122.45899576316725,123.97708129882812,56901500,0.0,0.0,-0.06334330478697792,137.33079681396484,171.09715840173146
2018-12-24 00:00:00-05:00,122.14149287938721,128.72979816036587,122.06211397443818,123.0940170288086,22066000,0.0,0.0,-0.007122802543568785,136.95028266906738,170.88694299970354
2018-12-26 00:00:00-05:00,125.0189228099463,133.19476892664005,124.9097787003067,133.13522338867188,39723400,0.0,0.0,0.08157347206820997,136.84113960266114,170.71755802820599
2018-12-27 00:00:00-05:00,131.408788839398,133.93893687919822,128.6603525677731,133.47259521484375,31202500,0.0,0.0,0.0025340538558076275,136.81732749938965,170.5542759062752
2018-12-28 00:00:00-05:00,134.28620919558693,134.86169500411603,131.17065853560592,132.16287231445312,22627600,0.0,0.0,-0.009812672768386932,136.6407154083252,170.37937869722882
2018-12-31 00:00:00-05:00,133.403113145297,133.59163614837715,128.93815202384056,130.06927490234375,24625300,0.0,0.0,-0.01584104049379398,136.26417121887206,170.19499233790808
2019-01-02 00:00:00-05:00,127.98560981902922,136.43925694771326,127.55895019123412,134.62350463867188,28146200,0.0,0.0,0.0350138781026299,136.01958885192872,170.03442676483638
2019-01-03 00:00:00-05:00,133.6412450754704,136.10193043297755,130.09903544528873,130.71421813964844,22717900,0.0,0.0,-0.029038662375607593,135.55572929382325,169.83881883772594
2019-01-04 00:00:00-05:00,132.96654555439258,136.92548346138585,132.70857545623448,136.87586975097656,29002100,0.0,0.0,0.047138342706876335,135.55672187805175,169.6548655979217
2019-01-07 00:00:00-05:00,136.48890751648534,137.78870497792076,134.85176104703956,136.97509765625,20089300,0.0,0.0,0.0007249481260207524,135.47833671569825,169.47264483618358
2019-01-08 00:00:00-05:00,138.80076833438764,142.02546273037706,138.45348749728953,141.4202117919922,26263800,0.0,0.0,0.03245198734515631,135.73184700012206,169.29814114646305
2019-01-09 00:00:00-05:00,141.83693190722673,143.5733057172067,140.17002031683543,143.10696411132812,22205900,0.0,0.0,0.011927236552416565,135.84991950988768,169.1247006068154
2019-01-10 00:00:00-05:00,141.9659349970562,143.4344070026676,139.74337090587684,143.07720947265625,16125000,0.0,0.0,-0.00020791887282811672,135.9550937652588,168.95275627620637
2019-01-11 00:00:00-05:00,142.0353804014832,144.22817926755195,141.45990979769772,142.68032836914062,12908000,0.0,0.0,-0.002773894633383067,135.9203670501709,168.77935509454636
2019-01-14 00:00:00-05:00,140.89431617189211,145.42873910742972,140.17000456034268,144.25791931152344,20520300,0.0,0.0,0.011056821640480718,135.9392177581787,168.61248982141888
2019-01-15 00:00:00-05:00,144.87311157453394,149.50674756683452,144.85327820204645,147.79022216796875,24069000,0.0,0.0,0.024486023875176954,136.1818141937256,168.49271547226678
2019-01-16 00:00:00-05:00,147.83979728996695,148.48472994698687,145.85537048070566,146.3911590576172,18025700,0.0,0.0,-0.009466547176317786,136.54645042419435,168.3712479424855
2019-01-17 00:00:00-05:00,145.8057845235697,147.8398254180553,145.3592914345309,147.14527893066406,15787900,0.0,0.0,0.005151403116837594,136.77664451599122,168.2558834439232
2019-01-18 00:00:00-05:00,148.58399931211375,151.24312472042595,147.39334591824291,148.87173461914062,31029600,0.0,0.0,0.011733000888802358,137.610103225708,168.13870769076877
2019-01-22 00:00:00-05:00,148.0382418215305,150.35010094730475,145.23027597709162,146.4209442138672,22378700,0.0,0.0,-0.01646242929554964,138.31308631896974,168.0059400588747
2019-01-23 00:00:00-05:00,147.12542791447743,147.64138321345908,141.9460718338698,143.17642211914062,20098400,0.0,0.0,-0.022158866083990758,139.27305335998534,167.8442329225086
2019-01-24 00:00:00-05:00,143.51378237179517,145.2997699777729,141.41029426918743,144.69451904296875,20955500,0.0,0.0,0.010602981282524793,140.35307846069335,167.67287926446824
2019-01-25 00:00:00-05:00,146.33166107014597,148.6633691432037,145.3989778409229,147.84974670410156,22237200,0.0,0.0,0.02180613116517449,141.08880462646485,167.52507082621256
2019-01-28 00:00:00-05:00,146.89721723585558,147.8001351884582,145.0715479606864,146.3217315673828,15508500,0.0,0.0,-0.010334918867171528,141.73126144409179,167.36753708975655
2019-01-29 00:00:00-05:00,146.93693418178714,146.9468660091164,142.31321436060531,143.0673065185547,17632100,0.0,0.0,-0.022241570093294194,142.27648315429687,167.1871668800475
2019-01-30 00:00:00-05:00,145.0814848865154,149.7746513338501,144.5655295359058,149.248779296875,44613200,0.0,0.0,0.04320674603263486,143.23545837402344,167.04715459308926
2019-01-31 00:00:00-05:00,164.3105957964176,170.34324180670043,163.71526151672856,165.39210510253906,77233600,0.0,0.0,0.10816387163578,144.7738883972168,166.96671449570428
2019-02-01 00:00:00-05:00,164.54871625525175,167.7833426044964,164.37012505657125,164.41973876953125,30806500,0.0,0.0,-0.005879158091645076,146.45916442871095,166.88332127767896
2019-02-04 00:00:00-05:00,164.40979795592344,167.9817731340761,162.34599175743284,167.93215942382812,20036000,0.0,0.0,0.02136252423573226,148.01197891235353,166.78945471748474
2019-02-05 00:00:00-05:00,167.8329267133362,170.6408930571049,167.37651692938948,169.82728576660156,22557000,0.0,0.0,0.01128507100293108,149.6545883178711,166.71417257520886
2019-02-06 00:00:00-05:00,169.86695397540728,171.12706940265178,167.9519891221724,169.16249084472656,13281200,0.0,0.0,-0.003914535399150432,151.0417022705078,166.6717671893892
2019-02-07 00:00:00-05:00,166.89032404823783,167.92223466788164,163.96329696401648,165.08450317382812,17517600,0.0,0.0,-0.024106926130814665,152.1405792236328,166.59723315163265
2019-02-08 00:00:00-05:00,163.189338178384,166.06675096598156,162.9313681462464,166.02706909179688,12561400,0.0,0.0,0.005709596599604794,153.28807220458984,166.54663797408816
2019-02-11 00:00:00-05:00,166.59265575376813,166.98955027387103,163.79462130193767,164.49908447265625,12811200,0.0,0.0,-0.009203225880568877,154.37901000976564,166.52384067717054
2019-02-12 00:00:00-05:00,165.5607800649606,167.02925211487005,163.21915510646622,163.75494384765625,16292300,0.0,0.0,-0.004523676392397813,155.35386123657227,166.480254067315
2019-02-13 00:00:00-05:00,164.09229314596084,164.92574895228006,162.45513159071416,162.79249572753906,14205100,0.0,0.0,-0.005877368325517995,156.10397491455078,166.431667176504
2019-02-14 00:00:00-05:00,161.91932406660035,163.58623548537437,160.9866409508678,162.67340087890625,12755200,0.0,0.0,-0.0007315745612263003,156.91808700561523,166.39544347732786
2019-02-15 00:00:00-05:00,163.22905458754357,163.41757759475078,159.6074809879609,161.23471069335938,15504400,0.0,0.0,-0.008844040745283444,157.62255859375,166.32842972165062
2019-02-19 00:00:00-05:00,159.25029609799398,162.8718699844177,159.08162158870638,161.02635192871094,14345400,0.0,0.0,-0.0012922699073445454,158.23028945922852,166.25885666741266
2019-02-20 00:00:00-05:00,160.98663621604553,162.4451912345631,159.99442274167853,161.29421997070312,11770700,0.0,0.0,0.0016635043816355388,158.9739532470703,166.2005836547367
2019-02-21 00:00:00-05:00,160.66912137049155,160.9767202665294,158.34734546346846,158.79383850097656,15607800,0.0,0.0,-0.015501990525021436,159.75482406616212,166.1377039409819
2019-02-22 00:00:00-05:00,159.32967333669976,161.1454261740566,159.06177140594767,160.6294708251953,15858500,0.0,0.0,0.0115598460339974,160.55157165527345,166.0746275583903
2019-02-25 00:00:00-05:00,161.80029196846925,164.77693300669722,161.63160231978793,163.3382110595703,18737100,0.0,0.0,0.016863283060446488,161.32599487304688,166.01804772634355
2019-02-26 00:00:00-05:00,163.06039191607837,164.9456069848802,162.52460319251148,162.85203552246094,13784100,0.0,0.0,-0.0029764960321015943,162.1525100708008,165.94260815211706
2019-02-27 00:00:00-05:00,161.63159295565973,162.65357177504464,159.1609907266516,161.54229736328125,12697500,0.0,0.0,-0.008042504074190937,163.0762596130371,165.85551383003357
2019-02-28 00:00:00-05:00,161.1057210686007,162.22692730701414,159.60748394875688,160.19288635253906,11114200,0.0,0.0,-0.008353298379232488,163.62346496582032,165.7767273130871
2019-03-01 00:00:00-05:00,161.33394935851342,161.85982139424212,160.43103128208145,161.0164337158203,11097800,0.0,0.0,0.0051409733729927964,163.40468139648436,165.7135721539694
2019-03-04 00:00:00-05:00,162.62380526816932,166.19578033433132,162.55435818798247,166.06678771972656,18894700,0.0,0.0,0.03136545685032166,163.48703384399414,165.6798290373787
2019-03-05 00:00:00-05:00,166.06677314053218,170.541665836115,165.25316592132063,169.92648315429688,28187900,0.0,0.0,0.02324182630114091,163.58675003051758,165.65872479998876
2019-03-06 00:00:00-05:00,171.55371071218158,172.21850709050673,169.93641297768318,171.166748046875,21531700,0.0,0.0,0.007298832233536778,163.65372314453126,165.627658995371
2019-03-07 00:00:00-05:00,170.164652009761,170.40278875159595,166.30494126656737,167.8131103515625,18306500,0.0,0.0,-0.0195928107157477,163.58625411987305,165.585726208157
2019-03-08 00:00:00-05:00,164.9058689424921,168.29923705432964,164.6776640929174,168.27940368652344,13184800,0.0,0.0,0.002778646638418536,163.74599914550782,165.5301699865432
2019-03-11 00:00:00-04:00,170.26388294283385,172.9428569987217,170.244034428944,170.730224609375,18884000,0.0,0.0,0.01456399814333209,163.9811569213867,165.48973334781707
2019-03-12 00:00:00-04:00,170.75003435805678,172.446726271351,169.8868133730355,170.58135986328125,12155300,0.0,0.0,-0.0008719296564762002,164.28527069091797,165.4373270367819
2019-03-13 00:00:00-04:00,170.97828348252506,172.67496054457362,170.77982861727304,172.0200958251953,11973300,0.0,0.0,0.008434309370421111,164.69852828979492,165.3924806080167
2019-03-14 00:00:00-04:00,168.43817475360422,169.81735104764905,166.8506420826052,168.84498596191406,18037400,0.0,0.0,-0.01845778452831326,165.00115280151368,165.34637417868962
2019-03-15 00:00:00-04:00,165.85841134885308,166.2751391996822,161.24460951614773,164.68759155273438,37135400,0.0,0.0,-0.02462255177727024,165.10186233520508,165.2746747637552
2019-03-18 00:00:00-04:00,162.29641938932747,162.62383662187128,158.03981368648385,159.22055053710938,37524200,0.0,0.0,-0.03319643553032592,165.00115432739258,165.1825801607162
2019-03-19 00:00:00-04:00,160.2226399576314,162.5444311730838,159.56779052043038,160.31195068359375,25611500,0.0,0.0,0.006854643717803199,164.9654342651367,165.0899734799824
2019-03-20 00:00:00-04:00,160.24250083654022,164.8265229506624,159.98453074379006,164.15182495117188,20211500,0.0,0.0,0.023952514152590254,165.10831451416016,165.0619395725311
2019-03-21 00:00:00-04:00,163.60606782429937,165.0943879325221,162.4749451476491,164.78680419921875,16223000,0.0,0.0,0.003868243610668065,165.40796279907227,165.05378925989544
2019-03-22 00:00:00-04:00,164.36017641903754,166.1163987263316,162.81232562887112,163.0603790283203,16389200,0.0,0.0,-0.010476719779159538,165.5295082092285,165.03390554397825
2019-03-25 00:00:00-04:00,161.7308323440828,165.243262164075,160.73861864872035,164.99520874023438,12631200,0.0,0.0,0.011865725588544151,165.61235809326172,165.03941790262857
2019-03-26 00:00:00-04:00,166.0469724433388,168.13061217568446,165.0547587212752,166.3743896484375,15437900,0.0,0.0,0.00835891489658036,165.78847579956056,165.07205863226028
2019-03-27 00:00:00-04:00,166.54305447088734,167.62456363307606,163.50686821651982,164.57846069335938,10620300,0.0,0.0,-0.010794503642496123,165.94028396606444,165.09493458460247
2019-03-28 00:00:00-04:00,163.28860594168904,165.42185921090982,162.0582555781511,164.26097106933594,10443000,0.0,0.0,-0.001929107993147272,166.1436882019043,165.1474195510622
2019-03-29 00:00:00-04:00,165.09443796269454,165.88821195562005,163.52673849016102,165.39210510253906,13455500,0.0,0.0,0.006886200817147525,166.36247177124022,165.201203997173
2019-04-01 00:00:00-04:00,166.52320785848195,167.58486852209703,165.97748735850328,167.3864288330078,10381500,0.0,0.0,0.012058155552420846,166.4284538269043,165.23628570919945
2019-04-02 00:00:00-04:00,168.81524262712335,173.5381745094434,168.22984016275623,172.8436279296875,23946500,0.0,0.0,0.03260239874120274,166.57431106567384,165.31034757220556
2019-04-03 00:00:00-04:00,173.14129833536398,176.57436455134132,171.60336400410253,172.1887664794922,27391100,0.0,0.0,-0.0037887508960510186,166.6254119873047,165.3789756108844
2019-04-04 00:00:00-04:00,174.64944458007812,176.614023296656,174.16325445881316,174.64944458007812,17847700,0.0,0.0,0.01429058440278097,166.96722869873048,165.4613450973753
2019-04-05 00:00:00-04:00,175.5027475400342,175.62180832800595,173.73660853188866,174.35177612304688,9594100,0.0,0.0,-0.0017043767745551497,167.27084732055664,165.5258389730302
2019-04-08 00:00:00-04:00,173.84576588865332,174.1335011948488,172.87338557948675,173.56793212890625,7297400,0.0,0.0,-0.004495761451764224,167.4127326965332,165.5956483568464
2019-04-09 00:00:00-04:00,174.2525356988784,177.79474527640164,174.18308862440497,176.19728088378906,19751000,0.0,0.0,0.015148816504479745,167.6935287475586,165.67301738072956
2019-04-10 00:00:00-04:00,176.79262244624147,177.39787338366907,175.16539265151494,176.43544006347656,11701500,0.0,0.0,0.0013516620602367357,167.91429595947267,165.7233368101574
2019-04-11 00:00:00-04:00,176.85214967264358,177.0108923352215,175.6217994128061,176.12782287597656,8071000,0.0,0.0,-0.0017435113228346788,168.27843780517577,165.76739571586486
2019-04-12 00:00:00-04:00,176.61401859237805,178.2313315849551,176.5644048850026,177.70545959472656,12329800,0.0,0.0,0.008957339578658852,168.9293312072754,165.827361666967
2019-04-15 00:00:00-04:00,177.11013529318535,179.0945625793835,175.49282221014067,178.2511749267578,10834800,0.0,0.0,0.0030708979525773117,169.8808624267578,165.88693385654025
2019-04-16 00:00:00-04:00,177.60622649376955,178.76711453729467,176.91168003268325,177.47723388671875,11215200,0.0,0.0,-0.004341856598460425,170.73912658691407,165.9422142694867
2019-04-17 00:00:00-04:00,178.20157717015965,179.33270012285755,176.97122679670733,177.38795471191406,9973700,0.0,0.0,-0.0005030457870538463,171.40093307495118,165.9820602961949
2019-04-18 00:00:00-04:00,177.40778572941738,177.48716463019738,175.9591472851424,176.89183044433594,11655600,0.0,0.0,-0.002796831771265662,172.00618438720704,166.02899354601664
2019-04-22 00:00:00-04:00,176.8620731508558,180.255441825929,176.8620731508558,180.02723693847656,13389900,0.0,0.0,0.017724993213450224,172.85452728271486,166.08151780991327
2019-04-23 00:00:00-04:00,181.31711879933349,182.78559068882757,180.06691997316187,182.34901428222656,19954800,0.0,0.0,0.012896811522711271,173.72221755981445,166.15042147560726
2019-04-24 00:00:00-04:00,183.05348726817184,183.6984200336972,180.23558921854809,181.15835571289062,37289900,0.0,0.0,-0.006529558572184624,174.4614158630371,166.21633278377473
2019-04-25 00:00:00-04:00,195.44623921121573,196.93455967611376,190.62408029934696,191.7552032470703,54148800,0.0,0.0,0.05849494213214279,175.82025299072265,166.34850986420162
2019-04-26 00:00:00-04:00,191.0011385722558,191.3980179990115,187.61768619823786,189.99900817871094,22075000,0.0,0.0,-0.009158526280491963,177.1071548461914,166.47371791657946
2019-04-29 00:00:00-04:00,189.46318673735053,193.8884661213994,189.16551962488455,193.26336669921875,19641300,0.0,0.0,0.017180924004810638,178.5007179260254,166.55490617903453
2019-04-30 00:00:00-04:00,192.67796122555828,195.85304171458267,190.7828296177422,191.89410400390625,23494700,0.0,0.0,-0.007084957272029291,179.72610168457032,166.6329051123725
2019-05-01 00:00:00-04:00,193.26336662324573,194.65245962756978,191.50714428636743,191.52699279785156,15996600,0.0,0.0,-0.0019130926818221594,180.6602699279785,166.71570771837992
2019-05-02 00:00:00-04:00,191.497210097668,192.4894236214901,188.27251614524613,191.03086853027344,13209500,0.0,0.0,-0.0025903621224908635,181.60237503051758,166.78921796405126
2019-05-03 00:00:00-04:00,192.86650400539224,194.63264318160958,192.2017226426569,193.94801330566406,14575400,0.0,0.0,0.015270541341481314,182.5673034667969,166.86560273548915
2019-05-06 00:00:00-04:00,189.75094835349745,192.76727125907584,189.06631849644725,192.37039184570312,13994900,0.0,0.0,-0.00813424913754901,183.46823425292968,166.94379857986692
2019-05-07 00:00:00-04:00,191.04079434883323,191.39799184008598,186.38732541720447,188.29237365722656,16253000,0.0,0.0,-0.021198782979802155,184.2044563293457,166.9956140972319
2019-05-08 00:00:00-04:00,187.9153219740203,189.23496780069607,187.08186623295467,188.06414794921875,12505700,0.0,0.0,-0.0012120815281838615,184.79779968261718,167.041169211978
2019-05-09 00:00:00-04:00,185.74236946182657,188.2923654966375,184.80968632286812,187.1810760498047,12967000,0.0,0.0,-0.004695588760769587,185.3350814819336,167.07947955055843
2019-05-10 00:00:00-04:00,186.78422430031475,188.52059823139336,183.15271861657817,186.87351989746094,12578500,0.0,0.0,-0.001643094263770073,185.87236633300782,167.10184378851028
2019-05-13 00:00:00-04:00,182.07119489502122,183.98615986841705,179.43190309564582,180.12644958496094,16833300,0.0,0.0,-0.036105010042097874,185.99341583251953,167.08613371470616
2019-05-14 00:00:00-04:00,181.09884008128245,182.06128853534085,176.71325755432562,179.32276916503906,17628100,0.0,0.0,-0.004461756847890297,186.0469955444336,167.0614859263102
2019-05-15 00:00:00-04:00,179.01517041615566,185.8217561094283,178.618291044294,184.8196258544922,16746900,0.0,0.0,0.03065342295932383,186.41411514282225,167.06002907525925
2019-05-16 00:00:00-04:00,183.60911518666066,187.1116277064546,183.60911518666066,185.5340118408203,12953100,0.0,0.0,0.003865314535862918,186.82141799926757,167.07054165431433
2019-05-17 00:00:00-04:00,183.400783271943,186.1194543581353,182.84514600235158,183.85720825195312,10485400,0.0,0.0,-0.009037715361352783,187.16968688964843,167.07881028311593
2019-05-20 00:00:00-04:00,180.4638007424565,182.79549344184133,179.95776215520357,181.29725646972656,10352000,0.0,0.0,-0.013923586714742586,187.23318786621093,167.07471541752892
2019-05-21 00:00:00-04:00,183.1328670161202,184.2540580619783,182.45815391155378,183.38092041015625,7502800,0.0,0.0,0.011493080375309717,187.28478317260743,167.08314141773042
2019-05-22 00:00:00-04:00,183.291627105776,185.28598627299698,182.1803526396487,183.87704467773438,9213800,0.0,0.0,0.002705430131272557,187.42071762084962,167.08640940227207
2019-05-23 00:00:00-04:00,180.99960403788043,182.46807593433465,178.27101662366948,179.461669921875,12768800,0.0,0.0,-0.02401264803661507,186.80604095458983,167.0748729100303
2019-05-24 00:00:00-04:00,180.9103231396282,182.2002039590993,179.42200261100294,179.65020751953125,8807700,0.0,0.0,0.0010505730707750516,186.28860092163086,167.05187888372512
2019-05-28 00:00:00-04:00,180.12641208376456,183.27174185192845,180.03711651229582,182.87484741210938,14843300,0.0,0.0,0.01794954727356801,185.7691749572754,167.045500225491
2019-05-29 00:00:00-04:00,182.07122091416383,183.12296505399598,179.9379674335594,180.77142333984375,12797700,0.0,0.0,-0.011501986752314508,185.21304092407226,167.03475131685772
2019-05-30 00:00:00-04:00,181.65448419815255,182.0513636181961,179.4815337944626,181.58502197265625,8581500,0.0,0.0,0.00450070380473222,184.7159423828125,167.02400240822445
2019-05-31 00:00:00-04:00,178.87626783735388,179.1342379247509,175.78056622867737,176.08815002441406,15226500,0.0,0.0,-0.030271615403774432,183.96880645751952,166.98384151761493
2019-06-03 00:00:00-04:00,173.63739659299998,173.68701030573672,159.75632155211554,162.8718719482422,56059600,0.0,0.0,-0.07505489764268336,182.41499938964844,166.87505240667434
2019-06-04 00:00:00-04:00,162.43530246984187,166.96971095429262,159.58763901376403,166.19578552246094,46044300,0.0,0.0,0.02040814988161399,181.10626907348632,166.77075186229888
2019-06-05 00:00:00-04:00,166.17590496261795,167.40625509542053,163.34810570396453,166.86053466796875,19758300,0.0,0.0,0.003999795442574339,180.03467712402343,166.6718847183954
2019-06-06 00:00:00-04:00,166.98953717398857,168.37863003543336,165.9278614484741,167.01930236816406,12446400,0.0,0.0,0.0009514994094392826,178.9824348449707,166.57498632158553
2019-06-07 00:00:00-04:00,168.84499682676795,172.51618434341103,167.52535084122192,172.000244140625,16917300,0.0,0.0,0.029822551656223162,178.22339324951173,166.50415326678564
2019-06-10 00:00:00-04:00,173.38933904535602,176.47512416844333,172.44673908569467,173.45880126953125,14767900,0.0,0.0,0.008479971270934694,177.55265731811522,166.4515502263629
2019-06-11 00:00:00-04:00,177.09028772714373,178.57860819974294,175.41344423895202,176.7132568359375,15266600,0.0,0.0,0.018762124161974647,177.38199768066406,166.40823942517477
2019-06-12 00:00:00-04:00,176.99108348971458,177.87415307132238,171.53390817551417,173.6770782470703,17699800,0.0,0.0,-0.017181385501179536,177.09971313476564,166.34327313256642
2019-06-13 00:00:00-04:00,174.16325320466794,176.64378722187107,173.25041850313457,176.08815002441406,12253600,0.0,0.0,0.013882498494785844,176.66313934326172,166.2844884660509
2019-06-14 00:00:00-04:00,179.10445322528562,180.4240989955405,178.59842979126856,179.91807556152344,16773700,0.0,0.0,0.021750046988274763,176.38234252929686,166.24086243765694
2019-06-17 00:00:00-04:00,183.56941502480336,188.02445911058558,182.97409600606449,187.53826904296875,29459900,0.0,0.0,0.04235368490721525,176.56639556884767,166.21015097602967
2019-06-18 00:00:00-04:00,192.48942685018991,193.01529881543811,185.82175064706763,187.0024871826172,37571400,0.0,0.0,-0.002856920153341047,176.85165710449218,166.18109321594238
2019-06-19 00:00:00-04:00,185.54397478441913,186.63541598620208,183.11305407860868,186.02023315429688,21417100,0.0,0.0,-0.005252625476371842,176.9836227416992,166.13845174274746
2019-06-20 00:00:00-04:00,189.4632172560091,189.67158881029314,186.17899208406163,188.0542755126953,14635700,0.0,0.0,0.010934522142606262,177.19248428344727,166.1071105533176
2019-06-21 00:00:00-04:00,187.2803281006879,190.50502249182557,187.2803281006879,189.65171813964844,22751200,0.0,0.0,0.008494582867621503,177.70198669433594,166.06435088505822
2019-06-24 00:00:00-04:00,190.92173547946894,192.46958624375878,190.0783630194278,191.100341796875,15509000,0.0,0.0,0.007638336585803485,178.2744934082031,166.02930834936717
2019-06-25 00:00:00-04:00,191.37818067769592,191.63615078576746,186.6651656672942,187.36962890625,16750300,0.0,0.0,-0.019522272202895707,178.49923248291014,165.97851644243514
2019-06-26 00:00:00-04:00,188.0641734366749,189.27467533226644,185.85154117898648,186.19882202148438,12808600,0.0,0.0,-0.006248648148582503,178.77060241699218,165.94430078778947
2019-06-27 00:00:00-04:00,188.40153639562095,197.3314594204653,186.80407178224405,188.0244903564453,11159000,0.0,0.0,0.00980494030596124,179.09257583618165,165.90689598567903
2019-06-28 00:00:00-04:00,189.06631769759005,191.6956778650276,188.4610667537676,191.4972381591797,16378900,0.0,0.0,0.018469656777959864,179.86303024291993,165.89571389697846
2019-07-01 00:00:00-04:00,193.69003702974348,193.75948411379966,190.43556226592588,191.4972381591797,14181800,0.0,0.0,0.0,181.2942985534668,165.88299636235314
2019-07-02 00:00:00-04:00,191.49723166441305,193.48165893554688,191.20949637168923,193.48165893554688,9050000,0.0,0.0,0.01036266003334041,182.6585922241211,165.88567367432609
2019-07-03 00:00:00-04:00,192.64818253655406,195.86294468280312,192.64818253655406,195.6645050048828,10246100,0.0,0.0,0.011281927606704434,184.0987907409668,165.88504364376976
2019-07-05 00:00:00-04:00,194.6524545971022,195.5355392255742,192.65811073386783,194.87074279785156,11164100,0.0,0.0,-0.004056751156840899,185.49136276245116,165.8994936564612
2019-07-08 00:00:00-04:00,193.67016392658124,195.14855241641712,192.13222990657042,194.2357177734375,9723900,0.0,0.0,-0.0032586986393992046,186.6031364440918,165.88890211922782
2019-07-09 00:00:00-04:00,193.45189840383705,197.90694318538272,193.3725194942796,197.6588897705078,14698600,0.0,0.0,0.01762380285310461,187.81314086914062,165.8730740320115
2019-07-10 00:00:00-04:00,198.4427198534289,201.37967876885,198.1152875488734,201.15145874023438,20571700,0.0,0.0,0.017669678170213476,189.03505096435546,165.86515980675108
2019-07-11 00:00:00-04:00,201.67733945504267,202.21314330019712,198.65109995843773,199.66314697265625,13678500,0.0,0.0,-0.007398960847209812,190.33435440063477,165.85606453910705
2019-07-12 00:00:00-04:00,198.12521939439213,203.70147054413573,197.60927918407927,203.27481079101562,15366300,0.0,0.0,0.018088785402415652,191.69368743896484,165.86523870437864
2019-07-15 00:00:00-04:00,202.65961459342148,203.73120702838713,200.24854296973157,202.322265625,16030300,0.0,0.0,-0.004685997061362079,192.81389694213868,165.8533872271341
2019-07-16 00:00:00-04:00,202.30243658551404,203.87013593903205,201.51859447874432,202.25282287597656,12132700,0.0,0.0,-0.0003432284074563752,193.54962463378905,165.83968519786046
2019-07-17 00:00:00-04:00,202.5901721385115,202.76877846508143,200.02034246492263,200.2287139892578,12083700,0.0,0.0,-0.010007815257836783,194.2109359741211,165.8183053334554
2019-07-18 00:00:00-04:00,198.59154487779838,200.89348768416536,197.82755131083823,199.21664428710938,11937900,0.0,0.0,-0.005054568258390457,194.87075653076172,165.78204227629163
2019-07-19 00:00:00-04:00,200.60573880997634,200.7545799342816,196.52775543963102,196.81549072265625,12098300,0.0,0.0,-0.01205297666289673,195.30881729125977,165.73873135400197
2019-07-22 00:00:00-04:00,198.35343613170718,200.99272809727643,197.26199505121497,200.7446746826172,13589000,0.0,0.0,0.01996379423964023,195.86346511840821,165.71601301526266
2019-07-23 00:00:00-04:00,201.26060582970467,202.64971397328844,199.39525453057416,200.7843475341797,14583700,0.0,0.0,0.00019762841343218263,196.34766540527343,165.6861679137699
2019-07-24 00:00:00-04:00,196.09117644778885,203.21526274994375,195.68436524268566,203.06643676757812,32532500,0.0,0.0,0.011365872197831361,197.13250579833985,165.66155942281088
2019-07-25 00:00:00-04:00,205.09058283695734,207.0353284840123,196.7162962118502,199.14723205566406,39889900,0.0,0.0,-0.019300110714011498,197.77992630004883,165.60659411596873
2019-07-26 00:00:00-04:00,198.63124804833765,201.30030512248393,194.72192394270914,198.19467163085938,24434000,0.0,0.0,-0.004783196909000642,198.28843536376954,165.53670607672797
2019-07-29 00:00:00-04:00,197.45050838228804,198.07560780135663,193.77932105342705,194.41433715820312,16530800,0.0,0.0,-0.019073845131907352,198.4342903137207,165.61419335622637
2019-07-30 00:00:00-04:00,193.86862138181795,197.16277791456997,191.99333821876863,195.50576782226562,11903600,0.0,0.0,0.005613941235076414,198.634716796875,165.70140575227282
2019-07-31 00:00:00-04:00,195.4164736835156,197.2123779524002,191.17971719472445,192.7176513671875,14593500,0.0,0.0,-0.014261044500808784,198.59651641845704,165.79263435848176
2019-08-01 00:00:00-04:00,192.65812973086238,196.92465161169306,189.3937533631913,191.22933959960938,17777000,0.0,0.0,-0.007722757915632927,198.37475814819337,165.87197219000922
2019-08-02 00:00:00-04:00,189.6120392924137,191.12019317718264,186.60563306925116,187.54823303222656,15297000,0.0,0.0,-0.019249695549282353,198.0086326599121,165.94036414131287
2019-08-05 00:00:00-04:00,183.25194632650906,184.22431149023885,177.9435971014936,180.3149871826172,23086700,0.0,0.0,-0.03856739001303455,197.3125961303711,165.9614683787028
2019-08-06 00:00:00-04:00,182.25974161709226,184.34338135616957,181.66440732593878,183.07334899902344,18035700,0.0,0.0,0.01529746284269029,196.58331909179688,165.9879667796786
2019-08-07 00:00:00-04:00,182.17040939405186,184.91882995975232,179.80893635783994,183.7083282470703,15833200,0.0,0.0,0.003468441755824614,195.71116256713867,165.98584047953287
2019-08-08 00:00:00-04:00,185.16692197288071,188.8579582701457,182.61694055233937,188.6793670654297,14828900,0.0,0.0,0.027059409150323344,195.16197357177734,166.01084279257154
2019-08-09 00:00:00-04:00,188.5205976993792,189.492962858845,185.66301747893215,186.38734436035156,11058800,0.0,0.0,-0.01214771249621216,194.31760025024414,166.02135555327885
2019-08-12 00:00:00-04:00,185.39510743470652,186.12933577038334,183.0237176614181,183.92662048339844,10930900,0.0,0.0,-0.013202204717267074,193.39781799316407,166.0303326864091
2019-08-13 00:00:00-04:00,184.07548718412679,189.88985998710254,183.9266460473053,186.982666015625,13577000,0.0,0.0,0.01661556942760445,192.6343101501465,166.0625797150627
2019-08-14 00:00:00-04:00,184.35327620412184,184.5417991965045,177.9138049684069,178.31069946289062,18903700,0.0,0.0,-0.046378451743808724,191.5384094238281,166.06124099852548
2019-08-15 00:00:00-04:00,179.54105938203216,181.77354012490346,178.62822462841115,181.1682891845703,12925900,0.0,0.0,0.01602590158799977,190.63599166870117,166.06706828162783
2019-08-16 00:00:00-04:00,182.3192517702729,183.65874620661722,180.94007545091594,182.26963806152344,12654600,0.0,0.0,0.00607914818818589,189.90869903564453,166.0834869808621
2019-08-19 00:00:00-04:00,184.561670636256,186.04007454570535,183.41071421478472,184.72042846679688,9691200,0.0,0.0,0.01344596078281679,189.10748672485352,166.12864851573156
2019-08-20 00:00:00-04:00,184.00601392079102,184.55173444310773,180.96984264751063,182.3787841796875,10083400,0.0,0.0,-0.012676693674572581,188.1872085571289,166.168061483474
2019-08-21 00:00:00-04:00,183.55951048176124,184.4524966389247,181.7139926356428,182.1208038330078,8398200,0.0,0.0,-0.0014145304665783565,187.1399269104004,166.21156919570197
2019-08-22 00:00:00-04:00,182.00171952839068,182.67643259782585,178.50913882300034,180.62254333496094,10821400,0.0,0.0,-0.008226739979803055,186.21369247436525,166.2486590733604
2019-08-23 00:00:00-04:00,179.43188765274857,181.7040650707823,175.2844424449489,176.36595153808594,17323400,0.0,0.0,-0.02356622666408381,185.12225646972655,166.26484156411792
2019-08-26 00:00:00-04:00,178.00311099751607,179.09455199642167,176.85215474591666,178.9556427001953,8773600,0.0,0.0,0.01468362311163074,184.34932174682618,166.29421436975872
2019-08-27 00:00:00-04:00,180.51342048042534,182.60699186900402,179.60058574729803,179.88833618164062,14399600,0.0,0.0,0.005211869641952971,183.5684501647949,166.32039784628248
2019-08-28 00:00:00-04:00,179.12435362097122,180.5332953806521,177.5268888195054,180.3447723388672,9386100,0.0,0.0,0.0025373304735314406,182.9498062133789,166.33732856266082
2019-08-29 00:00:00-04:00,182.33911909214527,184.63113035702233,182.04145194891893,184.12510681152344,10128700,0.0,0.0,0.02096170808629272,182.5945945739746,166.37398556300573
2019-08-30 00:00:00-04:00,185.325677292104,185.34552580568567,182.03153561659624,184.2243194580078,10774500,0.0,0.0,0.000538832797994937,182.42839889526368,166.41245363629054
2019-09-03 00:00:00-04:00,182.5672978356848,184.22429268946135,180.69201478416736,180.96983337402344,9779400,0.0,0.0,-0.017665887400529656,182.46114120483398,166.4311560070704
2019-09-04 00:00:00-04:00,183.21222884048626,186.28809694997892,182.45815198098745,185.68284606933594,11308000,0.0,0.0,0.026043084681256046,182.59161605834962,166.47608121236166
2019-09-05 00:00:00-04:00,187.06203278145225,189.86999914606272,186.4766303785772,189.41357421875,13876700,0.0,0.0,0.020091937561216522,182.8768783569336,166.55380457923525
2019-09-06 00:00:00-04:00,188.72894287197545,188.72894287197545,184.89899802699838,186.03012084960938,15226800,0.0,0.0,-0.01786278192096802,182.7444160461426,166.6337722596668
2019-09-09 00:00:00-04:00,186.26825860954187,187.5085256343164,184.40290729946628,187.2902374267578,14722400,0.0,0.0,0.006773723370137041,182.7895606994629,166.73704913305858
2019-09-10 00:00:00-04:00,185.98054414424752,186.63540884024363,183.1130470675156,184.72042846679688,15455900,0.0,0.0,-0.01372099792956849,182.82925109863282,166.8281203678676
2019-09-11 00:00:00-04:00,185.00814655705247,187.96493871863368,184.63110056048305,187.0223388671875,11761700,0.0,0.0,0.012461590845672887,182.83123474121095,166.92383754064167
2019-09-12 00:00:00-04:00,188.38165886407367,189.44331945402973,185.77213247066746,186.01026916503906,11419800,0.0,0.0,-0.005411490992352275,183.21621322631836,167.0086087120904
2019-09-13 00:00:00-04:00,185.8713922210499,186.50640837656061,185.08753492816635,185.73248291015625,11441100,0.0,0.0,-0.0014933920375995724,183.44442291259764,167.10779065934437
2019-09-16 00:00:00-04:00,185.4744673984853,186.3277716375968,184.3235112131533,184.77000427246094,8444800,0.0,0.0,-0.005182069515330179,183.56944122314454,167.2056733691503
2019-09-17 00:00:00-04:00,185.20659802654154,186.85367627008114,184.0953084764538,186.61553955078125,9671100,0.0,0.0,0.009988284005226777,183.66419677734376,167.30709962996227
2019-09-18 00:00:00-04:00,186.6254656341867,187.60776261828698,184.56165938293236,186.67507934570312,9681900,0.0,0.0,0.00031905057352243915,183.87901153564454,167.41561311388773
2019-09-19 00:00:00-04:00,187.19104332016965,189.61204720994286,186.68500463535224,188.65951538085938,10392700,0.0,0.0,0.010630428239868372,184.2059471130371,167.53310391259572
2019-09-20 00:00:00-04:00,189.1754682614503,191.5964721193446,186.6552369772569,188.45114135742188,19934200,0.0,0.0,-0.001104497819878536,184.59737701416014,167.63890072656056
2019-09-23 00:00:00-04:00,187.86570841161895,188.61980039313607,183.7678767782794,185.36534118652344,13327600,0.0,0.0,-0.01637453691535795,185.04734649658204,167.72079773554725
2019-09-24 00:00:00-04:00,186.51632857075447,186.57585897083138,178.98543016143273,179.86849975585938,18546600,0.0,0.0,-0.02965409496445659,185.09298934936524,167.7930482228597
2019-09-25 00:00:00-04:00,180.03715354178527,181.9918155324956,176.4850270596817,181.37664794921875,18068300,0.0,0.0,0.008384726594186542,185.16740493774415,167.86151876903716
2019-09-26 00:00:00-04:00,179.91809765361586,179.9875447342743,176.2865921683542,178.7075958251953,16083300,0.0,0.0,-0.014715522390570945,185.08554611206054,167.92136658562555
2019-09-27 00:00:00-04:00,179.0846423972008,179.35252917482316,174.2922487777934,175.72103881835938,14656200,0.0,0.0,-0.016711975744765017,184.66534271240235,167.9613307468475
2019-09-30 00:00:00-04:00,176.4850336273538,177.27880755981747,175.47298662494165,176.6934051513672,10740000,0.0,0.0,0.005533579470884842,184.2887969970703,167.99771187797424
2019-10-01 00:00:00-04:00,177.7550292489999,178.4396589354788,173.51828881987814,174.4410400390625,17073000,0.0,0.0,-0.012747307180905665,183.96235733032228,168.04240069313656
2019-10-02 00:00:00-04:00,173.47863061918676,175.1554741070558,171.7422567348218,173.24050903320312,16151700,0.0,0.0,-0.006882159184504633,183.34024047851562,168.09027901906816
2019-10-03 00:00:00-04:00,174.20295999420713,178.4397014323433,172.27806306653957,177.98329162597656,16086300,0.0,0.0,0.02737686825813035,182.76872634887695,168.169223028516
2019-10-04 00:00:00-04:00,178.15195096952186,179.57080911896514,176.7132443093235,179.04493713378906,10430200,0.0,0.0,0.0059648605108590935,182.41946716308593,168.2401741572789
2019-10-07 00:00:00-04:00,178.598445179605,179.7692499419264,176.70331359993784,178.2809295654297,9178300,0.0,0.0,-0.004267127463026155,181.96900177001953,168.32218924022857
2019-10-08 00:00:00-04:00,176.87197497818335,178.96554609149192,176.33618634396117,176.36595153808594,9466900,0.0,0.0,-0.010741350923015869,181.551277923584,168.40258997962587
2019-10-09 00:00:00-04:00,177.76498569720047,179.3128364340987,176.55448393834877,178.44961547851562,7556900,0.0,0.0,0.011814434261591122,181.12264175415038,168.49157415117537
2019-10-10 00:00:00-04:00,178.91597003720196,180.19591896552552,177.7749152722836,178.6282196044922,8605000,0.0,0.0,0.001000865849431154,180.75353927612304,168.5787078312465
2019-10-11 00:00:00-04:00,180.73171968660145,185.03793865783828,180.72180299997834,182.75584411621094,14930500,0.0,0.0,0.023107348440564834,180.60470733642578,168.70789249359615
2019-10-14 00:00:00-04:00,182.76573995798162,183.18246784831845,181.1484421040507,181.8529052734375,7006000,0.0,0.0,-0.004940683824038339,180.4588523864746,168.8257375141931
2019-10-15 00:00:00-04:00,182.36884170319726,188.89760825602724,182.22993242079562,187.41920471191406,15039100,0.0,0.0,0.030608801273243058,180.49903564453126,168.96413545759899
2019-10-16 00:00:00-04:00,186.85367815342866,188.22292266826352,185.44472147500937,188.0740966796875,10516900,0.0,0.0,0.0034942628679919263,180.56898651123046,169.1059982965863
2019-10-17 00:00:00-04:00,188.81828190967647,189.35407067948867,187.30019606523135,188.90757751464844,9603000,0.0,0.0,0.004431662039990902,180.5813896179199,169.23045824444483
2019-10-18 00:00:00-04:00,188.74879370899365,189.99899256650664,182.48792815550277,184.4029083251953,16874200,0.0,0.0,-0.023845889342918647,180.37897796630858,169.33452264089433
2019-10-21 00:00:00-04:00,185.58361808412022,188.43128130392094,185.29588281256093,188.28244018554688,8122600,0.0,0.0,0.02103834421911599,180.52483291625975,169.47170000227672
2019-10-22 00:00:00-04:00,188.52061878014374,189.1655516831361,180.08680162418992,180.92025756835938,19537600,0.0,0.0,-0.03910180158028698,180.57742080688476,169.58308795141795
2019-10-23 00:00:00-04:00,180.59279769294298,184.92878155956058,180.58288100701617,184.7005615234375,12300400,0.0,0.0,0.02089486277483199,180.7436164855957,169.70660282316663
2019-10-24 00:00:00-04:00,183.18246638144458,185.27603764183385,181.37664553777893,184.92877197265625,11413500,0.0,0.0,0.0012355698723189867,181.05467529296874,169.83255891951305
2019-10-25 00:00:00-04:00,184.3830746603191,187.5283902891114,183.6488310680537,186.42703247070312,8061200,0.0,0.0,0.00810182472994736,181.58997497558593,169.99733731103322
2019-10-28 00:00:00-04:00,185.74238033048172,188.05423980339688,183.63889237228332,187.9252471923828,13657900,0.0,0.0,0.008036467146550486,182.1515670776367,170.1487285977318
2019-10-29 00:00:00-04:00,190.19741050292103,191.0308662192543,187.0024817836667,187.8359375,13574900,0.0,0.0,-0.0004752405209895727,182.8213119506836,170.32173589676145
2019-10-30 00:00:00-04:00,188.084007598717,188.96707709714187,184.53188109382305,186.78421020507812,28734600,0.0,0.0,-0.005599180374745272,183.49849700927734,170.50348424154615
2019-10-31 00:00:00-04:00,195.1684118031179,196.54758809947734,186.78420992352372,190.15773010253906,42286500,0.0,0.0,0.018061055020427208,184.10721893310546,170.6823583027673
2019-11-01 00:00:00-04:00,191.34841785180365,192.59860166178294,188.4313071552058,192.11241149902344,21711800,0.0,0.0,0.01027926340638552,184.76059265136718,170.84705791776142
2019-11-04 00:00:00-05:00,193.0351676602356,195.83320226631028,192.3009241125528,193.20384216308594,16371300,0.0,0.0,0.0056812084942676755,185.50673828125,171.01624609932068
2019-11-05 00:00:00-05:00,193.84878860686817,194.22583466326856,192.09258123253747,192.80697631835938,9942000,0.0,0.0,-0.002054130188526848,186.32878952026368,171.18937171451628
2019-11-06 00:00:00-05:00,192.51920293642016,192.85655192566824,189.860077764731,190.0585174560547,10973000,0.0,0.0,-0.014254976219151283,186.90923461914062,171.35816613454668
2019-11-07 00:00:00-05:00,190.41570526985566,191.93379078422407,187.99470179492178,188.9373016357422,13473000,0.0,0.0,-0.005899318985121194,187.42468872070313,171.51755030193027
2019-11-08 00:00:00-05:00,188.520609040297,190.84238553909282,188.22294189276366,189.35406494140625,10760800,0.0,0.0,0.00220582861116303,187.75459976196288,171.67232782878574
2019-11-11 00:00:00-05:00,188.45113697942728,188.59997811541814,187.07196056979558,188.13363647460938,8631200,0.0,0.0,-0.006445219262520285,188.0686363220215,171.8366731007894
2019-11-12 00:00:00-05:00,188.52058402549875,193.54118241978134,188.26261393985592,192.95578002929688,17615500,0.0,0.0,0.02563148007474081,188.34546508789063,172.0316114577036
2019-11-13 00:00:00-05:00,193.18396692674722,194.17618043447573,191.23923692998622,191.68572998046875,10860700,0.0,0.0,-0.006582078280501835,188.5260467529297,172.23493645683166
2019-11-14 00:00:00-05:00,191.42776891848106,192.51920997060702,189.95929698105766,191.64605712890625,9040500,0.0,0.0,-0.00020696820554422235,188.66297073364257,172.43570215739902
2019-11-15 00:00:00-05:00,192.74741587846907,193.7793265404359,191.8742781721648,193.5808868408203,11524300,0.0,0.0,0.010095849301051008,189.12186965942382,172.63603479900058
2019-11-18 00:00:00-05:00,193.04509283218158,197.08340981198546,191.5468556127838,195.86297607421875,16167200,0.0,0.0,0.011788814849654994,189.50089645385742,172.84688008020794
2019-11-19 00:00:00-05:00,195.8629572080851,198.44271860595367,195.3271685294393,197.7680206298828,19056800,0.0,0.0,0.009726414832694985,190.3432846069336,173.0822944943867
2019-11-20 00:00:00-05:00,197.0337674343433,198.03589766364595,193.90828568596345,195.9720916748047,12355400,0.0,0.0,-0.009080987660988749,190.90686111450196,173.34200241452172
2019-11-21 00:00:00-05:00,195.88281621251903,197.5398111848461,195.32717899305354,196.3888397216797,12131000,0.0,0.0,0.0021265683461018092,191.47986450195313,173.5998992617168
2019-11-22 00:00:00-05:00,196.8353504476804,197.7481851968405,196.0812583775203,197.2719268798828,9959800,0.0,0.0,0.00449662597658107,192.0221092224121,173.85189010983422
2019-11-25 00:00:00-05:00,197.9664577166115,199.40516437958556,197.6985558108234,198.23434448242188,15272300,0.0,0.0,0.004878634369121615,192.53756408691407,174.1198664771186
2019-11-26 00:00:00-05:00,198.442724670464,198.5915506579755,196.49797930710295,197.42074584960938,11735500,0.0,0.0,-0.004104226414129997,193.01680450439454,174.36630560859803
2019-11-27 00:00:00-05:00,198.3434998487067,201.55827748084596,197.8672415424567,200.42715454101562,12736600,0.0,0.0,0.015228433458034152,193.6989517211914,174.6301084548708
2019-11-29 00:00:00-05:00,200.0302949188543,202.21316210662366,199.6433321680224,200.06997680664062,7985200,0.0,0.0,-0.0017820825486094538,194.19456405639647,174.8855642591204
2019-12-02 00:00:00-05:00,200.55615237948257,200.60575095060796,196.5079188210261,198.1450653076172,11503400,0.0,0.0,-0.009621191193938006,194.49619674682617,175.12582182505773
2019-12-03 00:00:00-05:00,196.06142500513212,197.3810558479545,193.5610423461413,197.2719268798828,11595300,0.0,0.0,-0.004406561558214173,194.69960098266603,175.3550153762575
2019-12-04 00:00:00-05:00,198.44272970673654,198.47249490499425,196.50791612009164,197.16278076171875,8456300,0.0,0.0,-0.0005532774981740207,194.917391204834,175.58188589792402
2019-12-05 00:00:00-05:00,198.3038155523698,199.72267376788747,196.66666912831428,197.80770874023438,9740400,0.0,0.0,0.003271043226434678,195.30485076904296,175.82375768631223
2019-12-06 00:00:00-05:00,198.9388527849813,200.00052874284466,198.50227632156012,199.4845733642578,12270600,0.0,0.0,0.008477246082585932,195.83221435546875,176.06559011671277
2019-12-09 00:00:00-05:00,199.08766324843836,201.55828069269086,198.6511019590734,199.7722930908203,11954800,0.0,0.0,0.001442315672385952,196.35312576293944,176.3172658587259
2019-12-10 00:00:00-05:00,200.0897959341768,200.47675862817715,198.59154372562898,199.30593872070312,9475700,0.0,0.0,-0.0023344296794208796,196.91174087524413,176.54964849683972
2019-12-11 00:00:00-05:00,198.72055602657602,201.05226424708127,198.72055602657602,200.6851348876953,8036800,0.0,0.0,0.006919995339049745,197.29820861816407,176.78659853859554
2019-12-12 00:00:00-05:00,200.7744666393799,202.0742642830281,192.58870286466802,195.2180633544922,23734800,0.0,0.0,-0.027242035321961122,197.47482528686524,176.99232552543518
2019-12-13 00:00:00-05:00,194.8707495720382,195.26764410536947,191.66590380777728,192.5985870361328,18798000,0.0,0.0,-0.013418206662580867,197.52245178222657,177.18564965989856
2019-12-16 00:00:00-05:00,193.74956142284032,197.56957484695494,193.29313648755445,196.37892150878906,14911500,0.0,0.0,0.019628048838941092,197.662353515625,177.3977156442309
2019-12-17 00:00:00-05:00,197.29175372373888,197.45051153746434,194.60286327616436,196.8452606201172,10175700,0.0,0.0,0.0023746902556813776,197.71146774291992,177.62686971634153
2019-12-18 00:00:00-05:00,198.53202502655532,202.70925114268758,198.53202502655532,200.9232635498047,23274400,0.0,0.0,0.020716795094993135,197.869229888916,177.85854378957598
2019-12-19 00:00:00-05:00,201.20106141396522,204.69365733103916,200.93315951766147,204.4555206298828,16514600,0.0,0.0,0.01758012993454372,198.29340133666992,178.14526188562786
2019-12-20 00:00:00-05:00,205.8644693078134,206.09268933196256,201.84600128143063,204.69366455078125,27306900,0.0,0.0,0.0011647712918916309,198.708642578125,178.43229514833482
2019-12-23 00:00:00-05:00,205.09054025240894,206.96582327912705,204.07847817990123,204.5745849609375,13348900,0.0,0.0,-0.0005817453613187196,199.07377548217772,178.75212651207335
2019-12-24 00:00:00-05:00,204.69370833102064,205.1798833995447,203.40382737333985,203.52288818359375,6046300,0.0,0.0,-0.00514089654658012,199.33820266723632,179.0712886991955
2019-12-26 00:00:00-05:00,203.96934273768787,206.20182318137432,203.71135753016551,206.1720428466797,9350700,0.0,0.0,0.013016495032716957,199.77576751708983,179.3611173478384
2019-12-27 00:00:00-05:00,207.0452445250159,207.303214653522,204.9814380770256,206.4796905517578,10284200,0.0,0.0,0.0014921892455947994,200.07839431762696,179.65082804361978
2019-12-30 00:00:00-05:00,206.2415083405457,206.2811902208079,202.31233603558812,202.81837463378906,10524300,0.0,0.0,-0.0177320873940916,200.21581420898437,179.93120702107748
2019-12-31 00:00:00-05:00,202.41157321720846,203.9594240017671,202.0146938355188,203.65184020996094,8953500,0.0,0.0,0.004109418476885063,200.49115295410155,180.22320132785373
2020-01-02 00:00:00-05:00,205.14018485188762,208.1565078732457,204.66392650956365,208.14659118652344,12077100,0.0,0.0,0.02207076043078482,201.0348861694336,180.51495960780554
2020-01-03 00:00:00-05:00,205.59657325047942,208.7617217095724,205.3385880417922,207.04519653320312,11188400,0.0,0.0,-0.005291437380943398,201.5290069580078,180.81786031571644
2020-01-06 00:00:00-05:00,205.0905414609908,211.12320177073943,204.9119502859545,210.94461059570312,17058900,0.0,0.0,0.018833636943973664,202.18585205078125,181.11178389049712
2020-01-07 00:00:00-05:00,211.16289467328085,212.9091850683675,210.10121890912478,211.40101623535156,14912400,0.0,0.0,0.002163627875391372,202.78167419433595,181.4071248372396
2020-01-08 00:00:00-05:00,211.34150448738282,214.55628211870993,210.95454177490646,213.54421997070312,13475000,0.0,0.0,0.010138095707948436,203.47027053833008,181.69333121890114
2020-01-09 00:00:00-05:00,215.84612774338615,216.67959862689565,214.5959441280876,216.6002197265625,12642800,0.0,0.0,0.014310852133008423,204.33498458862306,181.9849711221362
2020-01-10 00:00:00-05:00,217.4932292798279,218.16794243532362,215.72709019217615,216.3621063232422,12119400,0.0,0.0,-0.0010993220765006528,205.11883316040038,182.2757842048766
2020-01-13 00:00:00-05:00,217.8901027575594,220.241644038371,217.50314007666663,220.18211364746094,14463400,0.0,0.0,0.01765562089006334,206.36703567504884,182.58333097185408
2020-01-14 00:00:00-05:00,219.88445679338435,220.64846550559204,216.92766450065454,217.35430908203125,13288900,0.0,0.0,-0.01284302579617047,207.60482177734374,182.87339601062592
2020-01-15 00:00:00-05:00,218.8922508489187,219.95391156667583,218.42590922878898,219.42803955078125,10036500,0.0,0.0,0.009540783789878216,208.75727767944335,183.15767306373232
2020-01-16 00:00:00-05:00,220.83698679349612,220.89651718671533,218.6739532866718,220.043212890625,10015300,0.0,0.0,0.002803531130766812,209.91717529296875,183.4499431186252
2020-01-17 00:00:00-05:00,220.3011647460271,220.5591348086242,218.81284447878468,220.41030883789062,15905900,0.0,0.0,0.0016682902528244448,210.89152755737305,183.7406773642888
2020-01-21 00:00:00-05:00,220.4301848234441,220.63854120844226,217.41384689413272,219.71578979492188,14275800,0.0,0.0,-0.003151027947061902,211.654541015625,184.0218045673673
2020-01-22 00:00:00-05:00,220.5790072572682,221.01558367210345,219.55702844071217,219.5967254638672,12212800,0.0,0.0,-0.0005419015682296413,212.3996940612793,184.31218465169272
2020-01-23 00:00:00-05:00,219.03117089962214,219.76541447669973,217.5626988854463,218.0488739013672,11195000,0.0,0.0,-0.007048609487369961,213.0734085083008,184.60929755559044
2020-01-24 00:00:00-05:00,219.08077359333404,220.0531387162507,214.42728922369366,216.2430419921875,11905800,0.0,0.0,-0.008281775901289645,213.70941619873048,184.8932202657064
2020-01-27 00:00:00-05:00,211.44073790551,214.3776818732718,210.84540365097445,213.1969451904297,13810700,0.0,0.0,-0.014086450013350515,214.06066131591797,185.15253454541403
2020-01-28 00:00:00-05:00,214.45704612676462,217.03680753347362,211.85745134891118,216.0941925048828,13413800,0.0,0.0,0.013589534840029227,214.54138641357423,185.42940939040412
2020-01-29 00:00:00-05:00,219.71578087459076,222.454284946092,216.74905677548094,221.49183654785156,33181300,0.0,0.0,0.024978200387531402,215.47505950927734,185.74061784290132
2020-01-30 00:00:00-05:00,204.92190308321167,209.78374436679547,203.15576383227844,207.89854431152344,48775500,0.0,0.0,-0.06137152704222304,215.68739471435546,185.97335500565785
2020-01-31 00:00:00-05:00,206.80706640152664,207.06505161840613,199.4944572611041,200.3378448486328,31359900,0.0,0.0,-0.03636725542224761,215.29695739746094,186.11202857607887
2020-02-03 00:00:00-05:00,201.85595265807504,203.54271287919764,200.92326938028347,202.60011291503906,15495600,0.0,0.0,0.011292265163955983,215.07470321655273,186.2635379972912
2020-02-04 00:00:00-05:00,205.0111699219711,208.96019096490863,203.60222842171876,208.19618225097656,19628900,0.0,0.0,0.027621254773358528,214.9372817993164,186.4233158656529
2020-02-05 00:00:00-05:00,210.85530559513091,211.07359379720026,207.08490604661267,208.4739990234375,12538200,0.0,0.0,0.001334398976279294,214.7909309387207,186.57667583889432
2020-02-06 00:00:00-05:00,208.83119069401755,209.54558567358004,207.7099845183197,209.20823669433594,10567500,0.0,0.0,0.0035219628075340292,214.57413177490236,186.73558752877372
2020-02-07 00:00:00-05:00,208.66251967249352,211.16290214252007,208.295390351353,210.6767120361328,12242500,0.0,0.0,0.007019204238800647,214.27795639038087,186.91650899251303
2020-02-10 00:00:00-05:00,209.87301403214792,212.13525971168318,209.01970977478095,211.40101623535156,11856400,0.0,0.0,0.0034379889083067106,214.02990188598633,187.09656433832077
2020-02-11 00:00:00-05:00,208.55340818422275,209.21818957243212,204.90205375258859,205.57676696777344,25030800,0.0,0.0,-0.027550715560865746,213.29963455200195,187.2595710148887
2020-02-12 00:00:00-05:00,206.23159701357275,209.57535190670174,205.78508879415304,209.11892700195312,13813700,0.0,0.0,0.01723035188472899,212.88786544799805,187.43958682105654
2020-02-13 00:00:00-05:00,207.88859930018288,212.66114433026516,207.55123516722094,211.48040771484375,15396600,0.0,0.0,0.011292525008358423,212.49048385620117,187.63279282100618
2020-02-14 00:00:00-05:00,212.3337074056923,213.25645877349032,210.99421300859052,212.51229858398438,10741700,0.0,0.0,0.004879368638876613,212.11393814086915,187.83056622459776
2020-02-18 00:00:00-05:00,211.88721815961387,216.28271715809083,211.73837703502883,216.1041259765625,15609200,0.0,0.0,0.016901738941751843,211.89862899780275,188.0483019995311
2020-02-19 00:00:00-05:00,216.2926461020249,216.62007840377584,214.42727970658711,215.79653930664062,12135100,0.0,0.0,-0.0014233262254106371,211.70266647338866,188.26564401293558
2020-02-20 00:00:00-05:00,214.83409174221154,217.0665723300639,211.2918819422964,212.90919494628906,13109200,0.0,0.0,-0.013379938203034514,211.36828994750977,188.47046534220377
2020-02-21 00:00:00-05:00,211.8177495955409,212.57184160157027,207.2039625311857,208.54344177246094,14092300,0.0,0.0,-0.020505235459320925,210.89301834106445,188.6678844028049
2020-02-24 00:00:00-05:00,200.2286969404289,202.06428291956448,196.62695691772672,199.1571044921875,23080100,0.0,0.0,-0.04500902641913218,210.03872146606446,188.82077183799137
2020-02-25 00:00:00-05:00,200.6752110946446,201.91547815950642,194.4242620597452,195.23788452148438,21433500,0.0,0.0,-0.01967903671172755,209.1407684326172,188.94735784379262
2020-02-26 00:00:00-05:00,195.65458831997873,199.6432909480778,193.96782834769067,195.6645050048828,16524500,0.0,0.0,0.0021851316635808082,208.1192840576172,189.07756605602447
2020-02-27 00:00:00-05:00,190.32642672297806,194.3548116584717,188.02448382270822,188.2725372314453,21682600,0.0,0.0,-0.03777878758977282,206.45831909179688,189.1836384364537
2020-02-28 00:00:00-05:00,181.27742781433986,191.23926117317146,180.4042901120362,190.9713592529297,32568900,0.0,0.0,0.014334655819540298,205.6119598388672,189.30577523367745
2020-03-02 00:00:00-05:00,192.51920770635363,195.03943878253864,187.37954841583093,194.9104461669922,24949000,0.0,0.0,0.020626584685117244,205.34058990478516,189.44027528308686
2020-03-03 00:00:00-05:00,194.692165348127,195.7042275193345,182.53754802737797,184.44259643554688,27984100,0.0,0.0,-0.053705945152251355,204.43271408081054,189.5131951589433
2020-03-04 00:00:00-05:00,187.69703155416585,190.3363231761663,184.9386791534209,190.26686096191406,23062500,0.0,0.0,0.03157765418034808,203.53624801635743,189.59391094389417
2020-03-05 00:00:00-05:00,185.32565973285247,187.5184585064804,182.4581629611719,183.7281951904297,19333400,0.0,0.0,-0.03436576258433799,202.29895782470703,189.64375795636857
2020-03-06 00:00:00-05:00,176.94145799688096,182.3490192383938,174.8875685209055,179.67996215820312,24559600,0.0,0.0,-0.022033814831907916,200.8225440979004,189.69084863814098
2020-03-09 00:00:00-04:00,168.2794489832595,173.63739688839533,163.90378294807687,168.1802215576172,29949000,0.0,0.0,-0.06400124122054718,198.6977195739746,189.69045505826435
2020-03-10 00:00:00-04:00,173.3099400535454,176.90174828238088,168.1801977845256,176.8025360107422,24517800,0.0,0.0,0.05126830237984348,196.96779556274413,189.7145515320793
2020-03-11 00:00:00-04:00,172.6550938325682,174.51054367524623,166.35454616437582,168.91445922851562,20373900,0.0,0.0,-0.044615178946003864,195.13468017578126,189.7079368470207
2020-03-12 00:00:00-04:00,158.2977734814563,165.30281520624732,153.13826505938434,153.2672576904297,43266300,0.0,0.0,-0.09263387876651608,192.34209671020508,189.6335208226764
2020-03-13 00:00:00-04:00,162.25667556735854,169.46014026563884,156.37285666627957,168.95411682128906,35028600,0.0,0.0,0.10234970839332047,190.21578216552734,189.63395388164219
2020-03-16 00:00:00-04:00,151.13398868681,157.89096114274597,141.98577772844195,144.87310791015625,39120400,0.0,0.0,-0.14252987357866198,186.83382263183594,189.55532497829861
2020-03-17 00:00:00-04:00,149.56632134736202,152.7414026425068,138.90993913742602,148.256591796875,34255600,0.0,0.0,0.02335480984377747,183.44144592285156,189.5118172055199
2020-03-18 00:00:00-04:00,138.6618382645267,147.02619090123744,136.03247851442796,145.81570434570312,37553100,0.0,0.0,-0.01646393878065211,179.9424041748047,189.45429241846477
2020-03-19 00:00:00-04:00,145.47836246781847,158.68472390390542,143.67254147340694,151.93768310546875,39862300,0.0,0.0,0.04198435818169144,176.89382858276366,189.40582360161676
2020-03-20 00:00:00-04:00,154.80516448603694,158.0298585688612,146.84760746399692,148.5641326904297,32568400,0.0,0.0,-0.022203513612204295,173.8948631286621,189.34144792102632
2020-03-23 00:00:00-04:00,148.4947199921912,151.12408048938786,141.14241214760287,146.94686889648438,29830800,0.0,0.0,-0.010885963958173428,171.28435134887695,189.27750542050316
2020-03-24 00:00:00-04:00,154.00147073760522,160.05396426855154,151.38202758854493,159.72653198242188,30440400,0.0,0.0,0.08696791692063921,169.50878372192383,189.25659797305153
2020-03-25 00:00:00-04:00,157.68258858451526,161.72090533404412,151.86821609525333,154.9936981201172,35184300,0.0,0.0,-0.02963085596089665,167.47524337768556,189.21143649873278
2020-03-26 00:00:00-04:00,157.01778278598553,162.723010280579,155.7973644480745,162.06814575195312,26556800,0.0,0.0,0.04564345336384812,166.16502380371094,189.201474931505
2020-03-27 00:00:00-04:00,156.96820833607012,158.84349167154605,153.54507401130994,155.56918334960938,24879900,0.0,0.0,-0.04010018361221013,164.39491500854493,189.16698371039496
2020-03-30 00:00:00-04:00,157.94056152383686,165.45162612076703,156.82928708074246,164.65785217285156,22515200,0.0,0.0,0.05842203852685457,162.88228530883788,189.16407000829304
2020-03-31 00:00:00-04:00,164.19150670747757,169.59906794500858,162.9214744764971,165.50123596191406,23676300,0.0,0.0,0.005122038080377367,161.93521728515626,189.15658908420139
2020-04-01 00:00:00-04:00,160.36156041626128,162.87185966361065,156.80943383993798,158.3572998046875,19507600,0.0,0.0,-0.043165455023372545,160.33973922729493,189.09910365513392
2020-04-02 00:00:00-04:00,157.86118519507858,160.0936657297294,154.70593816665038,156.95826721191406,20886300,0.0,0.0,-0.008834658045438704,159.00124282836913,189.03866516597688
2020-04-03 00:00:00-04:00,155.92636791796428,156.68045997611702,149.65558556793806,152.9794921875,25983300,0.0,0.0,-0.025349254264142695,157.66621932983398,188.95267329140316
2020-04-06 00:00:00-04:00,158.90300833132738,164.90590387910632,157.27577856792746,164.26097106933594,28453600,0.0,0.0,0.0737450407274769,157.47025680541992,188.9126304142059
2020-04-07 00:00:00-04:00,170.45235493492254,172.03990263218705,164.7173619670192,167.51541137695312,31411900,0.0,0.0,0.019812620651338264,157.00590057373046,188.888612474714
2020-04-08 00:00:00-04:00,169.91658282708556,173.63738391089035,166.4339184630365,172.92298889160156,21664200,0.0,0.0,0.03228107473932651,157.20632705688476,188.8756192525228
2020-04-09 00:00:00-04:00,174.53036037094571,175.7011802527379,170.2340889492218,173.82589721679688,23534300,0.0,0.0,0.0052214475992045095,158.23425903320313,188.86526392376612
2020-04-13 00:00:00-04:00,172.31774167717816,173.63738764003992,168.13059888974578,173.42901611328125,19355400,0.0,0.0,-0.002283210441425987,158.45800399780273,188.8545543731205
2020-04-14 00:00:00-04:00,177.5863748699079,179.81885533138671,175.24475031360217,176.78268432617188,21011800,0.0,0.0,0.01933741128243538,160.05348281860353,188.85089256649925
2020-04-15 00:00:00-04:00,173.82590202875645,176.80254281201508,171.47436065477507,175.592041015625,17423000,0.0,0.0,-0.006735067493092717,161.420255279541,188.8403404478043
2020-04-16 00:00:00-04:00,176.56441519874684,176.66364261929394,171.16677054452398,174.87765502929688,23593200,0.0,0.0,-0.004068441725468386,162.87335281372071,188.83002465868753
2020-04-17 00:00:00-04:00,177.8046785869603,178.87627111884785,175.28446264083883,177.84437561035156,20974800,0.0,0.0,0.016964549190447986,164.16868743896484,188.83183585272894
2020-04-20 00:00:00-04:00,176.02863367534525,179.0945703316381,175.3936175218738,176.8521728515625,16110700,0.0,0.0,-0.005579050534400554,165.58308944702148,188.83167848132905
2020-04-21 00:00:00-04:00,173.88544044431308,174.01443306233168,167.02924055696525,169.4700927734375,24850500,0.0,0.0,-0.0417415288661509,166.70925064086913,188.7897850521027
2020-04-22 00:00:00-04:00,177.06052242667482,183.34123663421514,176.75293861824514,180.86070251464844,33242000,0.0,0.0,0.06721309674645015,167.76595916748047,188.78387905302503
2020-04-23 00:00:00-04:00,182.64666460852993,185.59353994234564,181.72389817209415,183.68849182128906,21426600,0.0,0.0,0.01563517816376714,169.20069885253906,188.79391927567738
2020-04-24 00:00:00-04:00,181.80331915094598,188.927421669488,179.4220122334275,188.59007263183594,28792000,0.0,0.0,0.026684201943993457,170.52679519653321,188.78135923355345
2020-04-27 00:00:00-04:00,191.15988024980575,192.24138946533202,185.95075872880966,186.04005432128906,29197800,0.0,0.0,-0.013521487504408625,172.0503387451172,188.7656490991986
2020-04-28 00:00:00-04:00,187.19103803281624,187.7268267628058,181.13852847934092,181.48580932617188,21731000,0.0,0.0,-0.024479916498261534,172.8917366027832,188.71891276041666
2020-04-29 00:00:00-04:00,189.4433372001853,195.37678548595312,188.52058581051287,192.67796325683594,45954500,0.0,0.0,0.06166958161753122,174.2505729675293,188.72202331300767
2020-04-30 00:00:00-04:00,205.30882656450473,208.0572623454353,200.00049314008223,203.1160430908203,46230100,0.0,0.0,0.05417370859411985,176.48851013183594,188.76801160782102
2020-05-01 00:00:00-04:00,200.03027179216886,205.6660378850065,197.50012403387927,200.69505310058594,30415600,0.0,0.0,-0.011919245537645007,178.67534942626952,188.80636154659211
2020-05-04 00:00:00-04:00,198.64117490356918,204.30672165501633,197.21238478775865,203.66177368164062,19250700,0.0,0.0,0.0147822307287655,181.20946350097657,188.84490821475075
2020-05-05 00:00:00-04:00,205.40805841242485,208.74189662802328,204.89210311454076,205.45767211914062,21071200,0.0,0.0,0.008818043784236673,183.2692985534668,188.89684186662947
2020-05-06 00:00:00-04:00,206.49949042283785,209.95240466559474,205.05086703936345,206.84677124023438,21857000,0.0,0.0,0.006760999026058423,185.23586654663086,188.9704704284668
2020-05-07 00:00:00-04:00,209.5158389880353,209.95241541855825,207.4123357446047,209.61505126953125,15152000,0.0,0.0,0.01338324022511217,187.07046966552736,189.05598988608708
2020-05-08 00:00:00-04:00,210.5874043683722,211.54985270052043,209.20822817178512,210.69654846191406,12506000,0.0,0.0,0.005159444352076603,188.91400222778321,189.1493052528018
2020-05-11 00:00:00-04:00,209.2479181636426,213.3259165222958,208.7319628705345,211.52008056640625,12911900,0.0,0.0,0.003908616968355538,190.81855545043945,189.24710906498015
2020-05-12 00:00:00-04:00,211.62924492787246,213.60375556211332,208.36486864732183,208.46409606933594,14704600,0.0,0.0,-0.014447727558003165,192.40262603759766,189.35956004309276
2020-05-13 00:00:00-04:00,207.79930850893902,209.13880306370265,200.536312077277,203.50303649902344,20684600,0.0,0.0,-0.023798148764487603,193.79817581176758,189.45551348489428
2020-05-14 00:00:00-04:00,200.98279892633244,205.31876782706613,199.12736420496205,205.19970703125,17178900,0.0,0.0,0.008337322928519075,195.31427841186525,189.5363868228973
2020-05-15 00:00:00-04:00,203.6716877492825,209.69441636456455,202.53063303740763,209.23800659179688,19383200,0.0,0.0,0.019679850517193342,196.8839599609375,189.63045029413132
2020-05-18 00:00:00-04:00,210.49811862818973,212.96873605342822,209.2975485967128,211.530029296875,20151900,0.0,0.0,0.010954141374275528,198.61785278320312,189.7402630760556
2020-05-19 00:00:00-04:00,211.60940758664356,218.77319129030954,211.17283116193593,215.19129943847656,31843200,0.0,0.0,0.01730851243093756,200.90391311645507,189.87476324656652
2020-05-20 00:00:00-04:00,221.759758571814,229.53871022771793,221.4521747518963,228.17938232421875,50162900,0.0,0.0,0.060355985207735996,203.26984710693358,190.0525349208287
2020-05-21 00:00:00-04:00,232.89240664960255,235.35309244741924,229.3998100998118,229.5883331298828,47782600,0.0,0.0,0.0061747507216147746,205.5648391723633,190.23392892262294
2020-05-22 00:00:00-04:00,229.70738178910028,234.15250994111815,226.9589608180292,233.08091735839844,33925600,0.0,0.0,0.015212376782838488,207.7893814086914,190.4467037140377
2020-05-26 00:00:00-04:00,237.90307837726152,239.02426954087372,229.86614151041633,230.3920135498047,33178300,0.0,0.0,-0.011536353293389312,210.0069793701172,190.64806008717372
2020-05-27 00:00:00-04:00,227.28638787828586,228.76477652593493,219.4082090816277,227.3558349609375,34697600,0.0,0.0,-0.013178315264000484,212.30048065185548,190.8245719425262
2020-05-28 00:00:00-04:00,222.5535268126139,229.82645475219894,222.25585968682327,223.70449829101562,29377200,0.0,0.0,-0.01606000862282342,213.85180740356446,190.99494128757053
2020-05-29 00:00:00-04:00,223.44651593570535,225.71869372327163,221.14458808915265,223.33737182617188,23241500,0.0,0.0,-0.0016411224076779973,214.86287384033204,191.16062521556066
2020-06-01 00:00:00-04:00,222.84126714697254,230.63015060457363,221.75975786747784,230.10427856445312,18223800,0.0,0.0,0.030299034518719292,216.33333511352538,191.37497493198939
2020-06-02 00:00:00-04:00,229.14180477832932,231.18576231459411,224.79590448745097,230.90794372558594,20919000,0.0,0.0,0.003492612854252952,217.69564361572264,191.64495934380426
2020-06-03 00:00:00-04:00,230.30271831482378,230.83850704146684,226.75059151677158,228.36790466308594,15380300,0.0,0.0,-0.011000223818712018,218.8411552429199,191.8916741022988
2020-06-04 00:00:00-04:00,227.7725579382905,229.8264474146918,222.86110350947578,224.52801513671875,17041500,0.0,0.0,-0.016814488586004317,219.72521743774413,192.12051331050813
2020-06-05 00:00:00-04:00,224.94477459040334,229.54864555284124,223.5556663264044,228.97315979003906,16750400,0.0,0.0,0.019797728361931055,220.69312286376953,192.36636195107113
2020-06-08 00:00:00-04:00,227.24667943961484,229.74706194907915,225.63929825351963,229.5982208251953,15466500,0.0,0.0,0.0027298441255272365,221.6382064819336,192.59492535061307
2020-06-09 00:00:00-04:00,229.71729389924317,237.9030559919151,228.61593621208456,236.81161499023438,27462900,0.0,0.0,0.03141746542770907,222.902783203125,192.8463254050603
2020-06-10 00:00:00-04:00,239.08379313341953,239.3318465307384,233.44801207354607,234.88671875,20720700,0.0,0.0,-0.008128386102656981,224.2239143371582,193.07717247614784
2020-06-11 00:00:00-04:00,228.14960184432616,231.07662899070073,221.80935742815382,222.6824951171875,26708200,0.0,0.0,-0.05195791272388617,225.1828872680664,193.27163841610863
2020-06-12 00:00:00-04:00,228.10993092824035,229.8562367861279,222.75198283149265,226.8002166748047,22091400,0.0,0.0,0.018491447005972494,226.26291275024414,193.4728767758324
2020-06-15 00:00:00-04:00,223.3373897320801,231.94981296945323,223.04965440568424,230.689697265625,15340300,0.0,0.0,0.017149368937319887,227.33549728393555,193.6743514651344
2020-06-16 00:00:00-04:00,235.2935281990973,236.60325739435527,231.18576457575384,233.81512451171875,15236700,0.0,0.0,0.013548187383916943,228.44975204467772,193.85798978048658
2020-06-17 00:00:00-04:00,233.1701882014505,235.7400177059059,229.92564559877275,233.69606018066406,19578100,0.0,0.0,-0.0005092242484455722,229.3749900817871,194.04328173682802
2020-06-18 00:00:00-04:00,233.16025968442423,234.3012991723679,230.34236179128223,234.1028594970703,15782500,0.0,0.0,0.0017407196171461692,229.6711639404297,194.23408580961683
2020-06-19 00:00:00-04:00,235.93849610922837,238.95483432571922,233.71594704442455,236.9307098388672,30081300,0.0,0.0,0.012079520719533443,230.0382827758789,194.42803991408576
2020-06-22 00:00:00-04:00,236.70249616889853,238.8258328662226,235.0653496315149,237.35736083984375,18917800,0.0,0.0,0.001800741665218153,230.25210494995116,194.61734802003892
2020-06-23 00:00:00-04:00,239.40130430970032,243.28086325076663,237.99236276675106,240.3538360595703,24017900,0.0,0.0,0.01262431975618572,230.75019607543945,194.81279839409723
2020-06-24 00:00:00-04:00,239.32193228613724,241.3262081229041,230.86826764529962,232.19784545898438,20834900,0.0,0.0,-0.033933265781389554,230.9922966003418,194.99068814232237
2020-06-25 00:00:00-04:00,232.79315041364956,235.45229073930926,230.92779913741757,233.8448944091797,18704300,0.0,0.0,0.007093299883724535,231.49931640625,195.17975985814655
2020-06-26 00:00:00-04:00,230.82856075711075,231.27505382872505,213.72279362389085,214.3975067138672,76343900,0.0,0.0,-0.08316361896396007,231.05232315063478,195.28441468496172
2020-06-29 00:00:00-04:00,208.1168066218885,219.03115643280992,205.49736327286647,218.92201232910156,58514300,0.0,0.0,0.021103349962332985,230.4932098388672,195.39324315388998
2020-06-30 00:00:00-04:00,218.87241577847084,225.72861605804886,216.76892758571236,225.30197143554688,33927100,0.0,0.0,0.029142611282297448,230.21291122436523,195.5273889208597
2020-07-01 00:00:00-04:00,226.72081163267626,237.13905461798524,225.7881284096902,235.70034790039062,43399700,0.0,0.0,0.04615306470062763,230.57953338623048,195.6949234008789
2020-07-02 00:00:00-04:00,237.13904690943494,238.13126049483006,230.7988027043592,231.6024932861328,30633600,0.0,0.0,-0.01738586578577983,230.93325729370116,195.83753446548704
2020-07-06 00:00:00-04:00,231.93985107329897,238.52814892473828,230.46146246454367,238.40908813476562,26206200,0.0,0.0,0.029389125963439566,231.4050537109375,196.01030567714147
2020-07-07 00:00:00-04:00,237.5458818087057,245.7217128783308,236.96047936852221,238.98458862304688,27887800,0.0,0.0,0.002413920093331079,231.87437210083007,196.1878805614653
2020-07-08 00:00:00-04:00,236.25598567293406,245.0668474636678,234.74781673128183,241.6833953857422,29791300,0.0,0.0,0.01129280669621835,232.11796112060546,196.36258098057337
2020-07-09 00:00:00-04:00,243.09231342713525,244.61039890795146,237.3771689781788,242.59620666503906,22174900,0.0,0.0,0.0037768886763609455,232.50343551635743,196.52704426598928
2020-07-10 00:00:00-04:00,241.79252935736176,243.57851682658566,237.45656086428355,243.1617889404297,22982700,0.0,0.0,0.0023313731206504595,233.52740020751952,196.69965792459155
2020-07-13 00:00:00-04:00,245.08667892902588,248.2022290661148,236.563567632783,237.13905334472656,24674900,0.0,0.0,-0.02476842937349255,234.04434204101562,196.83403983948722
2020-07-14 00:00:00-04:00,234.9164970668019,238.45870704554085,230.22333076660445,237.86337280273438,23378100,0.0,0.0,0.0030544081533245837,234.40302581787108,196.97507597908142
2020-07-15 00:00:00-04:00,239.66920367523048,242.91374646179125,236.1964559945626,238.40908813476562,19133600,0.0,0.0,0.0022942386026107986,234.63272399902343,197.11855322217184
2020-07-16 00:00:00-04:00,236.146837523563,239.87755522060198,234.48984262328327,239.05401611328125,18880700,0.0,0.0,0.002705131685882156,234.9006217956543,197.27262188139417
2020-07-17 00:00:00-04:00,239.12348321533193,242.25888189855516,236.00793304376865,240.1454620361328,18152400,0.0,0.0,0.0045656874567392425,235.20275192260743,197.43503782484265
2020-07-20 00:00:00-04:00,238.19079813555464,244.13416314331633,233.80521577145498,243.50906372070312,20872200,0.0,0.0,0.014006517783226702,235.53166961669922,197.62032978118413
2020-07-21 00:00:00-04:00,244.30282586394793,244.9874556480956,238.21063516352848,239.8676300048828,19364200,0.0,0.0,-0.014953996620006405,235.65718307495118,197.77557960389152
2020-07-22 00:00:00-04:00,238.3892515451012,240.01648136267946,236.26591489118834,238.00228881835938,15427900,0.0,0.0,-0.007776544031745658,235.53960571289062,197.9232698470827
2020-07-23 00:00:00-04:00,237.76412376848498,240.5323927476628,229.9454766121343,230.7888641357422,21771800,0.0,0.0,-0.03030821559923058,235.46915664672852,198.03327947949606
2020-07-24 00:00:00-04:00,228.39767987749195,231.6719881993835,225.1332882424619,228.91363525390625,18325800,0.0,0.0,-0.008125300537607405,235.22259368896485,198.15140012710813
2020-07-27 00:00:00-04:00,229.65779072861835,233.1206068680901,229.03269124992605,231.68190002441406,13163100,0.0,0.0,0.012093053205141313,236.0868133544922,198.2842859540667
2020-07-28 00:00:00-04:00,232.8030945646447,233.13052688737727,228.04046599577487,228.3282012939453,14170100,0.0,0.0,-0.014475445557530997,236.55712280273437,198.41886478000217
2020-07-29 00:00:00-04:00,229.3402574968024,231.88032196348667,228.5167183683108,231.4735107421875,13588300,0.0,0.0,0.013775387492292124,236.8656997680664,198.5615939185733
2020-07-30 00:00:00-04:00,228.42742953848625,233.06106550419435,227.21692766462053,232.67410278320312,20615300,0.0,0.0,0.0051867362151551966,236.71438751220703,198.72015126546225
2020-07-31 00:00:00-04:00,253.82809256073517,253.85785775778805,247.0611884844534,251.69482421875,53005100,0.0,0.0,0.08174833902022027,237.7190040588379,198.96009366474453
2020-08-03 00:00:00-04:00,250.68278367643498,253.41137133431812,248.3808557796647,249.9981689453125,23124900,0.0,0.0,-0.006740922379726455,238.29845809936523,199.20791087074886
2020-08-04 00:00:00-04:00,249.6012450982718,250.8315953845901,245.50339817898234,247.8847198486328,17183500,0.0,0.0,-0.008453858304626305,238.74346466064452,199.47604473053462
2020-08-05 00:00:00-04:00,248.2419279153794,250.30573406098853,245.84077277269392,247.1802520751953,13050100,0.0,0.0,-0.002841916895352292,239.0183074951172,199.73043720305913
2020-08-06 00:00:00-04:00,247.10083391316908,264.52411502334746,246.73371977702394,263.2143859863281,45241600,0.0,0.0,0.0648681833460345,240.04921646118163,200.04593743218317
2020-08-07 00:00:00-04:00,262.0237559273697,276.71846729977585,261.3788231390226,266.3498229980469,72766400,0.0,0.0,0.011912103512007999,241.2086181640625,200.35415352715387
2020-08-10 00:00:00-04:00,265.95294401876475,271.7276042056883,257.6679543343518,260.9521789550781,30248800,0.0,0.0,-0.020265243589098758,242.39927444458007,200.6500457279266
2020-08-11 00:00:00-04:00,258.1640350546264,263.8494293559349,253.14343712682054,254.13565063476562,28238300,0.0,0.0,-0.02612175283459095,243.21288833618163,200.928652990432
2020-08-12 00:00:00-04:00,256.95354425379196,261.8451497880856,256.10022485521864,257.86639404296875,21415700,0.0,0.0,0.014680126140841354,244.1857536315918,201.20993762546115
2020-08-13 00:00:00-04:00,259.51346478633786,263.09537176343133,257.5489011631833,259.2654113769531,17374000,0.0,0.0,0.005425357341256598,245.1963233947754,201.531186482263
2020-08-14 00:00:00-04:00,260.2675780454647,260.6049270761182,256.6658374029572,259.2059020996094,14792700,0.0,0.0,-0.0002295303373778257,246.14934539794922,201.84085954938615
2020-08-17 00:00:00-04:00,260.4560885640764,262.04363649322056,257.3802201288519,259.12652587890625,13351100,0.0,0.0,-0.00030622844642103075,246.9302185058594,202.14584719945515
2020-08-18 00:00:00-04:00,258.9181714962435,263.0854507776414,257.2413279573134,260.2973327636719,18690400,0.0,0.0,0.004518282645107341,247.95170364379882,202.44575554983956
2020-08-19 00:00:00-04:00,259.354771800567,265.82399467833227,259.31507477138916,260.54541015625,23291500,0.0,0.0,0.0009530539170117258,249.07885971069337,202.75594057355607
2020-08-20 00:00:00-04:00,259.4638710277575,267.53057289532575,259.4241740031318,266.9154052734375,20299700,0.0,0.0,0.02444869442669284,250.88518676757812,203.0924270872086
2020-08-21 00:00:00-04:00,266.5979115677721,268.38388418339855,264.3455972842934,264.9309997558594,15538600,0.0,0.0,-0.007434585933866367,252.6860549926758,203.42698445395817
2020-08-24 00:00:00-04:00,268.9593398589579,275.091212458287,266.6772304785265,269.27685546875,23685600,0.0,0.0,0.016403726694480536,254.56580276489257,203.7956785171751
2020-08-25 00:00:00-04:00,270.28893267224026,280.8857675258708,268.1556793125237,278.6334533691406,42127200,0.0,0.0,0.034747129990443826,257.08106536865233,204.19122538490902
2020-08-26 00:00:00-04:00,281.78869215846566,302.2977627595192,281.78869215846566,301.5436706542969,69015200,0.0,0.0,0.08222349832058473,260.58457336425784,204.67398464868938
2020-08-27 00:00:00-04:00,297.82285484879753,298.8845307287282,289.7462211483339,290.9368896484375,30301300,0.0,0.0,-0.035174941602470144,263.49771270751955,205.1128422570607
2020-08-28 00:00:00-04:00,292.70300616742725,294.9156533521209,288.7143184756924,291.3734436035156,17157400,0.0,0.0,0.001500510834516966,265.4816436767578,205.53843089512415
2020-08-31 00:00:00-04:00,291.66121345742096,294.5683921740452,289.279876482208,290.91705322265625,17345100,0.0,0.0,-0.0015663417201480234,267.527587890625,205.9618147592696
2020-09-01 00:00:00-04:00,292.4152910182119,299.1424986923142,290.4308636184182,293.1396179199219,17295900,0.0,0.0,0.007639857040503406,269.79033279418945,206.40693295191204
2020-09-02 00:00:00-04:00,296.5528143101857,301.2360638507357,290.76819189575707,300.1446228027344,24341400,0.0,0.0,0.023896479542816706,272.4385513305664,206.86114635164776
2020-09-03 00:00:00-04:00,293.6852857036353,295.28276530131205,281.4215404790347,288.85321044921875,32294100,0.0,0.0,-0.03761990552446692,273.7204925537109,207.25574808272106
2020-09-04 00:00:00-04:00,285.0133900685596,286.74976407245856,269.02884162990455,280.5285949707031,30333700,0.0,0.0,-0.028819535935118545,274.42943115234374,207.63074202764602
2020-09-08 00:00:00-04:00,269.16773633853364,277.12527945997186,267.3222333565382,269.0486755371094,24864000,0.0,0.0,-0.04092245724466215,274.8342559814453,207.95518027411566
2020-09-09 00:00:00-04:00,273.6227404185277,276.3116611433854,269.23717315355583,271.5887145996094,22918800,0.0,0.0,0.00944081608069336,275.7069091796875,208.29989569527763
2020-09-10 00:00:00-04:00,273.3647709884832,276.9863444713146,264.95078899476385,266.0025329589844,24814700,0.0,0.0,-0.020568533743607342,276.1137161254883,208.61330916389588
2020-09-11 00:00:00-04:00,267.9571448792689,269.2768056407923,260.59493850426867,264.53399658203125,18913900,0.0,0.0,-0.005520760876286723,276.3771453857422,208.92491125682042
2020-09-14 00:00:00-04:00,268.8402489749456,274.48594598213697,263.63112831234895,264.0776062011719,24093800,0.0,0.0,-0.0017252617310299367,276.6207305908203,209.23580460321335
2020-09-15 00:00:00-04:00,268.5624847371786,272.38248310509124,267.2031265875012,270.2988586425781,18478500,0.0,0.0,0.02355842485434745,277.1793472290039,209.5752048189678
2020-09-16 00:00:00-04:00,265.20877366986406,270.3186675006481,259.7515990335024,261.4681091308594,29183400,0.0,0.0,-0.032670317425926854,277.2378860473633,209.87223882523793
2020-09-17 00:00:00-04:00,256.2689425036203,259.4638716951567,248.24193764003047,252.8358917236328,31281400,0.0,0.0,-0.03301441784208692,276.85241012573243,210.13478173149957
2020-09-18 00:00:00-04:00,256.3879789632896,257.1817679827154,248.10300478523664,250.56369018554688,28130800,0.0,0.0,-0.0089868630699379,276.0348243713379,210.38043321881975
2020-09-21 00:00:00-04:00,245.6125225982075,248.0037607616399,242.22908607689345,246.2177734375,24709400,0.0,0.0,-0.017344559161100448,275.0991630554199,210.6096658858042
2020-09-22 00:00:00-04:00,251.33764360136956,253.33200277778175,246.28727962902335,252.7664337158203,30293100,0.0,0.0,0.026597025011204645,274.2736419677734,210.87713053869822
2020-09-23 00:00:00-04:00,253.27245835747246,255.9811974630854,246.21781849122172,247.0810546875,19641300,0.0,0.0,-0.022492618757727345,272.6960220336914,211.1438470265222
2020-09-24 00:00:00-04:00,244.58067562687125,250.2759876821249,243.70752273115838,247.5870819091797,20006800,0.0,0.0,0.0020480211334685805,269.99819259643556,211.40658684382362
2020-09-25 00:00:00-04:00,247.4580803714351,253.7586431588387,244.68981092583851,252.8358917236328,18351300,0.0,0.0,0.021199853295974957,268.0931427001953,211.7007467481825
2020-09-28 00:00:00-04:00,257.3802103500167,257.57866518860396,252.83588523395522,254.8203125,18826300,0.0,0.0,0.007848651403244089,266.2654861450195,212.01463275485568
2020-09-29 00:00:00-04:00,255.80259624156326,261.2796046364811,254.89967819508988,259.7516174316406,20200200,0.0,0.0,0.01935208729343585,264.70721435546875,212.34422883533296
2020-09-30 00:00:00-04:00,259.9401118127102,264.0081630667946,258.0747455292031,259.8607177734375,20142500,0.0,0.0,0.00042001794974622086,263.0432693481445,212.68319581046936
2020-10-01 00:00:00-04:00,263.28392269858466,266.2407002728486,262.7381869720879,264.553955078125,20009800,0.0,0.0,0.018060587782949833,261.26373596191405,213.04555075509208
2020-10-02 00:00:00-04:00,259.1761467118416,263.0854713326593,257.16195399847294,257.9160461425781,16367600,0.0,0.0,-0.025090945752773375,259.71687774658204,213.36274422539606
2020-10-05 00:00:00-04:00,260.1584197827861,262.80761315583914,258.80899353212766,262.5893249511719,12822300,0.0,0.0,0.01811937984661216,258.81991424560545,213.69426957387773
2020-10-06 00:00:00-04:00,259.741667068891,263.6212257600727,256.22922255371117,256.6459655761719,18696900,0.0,0.0,-0.02263366713824011,258.1997787475586,214.00524193899972
2020-10-07 00:00:00-04:00,257.19164699621535,258.15409528048303,252.83584557604271,256.1101379394531,23133400,0.0,0.0,-0.0020878085323329243,257.4258499145508,214.32168712313214
2020-10-08 00:00:00-04:00,257.7275121464029,262.5595880875689,257.13217786216137,261.706298828125,16312800,0.0,0.0,0.02185060276682549,257.21103820800784,214.6520707872179
2020-10-09 00:00:00-04:00,262.46033159770803,262.6885516273848,260.1286538525536,262.3908996582031,14107800,0.0,0.0,0.0026159126973390734,257.10388336181643,214.9844623747326
2020-10-12 00:00:00-04:00,268.09613180330746,277.99840433575406,265.7842571156628,273.6029052734375,31019300,0.0,0.0,0.042730161868568706,257.5801483154297,215.34496658567397
2020-10-13 00:00:00-04:00,275.4186278390119,276.92681183583034,271.261280862398,273.9898681640625,18063300,0.0,0.0,0.0014143230322729572,257.7646987915039,215.71058945428757
2020-10-14 00:00:00-04:00,275.45831762030724,276.57952376322527,269.385975611536,269.7034912109375,15577800,0.0,0.0,-0.01564428999454226,258.1764678955078,216.03711440071228
2020-10-15 00:00:00-04:00,265.5163718280196,266.9451618689203,261.6169795530416,264.6432189941406,15416100,0.0,0.0,-0.018762353405500365,258.7668342590332,216.34096012418232
2020-10-16 00:00:00-04:00,265.2980355710011,269.25695752401367,263.2342146501678,263.85931396484375,16622700,0.0,0.0,-0.0029621202170845295,259.43161544799807,216.63838764977834
2020-10-19 00:00:00-04:00,263.4624709578556,266.45894507176126,257.8564702810664,259.3646240234375,13587000,0.0,0.0,-0.017034418356765335,260.0889579772949,216.93585477556502
2020-10-20 00:00:00-04:00,261.01175310255536,267.6000670997426,260.8331618903327,265.4767150878906,18763200,0.0,0.0,0.023565631155237243,260.72447204589844,217.24218126327273
2020-10-21 00:00:00-04:00,277.38318569378157,280.8460008951883,274.2180224111387,276.5596618652344,28998600,0.0,0.0,0.04174734034084504,262.19840240478516,217.62170270889524
2020-10-22 00:00:00-04:00,277.6907803190032,280.25070804049784,272.89840255938964,275.95440673828125,16720000,0.0,0.0,-0.002188515573352312,263.61676864624025,217.98382114228747
2020-10-23 00:00:00-04:00,276.6291597942717,283.01901826787457,274.6645961018009,282.5725402832031,17535200,0.0,0.0,0.023982706502667206,265.1036010742188,218.37129641336108
2020-10-26 00:00:00-04:00,280.9552427634075,283.0091324468951,272.12454664304926,274.95233154296875,21322900,0.0,0.0,-0.02696726558283813,266.1102020263672,218.72258728269546
2020-10-27 00:00:00-04:00,276.5894716208232,282.29469979597246,274.15853619942936,281.0841979980469,16287200,0.0,0.0,0.02230156194954791,267.1768310546875,219.09226565890842
2020-10-28 00:00:00-04:00,276.61925709522393,276.61925709522393,265.17903470962136,265.5858459472656,23121800,0.0,0.0,-0.05513775644865293,267.4630874633789,219.40079704163566
2020-10-29 00:00:00-04:00,274.3966078240202,281.39173056819294,271.6481875650745,278.6432800292969,32368100,0.0,0.0,0.04916464593758474,268.1675537109375,219.76531715998573
2020-10-30 00:00:00-04:00,272.3626055895967,274.54548740029236,257.08252375458625,261.061279296875,47247800,0.0,0.0,-0.06309859950892516,268.32481536865237,220.04668045043945
2020-11-02 00:00:00-05:00,262.5397440643903,268.3640334830486,255.33626310518545,259.324951171875,27165700,0.0,0.0,-0.006651036605951344,268.1615966796875,220.31339687771268
2020-11-03 00:00:00-05:00,261.1109921386022,267.947329603234,258.8487458433734,263.23431396484375,17961900,0.0,0.0,0.015075150984517949,268.4910140991211,220.5912955753387
2020-11-04 00:00:00-05:00,278.81206638980177,286.69024606178954,276.45059279764956,285.14239501953125,35364400,0.0,0.0,0.08322653959777226,269.942626953125,220.95770596701
2020-11-05 00:00:00-05:00,289.62714543435567,295.0644868941228,286.70013346565065,292.385498046875,23823600,0.0,0.0,0.02540170509140749,271.4765869140625,221.36376541379897
2020-11-06 00:00:00-05:00,291.66123112597086,292.30616397917817,285.8170778605396,291.12542724609375,13891000,0.0,0.0,-0.0043096214046129955,272.913313293457,221.7692738487607
2020-11-09 00:00:00-05:00,287.61294188655734,290.3018321753482,276.3612436678267,276.599365234375,25117700,0.0,0.0,-0.04989623252468289,273.0631362915039,222.11548535785977
2020-11-10 00:00:00-05:00,270.9735427793602,271.8665289718165,261.94439287795456,270.3087463378906,29067700,0.0,0.0,-0.02274270908450582,272.8790802001953,222.44157706366644
2020-11-11 00:00:00-05:00,271.3406974088748,276.2323039649721,270.35841547877567,274.3272705078125,14957000,0.0,0.0,0.014866423023170094,273.1102691650391,222.76447980366055
2020-11-12 00:00:00-05:00,275.02179576839234,277.57179233423875,272.29320799745705,272.9381408691406,12899500,0.0,0.0,-0.005063767944398778,273.52501525878904,223.08691000559972
2020-11-13 00:00:00-05:00,275.55754209946184,275.5972391189534,270.97352044668935,274.7935485839844,10391200,0.0,0.0,0.006797905594781994,274.0717269897461,223.41686036851672
2020-11-16 00:00:00-05:00,272.90831385615263,277.2343805060042,272.4916011386614,276.7878723144531,12970400,0.0,0.0,0.007257534759260276,274.94288940429686,223.7470468188089
2020-11-17 00:00:00-05:00,275.5178592544726,275.5178592544726,271.16205738974224,272.8587341308594,15040300,0.0,0.0,-0.014195485339509095,275.31199035644534,224.0525855412559
2020-11-18 00:00:00-05:00,272.3824579271771,275.23013630396935,269.7233328307537,269.8523254394531,12152900,0.0,0.0,-0.011018187491716569,274.97662353515625,224.3386343698653
2020-11-19 00:00:00-05:00,268.9097556409737,271.34069140444956,267.09401782855207,270.8148193359375,12963700,0.0,0.0,0.0035667430136723244,274.7196441650391,224.63562932090153
2020-11-20 00:00:00-05:00,270.4377223174348,270.87429870110765,267.31225569610524,267.6000061035156,18114700,0.0,0.0,-0.011870891114101112,273.9710174560547,224.91821331448025
2020-11-23 00:00:00-05:00,268.7807413866415,268.84027177686704,262.4702475031481,266.3398742675781,20990800,0.0,0.0,-0.004709012732421414,273.54039459228517,225.19229247078064
2020-11-24 00:00:00-05:00,266.3994105734373,275.6567800984791,265.7842430074771,274.7637939453125,16930400,0.0,0.0,0.03162845856595742,273.22437438964846,225.49598076230004
2020-11-25 00:00:00-05:00,275.9742849766651,277.99837877049015,270.5270121222275,273.4441223144531,12467000,0.0,0.0,-0.004802931317515746,273.61728820800784,225.79766082763672
2020-11-27 00:00:00-05:00,275.2301378416092,276.9565797708799,272.68014168909747,275.6468505859375,7808400,0.0,0.0,0.00805549687022089,273.4674667358398,226.09615168495785
2020-11-30 00:00:00-05:00,273.88076268905314,275.537772989787,268.8998605195958,274.8134460449219,16693300,0.0,0.0,-0.003023450256166793,274.1550750732422,226.3927527533637
2020-12-01 00:00:00-05:00,276.9863738084787,287.04740475144206,276.7879189610211,284.3188171386719,20738900,0.0,0.0,0.03458844983951859,275.404768371582,226.73471208602663
2020-12-02 00:00:00-05:00,283.1380649406063,289.50808972380065,278.64333843936527,285.28125,17361600,0.0,0.0,0.0033850480633461633,276.50711517333986,227.08395543174137
2020-12-03 00:00:00-05:00,284.0210980838296,284.4179774050744,278.88143971582406,279.6553649902344,12921700,0.0,0.0,-0.019720486396374137,276.232763671875,227.4113069564577
2020-12-04 00:00:00-05:00,278.1174596971742,281.2528583037155,277.12524609814045,277.52215576171875,10880300,0.0,0.0,-0.007627993221550056,275.4895965576172,227.72763412717788
2020-12-07 00:00:00-05:00,277.01609460561934,286.24366821412923,276.0338129120554,283.3563232421875,13007700,0.0,0.0,0.02102234852008711,275.10114135742185,228.0604585314554
2020-12-08 00:00:00-05:00,283.7830221052009,284.1997348614235,279.3577276370347,281.1933288574219,10747700,0.0,0.0,-0.0076334784416188795,275.3308395385742,228.38355787973555
2020-12-09 00:00:00-05:00,281.4513082325447,285.39039736328687,269.6340408403183,275.7560119628906,25189700,0.0,0.0,-0.019336578561891193,275.6032028198242,228.68693118625217
2020-12-10 00:00:00-05:00,273.3945958105107,276.55976021878797,269.74322605540755,274.9622802734375,20065100,0.0,0.0,-0.0028783839880884843,275.6349533081055,228.98168176317972
2020-12-11 00:00:00-05:00,272.3923630126268,274.32719139327213,268.14569056747416,271.41998291015625,14391400,0.0,0.0,-0.012882848366541744,275.5590454101563,229.28407033284506
2020-12-14 00:00:00-05:00,271.24146170518526,275.0614906101271,269.4455572817121,272.0550842285156,16376900,0.0,0.0,0.0023399210019463546,275.4221221923828,229.59937389313228
2020-12-15 00:00:00-05:00,272.69005444899267,273.93032146756855,265.38737677799685,273.4044494628906,23979500,0.0,0.0,0.004959897140689229,275.25295104980466,229.905030750093
2020-12-16 00:00:00-05:00,272.620671901185,275.6965104405578,270.3881908632752,273.5235900878906,15885000,0.0,0.0,0.0004357669570997924,275.28619384765625,230.2093098352826
2020-12-17 00:00:00-05:00,274.9126643899615,278.2564198025171,271.4795830956817,272.34283447265625,16377800,0.0,0.0,-0.0043168328364473485,275.4107192993164,230.49272083100817
2020-12-18 00:00:00-05:00,273.62276428656816,275.83541176373166,269.02884023804313,274.24786376953125,26693200,0.0,0.0,0.006994967576671396,275.5823715209961,230.76967457362585
2020-12-21 00:00:00-05:00,270.85444705612974,272.5312902621091,265.7048566652148,270.6659240722656,16553700,0.0,0.0,-0.013060957514971827,275.7356674194336,231.03146925426665
2020-12-22 00:00:00-05:00,269.38604239828476,269.38604239828476,262.56953854592865,265.0103759765625,17312900,0.0,0.0,-0.020894939453823258,275.6691925048828,231.27129382178896
2020-12-23 00:00:00-05:00,264.8119282601544,270.050815371756,264.15706358620935,266.02239990234375,14329000,0.0,0.0,0.0038188086864596738,275.23212280273435,231.51930775718083
2020-12-24 00:00:00-05:00,266.78638859045014,268.29454231066234,264.1272634995675,265.3179016113281,6702000,0.0,0.0,-0.0026482668048789515,274.8258117675781,231.75401354592944
2020-12-28 00:00:00-05:00,266.6475056595428,275.1408526878737,263.5915007224165,274.84320068359375,23299700,0.0,0.0,0.03590145638276421,274.78562927246094,232.02529731629386
2020-12-29 00:00:00-05:00,274.7935675642127,278.3258455440908,274.1287711316152,274.6248779296875,16383000,0.0,0.0,-0.0007943538474418643,274.77620086669924,232.31024375794425
2020-12-30 00:00:00-05:00,275.7858197765918,275.9147821269852,269.5943854793394,269.7531433105469,11803800,0.0,0.0,-0.01773959684886206,274.047917175293,232.5725505162799
2020-12-31 00:00:00-05:00,269.88213998871845,274.9325043424121,267.7091894539124,271.0331115722656,12900400,0.0,0.0,0.0047449614340369095,273.33551025390625,232.82210020035032
2021-01-04 00:00:00-05:00,272.6405026545051,272.85879089842234,263.13510791657234,266.8459777832031,15106100,0.0,0.0,-0.015448790610021357,272.6950408935547,233.05940488785032
2021-01-05 00:00:00-05:00,266.2010125852026,270.27899621280795,266.1216185352488,268.8601379394531,9871600,0.0,0.0,0.0075480251678605725,272.2619400024414,233.28922840905568
2021-01-06 00:00:00-05:00,259.9599985721144,265.66522754841077,257.98550292903553,261.2597961425781,24354100,0.0,0.0,-0.028268756592643718,271.15711364746096,233.48708071027482
2021-01-07 00:00:00-05:00,263.82957807641225,269.49510899402355,262.7183037402035,266.6474609375,15789800,0.0,0.0,0.020621867101135116,270.42982025146483,233.69780785696847
2021-01-08 00:00:00-05:00,266.2208311647082,266.8558624092201,261.1307705027565,265.4866027832031,18528300,0.0,0.0,-0.004353531626423268,269.91634979248045,233.89180144052656
2021-01-11 00:00:00-05:00,258.45182112764303,261.4185302363456,253.90746567716673,254.84014892578125,30412300,0.0,0.0,-0.04010166142400706,268.91024322509764,234.04449208577475
2021-01-12 00:00:00-05:00,254.63179023434895,257.6977267357879,248.3510761020939,249.13491821289062,26383500,0.0,0.0,-0.022387487752379975,267.7959899902344,234.1593841673836
2021-01-13 00:00:00-05:00,249.59135320647286,251.97265997269682,247.2596450120617,249.68064880371094,19528900,0.0,0.0,0.0021905022175734423,266.67726821899413,234.28766329326328
2021-01-14 00:00:00-05:00,251.42694403172888,253.04425719792317,242.70539232208438,243.7273712158203,29739400,0.0,0.0,-0.02384356823972711,265.19341430664065,234.38408921256897
2021-01-15 00:00:00-05:00,245.96975097681036,251.88335082886272,245.2355225857016,249.40281677246094,24942900,0.0,0.0,0.023286040990509127,263.9873756408691,234.50059557717944
2021-01-19 00:00:00-05:00,254.89964667945836,260.15839649203104,250.75220144203772,259.06695556640625,28028500,0.0,0.0,0.038749116465521816,263.32358169555664,234.65399496895927
2021-01-20 00:00:00-05:00,266.83596923879514,268.21516053791925,261.54748460794593,265.39727783203125,25199900,0.0,0.0,0.02443508185667609,262.8810523986816,234.83527071513828
2021-01-21 00:00:00-05:00,267.16342399454226,271.46962706852975,265.4071866724179,270.74530029296875,20838700,0.0,0.0,0.02015100721689489,262.8850212097168,235.0382412501744
2021-01-22 00:00:00-05:00,269.8920381413077,276.301729687912,269.8821063154599,272.3626403808594,21954000,0.0,0.0,0.005973658956002215,263.2526344299316,235.25377206953746
2021-01-25 00:00:00-05:00,275.97429900636445,277.9190291400611,269.3959181421236,275.8453063964844,19087000,0.0,0.0,0.0127868712491368,263.7437797546387,235.49028899177674
2021-01-26 00:00:00-05:00,275.97432254542565,283.16787159655127,275.6468750801152,279.8538513183594,19373600,0.0,0.0,0.014531858360183003,264.47057723999023,235.7548005240304
2021-01-27 00:00:00-05:00,280.3300786005515,281.2429283426131,266.03227844946406,270.02099609375,35346200,0.0,0.0,-0.035135679492306116,264.22946701049807,235.9687957763672
2021-01-28 00:00:00-05:00,275.02176987618066,284.55695871630996,262.6389630097755,262.9366149902344,37758800,0.0,0.0,-0.02623640830158247,263.6450538635254,236.1332591828846
2021-01-29 00:00:00-05:00,263.23424158830284,264.48444034559407,252.8656282026834,256.3185119628906,30389500,0.0,0.0,-0.025169955989543524,262.97332229614256,236.32540191165984
2021-02-01 00:00:00-05:00,257.49924684689097,262.11306402911066,252.92515696458904,259.9698791503906,22914300,0.0,0.0,0.014245429093426631,262.4201606750488,236.56203696841285
2021-02-02 00:00:00-05:00,261.9443921433572,266.75663419137607,261.22006530975233,265.0003967285156,17320800,0.0,0.0,0.019350386262305674,262.32788162231446,236.80965714227585
2021-02-03 00:00:00-05:00,263.55175174887563,267.1038931262707,261.78561288501646,264.57373046875,14223400,0.0,0.0,-0.0016100589472050064,262.1135612487793,237.03337757171147
2021-02-04 00:00:00-05:00,264.93100960438716,266.07204938900765,261.94443645371734,264.4150390625,16060000,0.0,0.0,-0.000599800312634402,262.2713233947754,237.25536582583473
2021-02-05 00:00:00-05:00,264.7225857955426,267.0741575464519,263.60140982277744,266.0124816894531,12454400,0.0,0.0,0.0060414212164972,262.23957443237305,237.48077949645028
2021-02-08 00:00:00-05:00,266.6573891682855,267.7587316645188,262.9365883891931,264.5042724609375,13755200,0.0,0.0,-0.005669693463017045,262.1904579162598,237.69438092670742
2021-02-09 00:00:00-05:00,264.3653866856333,271.2612831266557,263.6807568981955,267.3519592285156,14613400,0.0,0.0,0.010766127673792703,262.8160484313965,237.9164084782676
2021-02-10 00:00:00-05:00,270.32864423366914,271.6681085520547,265.63546236597006,269.7531433105469,14687200,0.0,0.0,0.008981359586667015,263.8469596862793,238.171076638358
2021-02-11 00:00:00-05:00,269.772988469329,271.44980170908656,266.39943777738347,268.28466796875,12828600,0.0,0.0,-0.005443774718525973,264.77716064453125,238.40586132473416
2021-02-12 00:00:00-05:00,268.4135711611543,269.0684356706943,266.25055311082446,268.39373779296875,9097600,0.0,0.0,0.0004065451262815767,266.0104789733887,238.6317078726632
2021-02-16 00:00:00-05:00,268.6914310362883,274.4462880900078,267.9472708355453,271.8367614746094,15417200,0.0,0.0,0.012828256389113113,267.1321762084961,238.86712240794347
2021-02-17 00:00:00-05:00,269.12803599630945,271.8367903151839,267.4809576103231,271.4399108886719,12763200,0.0,0.0,-0.0014598856452848752,267.7508239746094,239.08670885600742
2021-02-18 00:00:00-05:00,267.4710106031762,269.8324836675024,263.9585662016173,267.29241943359375,15249100,0.0,0.0,-0.015279593341670283,267.8455810546875,239.29105758666992
2021-02-19 00:00:00-05:00,267.75876839108383,268.1655796323252,258.12438206399435,259.5234069824219,25622600,0.0,0.0,-0.02906559216170368,267.2844863891602,239.47603461855934
2021-02-22 00:00:00-05:00,255.9414748738633,261.02160295925455,255.5247318962554,258.30291748046875,17434900,0.0,0.0,-0.004702810879928854,266.5815002441406,239.67349285549588
2021-02-23 00:00:00-05:00,257.47942267295707,265.3774342503566,252.97477970473903,263.7898864746094,21924600,0.0,0.0,0.021242381029457524,265.9787292480469,239.92997214907692
2021-02-24 00:00:00-05:00,260.28742003197283,264.3059038923534,256.3781257097657,262.25201416015625,15736100,0.0,0.0,-0.005829913856842062,265.09863739013673,240.19590123494467
2021-02-25 00:00:00-05:00,260.2576094580705,264.861494995442,252.06193075227245,252.70687866210938,19053100,0.0,0.0,-0.03639680529667044,264.23293151855466,240.42225986056857
2021-02-26 00:00:00-05:00,254.47300468846313,263.4822901977924,254.47300468846313,255.61404418945312,26619500,0.0,0.0,0.011504101284203205,263.86680297851564,240.68948806278289
2021-03-01 00:00:00-05:00,258.7892004251062,264.5737933288639,255.89192291964775,262.84735107421875,22157300,0.0,0.0,0.0282977678620997,264.19324493408203,240.97471025254993
2021-03-02 00:00:00-05:00,263.7105134754157,264.63326480051563,256.6360260897413,256.9833068847656,15191700,0.0,0.0,-0.022309694830431548,264.0439163208008,241.2210311284141
2021-03-03 00:00:00-05:00,258.26328713334885,258.95781848728717,253.1136961127763,253.42127990722656,15513500,0.0,0.0,-0.013860927469255158,263.4649604797363,241.49475606282553
2021-03-04 00:00:00-05:00,254.47300796713859,264.41497674309903,251.5261325403786,255.6339111328125,31626500,0.0,0.0,0.00873103958119037,263.01796951293943,241.75414911905924
2021-03-05 00:00:00-05:00,258.6402919675598,263.38307102229237,253.61967921951808,262.22216796875,26820100,0.0,0.0,0.025772233451901494,262.90832595825196,242.06563313802084
2021-03-08 00:00:00-05:00,263.4823095847237,263.5120747815499,253.06408191613306,253.32205200195312,18391800,0.0,0.0,-0.03394112723474063,262.27380447387696,242.3578636532738
2021-03-09 00:00:00-05:00,259.14634572246285,266.43912187751977,257.78701790933485,263.67083740234375,22039700,0.0,0.0,0.04085228790232143,262.2321327209473,242.73679466853065
2021-03-10 00:00:00-05:00,266.5482712133679,266.8756883722604,260.82317946583066,262.8373718261719,14210300,0.0,0.0,-0.0031610078095214433,262.00640335083006,243.07820274716332
2021-03-11 00:00:00-05:00,266.0224050343976,275.7361857987075,265.73468485814243,271.74749755859375,21834000,0.0,0.0,0.03389976726108257,262.1061210632324,243.48627035958427
2021-03-12 00:00:00-05:00,267.04437827071723,267.63968219657,261.9642192904478,266.31011962890625,20600200,0.0,0.0,-0.020008934685829427,262.00739364624025,243.9348531450544
2021-03-15 00:00:00-04:00,266.984788470307,273.8112220215777,266.4093179781143,271.6184387207031,16844800,0.0,0.0,0.019932847836176215,262.16862869262695,244.34225124782986
2021-03-16 00:00:00-04:00,273.9302819754771,279.9431234722313,272.6602499427521,277.1053771972656,22437700,0.0,0.0,0.0202009057352861,262.43205947875975,244.86698247515966
2021-03-17 00:00:00-04:00,273.5632228614151,284.0013300636442,273.26557087198046,281.7986145019531,21315000,0.0,0.0,0.01693665186925064,262.94999465942385,245.39691113668775
2021-03-18 00:00:00-04:00,277.69085923686396,282.96944368958503,276.1132429973402,276.4505920410156,18728300,0.0,0.0,-0.018978171593886373,263.40790328979494,245.9153035481771
2021-03-19 00:00:00-04:00,279.03034060421714,290.52016203735093,279.01050723081204,287.8511047363281,38930500,0.0,0.0,0.041238879653479055,264.82428817749025,246.4546425229027
2021-03-22 00:00:00-04:00,288.18845807864415,297.37633561067435,284.51725557218174,291.25439453125,28273100,0.0,0.0,0.011823090962389315,266.4718620300293,247.02087372068374
2021-03-23 00:00:00-04:00,290.867432991807,295.67967537521406,287.5534429483778,288.3670654296875,23000900,0.0,0.0,-0.009913426735446929,267.7007209777832,247.5820649767679
2021-03-24 00:00:00-04:00,288.73414327750163,289.4485382452627,278.9707655714033,279.9431457519531,18675000,0.0,0.0,-0.029212488829756356,268.58527755737305,248.05911503140888
2021-03-25 00:00:00-04:00,278.7922204243197,285.8170802003852,275.5873592254311,276.56964111328125,24505600,0.0,0.0,-0.012050677753192796,269.77841567993164,248.54155924963572
2021-03-26 00:00:00-04:00,276.1330347429934,282.2847712189747,275.6071627424305,280.8162841796875,17629200,0.0,0.0,0.015354697100202985,271.03852767944335,249.01278202117436
2021-03-29 00:00:00-04:00,283.5448755560306,290.89718212081135,282.4832299943889,288.5555725097656,21718800,0.0,0.0,0.02755996986672593,272.3239387512207,249.54050578768292
2021-03-30 00:00:00-04:00,287.57324482882785,290.19270318034495,284.46764179897343,285.75750732421875,17474500,0.0,0.0,-0.009696798302005316,273.76264877319335,250.0210599747915
2021-03-31 00:00:00-04:00,287.7319756502071,294.19129505585806,286.36271621122563,292.23663330078125,19498200,0.0,0.0,0.02267351096820458,275.7034164428711,250.52397821819972
2021-04-01 00:00:00-04:00,296.07651796063567,300.04537216997386,294.29054567841536,296.3345031738281,17616000,0.0,0.0,0.014022437319927583,277.7384460449219,251.0715068029979
2021-04-05 00:00:00-04:00,298.54721717076194,308.3502638285434,298.33883047652586,306.5047607421875,28237000,0.0,0.0,0.03432019376560258,279.95257568359375,251.66494526938786
2021-04-06 00:00:00-04:00,306.4352641390623,308.9257301235245,302.8732207214209,303.8753662109375,17335200,0.0,0.0,-0.008578641730989878,282.480241394043,252.26373842027454
2021-04-07 00:00:00-04:00,303.95474852621874,311.8031627153539,303.12129263179196,310.6521911621094,22855200,0.0,0.0,0.022301330429224997,284.8293090820313,252.8446559603252
2021-04-08 00:00:00-04:00,312.39850125036537,313.42048018860385,307.63585714326587,310.5827331542969,20894100,0.0,0.0,-0.00022358769642882859,287.2165771484375,253.41238342769563
2021-04-09 00:00:00-04:00,308.9752946294777,312.28928426591995,307.9136188596121,310.02703857421875,15988600,0.0,0.0,-0.001789199851628731,289.13055419921875,253.95644711691236
2021-04-12 00:00:00-04:00,308.6280829893438,309.7195241992067,305.53238085225,309.1142883300781,10881900,0.0,0.0,-0.0029440988384054068,291.27076263427733,254.49330581180632
2021-04-13 00:00:00-04:00,309.7790193206261,311.9817348642091,306.91153757945125,307.3481140136719,14036900,0.0,0.0,-0.005713661202617404,293.05724639892577,255.02473080347454
2021-04-14 00:00:00-04:00,304.9072252057683,305.63155202989105,299.5989067038952,300.4621276855469,17421400,0.0,0.0,-0.022404517920089462,294.22508392333987,255.51552224537684
2021-04-15 00:00:00-04:00,303.95473064775086,307.72516074452744,301.7321817266754,305.4232177734375,14558300,0.0,0.0,0.016511532172476473,295.40631408691405,256.0307253277491
2021-04-16 00:00:00-04:00,305.7704851705201,306.5444105843695,302.23817681915284,303.79595947265625,13059200,0.0,0.0,-0.005327880154770481,296.7735824584961,256.54230590093704
2021-04-19 00:00:00-04:00,302.635078233983,305.3041352263425,298.2197156252216,299.8866271972656,14553500,0.0,0.0,-0.012868282653188179,297.37535858154297,257.0266005500915
2021-04-20 00:00:00-04:00,299.6385923844795,302.72439260123326,294.89581231843675,300.29345703125,16796400,0.0,0.0,0.0013566121230099704,297.82731170654296,257.5164469158839
2021-04-21 00:00:00-04:00,299.5988930328925,299.6286582281445,295.0744016748638,299.12261962890625,14863500,0.0,0.0,-0.0038989774000367516,298.3650894165039,258.03094107007223
2021-04-22 00:00:00-04:00,298.9837579042729,300.5614044233748,293.73496893428785,294.2112121582031,16375400,0.0,0.0,-0.016419378369968318,299.07849273681643,258.48074467976886
2021-04-23 00:00:00-04:00,296.433736995222,300.23390165965907,294.8362573958426,298.7852783203125,17536800,0.0,0.0,0.015546879157174454,300.189274597168,258.9374779595269
2021-04-26 00:00:00-04:00,300.97807189197096,303.41890888662624,299.2119328828372,300.680419921875,16172600,0.0,0.0,0.006342821213335625,301.18248138427737,259.3822809249636
2021-04-27 00:00:00-04:00,301.9107314378546,302.96247535635484,298.7654012272768,301.2062683105469,15309300,0.0,0.0,0.001748861428384707,301.8150161743164,259.8392897106352
2021-04-28 00:00:00-04:00,304.9667562140213,308.49906447197213,302.9922608483322,304.70880126953125,33907200,0.0,0.0,0.011628353482249665,302.76258087158203,260.3282698373946
2021-04-29 00:00:00-04:00,327.5495411674635,329.2263845348517,319.10579393830335,326.9443054199219,56526800,0.0,0.0,0.07297296322833202,304.4979644775391,260.8610727824862
2021-04-30 00:00:00-04:00,323.60054130902915,327.2518799010745,321.97329655477483,322.54876708984375,26332400,0.0,0.0,-0.013444303073064878,305.80867767333984,261.3350121634347
2021-05-03 00:00:00-04:00,323.6303106363787,325.99175347728556,319.33400895885666,320.0682373046875,18719500,0.0,0.0,-0.007690402315087219,306.48685150146486,261.8087152753557
2021-05-04 00:00:00-04:00,317.5281817062086,319.68129851653737,310.68191400122157,315.881103515625,24032600,0.0,0.0,-0.01308200346376942,307.0871383666992,262.25403007628427
2021-05-05 00:00:00-04:00,315.7124384967286,318.5600865999648,312.04123617300195,312.5671081542969,15577600,0.0,0.0,-0.010491274484116797,307.1828842163086,262.6790675208682
2021-05-06 00:00:00-04:00,312.07099322789145,317.7464559156763,310.83072629681925,317.5281677246094,19012200,0.0,0.0,0.015871982178827126,307.53015594482423,263.1182794116792
2021-05-07 00:00:00-04:00,319.86984325216355,320.4254804771027,316.2681028362469,316.59552001953125,15916700,0.0,0.0,-0.002937212505465081,307.8585800170898,263.54280508132206
2021-05-10 00:00:00-04:00,311.9023399620006,312.1305297025952,302.4564474516533,303.58758544921875,24239200,0.0,0.0,-0.041086919263766064,307.5822448730469,263.91142030746215
2021-05-11 00:00:00-04:00,298.40825581482176,304.45083332141724,297.3565117661836,304.14324951171875,18920100,0.0,0.0,0.0018303253793392482,307.42200164794923,264.2789725651817
2021-05-12 00:00:00-04:00,298.78531788021286,302.58548304780106,295.86820716463995,300.1942443847656,24645500,0.0,0.0,-0.012984030167669247,307.40860748291016,264.6429810902429
2021-05-13 00:00:00-04:00,303.69674037279856,306.45509310591166,300.41251561689637,302.8831481933594,18079200,0.0,0.0,0.008957213067507519,307.28160400390624,265.0373466128395
2021-05-14 00:00:00-04:00,307.1298192160858,314.38289851654434,306.67337913920693,313.47998046875,19245700,0.0,0.0,0.03498653635436222,307.76580505371095,265.4670302375915
2021-05-17 00:00:00-04:00,311.10856102432524,313.2219808293489,309.1538990283127,313.0036926269531,15401300,0.0,0.0,-0.0015193564867672649,308.4216583251953,265.87879883296904
2021-05-18 00:00:00-04:00,313.13270708868293,314.03562515796114,307.39771331279434,307.5465393066406,14522400,0.0,0.0,-0.017434788946137147,308.78431243896483,266.25981672983323
2021-05-19 00:00:00-04:00,301.82142315148013,312.20989957564876,301.2062556340909,311.1482238769531,19106200,0.0,0.0,0.011711022918458047,309.3855926513672,266.64059817601765
2021-05-20 00:00:00-04:00,311.1383473901833,316.76421218745367,310.7216346081384,316.1291809082031,17320200,0.0,0.0,0.016008309381254193,310.4814910888672,266.98960531325565
2021-05-21 00:00:00-04:00,316.8039020331024,317.4389030180048,313.3509876603318,313.7677307128906,13600900,0.0,0.0,-0.0074698899624777715,311.2306137084961,267.32365054175966
2021-05-24 00:00:00-04:00,315.7322705020775,323.41202409677993,315.5536793273055,322.102294921875,16445400,0.0,0.0,0.02656284695066624,312.3017074584961,267.6769099765354
2021-05-25 00:00:00-04:00,324.53320796495933,326.6168625616901,322.27096218906894,325.2377014160156,16437000,0.0,0.0,0.009734194830561815,313.5032791137695,268.05328175378224
2021-05-26 00:00:00-04:00,325.7933945661046,327.2618515535961,323.2830949613122,325.1087646484375,9686900,0.0,0.0,-0.00039643856483051465,314.52327728271484,268.4411902049231
2021-05-27 00:00:00-04:00,325.44610343491735,331.1810975830294,324.2157680993238,330.15911865234375,20477700,0.0,0.0,0.015534352047898548,314.68401794433595,268.86362917461094
2021-05-28 00:00:00-04:00,328.42269355471336,330.27812809646827,325.77346998443005,326.1703796386719,12037400,0.0,0.0,-0.0120812626043868,314.86509857177737,269.2716966659304
2021-06-01 00:00:00-04:00,327.5793076939704,328.8394383209458,324.0966586152129,326.5672607421875,11765900,0.0,0.0,0.001216790758116204,315.19004974365237,269.6544862777468
2021-06-02 00:00:00-04:00,327.80756141635504,329.2859501143572,324.5729351203657,326.5871276855469,11654300,0.0,0.0,6.083568608272749e-05,315.72535095214846,270.0341655791752
2021-06-03 00:00:00-04:00,323.24332704492036,324.8308747707798,320.961248006466,323.5013122558594,12610800,0.0,0.0,-0.00944867439067798,316.2720611572266,270.41167910136875
2021-06-04 00:00:00-04:00,323.36240833474403,329.8713271716394,322.6480133267942,327.77777099609375,13289400,0.0,0.0,0.013219293332733306,316.78454132080077,270.821400354779
2021-06-07 00:00:00-04:00,326.91456629914944,335.0606319370068,326.36883062034224,333.9592590332031,20136700,0.0,0.0,0.018858777452553488,317.65272827148436,271.2380118597122
2021-06-08 00:00:00-04:00,334.0783527890586,335.66587042753156,329.65305804593925,331.08184814453125,14580500,0.0,0.0,-0.008616053637805599,319.02744140625,271.64072466653494
2021-06-09 00:00:00-04:00,333.12577058089494,334.17751453094957,327.4304744423022,327.67852783203125,13727900,0.0,0.0,-0.010279392638325224,320.20420532226564,272.00130765400235
2021-06-10 00:00:00-04:00,328.2143580705369,331.33982497689396,325.9917789291626,329.871337890625,13240200,0.0,0.0,0.006691955292590368,321.6880599975586,272.37823074583025
2021-06-11 00:00:00-04:00,329.99036291102897,330.2384162938498,326.3687895778356,328.6806640625,13587900,0.0,0.0,-0.003609509803848998,322.9779357910156,272.79885840037514
2021-06-14 00:00:00-04:00,329.3156906835293,334.1973949616918,327.24196787486557,334.14776611328125,12250800,0.0,0.0,0.016633476345117915,324.0113250732422,273.2248407394167
2021-06-15 00:00:00-04:00,334.36599018318,337.2731985119078,332.42126036146635,334.12786865234375,15795200,0.0,0.0,-5.9546891990169826e-05,325.0675338745117,273.63530967349095
2021-06-16 00:00:00-04:00,334.07840330056405,334.92176081853125,326.16052616370723,328.50213623046875,17232200,0.0,0.0,-0.016837064338768193,326.1153137207031,274.01105178348604
2021-06-17 00:00:00-04:00,327.9166858746589,335.348386848026,327.5793368606947,333.88983154296875,17794100,0.0,0.0,0.016400792318501445,327.2523941040039,274.40864611428884
2021-06-18 00:00:00-04:00,331.92521504508204,333.5325962354284,326.43827503756376,327.0931396484375,23039500,0.0,0.0,-0.020356091298505352,327.80059204101565,274.77765516250855
2021-06-21 00:00:00-04:00,328.512029205886,330.32779722761893,325.09881166685085,329.70269775390625,11337500,0.0,0.0,0.007978027629297113,328.5973403930664,275.1457979716952
2021-06-22 00:00:00-04:00,330.09959669604154,337.2733130481438,330.0103010916536,336.3902282714844,15345300,0.0,0.0,0.020283517736241707,329.3117370605469,275.5387855408684
2021-06-23 00:00:00-04:00,336.70768365205276,340.7460001805239,335.56664409367676,337.9380187988281,14817800,0.0,0.0,0.004601175650365885,329.9467529296875,275.92602436126225
2021-06-24 00:00:00-04:00,339.18824270230544,342.214482226336,339.1287123056329,340.50787353515625,12329100,0.0,0.0,0.00760451500977144,330.7167083740234,276.35582605997723
2021-06-25 00:00:00-04:00,339.92247698416224,341.44056268544,337.035131575858,338.71197509765625,14594400,0.0,0.0,-0.005274175950338411,331.14435119628905,276.77196526905846
2021-06-28 00:00:00-04:00,339.79348109205574,355.351414273791,339.1088512451318,352.8708801269531,29156100,0.0,0.0,0.0418021979447718,332.4793762207031,277.32146278260245
2021-06-29 00:00:00-04:00,353.49595592074894,353.9622975602913,346.3321719592447,349.15008544921875,21417300,0.0,0.0,-0.010544351736804458,333.6085174560547,277.8382408505394
2021-06-30 00:00:00-04:00,349.42785769169,350.172017850921,344.46678996348334,345.0025634765625,15107500,0.0,0.0,-0.011878908657060872,334.52928924560547,278.3132431999085
2021-07-01 00:00:00-04:00,344.119580389678,351.90846439103524,343.8020647221668,351.6306457519531,17137000,0.0,0.0,0.019211689932387754,335.93575592041014,278.77328406439887
2021-07-02 00:00:00-04:00,352.3350507654891,353.66461333834536,349.8743501691839,351.93817138671875,11521300,0.0,0.0,0.0008745700594667838,337.1437759399414,279.25080659654407
2021-07-06 00:00:00-04:00,353.7241473646603,355.9963249803974,346.46113656672946,350.0331115722656,13488500,0.0,0.0,-0.005413052545413688,337.94746856689454,279.6937590705024
2021-07-07 00:00:00-04:00,352.4937724794709,353.7141756872279,347.2747198571754,347.7608947753906,14218900,0.0,0.0,-0.006491433872266361,338.7814208984375,280.12541107904343
2021-07-08 00:00:00-04:00,343.03801220730537,345.61774329354535,339.89268183283735,342.9586181640625,14406500,0.0,0.0,-0.013809133469218193,339.54542541503906,280.5272968837193
2021-07-09 00:00:00-04:00,342.63120246289606,347.97921794083607,342.5815736156693,347.6914978027344,13018700,0.0,0.0,0.013800147854595712,340.43643341064455,280.9443416898213
2021-07-12 00:00:00-04:00,348.4951912820845,351.43213503991996,346.91757530230257,350.41015625,10018600,0.0,0.0,0.007819168614839445,341.52290802001954,281.3699304489862
2021-07-13 00:00:00-04:00,348.7631083049435,355.69867223428014,346.084119258612,349.3485107421875,11456000,0.0,0.0,-0.0030297224234991926,342.28294525146487,281.81520607357936
2021-07-14 00:00:00-04:00,351.79925073751554,352.4342819743491,344.03023159160176,344.9232177734375,13894200,0.0,0.0,-0.012667273031588211,342.82271270751954,282.24004672822497
2021-07-15 00:00:00-04:00,346.5108023254573,346.5108023254573,337.57094717374997,341.7779235839844,14781600,0.0,0.0,-0.009118824211825305,343.4865020751953,282.65024051969016
2021-07-16 00:00:00-04:00,342.2244021364838,343.29597951923523,337.491554086067,338.50360107421875,11026100,0.0,0.0,-0.009580263334243777,343.7171905517578,283.0448817298526
2021-07-19 00:00:00-04:00,334.9415530868475,337.1442684957518,331.9351470822577,334.3263854980469,14372300,0.0,0.0,-0.012340239698826694,344.07885284423827,283.41861555311414
2021-07-20 00:00:00-04:00,336.16188772022963,340.77570425298467,331.89538221332384,338.9996337890625,11024300,0.0,0.0,0.013978101919936314,344.54369964599607,283.79754638671875
2021-07-21 00:00:00-04:00,338.84093751886803,343.82183878893244,338.59288412390543,343.53411865234375,9279700,0.0,0.0,0.013376075993352776,344.90089416503906,284.208921341669
2021-07-22 00:00:00-04:00,343.9806122329509,348.8027861958201,342.5220569930656,348.45550537109375,12385400,0.0,0.0,0.0143257582043268,345.42676849365233,284.64722775656077
2021-07-23 00:00:00-04:00,358.09984323454836,372.4075475574417,354.4088071301203,366.91070556640625,33694300,0.0,0.0,0.05296286013807783,346.74691009521484,285.1873937939841
2021-07-26 00:00:00-04:00,366.70232570674966,371.5245000314871,365.3529296099251,369.5599060058594,14925200,0.0,0.0,0.007220286569080914,348.289306640625,285.7455139160156
2021-07-27 00:00:00-04:00,369.01415718461413,370.24449233760663,361.7114494701859,364.9460754394531,15705400,0.0,0.0,-0.012484662138465552,348.89306640625,286.2743400089324
2021-07-28 00:00:00-04:00,371.6435368808808,374.6102459613628,364.07294199741824,370.3735046386719,29676900,0.0,0.0,0.01487186618648595,349.95423736572263,286.838011847602
2021-07-29 00:00:00-04:00,358.1890625758532,362.6738565582917,353.9622235051795,355.5299377441406,33413200,0.0,0.0,-0.04007729146017691,350.48060607910156,287.3302992563399
2021-07-30 00:00:00-04:00,351.24361661835076,357.92122508930873,350.19187261810475,353.52569580078125,15976200,0.0,0.0,-0.005637336636336254,350.57535858154296,287.8098690699017
2021-08-02 00:00:00-04:00,355.3117334679123,356.6015991711631,348.0090248606978,349.2096252441406,13180400,0.0,0.0,-0.012208647371060755,350.4389312744141,288.19683256603423
2021-08-03 00:00:00-04:00,349.98351529526695,351.01539564143263,344.9926820804049,348.5050964355469,12406100,0.0,0.0,-0.002017495388625612,350.36253051757814,288.58773307194787
2021-08-04 00:00:00-04:00,349.6759469844377,357.67318656110393,348.7730289315938,356.1253356933594,14180600,0.0,0.0,0.02186550307513735,350.78075256347654,289.01725932529996
2021-08-05 00:00:00-04:00,356.83977085113816,361.0665808744601,354.1210845608762,360.1438293457031,10247200,0.0,0.0,0.011283930823174693,351.64001312255857,289.4655274890718
2021-08-06 00:00:00-04:00,358.5860093865691,362.30681059827253,358.5860093865691,360.6795959472656,8925000,0.0,0.0,0.0014876462066166773,352.28941802978517,289.852294195266
2021-08-09 00:00:00-04:00,360.92765618426364,362.9319169074044,357.94108333229246,358.79437255859375,7798900,0.0,0.0,-0.005226864535324394,352.70862884521483,290.21913764590306
2021-08-10 00:00:00-04:00,359.0126160349106,361.26496017610475,356.2443620276476,358.3180847167969,7469900,0.0,0.0,-0.0013274674248663354,353.1571075439453,290.6055102878147
2021-08-11 00:00:00-04:00,359.28051696685594,359.5384718883265,355.02391254312903,357.15716552734375,8400300,0.0,0.0,-0.0032399123543280783,353.7688049316406,291.0143258231027
2021-08-12 00:00:00-04:00,355.6590447177854,360.17360534497317,354.32945159438793,359.8263244628906,7170700,0.0,0.0,0.007473345611324511,354.6712249755859,291.41892872159445
2021-08-13 00:00:00-04:00,360.143785948073,361.8206294212598,358.6653973147733,360.3521423339844,7195700,0.0,0.0,0.0014613101803451212,355.7636520385742,291.8200665428525
2021-08-16 00:00:00-04:00,359.6972591712923,364.09278838073544,354.597297072418,363.705810546875,11222100,0.0,0.0,0.009306641528947335,357.2326232910156,292.23474871923054
2021-08-17 00:00:00-04:00,360.1536923226501,361.8305356773374,352.3052793550785,355.6589660644531,12328700,0.0,0.0,-0.022124596993164602,358.06558990478516,292.6178139580621
2021-08-18 00:00:00-04:00,353.4761013114874,357.05797793706466,352.384660276008,352.6823425292969,10042400,0.0,0.0,-0.008369319542521625,358.5230010986328,292.98442113967167
2021-08-19 00:00:00-04:00,348.61425454343237,354.7858243488867,348.2669737273142,352.3548889160156,12004500,0.0,0.0,-0.0009284661401897099,358.7179702758789,293.34874446808345
2021-08-20 00:00:00-04:00,351.83898985298094,357.1870060382135,350.5590256805761,356.57183837890625,8697700,0.0,0.0,0.011967903938735258,358.2010269165039,293.70452396453373
2021-08-23 00:00:00-04:00,356.6412844176642,362.842619862997,356.3039354030331,360.5208435058594,10942000,0.0,0.0,0.011074921521863956,357.7490737915039,294.08384874131946
2021-08-24 00:00:00-04:00,360.82843061784286,365.09493733122457,359.02259445247506,362.6640319824219,9235100,0.0,0.0,0.005944700605161168,357.63497161865234,294.45443277510384
2021-08-25 00:00:00-04:00,362.75329155616987,367.97231440598324,362.5548367278309,365.5215759277344,9684500,0.0,0.0,0.007879314443432373,357.39237518310546,294.7992269122411
2021-08-26 00:00:00-04:00,365.5117016314949,366.563445771327,361.2947932451995,361.5428466796875,7888700,0.0,0.0,-0.010885073577253102,357.6930206298828,295.0373188805959
2021-08-27 00:00:00-04:00,362.2571791977708,370.8298886670531,361.2451019807343,369.7285461425781,11219100,0.0,0.0,0.022641021771183878,358.50316314697267,295.34998418414403
2021-08-30 00:00:00-04:00,369.6591383120919,378.51959949765813,367.63501386017316,377.6960754394531,13547300,0.0,0.0,0.021549673077724707,359.92748565673827,295.69253431047713
2021-08-31 00:00:00-04:00,376.99156388391305,379.77968163648467,375.85049403674094,376.4259948730469,12345400,0.0,0.0,-0.00336270522516946,361.32353057861326,296.0318555075025
2021-09-01 00:00:00-04:00,376.63438864602057,381.3374718182199,375.86046318376043,379.0752258300781,11567200,0.0,0.0,0.0070378533712176505,362.47102508544924,296.37286982460625
2021-09-02 00:00:00-04:00,378.5295108429375,378.77756425764454,371.14743879885947,372.3579406738281,14832900,0.0,0.0,-0.0177201903435944,363.0817306518555,296.659430609809
2021-09-03 00:00:00-04:00,371.8320699459693,374.22330850570114,370.2048250054217,373.330322265625,7509600,0.0,0.0,0.0026114162894907977,363.7142669677734,296.99465724400113
2021-09-07 00:00:00-04:00,372.95328945072,379.9781491056426,370.2445351558351,379.2042236328125,10793800,0.0,0.0,0.015733791275084785,364.73475952148436,297.3862271990095
2021-09-08 00:00:00-04:00,377.1999260274363,377.90438920545546,371.8717438371521,374.6300964355469,11067200,0.0,0.0,-0.01206243736803625,365.55036010742185,297.80520109146363
2021-09-09 00:00:00-04:00,374.6996412898695,376.8725616967739,373.6379652359281,375.05682373046875,9098900,0.0,0.0,0.0011390630357304143,366.4453430175781,298.2157888261099
2021-09-10 00:00:00-04:00,378.39055683069006,380.8016588460184,375.31471895262035,375.7413635253906,11549600,0.0,0.0,0.0018251628862879787,367.2410949707031,298.65126037597656
2021-09-13 00:00:00-04:00,378.7080657914906,378.7775280081508,371.43515369148867,373.5783386230469,13026300,0.0,0.0,-0.0057566856149378065,367.90240478515625,299.08397601899645
2021-09-14 00:00:00-04:00,374.46139601166345,375.64213258472364,372.1892184534272,373.5981750488281,8711600,0.0,0.0,5.309843674128345e-05,368.3970230102539,299.5185814509316
2021-09-15 00:00:00-04:00,374.06454967027025,374.62018689725124,364.80720954935725,371.008544921875,17940300,0.0,0.0,-0.006931592014909227,369.164501953125,299.91822306315106
2021-09-16 00:00:00-04:00,369.88735611995554,370.65134977316575,366.83132094719605,370.1552429199219,11934200,0.0,0.0,-0.002299952423286622,370.03814697265625,300.34952121310766
2021-09-17 00:00:00-04:00,368.518069098452,368.518069098452,358.77452395434756,361.8801574707031,26299000,0.0,0.0,-0.02235571589893426,370.5144104003906,300.78223655337376
2021-09-20 00:00:00-04:00,356.50236496446865,358.2189055405732,347.0763349554893,352.930419921875,19822800,0.0,0.0,-0.024731219338967714,370.33233947753905,301.18845373486715
2021-09-21 00:00:00-04:00,355.70858018739267,357.2365976294864,352.4243555514342,354.696533203125,11751900,0.0,0.0,0.0050041401408269515,370.04112396240237,301.6189250037784
2021-09-22 00:00:00-04:00,344.52634630694666,347.1160093217714,338.0372607512432,340.5376281738281,43692900,0.0,0.0,-0.03991836317494668,368.93480377197267,301.96722339448473
2021-09-23 00:00:00-04:00,342.6708706244858,346.94733905140663,340.32926108840206,343.2662048339844,21806300,0.0,0.0,0.008012555542800337,367.82203521728513,302.3489104982406
2021-09-24 00:00:00-04:00,340.5673831281829,351.5908918646858,339.7041621492039,350.2117004394531,18801900,0.0,0.0,0.020233554913533736,367.25547790527344,302.75615104796395
2021-09-27 00:00:00-04:00,347.0862695745265,352.3846870622932,344.3775152914721,350.826904296875,15205800,0.0,0.0,0.0017566627746872232,366.3103958129883,303.14500427246094
2021-09-28 00:00:00-04:00,345.26056945182785,346.87788247328035,336.2810484357312,337.99755859375,21710300,0.0,0.0,-0.036568876405980055,364.3254699707031,303.4750727093409
2021-09-29 00:00:00-04:00,340.4781125717642,342.5419339486069,336.2413711294323,336.9656677246094,14452200,0.0,0.0,-0.0030529536172800853,362.3524536132812,303.78147767082095
2021-09-30 00:00:00-04:00,337.7991500549551,340.1308279140143,335.5170404865727,336.7474060058594,16547100,0.0,0.0,-0.0006477268744433662,360.23606262207034,304.0865835765051
2021-10-01 00:00:00-04:00,338.950049198345,342.3335009667382,336.00320408517933,340.33917236328125,14905300,0.0,0.0,0.010666055011450792,358.63512420654297,304.38731856573196
2021-10-04 00:00:00-04:00,332.9174241139099,333.32423531875986,320.18733709756447,323.6898498535156,42885000,0.0,0.0,-0.048919794903873104,356.1531005859375,304.64832572331505
2021-10-05 00:00:00-04:00,326.02153122963404,332.57014704290987,323.6203912754051,330.367431640625,35377900,0.0,0.0,0.020629568057606074,353.7112609863281,304.91728646414623
2021-10-06 00:00:00-04:00,327.1724876898397,331.7763731159524,323.26316386368603,331.0421447753906,26443000,0.0,0.0,0.002042311287813625,351.5318634033203,305.2125093974764
2021-10-07 00:00:00-04:00,334.3760068358188,336.201676355274,326.4184641021134,326.6565856933594,28307500,0.0,0.0,-0.013247736432491997,349.11185150146486,305.4924556187221
2021-10-08 00:00:00-04:00,328.9287869198579,330.80405514449114,326.1505702774925,327.4801330566406,15946100,0.0,0.0,0.00252114115970814,346.6987899780273,305.7534628974067
2021-10-11 00:00:00-04:00,325.07897314720964,327.8869245412267,322.7770301401252,322.91595458984375,14708200,0.0,0.0,-0.013937268267835479,344.16567077636716,305.99364168681797
2021-10-12 00:00:00-04:00,320.51476453054045,321.8542589738375,314.89883180646416,321.2489929199219,31658700,0.0,0.0,-0.005162215264461589,341.5482116699219,306.1827134631929
2021-10-13 00:00:00-04:00,324.4240721962077,324.4538373921097,320.1476341318763,322.01300048828125,14761500,0.0,0.0,0.002378241131326453,339.0984344482422,306.37328144860646
2021-10-14 00:00:00-04:00,325.80326469937097,327.9464498506444,324.55309607109666,325.9719543457031,14302200,0.0,0.0,0.012294391379909397,336.88927001953124,306.59656900072855
2021-10-15 00:00:00-04:00,326.1207530110209,326.5077308425533,319.9988121641068,322.2312927246094,21596400,0.0,0.0,-0.011475409375638068,334.9068267822266,306.8250931028336
2021-10-18 00:00:00-04:00,326.3886531187286,333.2746174459336,324.94993138686624,332.7288818359375,21585000,0.0,0.0,0.03257780776834651,333.89674987792966,307.09838503883
2021-10-19 00:00:00-04:00,337.00533290465023,339.7934506132104,334.65379158917005,337.3426818847656,18786300,0.0,0.0,0.013866545108347728,333.02905731201173,307.40782177637493
2021-10-20 00:00:00-04:00,340.77581084319115,341.3016828983417,336.80695600282183,338.1265869140625,13639500,0.0,0.0,0.0023237647395140115,332.90850524902345,307.69611491854226
2021-10-21 00:00:00-04:00,337.63043926024426,339.6446316371412,335.1697386557774,339.2179870605469,16354400,0.0,0.0,0.0032277856540212646,332.7060943603516,307.94475906614275
2021-10-22 00:00:00-04:00,323.80893083802226,327.06339039987455,318.60971071997267,322.08245849609375,35224500,0.0,0.0,-0.05051479938590231,331.2996322631836,308.1278068905785
2021-10-25 00:00:00-04:00,317.8060197357078,326.9939278171444,317.23054914233694,326.1307067871094,38409000,0.0,0.0,0.01256898096816017,330.0648223876953,308.30065675765746
2021-10-26 00:00:00-04:00,325.7040544162325,327.6388528181023,307.1893445296699,313.3509826660156,65654000,0.0,0.0,-0.039185896498351025,328.8324935913086,308.45303235735213
2021-10-27 00:00:00-04:00,311.74366391010693,316.76426343916546,309.63024361934447,309.78900146484375,29971800,0.0,0.0,-0.011367384811964643,327.4736602783203,308.5669403076172
2021-10-28 00:00:00-04:00,310.5529092792764,322.98534384775115,305.7109023111952,314.45233154296875,50806800,0.0,0.0,0.01505324610000458,326.3589065551758,308.76085493299695
2021-10-29 00:00:00-04:00,317.6968807534924,323.46163945137965,317.1114783524973,321.0505676269531,37059400,0.0,0.0,0.020983263350625725,325.39447631835935,308.92913782028927
2021-11-01 00:00:00-04:00,323.50135079861377,330.8536576667593,323.46165377375024,327.4106750488281,31518900,0.0,0.0,0.019810298012820082,325.580517578125,309.1924290732732
2021-11-02 00:00:00-04:00,328.79977498067046,332.18322727188917,321.27877830987967,325.52545166015625,28353000,0.0,0.0,-0.005757977770244449,325.3384185791016,309.4551294720362
2021-11-03 00:00:00-04:00,324.94002526271333,329.56374431625284,320.6834506798263,329.0378723144531,20786500,0.0,0.0,0.010790003166829987,325.2382049560547,309.71625470358225
2021-11-04 00:00:00-04:00,331.40928538211995,334.64388123663895,330.0598590951158,333.2349548339844,22495300,0.0,0.0,0.012755621381845605,325.56712341308594,309.90709819490945
2021-11-05 00:00:00-04:00,337.6601935331412,344.0897482903848,336.99542740599173,338.47381591796875,26872800,0.0,0.0,0.015721223142975305,326.11680755615237,310.0899883451916
2021-11-08 00:00:00-05:00,341.73819398810986,342.10530814583177,335.7055188278553,335.98333740234375,18342500,0.0,0.0,-0.007357965072927741,326.77017669677736,310.2679959251767
2021-11-09 00:00:00-05:00,337.3526516997646,338.6524492000935,331.86571125243444,332.7586975097656,17556700,0.0,0.0,-0.009597618493552229,327.34566192626954,310.490850418333
2021-11-10 00:00:00-05:00,329.90110972631356,330.59567139945983,322.97547776703135,325.0888977050781,21872600,0.0,0.0,-0.02304913398833819,327.49945678710935,310.7082319713774
2021-11-11 00:00:00-05:00,327.2519011057933,329.8713292985275,324.4538514499528,325.1880798339844,12376600,0.0,0.0,0.00030509232891806626,327.46026306152345,310.9100605798146
2021-11-12 00:00:00-05:00,327.60911758764775,339.1981665270857,327.21223815711136,338.2357482910156,25414300,0.0,0.0,0.040123452445404384,328.26048583984374,311.16917806958395
2021-11-15 00:00:00-05:00,341.6588609660316,350.89636806742686,340.5277530964521,344.8537902832031,25076600,0.0,0.0,0.0195663587471937,328.86673126220705,311.4471949017237
2021-11-16 00:00:00-05:00,341.15280232033473,343.95085205070313,338.2158584260246,340.2895812988281,18181100,0.0,0.0,-0.013235200287712523,329.01407623291016,311.69918581039184
2021-11-17 00:00:00-05:00,341.5596207966842,344.5957921753798,337.45187198784345,338.11663818359375,13602800,0.0,0.0,-0.006385570510095029,329.0135787963867,311.9581457471091
2021-11-18 00:00:00-05:00,337.07483533285813,339.793491148668,332.68923750827,336.0528564453125,17487200,0.0,0.0,-0.006103756825952544,328.855322265625,312.2208462669736
2021-11-19 00:00:00-05:00,339.53552057480016,349.35842957953895,337.2534110290804,342.6113586425781,26488500,0.0,0.0,0.019516281654736956,329.8817672729492,312.5057531689841
2021-11-22 00:00:00-05:00,346.3321735643987,351.0749537528082,337.8586905223181,338.35479736328125,27116800,0.0,0.0,-0.012423876710221493,330.4929718017578,312.7865261501736
2021-11-23 00:00:00-05:00,336.29093495274225,338.74170365953904,330.9032225838584,334.6240234375,17225000,0.0,0.0,-0.011026218498612406,331.556623840332,313.057494996086
2021-11-24 00:00:00-05:00,333.3837897309682,339.1187834740705,330.2186257334472,338.4043884277344,13566200,0.0,0.0,0.011297350833929132,332.9873931884766,313.3100370376829
2021-11-26 00:00:00-05:00,333.18530921855194,335.12013781830825,329.31568229899483,330.52618408203125,14750700,0.0,0.0,-0.023280443797747963,333.7910858154297,313.53655315580824
2021-11-29 00:00:00-05:00,334.26690233273945,338.01746906917316,332.6991876624011,335.39801025390625,16650900,0.0,0.0,0.014739607348826178,334.50845794677736,313.7736609322684
2021-11-30 00:00:00-05:00,332.39153284383184,333.195223381446,320.91161502439473,321.93359375,25390000,0.0,0.0,-0.0401445926698053,334.23460388183594,313.9606456453838
2021-12-01 00:00:00-05:00,327.7182372061574,327.9265935829965,307.87396527980366,308.1815490722656,30329600,0.0,0.0,-0.042717022841715746,333.3674087524414,314.05533902607266
2021-12-02 00:00:00-05:00,308.975320750198,312.1504165030923,304.80804163947613,307.97320556640625,24396200,0.0,0.0,-0.000676041464800714,332.3141754150391,314.1453864687965
2021-12-03 00:00:00-05:00,311.287202841972,311.30703621441194,297.1679915417255,304.4508361816406,27471000,0.0,0.0,-0.01143725921963723,330.8749694824219,314.2437811957465
2021-12-06 00:00:00-05:00,305.73080691553787,317.60760590944744,303.954735944998,315.39495849609375,21758300,0.0,0.0,0.03594709231780091,329.7210266113281,314.3940700954861
2021-12-07 00:00:00-05:00,319.06614306450473,323.9974459982289,318.5005740303453,320.2964782714844,18794000,0.0,0.0,0.015540894498639712,328.93668365478516,314.54065801226903
2021-12-08 00:00:00-05:00,322.4694694967314,330.159126077038,320.5545042219875,327.9861755371094,19937700,0.0,0.0,0.024008060616599103,328.6980575561523,314.7263439117916
2021-12-09 00:00:00-05:00,326.9740734970569,333.5127573929671,325.4460560967517,327.25189208984375,16879200,0.0,0.0,-0.002238763405387978,328.80620727539065,314.9306926424541
2021-12-10 00:00:00-05:00,329.97055187122083,332.4213206705392,323.8287472745476,327.18243408203125,14528000,0.0,0.0,-0.00021224631389882287,328.90592498779296,315.1379154750279
2021-12-13 00:00:00-05:00,328.37311410359496,338.43414460124114,327.0236878165198,331.8855285644531,22948700,0.0,0.0,0.01437453234803776,328.58841400146486,315.3778581165132
2021-12-14 00:00:00-05:00,325.49568960853713,333.0861485777015,325.09881018765583,331.1413879394531,20461000,0.0,0.0,-0.0022421605070239714,327.90279388427734,315.6123275756836
2021-12-15 00:00:00-05:00,329.9010235902607,339.4461116509759,321.45730814883177,338.9996337890625,24681300,0.0,0.0,0.023730787318697155,327.8382965087891,315.8726259261843
2021-12-16 00:00:00-05:00,336.34057631706844,341.7778874543909,331.14135647370017,332.2923278808594,22635000,0.0,0.0,-0.01978558452478052,327.54708099365234,316.1058352031405
2021-12-17 00:00:00-05:00,330.20866697035297,334.4851050733317,328.1746412454397,331.19097900390625,40012600,0.0,0.0,-0.0033143975486187305,327.30398712158205,316.339359586201
2021-12-20 00:00:00-05:00,327.21222650534423,327.3312873022695,320.0186773181742,322.91595458984375,17901800,0.0,0.0,-0.024985657637628167,326.3192169189453,316.53248693072607
2021-12-21 00:00:00-05:00,323.868485951207,333.38381195036175,321.2291938063381,331.59783935546875,16116800,0.0,0.0,0.026885895980743424,325.9813690185547,316.77428024534197
2021-12-22 00:00:00-05:00,331.20087485098674,331.9053682815048,325.7040335196158,327.8769836425781,16764600,0.0,0.0,-0.01122098901525681,325.6440170288086,317.0237509106833
2021-12-23 00:00:00-05:00,327.5297071595906,334.04855761445225,325.8032349487416,332.6296691894531,13987700,0.0,0.0,0.014495331432156755,325.3552810668945,317.28806547134644
2021-12-27 00:00:00-05:00,336.2115846993633,345.1613404781223,335.3781289082556,343.4844970703125,17795000,0.0,0.0,0.032633372444828,326.0031967163086,317.59825037396143
2021-12-28 00:00:00-05:00,343.9310116569067,349.9636571382656,342.51215344868643,343.5242004394531,16637600,0.0,0.0,0.00011558998871641357,326.4095062255859,317.8707940237863
2021-12-29 00:00:00-05:00,344.20883419741097,346.9671868790593,338.97987926535325,340.2697448730469,10747000,0.0,0.0,-0.009473730125106106,327.3263137817383,318.13128952752976
2021-12-30 00:00:00-05:00,341.3215285234263,344.5263898228477,340.54760301297273,341.6787109375,10593300,0.0,0.0,0.004140732714801976,329.001171875,318.4167084466843
2021-12-31 00:00:00-05:00,340.34909630287945,340.7658393357724,333.6516545396448,333.7310485839844,12870500,0.0,0.0,-0.023260630818082828,330.28906402587893,318.66550978403245
2022-01-03 00:00:00-05:00,335.66583985117506,338.42419237470216,334.5644973188107,335.90399169921875,14537900,0.0,0.0,0.006511060701286597,331.8617218017578,318.9395495217944
2022-01-04 00:00:00-05:00,337.30299041650676,340.41852505150547,329.28588840398794,333.90960693359375,15998000,0.0,0.0,-0.005937365482131085,332.78745422363284,319.1976823352632
2022-01-05 00:00:00-05:00,330.4269082078223,333.1455936181926,321.31839611456076,321.6458435058594,20564500,0.0,0.0,-0.036727794508090716,332.85492248535155,319.4373095073397
2022-01-06 00:00:00-05:00,320.3064141577774,336.529113208816,320.2071867379019,329.871337890625,27962800,0.0,0.0,0.025573140616740986,332.94918060302734,319.68819790794737
2022-01-07 00:00:00-05:00,330.1491888852964,334.37602909098933,326.31925839804165,329.20660400390625,14722000,0.0,0.0,-0.0020151307808959906,333.04691619873046,319.9410550556486
2022-01-10 00:00:00-05:00,322.77701413394965,325.78342022706335,312.9739386071096,325.5155334472656,24942400,0.0,0.0,-0.011212018567515858,332.9635711669922,320.2215129307338
2022-01-11 00:00:00-05:00,324.23561120670064,332.0244952768935,322.74729056704444,331.7665100097656,16226800,0.0,0.0,0.019203312653934157,332.95762023925784,320.54941607278494
2022-01-12 00:00:00-05:00,332.57016386603556,333.7509005316702,327.4602696256606,330.6651306152344,14104900,0.0,0.0,-0.0033197425336838338,332.9338073730469,320.87078306410046
2022-01-13 00:00:00-05:00,332.37174337245716,333.0166761967169,323.22353219830933,323.93792724609375,14797100,0.0,0.0,-0.020344459534103354,332.18072204589845,321.1890789213635
2022-01-14 00:00:00-05:00,319.2844388795973,330.1392586318961,318.70893800587925,329.3157043457031,16868500,0.0,0.0,0.016601257979661943,332.0318908691406,321.5061935545906
2022-01-18 00:00:00-05:00,320.7727525971954,321.6855721790978,315.1667516493473,315.6727600097656,22645600,0.0,0.0,-0.04142816196100885,331.25597991943357,321.7308197626992
2022-01-19 00:00:00-05:00,317.0915696404895,324.5530343663227,316.84351627125204,317.10150146484375,20814700,0.0,0.0,0.004526020728028435,330.9652572631836,321.9359952533056
2022-01-20 00:00:00-05:00,321.3779984398948,325.2674893105411,313.519683208936,314.09515380859375,16925000,0.0,0.0,-0.009480710883935428,330.09012298583986,322.1080184815422
2022-01-21 00:00:00-05:00,312.35876856290434,315.83151624705846,300.68042510869054,300.8094177246094,28710700,0.0,0.0,-0.0422984433948973,328.7367446899414,322.22090251862056
2022-01-24 00:00:00-05:00,295.5209166368451,307.1198968928485,286.7596832302792,306.3062744140625,38878100,0.0,0.0,0.018273552507207302,327.4205749511719,322.3417793758332
2022-01-25 00:00:00-05:00,297.6144721826559,303.84557218580625,295.26290058857546,297.8128967285156,25108500,0.0,0.0,-0.02772838297809599,325.13699493408205,322.4130454290481
2022-01-26 00:00:00-05:00,304.6194529807304,305.11555969271234,288.5852804158802,292.3358459472656,28348800,0.0,0.0,-0.018390912016959526,322.5775772094727,322.5015964205303
2022-01-27 00:00:00-05:00,295.4316257497335,299.3607834777899,291.96880966646864,292.3458557128906,21629900,0.0,0.0,3.4240637143190256e-05,320.18138275146487,322.6182997567313
2022-01-28 00:00:00-05:00,293.31817127191175,299.54927129206766,290.7483417543587,299.3607482910156,21871600,0.0,0.0,0.02399518392699318,318.06548461914065,322.78910228184293
2022-01-31 00:00:00-05:00,298.3387969768634,311.34673384669173,296.9894009293225,310.82086181640625,21579500,0.0,0.0,0.0382819510935013,316.9199752807617,322.9908918955969
2022-02-01 00:00:00-05:00,312.110712917288,317.1710084195929,309.6897092695964,316.5161437988281,18023800,0.0,0.0,0.01832335818496622,315.95058288574216,323.19531946333626
2022-02-02 00:00:00-05:00,325.26749303258214,325.44608422624805,314.40274121853355,320.4850158691406,58458300,0.0,0.0,0.012539240566620258,315.2793533325195,323.41718964349656
2022-02-03 00:00:00-05:00,242.74505795410397,246.06897966279848,233.91436272380943,235.90870666503906,188119900,0.0,0.0,-0.2639009782555184,310.9924964904785,323.30406927684
2022-02-04 00:00:00-05:00,233.1404540636697,240.72096611837983,228.31829488096275,235.2439422607422,89342200,0.0,0.0,-0.002817888384428091,306.26112670898436,323.1819718981546
2022-02-07 00:00:00-05:00,235.8491731697321,236.44450739450184,222.26576636304068,223.1587677001953,88613800,0.0,0.0,-0.051372946926521834,300.9587348937988,323.0179024348183
2022-02-08 00:00:00-05:00,219.13038789094924,224.01207717049772,214.46697168286357,218.46559143066406,94729700,0.0,0.0,-0.021030660448153826,295.6062377929687,322.823908911811
2022-02-09 00:00:00-05:00,222.45430329166842,231.55290089035407,220.47980776459082,230.19357299804688,86563300,0.0,0.0,0.05368342671530035,290.5275909423828,322.666926489936
2022-02-10 00:00:00-05:00,226.49261389613994,233.1702075147075,224.93483120002207,226.29417419433594,49310400,0.0,0.0,-0.016939651063776706,285.3090431213379,322.5002975463867
2022-02-11 00:00:00-05:00,226.68111084885035,228.6258408989016,217.0665592731031,217.84048461914062,46156900,0.0,0.0,-0.037357080027767275,280.00417098999026,322.2996893988715
2022-02-14 00:00:00-05:00,217.60237794732865,219.2792214751233,213.10765122512285,216.00491333007812,38184000,0.0,0.0,-0.008426217432777494,274.338631439209,322.07813444591704
2022-02-15 00:00:00-05:00,218.75333332612993,219.42803130608593,213.38545412333406,219.27920532226562,42685500,0.0,0.0,0.015158414416176047,269.51895370483396,321.8711475190662
2022-02-16 00:00:00-05:00,210.75609571412514,215.76677745313566,210.70648200582244,214.8539276123047,45817500,0.0,0.0,-0.020181018548736884,264.40657501220704,321.66305826580714
2022-02-17 00:00:00-05:00,212.35356264731095,215.8064617968669,205.54697662595777,206.0926971435547,38747500,0.0,0.0,-0.040777613730940465,259.0064521789551,321.4510316394624
2022-02-18 00:00:00-05:00,207.759594053588,209.10900508345037,203.58236835806525,204.55474853515625,37128400,0.0,0.0,-0.007462411961774551,254.19371871948243,321.2377452547588
2022-02-22 00:00:00-05:00,200.76451613173913,205.8644939367054,198.5022701102353,200.5065460205078,39852400,0.0,0.0,-0.019790313075781163,248.9037322998047,320.98662088787745
2022-02-23 00:00:00-05:00,202.57033145267047,205.32868403916535,196.5079057737242,196.90478515625,44481400,0.0,0.0,-0.017963308110097387,243.85832672119142,320.7273064870683
2022-02-24 00:00:00-05:00,189.5723294747781,206.72771123120492,188.73887367786082,205.98355102539062,49957200,0.0,0.0,0.046107390746935595,239.54071197509765,320.5418964567639
2022-02-25 00:00:00-05:00,203.34425365392673,209.67458114367503,201.59794806228433,208.8411102294922,37627600,0.0,0.0,0.013872754352843186,235.36547470092773,320.3562895759704
2022-02-28 00:00:00-05:00,206.0629040921381,211.49031345595338,205.21953165332295,209.38682556152344,34239800,0.0,0.0,0.0026130646951243452,230.8667785644531,320.1441446334597
2022-03-01 00:00:00-05:00,208.2358762173396,210.10124274506424,200.64544776565825,201.9055633544922,27094900,0.0,0.0,-0.03572938357973743,225.42101364135743,319.92558215913317
2022-03-02 00:00:00-05:00,203.18549004210848,207.52145842115084,200.4469860879729,206.48956298828125,29452100,0.0,0.0,0.02270368165012271,219.91968460083007,319.73934518723263
2022-03-03 00:00:00-05:00,207.3924824658934,207.45201285707276,199.85165335697488,201.38958740234375,27263500,0.0,0.0,-0.024698466654350604,213.96491317749025,319.5240899343339
2022-03-04 00:00:00-05:00,200.7942693856852,204.2868656360038,197.2421427393917,198.50225830078125,32130900,0.0,0.0,-0.014337032707624986,212.09459075927734,319.27123314993725
2022-03-07 00:00:00-05:00,199.22654533313855,199.32577274078756,185.82174617449198,186.01026916503906,38560600,0.0,0.0,-0.06293121923486455,209.63290710449218,319.0041229005844
2022-03-08 00:00:00-05:00,186.38733062782254,195.16841189497072,184.66087351517342,188.80831909179688,37508100,0.0,0.0,0.01504244867403104,207.91538467407227,318.7070494152251
2022-03-09 00:00:00-05:00,194.21590255342085,197.54974097584935,192.4100664687819,196.95440673828125,31894700,0.0,0.0,0.04314474958343251,206.83982543945314,318.4456090775747
2022-03-10 00:00:00-05:00,193.32288838403682,194.75167834752023,189.58225412516933,193.6900177001953,24853000,0.0,0.0,-0.01657433866114888,205.01464767456054,318.13585717337475
2022-03-11 00:00:00-05:00,191.14001813828725,192.05285278974358,185.2165020189651,186.14918518066406,34694500,0.0,0.0,-0.03893247886013096,203.00739822387695,317.81775822715156
2022-03-14 00:00:00-04:00,185.57369820987867,190.79273600899157,184.3731282981707,185.17681884765625,31010500,0.0,0.0,-0.005223586297539273,201.37421493530275,317.47473592606804
2022-03-15 00:00:00-04:00,189.3143563018215,190.7828281781689,184.46243244458515,190.53477478027344,31721700,0.0,0.0,0.02893426923499076,200.1007080078125,317.13120178949265
2022-03-16 00:00:00-04:00,193.18397402994407,202.1436611229739,193.00538285917506,202.04444885253906,40640300,0.0,0.0,0.06040720957913681,199.23897018432618,316.8147170051696
2022-03-17 00:00:00-04:00,200.1295033401846,206.42013466134534,199.54410088177565,206.22169494628906,29499700,0.0,0.0,0.02067488672652784,198.8073585510254,316.5360309055873
2022-03-18 00:00:00-04:00,205.09057109476467,215.11193563474245,204.39602452486062,214.80435180664062,52128000,0.0,0.0,0.04161859334240714,199.2429412841797,316.246162838406
2022-03-21 00:00:00-04:00,212.8298347088417,213.0382062435741,206.01333156086238,209.84327697753906,30142300,0.0,0.0,-0.023095783616001175,199.50736770629882,315.9231028481135
2022-03-22 00:00:00-04:00,209.7241721651945,217.75119125075489,208.54343562422935,214.9630584716797,31998800,0.0,0.0,0.024398120196572393,200.2301933288574,315.63181710621666
2022-03-23 00:00:00-04:00,211.66891999041766,215.11190224536244,210.5080319452024,211.79791259765625,23717300,0.0,0.0,-0.014724138633524508,200.97484970092773,315.36139951433455
2022-03-24 00:00:00-04:00,213.325928057074,218.95177745927012,213.1175565355208,217.8603515625,31502300,0.0,0.0,0.028623695533583016,201.5686897277832,315.1284261431013
2022-03-25 00:00:00-04:00,218.79300673228764,223.7441578485975,217.1856256093876,220.0928192138672,40039000,0.0,0.0,0.010247241571749388,202.13127517700195,314.8874600122845
2022-03-28 00:00:00-04:00,220.40040620029254,222.29552262165006,217.83056153535037,221.84902954101562,26224100,0.0,0.0,0.00797940765819316,202.75438537597657,314.6227515084403
2022-03-29 00:00:00-04:00,224.3097380278288,229.09219975413018,223.5357974834285,228.07022094726562,31417900,0.0,0.0,0.028042454903323355,204.06261825561523,314.39383370535717
2022-03-30 00:00:00-04:00,227.12762598483724,229.35017482946435,224.94475902387336,226.0758819580078,25588000,0.0,0.0,-0.008744407669596388,205.04193420410155,314.13129104129854
2022-03-31 00:00:00-04:00,226.67119351331812,226.7108905356395,220.5293889171824,220.6286163330078,24192300,0.0,0.0,-0.024094855133692694,206.00388565063477,313.83087085542223
2022-04-01 00:00:00-04:00,222.80159128229144,225.51033046743126,220.96598986548707,223.09925842285156,19544800,0.0,0.0,0.011198194191249788,207.23373565673828,313.49989663986935
2022-04-04 00:00:00-04:00,224.22043413017906,232.52527259224502,224.10137333817107,232.06884765625,28054800,0.0,0.0,0.040204478028330826,209.53666458129882,313.2149501376682
2022-04-05 00:00:00-04:00,232.2573692886443,235.01572198026443,229.2211979906724,230.03480529785156,29727200,0.0,0.0,-0.008764822934835936,211.59798889160157,312.89503987630206
2022-04-06 00:00:00-04:00,225.14318617073423,227.20699222567552,219.68601150256504,221.56129455566406,28995100,0.0,0.0,-0.03683577679132466,212.8283332824707,312.5417801993234
2022-04-07 00:00:00-04:00,222.18638486720067,223.76401600245768,216.85820266353352,221.21401977539062,21037200,0.0,0.0,-0.0015673982270679732,214.20453338623048,312.1893475850423
2022-04-08 00:00:00-04:00,220.64846014240237,223.37704747970082,218.31675217999265,220.59884643554688,18375700,0.0,0.0,-0.0027808967102010973,215.9270164489746,311.8380958314926
2022-04-11 00:00:00-04:00,216.71928146847083,218.89223156230173,213.54420114094543,214.77455139160156,20516600,0.0,0.0,-0.026402200818611332,217.4069030761719,311.47074042426215
2022-04-12 00:00:00-04:00,218.52511922684667,220.30117483214664,211.47048023153366,212.4726104736328,20128800,0.0,0.0,-0.010717940757197009,218.50379486083983,311.1215756734212
2022-04-13 00:00:00-04:00,210.17069419373846,214.92339072532232,209.68450407431595,213.31600952148438,19231800,0.0,0.0,0.003969448325464198,219.0673728942871,310.75607087877063
2022-04-14 00:00:00-04:00,213.21677436885344,213.3160017822713,208.36485059628197,208.54344177246094,18379500,0.0,0.0,-0.022373228149773605,219.1834602355957,310.37808469742066
2022-04-18 00:00:00-04:00,208.3648821840085,211.71856941823995,206.67812188003873,209.12889099121094,16580800,0.0,0.0,0.0028073250051601217,218.89968719482422,310.0179349505712
2022-04-19 00:00:00-04:00,208.88082627442776,216.7292249062666,207.37265725519583,215.61795043945312,20089900,0.0,0.0,0.031028995647066848,219.18842086791992,309.6819210355244
2022-04-20 00:00:00-04:00,211.94676758701675,212.49248814621333,197.37114601309614,198.85946655273438,43036500,0.0,0.0,-0.07772304602916003,218.38324127197265,309.2840513804602
2022-04-21 00:00:00-04:00,200.03027030150272,201.38959810560033,184.13500399279943,186.60562133789062,49954100,0.0,0.0,-0.06162062801065704,217.12362670898438,308.8570450676812
2022-04-22 00:00:00-04:00,188.88770453092923,191.21941262522995,181.84299681832218,182.67645263671875,36426800,0.0,0.0,-0.02105600395637197,215.36443176269532,308.39629575941296
2022-04-25 00:00:00-04:00,181.30717254952796,185.72251969233,180.24551195428148,185.5340118408203,29281100,0.0,0.0,0.01564273425970386,213.63649139404296,307.93936556861513
2022-04-26 00:00:00-04:00,185.17682720845232,185.73246439664177,178.10233946459232,179.54104614257812,31747400,0.0,0.0,-0.03230117022092893,211.5210922241211,307.4565670679486
2022-04-27 00:00:00-04:00,173.0718284502036,179.7990512660107,167.68411532557215,173.58778381347656,71062900,0.0,0.0,-0.033158224578762496,208.79697036743164,306.93624557010713
2022-04-28 00:00:00-04:00,201.3399797700055,206.90629861285063,191.39799536375196,204.1280975341797,100890600,0.0,0.0,0.17593584669252582,207.69958114624023,306.4488796657986
2022-04-29 00:00:00-04:00,202.86801081473362,210.82555343692744,198.3435038247346,198.90907287597656,49193400,0.0,0.0,-0.0255673996928778,206.61360397338868,305.95824595860074
2022-05-02 00:00:00-04:00,199.60361430075616,210.23022894872142,199.42502311439333,209.48606872558594,49915300,0.0,0.0,0.05317502965892529,205.93294448852538,305.5194278293186
2022-05-03 00:00:00-04:00,208.8113291651208,213.22667623576825,206.46970468698314,210.3790283203125,41556300,0.0,0.0,0.0042626204222500075,204.84845352172852,305.10076880076576
2022-05-04 00:00:00-04:00,209.00980002605064,222.55352547851587,205.34854436270368,221.6704559326172,41375900,0.0,0.0,0.053671830802036746,204.43023605346679,304.74006779988605
2022-05-05 00:00:00-04:00,217.03680989451814,218.4556680856586,204.5547608988458,206.6582489013672,41129200,0.0,0.0,-0.06772308455851861,203.68508377075196,304.30010780455575
2022-05-06 00:00:00-04:00,205.7255749921496,207.74969932081515,199.454792583687,202.18338012695312,34747200,0.0,0.0,-0.021653472814190944,202.7335517883301,303.8460913764106
2022-05-09 00:00:00-04:00,198.2839763057758,200.99273052738982,194.05715151927018,194.6822509765625,36303200,0.0,0.0,-0.03710062194865171,201.43772201538087,303.41392735072543
2022-05-10 00:00:00-04:00,197.95652555162374,201.37967450866105,192.67795718797927,196.1110076904297,34452500,0.0,0.0,0.007338916140019247,200.50454483032226,302.9852279784187
2022-05-11 00:00:00-04:00,194.80129861899218,199.10750202518517,186.8040593960686,187.27040100097656,31153400,0.0,0.0,-0.045079604625806735,199.24443435668945,302.53711748880056
2022-05-12 00:00:00-04:00,185.6034850677345,196.50791865624595,183.3412391310792,189.75094604492188,38262200,0.0,0.0,0.013245793412555162,198.06618118286133,302.0881801786877
2022-05-13 00:00:00-04:00,191.08050726208492,198.33358664883283,189.7906264841729,197.07347106933594,24549800,0.0,0.0,0.038590189809543984,197.49268264770507,301.62624958583285
2022-05-16 00:00:00-04:00,195.5156825403244,203.7708913817843,194.40439307206805,198.48239135742188,27112600,0.0,0.0,0.0071492133387667245,196.96035766601562,301.1717999776204
2022-05-17 00:00:00-04:00,200.54620582741316,203.8602107221061,196.81548818198343,201.0423126220703,24872700,0.0,0.0,0.012897472904982221,196.2315757751465,300.7491641574436
2022-05-18 00:00:00-04:00,198.44272092521723,199.43493452984333,190.1378978992899,190.74314880371094,23960000,0.0,0.0,-0.051228836775869535,195.8257598876953,300.27136624048626
2022-05-19 00:00:00-04:00,189.71124151698106,193.76939159776364,188.12370880561264,189.800537109375,24446900,0.0,0.0,-0.004941785328845261,195.98550567626953,299.77006209842745
2022-05-20 00:00:00-04:00,193.45189338862062,196.36900389432037,186.4071705328154,192.03302001953125,31465600,0.0,0.0,0.011762258127171465,196.45333404541014,299.2869878496443
2022-05-23 00:00:00-04:00,193.6701614744556,195.45614885766236,189.7509210562927,194.70205688476562,25059200,0.0,0.0,0.01389884336018321,196.91173629760743,298.781431349497
2022-05-24 00:00:00-04:00,179.14418798829092,182.24980659881354,174.738756702844,179.86849975585938,50406300,0.0,0.0,-0.07618592924103251,196.9281089782715,298.2045694381472
2022-05-25 00:00:00-04:00,178.9953501690386,184.00603251486388,177.9237726678139,182.39865112304688,28030200,0.0,0.0,0.014066672989554885,197.36865234375,297.6382594638401
2022-05-26 00:00:00-04:00,181.4560248290842,191.32854694787179,180.84084211269274,190.1378936767578,23056500,0.0,0.0,0.04243037163959085,196.6691421508789,297.0826196821909
2022-05-27 00:00:00-04:00,189.87000699281722,193.80909644271358,188.3221561022746,193.61065673828125,22562700,0.0,0.0,0.018264444789881207,196.40422134399415,296.5565890357608
2022-05-31 00:00:00-04:00,193.37251497016206,196.06142058608745,190.5149348528655,192.1322479248047,26131100,0.0,0.0,-0.007635988836477314,195.5365303039551,296.02311676267595
2022-06-01 00:00:00-04:00,194.9799210819024,197.9764108848216,183.55954612220572,187.17120361328125,36623500,0.0,0.0,-0.025820987185165567,194.37613906860352,295.4698789687384
2022-06-02 00:00:00-04:00,186.98268130421397,199.37543670053057,186.2682861810007,197.31163024902344,31951600,0.0,0.0,0.05417727962413266,193.15819778442383,294.96912626236207
2022-06-03 00:00:00-04:00,194.45401759307975,195.07911700749378,188.30229628512222,189.2945098876953,19465000,0.0,0.0,-0.04063176788519696,192.29001083374024,294.41958951193186
2022-06-06 00:00:00-04:00,192.47951771272406,195.38669623309409,186.93303229765272,192.73748779296875,30574200,0.0,0.0,0.018188472065650885,191.817716217041,293.85918565780395
2022-06-07 00:00:00-04:00,190.43555107036437,194.99973973643614,189.99898979915574,194.1265869140625,18828700,0.0,0.0,0.007207207777792934,191.78993301391603,293.3157123989529
2022-06-08 00:00:00-04:00,193.15422466525632,200.45691755476113,192.8962545730106,195.10888671875,22267200,0.0,0.0,0.005060099290378872,191.73982696533204,292.7896423945351
2022-06-09 00:00:00-04:00,192.76726134545828,197.8970039563833,182.24979089220236,182.5673065185547,23501600,0.0,0.0,-0.0642799024232763,191.50467224121093,292.2051025875031
2022-06-10 00:00:00-04:00,181.61476325461828,181.67430878576448,173.65722140885484,174.20294189453125,27450800,0.0,0.0,-0.04581523813615196,190.7272720336914,291.5920957535032
2022-06-13 00:00:00-04:00,169.2617168018966,171.23622734441977,162.75279791555977,162.9810028076172,31749300,0.0,0.0,-0.06441876907973365,189.02264862060548,290.91286256578235
2022-06-14 00:00:00-04:00,164.73724909119548,165.4516442084213,160.10361265639898,162.4551544189453,27244300,0.0,0.0,-0.0032264397666799116,187.22128677368164,290.23162163628473
2022-06-15 00:00:00-04:00,165.89810383704474,170.8194897453489,162.70317496971361,168.0313720703125,30008300,0.0,0.0,0.03432465821913566,185.57073974609375,289.5948328896174
2022-06-16 00:00:00-04:00,162.44520048319256,163.7946114907579,158.36720226576904,159.6173858642578,26944100,0.0,0.0,-0.050073900500758106,184.0144515991211,288.90327556549556
2022-06-17 00:00:00-04:00,160.42109974328864,164.6082426639391,158.65496061258537,162.46507263183594,31374200,0.0,0.0,0.01784070546049321,182.64767837524414,288.24998958527095
2022-06-21 00:00:00-04:00,164.63799488371197,166.45374758302697,154.75555593593816,155.8271484375,50724900,0.0,0.0,-0.040857546097789355,180.83738479614257,287.5600072467138
2022-06-22 00:00:00-04:00,157.14680447815155,159.53802789484112,154.22969389233737,154.63650512695312,47267800,0.0,0.0,-0.007640795089210228,178.83410720825196,286.83876231360057
2022-06-23 00:00:00-04:00,155.05323041722062,158.5061296598179,153.04895461675687,157.513916015625,40499200,0.0,0.0,0.018607578374262745,177.71637802124025,286.12279365176244
2022-06-24 00:00:00-04:00,160.47074283884925,168.92440913891684,160.04409814756931,168.83511352539062,68736000,0.0,0.0,0.07187426861155921,177.03820114135743,285.4415525406126
2022-06-27 00:00:00-04:00,169.9860407861088,170.41268536583237,166.70180106089464,168.1702880859375,29174600,0.0,0.0,-0.003937720214540197,175.9398208618164,284.76479981437564
2022-06-28 00:00:00-04:00,168.57708966300072,169.96619782883943,159.35943170287592,159.4288787841797,27744500,0.0,0.0,-0.0519795107759512,174.23073196411133,283.99717282492014
2022-06-29 00:00:00-04:00,162.2963989666472,165.0349032740984,159.07170450541813,162.66351318359375,28595200,0.0,0.0,0.020288886330266598,172.75729522705078,283.25714674450103
2022-06-30 00:00:00-04:00,160.8874166564684,163.943436123308,157.2559266696186,159.9944305419922,35250600,0.0,0.0,-0.016408613027981578,171.39845657348633,282.52298748682415
2022-07-01 00:00:00-04:00,159.0617694192781,159.36935323149515,153.7931173068404,158.78395080566406,31423900,0.0,0.0,-0.007565761709501628,169.47207260131836,281.7577228243389
2022-07-05 00:00:00-04:00,156.90865227351182,166.93993200272172,155.79737792755841,166.88040161132812,28618600,0.0,0.0,0.05099035994874135,168.3513671875,281.0233665950715
2022-07-06 00:00:00-04:00,166.8903222600425,170.25392571345915,164.17166672198726,168.44810485839844,23085900,0.0,0.0,0.009394172305035253,167.13689804077148,280.30279117160376
2022-07-07 00:00:00-04:00,168.13057275268508,171.37511510225218,166.47357804216603,170.8492431640625,24083400,0.0,0.0,0.014254469100038358,165.9730308532715,279.6007608080667
2022-07-08 00:00:00-04:00,168.6564980049759,171.05765359158383,166.84074492857803,169.54949951171875,19249200,0.0,0.0,-0.007607547029609196,164.69506149291993,278.9126293848431
2022-07-11 00:00:00-04:00,165.76914841229626,166.18587634519014,160.64932213963525,161.6117706298828,21885600,0.0,0.0,-0.046816586924146586,163.64728469848632,278.17421776907787
2022-07-12 00:00:00-04:00,163.5168038543085,164.61816155285183,160.83783016973706,161.99871826171875,16639700,0.0,0.0,0.002394303523362229,163.0370735168457,277.42655333261644
2022-07-13 00:00:00-04:00,158.91293732025682,163.6953991051211,158.3672168002053,162.21701049804688,16555100,0.0,0.0,0.0013474936016188988,162.99887390136718,276.68396801418726
2022-07-14 00:00:00-04:00,159.96468182944713,161.3240096508679,156.05535772465447,156.81936645507812,23765200,0.0,0.0,-0.03327421721308155,162.71708450317382,275.93752415974933
2022-07-15 00:00:00-04:00,159.28998968167267,163.69542117946563,158.57560970633634,163.4176025390625,23342800,0.0,0.0,0.04207539051545961,162.48639602661132,275.2297451079838
2022-07-18 00:00:00-04:00,165.45164385786507,170.35318223623105,164.35028598280718,165.9279022216797,23574300,0.0,0.0,0.015361256337224294,162.80192184448242,274.544920906188
2022-07-19 00:00:00-04:00,169.043406806228,175.1157636372119,168.190102602461,174.41128540039062,25933700,0.0,0.0,0.05112692359225468,163.39923248291015,273.91033717564176
2022-07-20 00:00:00-04:00,176.1079959030853,182.17042155610093,175.32413868697932,181.6643829345703,24784300,0.0,0.0,0.041586170972417236,164.69109420776368,273.28599094209216
2022-07-21 00:00:00-04:00,179.22355837746912,182.4184875761292,177.47725264504635,181.7437744140625,27195800,0.0,0.0,0.0004370228121204356,166.04645767211915,272.64396576654343
2022-07-22 00:00:00-04:00,171.72241045744528,174.23270958756183,167.09869157067797,167.95199584960938,42583900,0.0,0.0,-0.07588583767954349,166.56836166381837,271.92768199860103
2022-07-25 00:00:00-04:00,167.6840944354724,169.24187701783146,163.5267171273681,165.35238647460938,26166300,0.0,0.0,-0.015478288077789726,166.39422531127929,271.12784739903043
2022-07-26 00:00:00-04:00,164.64796813379226,164.70749854219355,156.72017404874745,157.91082763671875,28468400,0.0,0.0,-0.04500424213129406,165.88125228881836,270.2879701039148
2022-07-27 00:00:00-04:00,161.32400407048306,169.53953138988183,160.75845019660002,168.25958251953125,43846600,0.0,0.0,0.06553543564865794,166.32278747558593,269.50746814788334
2022-07-28 00:00:00-04:00,159.80591587624482,160.25240895674543,153.64427805738555,159.46856689453125,73214300,0.0,0.0,-0.052246745732770106,166.1630401611328,268.6705437917558
2022-07-29 00:00:00-04:00,156.46215085405942,158.89307092618188,153.9617685690305,157.86117553710938,42065400,0.0,0.0,-0.010079675190691084,166.05637741088867,267.8861439417279
2022-08-01 00:00:00-04:00,156.0255825636675,163.9037606652723,154.02130693001527,158.68470764160156,40596700,0.0,0.0,0.005216812187608388,166.05141525268556,267.1129654172867
2022-08-02 00:00:00-04:00,157.0773367845084,160.97674420933518,156.77966966857088,158.9427032470703,27374500,0.0,0.0,0.0016258378598865697,165.65453033447267,266.35793794904436
2022-08-03 00:00:00-04:00,161.42324581445072,168.2199004297414,160.31197133907014,167.4856719970703,31721900,0.0,0.0,0.05374873193593732,165.60640869140624,265.6396068996853
2022-08-04 00:00:00-04:00,166.98956825137697,170.80958190125747,165.50124770571404,169.2418975830078,23938200,0.0,0.0,0.010485825832123874,165.52604141235352,264.89800595480295
2022-08-05 00:00:00-04:00,165.68976183936536,170.27378402922727,164.50902518076973,165.80882263183594,25832700,0.0,0.0,-0.020285018072951244,165.33900756835936,264.12683529324
2022-08-08 00:00:00-04:00,166.69189668226872,176.12784324049753,165.82867563352886,168.92437744140625,27299100,0.0,0.0,0.018790042412206942,165.70463790893555,263.36590188647074
2022-08-09 00:00:00-04:00,167.63447078054156,168.20995643758116,165.30277809802828,167.21774291992188,18655100,0.0,0.0,-0.01010294989588667,165.9655891418457,262.6056771656824
2022-08-10 00:00:00-04:00,174.6196773573301,179.07470674304471,172.59555312980802,176.9513702392578,30262100,0.0,0.0,0.05820929734709579,166.70230712890626,261.8859679812477
2022-08-11 00:00:00-04:00,178.31070171750684,181.67430500840524,174.9966969915663,176.1079864501953,24079100,0.0,0.0,-0.004766189648162333,167.6667381286621,261.16751885792564
2022-08-12 00:00:00-04:00,179.402142516149,180.04709045423732,177.51694269092118,179.0945587158203,21274000,0.0,0.0,0.01695875539676117,168.4505859375,260.4503293113103
2022-08-15 00:00:00-04:00,177.56655658180426,180.02724212693158,176.81246453895838,179.4815216064453,15878700,0.0,0.0,0.002160662464564478,169.12826690673828,259.7325887528677
2022-08-16 00:00:00-04:00,178.0428208610876,179.58075505593564,175.66149900261934,178.0725860595703,21156700,0.0,0.0,-0.00785003121359995,169.31133193969725,258.99594897315615
2022-08-17 00:00:00-04:00,175.38367239848955,176.75293202621683,172.81384278005555,173.48855590820312,20118100,0.0,0.0,-0.025742480933217293,168.9025405883789,258.27305052015515
2022-08-18 00:00:00-04:00,172.9825331762889,174.39147481635746,170.52184743447762,173.300048828125,18844500,0.0,0.0,-0.001086567808990635,168.48035430908203,257.561216021341
2022-08-19 00:00:00-04:00,168.87473977974705,170.97824275855308,165.74927321620558,166.65219116210938,26240800,0.0,0.0,-0.03836039118839962,168.41536407470704,256.8243005540636
2022-08-22 00:00:00-04:00,164.20144505183907,164.20144505183907,160.99658400957932,161.7804412841797,19499700,0.0,0.0,-0.029233038245448206,168.23676681518555,256.0513188195607
2022-08-23 00:00:00-04:00,161.21487292760173,163.76486932772292,159.44873380548583,159.8555450439453,18111800,0.0,0.0,-0.011898201197591884,168.33400268554686,255.25502795264833
2022-08-24 00:00:00-04:00,159.3495081545654,164.17166679378263,158.52596906042174,161.98878479003906,20891500,0.0,0.0,0.013344796675694326,168.02046279907228,254.45869760664684
2022-08-25 00:00:00-04:00,163.89384508074522,167.565047734485,162.74288874160553,167.4658203125,15550500,0.0,0.0,0.03381120198882881,168.4203254699707,253.67276206849112
2022-08-26 00:00:00-04:00,167.16813731045715,169.589140833169,160.41116535041576,160.5203094482422,24023600,0.0,0.0,-0.041474199638452336,168.55328216552735,252.87505358741396
2022-08-29 00:00:00-04:00,159.4090526295797,161.78044270679146,157.77189098214532,157.93064880371094,20052700,0.0,0.0,-0.016132915849917717,168.5155792236328,252.03458574083118
2022-08-30 00:00:00-04:00,159.10144282493343,160.4012401042354,154.69601240594153,155.936279296875,19567900,0.0,0.0,-0.012628134703066451,168.36525802612306,251.15458654978917
2022-08-31 00:00:00-04:00,165.7691563599794,166.5331500369243,160.87753476223943,161.661376953125,40953000,0.0,0.0,0.036714340511808885,168.07404327392578,250.30234600248792
2022-09-01 00:00:00-04:00,162.30630965585266,166.05687601790066,159.10146382584418,164.07244873046875,30145700,0.0,0.0,0.014914334040609267,167.81557083129883,249.44916037907677
2022-09-02 00:00:00-04:00,166.14617414203198,166.62243245907325,157.98025996910707,159.0717010498047,22634200,0.0,0.0,-0.03047889953101801,167.47871475219728,248.60278641231477
2022-09-06 00:00:00-04:00,158.8534233790782,160.4310395677423,156.46218466897687,157.30555725097656,19339800,0.0,0.0,-0.011102815819359013,166.89777374267578,247.74554528130426
2022-09-07 00:00:00-04:00,156.5316171024006,159.7067128361439,155.58901718018615,159.14114379882812,16831200,0.0,0.0,0.011668923717188973,166.4939437866211,246.87227909148686
2022-09-08 00:00:00-04:00,157.47424978383748,160.96683125776227,156.51180124210805,160.79815673828125,22530800,0.0,0.0,0.010412222131240823,165.68628311157227,246.02373964824375
2022-09-09 00:00:00-04:00,161.97884763257377,168.21986364546453,161.75064277556186,167.83290100097656,22086800,0.0,0.0,0.04374891109072365,165.27252883911132,245.2014224945553
2022-09-12 00:00:00-04:00,166.0866417456848,170.05549633320575,165.9774976389288,167.64442443847656,23220400,0.0,0.0,-0.0011230012791050292,164.70002212524415,244.37564099024212
2022-09-13 00:00:00-04:00,160.2821885074128,160.3714992434936,151.48125815876136,151.93768310546875,44444100,0.0,0.0,-0.09369080651275696,163.3228302001953,243.4961145794581
2022-09-14 00:00:00-04:00,152.1361216428672,152.34447803217273,147.88944840773684,150.2906036376953,43064200,0.0,0.0,-0.010840493510948845,161.93373107910156,242.6099734230647
2022-09-15 00:00:00-04:00,148.63361250238236,152.99934664457024,147.54217139684576,148.38555908203125,34606300,0.0,0.0,-0.012675739597510338,160.67858123779297,241.72654887608118
2022-09-16 00:00:00-04:00,146.89723035392328,147.42310236449293,143.16649743066273,145.1509246826172,40122800,0.0,0.0,-0.021798849021594346,159.27112503051757,240.83367459736172
2022-09-19 00:00:00-04:00,144.10910954549348,147.4230993550111,143.9702002462915,146.86746215820312,22169500,0.0,0.0,0.01182588040234167,158.28188858032226,239.98044961596293
2022-09-20 00:00:00-04:00,144.64490033101634,147.68107158621052,144.08926312614136,144.95248413085938,23217400,0.0,0.0,-0.01303881744263391,157.44049072265625,239.15514034695096
2022-09-21 00:00:00-04:00,145.25016940235443,148.43518218270748,140.8943516710801,141.01341247558594,38338600,0.0,0.0,-0.027174916517590297,156.49838409423828,238.307191455175
2022-09-22 00:00:00-04:00,140.44783132698993,143.45423717863846,139.77311823877739,141.70794677734375,34418500,0.0,0.0,0.00492530667519353,155.4843421936035,237.51818478296673
2022-09-23 00:00:00-04:00,140.31885705271978,141.50951044279367,137.80855764915447,139.3167266845703,31710700,0.0,0.0,-0.01687428367394672,154.07688751220704,236.708861456977
2022-09-26 00:00:00-04:00,139.02899893538438,141.1325025792301,135.12960579680842,135.30819702148438,30497000,0.0,0.0,-0.02877278097526459,152.81628189086913,235.85606977674695
2022-09-27 00:00:00-04:00,136.84611209869647,138.3344326531718,133.07569699936298,133.353515625,30826500,0.0,0.0,-0.0144461417675531,151.5874252319336,234.99308013916016
2022-09-28 00:00:00-04:00,133.57179140700362,140.92409789474942,133.22452572729918,140.5073699951172,32658500,0.0,0.0,0.05364578756389404,150.81597976684571,234.2093889145624
2022-09-29 00:00:00-04:00,138.2748971610571,138.7511554817555,134.1472846750604,135.34786987304688,38985400,0.0,0.0,-0.03672049460643678,149.50030441284179,233.40931828816733
2022-09-30 00:00:00-04:00,134.99063388583852,139.8921704239107,134.4449134967865,134.62350463867188,33166400,0.0,0.0,-0.005351877610297318,148.02785720825196,232.607239314488
2022-10-03 00:00:00-04:00,136.07214576692968,138.5328307723325,135.04025048723656,137.53070068359375,27723100,0.0,0.0,0.021595010861771513,146.9508071899414,231.80244379194957
2022-10-04 00:00:00-04:00,139.3961004088353,141.28130027797047,138.25504563332407,139.18772888183594,34670700,0.0,0.0,0.012048424024643012,146.04491577148437,231.07029251825242
2022-10-05 00:00:00-04:00,137.16359885250762,139.11826064676538,133.73053350188934,137.8978271484375,27979300,0.0,0.0,-0.009267352400681106,144.98274993896484,230.30652424645803
2022-10-06 00:00:00-04:00,136.64767279932806,140.34862568345443,135.53639829341935,137.98716735839844,36231100,0.0,0.0,0.0006478724995773177,143.8422004699707,229.54043306623186
2022-10-07 00:00:00-04:00,135.6951442120901,137.2132300072064,131.4087887729323,132.41091918945312,33214800,0.0,0.0,-0.04041135328520762,142.07110137939452,228.7696169293116
2022-10-10 00:00:00-04:00,132.51015413780254,135.05021900736446,130.8432271046645,132.74827575683594,24024000,0.0,0.0,0.002547800207474804,140.3262939453125,227.9968714638362
2022-10-11 00:00:00-04:00,130.59515090965465,131.62706154565242,126.00120460626015,127.53913116455078,38481400,0.0,0.0,-0.03924077026677997,139.1063663482666,227.22156660897392
2022-10-12 00:00:00-04:00,127.3208627550881,128.6603420977581,125.26697323369045,126.50724029541016,34605200,0.0,0.0,-0.008090778569043944,137.91719818115234,226.44878187633697
2022-10-13 00:00:00-04:00,122.56815372132348,130.11890037271309,121.5759400490777,129.2755126953125,34325700,0.0,0.0,0.021882323837260964,136.9616958618164,225.6839505755712
2022-10-14 00:00:00-04:00,129.97999420633082,130.76383636476277,125.53487351641806,125.77301025390625,23559400,0.0,0.0,-0.027093316966077308,135.99280014038087,224.88951032123867
2022-10-17 00:00:00-04:00,129.2854529454353,133.7404829345073,129.16637700182142,132.99632263183594,29612200,0.0,0.0,0.05743133891243857,135.2992431640625,224.13857790023562
2022-10-18 00:00:00-04:00,136.02255010394123,136.76671025641883,130.37685265808165,131.76596069335938,25445000,0.0,0.0,-0.009251097429832544,134.6399169921875,223.34110599093967
2022-10-19 00:00:00-04:00,131.85526270902045,135.93326114909232,131.19048142384776,132.19261169433594,30691000,0.0,0.0,0.003237945511355811,134.198876953125,222.52701841081893
2022-10-20 00:00:00-04:00,131.89495242051143,135.70506431958893,130.28757116213697,130.505859375,26356300,0.0,0.0,-0.012759807811620782,133.6387725830078,221.70312663487024
2022-10-21 00:00:00-04:00,125.32649348650858,129.106824762259,124.46327252621275,128.9976806640625,46348600,0.0,0.0,-0.011556406112034012,133.12282028198243,220.86891906980483
2022-10-24 00:00:00-04:00,126.25917694643074,132.44066325636285,123.60004427257866,128.70994567871094,63563400,0.0,0.0,-0.002230543866140411,132.79290771484375,220.10156782846602
2022-10-25 00:00:00-04:00,129.8609339964498,137.27277155210777,129.5731835448493,136.43930053710938,38433200,0.0,0.0,0.060052506569248765,132.94719696044922,219.34882415287078
2022-10-26 00:00:00-04:00,130.65466082184525,134.49453719771353,127.52919448658061,128.8091583251953,82791500,0.0,0.0,-0.055923345999848384,132.36228637695314,218.6165153261215
2022-10-27 00:00:00-04:00,97.21709576502857,101.70189808643511,95.62954788524887,97.17740631103516,232316600,0.0,0.0,-0.24557067545074496,130.45376319885253,217.7728185199556
2022-10-28 00:00:00-04:00,98.80463544203202,100.06474342579838,96.75075352345948,98.4275894165039,95928300,0.0,0.0,0.012864956505088232,128.64396743774415,216.9155774797712
2022-10-31 00:00:00-04:00,97.4552302158687,98.54666376504666,91.87898653153731,92.43463134765625,121361400,0.0,0.0,-0.06088697391021125,126.38916397094727,216.0083713834248
2022-11-01 00:00:00-04:00,93.5955040497576,96.73089486642364,92.82157870798524,94.45872497558594,110189600,0.0,0.0,0.02189756802639109,124.15271377563477,215.08395888313416
2022-11-02 00:00:00-04:00,93.47645207623735,94.45874152287298,89.7754992022516,89.83502960205078,71821100,0.0,0.0,-0.04894937312281322,121.74957389831543,214.1486794305226
2022-11-03 00:00:00-04:00,89.37860819566096,89.75564666078411,87.7216132023707,88.21772003173828,60664000,0.0,0.0,-0.01800310610990863,119.26110153198242,213.1930439055912
2022-11-04 00:00:00-04:00,89.64650005696497,90.67840314172008,87.40409513105502,90.08307647705078,55638100,0.0,0.0,0.021144917876378955,117.1447093963623,212.2281554994129
2022-11-07 00:00:00-05:00,94.04199934191713,96.12564628921443,92.37508027008157,95.9668960571289,81987300,0.0,0.0,0.06531548222131445,115.30564041137696,211.26582645234606
2022-11-08 00:00:00-05:00,95.17312866285086,97.03849511420917,94.05192999686678,95.7188491821289,52088300,0.0,0.0,-0.0025847129082130493,113.71462631225586,210.3123959435357
2022-11-09 00:00:00-05:00,100.92796213654815,104.08320148518541,99.95558954005477,100.6799087524414,107677300,0.0,0.0,0.051829494532188214,112.42325973510742,209.39144836910188
2022-11-10 00:00:00-05:00,106.28593216199393,111.87209245704757,103.79547370477209,110.99894714355469,80671000,0.0,0.0,0.10249352148785151,111.50943145751953,208.5418850732228
2022-11-11 00:00:00-05:00,108.37948628707669,114.00533513733173,107.96275085484459,112.13996887207031,59961700,0.0,0.0,0.010279572535403902,110.82777938842773,207.69645606146918
2022-11-14 00:00:00-05:00,110.12578191189753,115.36466834540867,109.9372664813659,113.33063507080078,53395000,0.0,0.0,0.010617679055081375,109.84449501037598,206.80397545345247
2022-11-15 00:00:00-05:00,115.16623522640658,117.81544379009492,113.51916454422182,116.16837310791016,50670500,0.0,0.0,0.02503946117778799,109.06461563110352,205.89649363926478
2022-11-16 00:00:00-05:00,113.6084507653415,115.1761499813461,111.78278147834015,112.34834289550781,33287800,0.0,0.0,-0.0328835646932395,108.07240219116211,204.99196491544208
2022-11-17 00:00:00-05:00,109.55031120602072,111.45535957072005,108.94506028234187,110.58220672607422,35093800,0.0,0.0,-0.015720179968085723,107.07621955871582,204.08905050489636
2022-11-18 00:00:00-05:00,112.91390979672886,113.42985753376976,109.75867027139351,111.17753601074219,33357700,0.0,0.0,0.005383590202198363,106.18521232604981,203.1966881222195
2022-11-21 00:00:00-05:00,110.65164813935317,111.49503568520781,108.33979639679968,109.00457763671875,24351100,0.0,0.0,-0.019544940929555055,105.1999439239502,202.26967708648198
2022-11-22 00:00:00-05:00,109.00458165162027,110.75087962631447,107.47657187001144,110.57228088378906,29029000,0.0,0.0,0.014381994601135206,103.90659294128417,201.36577821156337
2022-11-23 00:00:00-05:00,110.85011058058302,111.79271052341535,109.86782118321183,111.36605834960938,21343100,0.0,0.0,0.007178810633874599,103.03443794250488,200.47983390565904
2022-11-25 00:00:00-05:00,110.43337451628965,111.85224023892982,110.15554835501273,110.54251861572266,12007600,0.0,0.0,-0.007394889844277275,103.70269355773925,199.57562013656374
2022-11-28 00:00:00-05:00,109.91742593923475,111.1676172464969,107.53611168682706,107.93299865722656,23309400,0.0,0.0,-0.023606481842227023,104.17796401977539,198.69231384519546
2022-11-29 00:00:00-05:00,108.68709070559252,110.07619141363898,107.69487699555789,108.60771179199219,23899200,0.0,0.0,0.0062512219910462186,104.98661804199219,197.79235234336247
2022-11-30 00:00:00-05:00,108.65731614954981,117.2399655163382,108.52832353355872,117.18042755126953,43348600,0.0,0.0,0.07893284572366266,106.12270317077636,196.9798397790818
2022-12-01 00:00:00-05:00,118.27186216762439,120.25628943600728,117.4780958022648,119.50221252441406,36551400,0.0,0.0,0.019813760895595722,107.60606231689454,196.23111225309827
2022-12-02 00:00:00-05:00,116.91253249670689,123.07417815982849,116.69424428941612,122.52845764160156,39950500,0.0,0.0,0.025323758056523316,109.3215991973877,195.49522039625379
2022-12-05 00:00:00-05:00,120.80200951633452,123.69927150066809,120.40512255012695,121.47671508789062,35474900,0.0,0.0,-0.008583659453115011,110.89128112792969,194.76913261413574
2022-12-06 00:00:00-05:00,118.97634827925043,119.6113644410036,112.85438400330203,113.23143005371094,43689200,0.0,0.0,-0.06787543627775972,111.75450782775879,193.96689639015804
2022-12-07 00:00:00-05:00,112.87421796576824,114.97770589166707,112.00106517842416,113.04289245605469,29461100,0.0,0.0,-0.0016650641749098583,112.62070999145507,193.1444615258111
2022-12-08 00:00:00-05:00,115.48373552730014,116.42633538036192,113.69774809309091,114.43199157714844,30619400,0.0,0.0,0.012288248211923314,113.30831413269043,192.29702428787473
2022-12-09 00:00:00-05:00,114.40223953329871,116.62479604138488,112.98337367800491,114.99756622314453,26033400,0.0,0.0,0.0049424521779366515,113.50824508666992,191.45474521697514
2022-12-12 00:00:00-05:00,114.28316748923302,114.81896376384701,112.25905075290997,113.81682586669922,24747100,0.0,0.0,-0.0102675247418208,113.59208793640137,190.6080562954857
2022-12-13 00:00:00-05:00,121.17904091513068,122.33993654844322,117.71621766581951,119.21446228027344,44701100,0.0,0.0,0.04742388809802045,113.886279296875,189.76412349277072
2022-12-14 00:00:00-05:00,118.46038259218837,123.17339725161956,118.46038259218837,120.64324951171875,36922000,0.0,0.0,0.01198501594618806,114.11002311706542,188.9288134196448
2022-12-15 00:00:00-05:00,117.40865463061223,117.70631421305104,113.12229154157816,115.2456283569336,34531000,0.0,0.0,-0.0447403495564902,114.25488739013672,188.04090069967603
2022-12-16 00:00:00-05:00,119.29385024041143,122.34986252333044,117.8948253630125,118.50007629394531,67064000,0.0,0.0,0.028239231139702614,114.65078086853028,187.1925187489343
2022-12-19 00:00:00-05:00,115.9203158462125,116.8827642422822,113.43978186458503,113.58861541748047,29769900,0.0,0.0,-0.0414469005427619,114.77133483886719,186.32901730613102
2022-12-20 00:00:00-05:00,112.37812621764228,116.41643568951197,111.5843522265664,116.17829895019531,28742500,0.0,0.0,0.022798794784114618,115.13002090454101,185.50862978375147
2022-12-21 00:00:00-05:00,115.79132071461487,119.40297750767131,114.71973581106239,118.82749938964844,20392800,0.0,0.0,0.02280288542173281,115.54278182983398,184.66430303785535
2022-12-22 00:00:00-05:00,116.2874401888101,117.69638936664268,113.48939791591519,116.20806884765625,23618100,0.0,0.0,-0.022043975977334873,115.78488235473633,183.8243470267644
2022-12-23 00:00:00-05:00,115.12654391084652,117.25980468548725,114.64036136173881,117.12089538574219,17796600,0.0,0.0,0.007855104616553144,116.11380119323731,182.96915347992427
2022-12-27 00:00:00-05:00,117.01175225347482,117.67653356062343,115.14639337715077,115.96992492675781,21392300,0.0,0.0,-0.00982719996456316,116.51564750671386,182.06631787618002
2022-12-28 00:00:00-05:00,115.34483367860929,117.23004107638656,114.61059771715533,114.71974182128906,19612500,0.0,0.0,-0.010780235533120464,116.82124900817871,181.1583636753143
2022-12-29 00:00:00-05:00,115.49367072170247,120.0876172098368,114.86857127552733,119.32361602783203,22366200,0.0,0.0,0.040131490303690676,116.92840843200683,180.2815933227539
2022-12-30 00:00:00-05:00,117.23995868140861,119.48235589188383,116.8232232301799,119.4029769897461,19583800,0.0,0.0,0.0006650901519407171,116.92344665527344,179.39954675946916
2023-01-03 00:00:00-05:00,121.86368174801889,125.38604327854202,121.32788546177093,123.76873016357422,35528500,0.0,0.0,0.036563185306535795,116.98546028137207,178.56636295621357
2023-01-04 00:00:00-05:00,126.38815917777643,128.04516155820883,124.87007365862803,126.37824249267578,32397100,0.0,0.0,0.021083777183888097,117.23053665161133,177.73491157047332
2023-01-05 00:00:00-05:00,125.14790094273111,127.51929845470177,123.57028492333293,125.95159912109375,25447100,0.0,0.0,-0.003375924234796601,117.86654510498047,176.90968138074118
2023-01-06 00:00:00-05:00,127.96578684693003,129.3151979236821,125.05860074966127,129.0076141357422,27584500,0.0,0.0,0.02426340781676206,118.66478118896484,176.1452439626058
2023-01-09 00:00:00-05:00,130.13874224666318,131.91479796779146,128.2733757932046,128.46189880371094,26649100,0.0,0.0,-0.004230101732267122,119.36627655029297,175.34600015670534
2023-01-10 00:00:00-05:00,126.27904205466281,132.40100671433987,126.1599812481149,131.9545135498047,28684400,0.0,0.0,0.02718794271778946,120.21412391662598,174.56325376601447
2023-01-11 00:00:00-05:00,129.94029028515095,132.80778677539865,129.32510760262235,131.85525512695312,25423000,0.0,0.0,-0.0007522169585665317,121.11604537963868,173.79476059807672
2023-01-12 00:00:00-05:00,132.40099536982513,136.6079716671771,130.7340685210791,135.64553833007812,30757700,0.0,0.0,0.028745787943572187,121.9375991821289,173.01650277395098
2023-01-13 00:00:00-05:00,133.91906260849916,136.3202175567717,133.79007000359942,135.9134063720703,22423800,0.0,0.0,0.0019747648561825315,122.70110702514648,172.24367847139874
2023-01-17 00:00:00-05:00,135.11963753309317,135.68520653868867,133.20467259831045,134.3060302734375,21147600,0.0,0.0,-0.011826472027583024,123.65412712097168,171.49117094372946
2023-01-18 00:00:00-05:00,134.75252212019842,136.1813120791631,131.7659647337358,131.9842529296875,20215500,0.0,0.0,-0.017287215912964005,124.32833595275879,170.70810962858656
2023-01-19 00:00:00-05:00,131.45839888195158,136.37977036748882,131.1111180301182,135.0898895263672,28625200,0.0,0.0,0.023530357052020223,125.40339965820313,169.9915109361921
2023-01-20 00:00:00-05:00,134.8319210690861,138.85038964114324,133.56188872561822,138.28482055664062,28688600,0.0,0.0,0.02365040819468467,126.50872573852538,169.28192093258812
2023-01-23 00:00:00-05:00,138.20542835766489,142.6406244467156,137.5803440727501,142.15444946289062,27470100,0.0,0.0,0.027983034512924165,127.6750732421875,168.5996165502639
2023-01-24 00:00:00-05:00,140.5867600970698,143.87098498713812,140.25932776271534,142.0254669189453,21970200,0.0,0.0,-0.0009073408847394271,128.96594314575196,167.9695215073843
2023-01-25 00:00:00-05:00,140.12040528118638,142.05521876598272,139.21748727495543,140.39822387695312,26622000,0.0,0.0,-0.011457403219951146,130.1298095703125,167.31115622747512
2023-01-26 00:00:00-05:00,143.2756324953129,146.36141728300726,142.18420665958723,146.15306091308594,25482100,0.0,0.0,0.04098938631286697,131.63896636962892,166.7093314821758
2023-01-27 00:00:00-05:00,147.08575448002523,151.99720893784095,146.24236683556117,150.55850219726562,35771900,0.0,0.0,0.030142654944459224,133.43090438842773,166.14672297523134
2023-01-30 00:00:00-05:00,148.24665581205556,149.9433327979943,145.80580339476526,145.91494750976562,28040100,0.0,0.0,-0.030842195025398755,134.7604709625244,165.56564794267928
2023-01-31 00:00:00-05:00,146.7980116547346,148.71299193940402,146.3713670374125,147.81007385253906,29842100,0.0,0.0,0.012987883524726573,136.18082580566406,164.9642563774472
2023-02-01 00:00:00-05:00,146.87737102434204,152.38415927092325,145.91492266683247,151.927734375,55661000,0.0,0.0,0.027857780022279677,137.58877601623536,164.3337280939496
2023-02-02 00:00:00-05:00,181.95214004621323,195.62484263627775,178.75721095112047,187.3001708984375,150475700,0.0,0.0,0.23282409014359717,140.63487243652344,163.8209662967258
2023-02-03 00:00:00-05:00,182.04144994050517,195.23789526478814,181.4659641739447,185.07762145996094,76809700,0.0,0.0,-0.011866243516038932,143.5911735534668,163.28363536653063
2023-02-06 00:00:00-05:00,185.07759341363374,189.21512212589636,184.0754631723348,184.6112518310547,42483800,0.0,0.0,-0.002519859641740285,146.37135543823243,163.08007403782435
2023-02-07 00:00:00-05:00,184.13501165753016,192.2711605893038,182.9641916734573,190.1279754638672,47080700,0.0,0.0,0.029882921967622433,149.45465927124025,162.90104242355105
2023-02-08 00:00:00-05:00,188.52059034038672,189.34412947288163,181.49571599932648,182.00173950195312,36139100,0.0,0.0,-0.04274087462451526,151.95702056884767,162.73772088308183
2023-02-09 00:00:00-05:00,184.6807175636952,185.1966577219229,175.88970468339843,176.53463745117188,37118800,0.0,0.0,-0.030038735155729523,154.19098968505858,162.57132820856003
2023-02-10 00:00:00-05:00,174.97687310448828,177.4970889680082,172.00023232679908,172.7939910888672,33433600,0.0,0.0,-0.021189305488784393,156.04841232299805,162.34355208987282
2023-02-13 00:00:00-05:00,176.83231268780145,179.59066534207818,174.45100605417406,178.0328826904297,31463200,0.0,0.0,0.030318714027897986,158.154386138916,162.15203902834938
2023-02-14 00:00:00-05:00,175.78056138196592,180.09668136890622,174.51052921137415,178.08248901367188,24034600,0.0,0.0,0.0002786357356716618,160.34320907592775,161.99426920451816
2023-02-15 00:00:00-05:00,175.04631984701354,176.80254214167127,173.96481066679146,175.7805633544922,25308900,0.0,0.0,-0.012926176357536012,162.53302459716798,161.8346487681071
2023-02-16 00:00:00-05:00,171.40490435914325,174.4807726641265,170.45237261399396,171.09732055664062,25827500,0.0,0.0,-0.026642551989135344,164.33339614868163,161.64345081268795
2023-02-17 00:00:00-05:00,168.8946130194248,171.83155701990117,168.37865766907873,171.53390502929688,24171300,0.0,0.0,0.0025516733472850106,165.99585037231446,161.4715459611681
2023-02-21 00:00:00-05:00,172.95275977485835,176.78270508862917,170.541687860479,170.74012756347656,34592600,0.0,0.0,-0.004627525186258308,167.42513427734374,161.33125798664395
2023-02-22 00:00:00-05:00,169.73798383060884,171.41481205762443,168.36872424999137,169.78758239746094,22433200,0.0,0.0,-0.005578917970888164,168.81324005126953,161.1932930416531
2023-02-23 00:00:00-05:00,170.66077282168672,172.33761655843628,168.06117752233632,170.70045471191406,20017800,0.0,0.0,0.005376555231914049,170.32835159301757,161.07501490153965
2023-02-24 00:00:00-05:00,167.3269194643697,169.39072579815928,166.35455426767354,169.06329345703125,19791300,0.0,0.0,-0.009590842963164925,171.47386322021484,160.9645327916221
2023-02-27 00:00:00-05:00,170.54168584068796,171.77202106868893,167.74363609963024,168.2198944091797,19277000,0.0,0.0,-0.004988658570441951,172.35693283081054,160.81467701139906
2023-02-28 00:00:00-05:00,170.56149751299935,176.16751296792663,170.53173231868809,173.5778350830078,46051100,0.0,0.0,0.03185081462954331,173.74007720947264,160.67474337986536
2023-03-01 00:00:00-05:00,173.23055966490836,176.4651855200996,171.7025574629913,172.06967163085938,30998400,0.0,0.0,-0.008688686844303684,174.95305709838868,160.52665943569608
2023-03-02 00:00:00-05:00,171.0377826149936,173.64729404817407,170.09516759732804,173.17103576660156,17352000,0.0,0.0,0.006400687147848805,176.01522216796874,160.41263353256952
2023-03-03 00:00:00-05:00,177.5268721750104,185.1669145848466,175.67143741347317,183.80758666992188,45877700,0.0,0.0,0.061422228354955255,175.84059295654296,160.32262569003635
2023-03-06 00:00:00-05:00,186.53614946714723,188.18322761199428,183.20231129660337,183.4602813720703,33209400,0.0,0.0,-0.0018895046942498661,175.75972595214844,160.25147765023368
2023-03-07 00:00:00-05:00,187.52839407587481,188.8778053478401,182.57724213638883,183.07334899902344,36701500,0.0,0.0,-0.0021090797972894704,175.68283081054688,160.19025181967115
2023-03-08 00:00:00-05:00,181.44608489358308,183.81747464438317,179.92799939127048,183.5297393798828,19432400,0.0,0.0,0.0024929373027517965,175.35291900634766,160.18040844750783
2023-03-09 00:00:00-05:00,184.8990026283273,187.45890028532764,178.89610757316447,180.27528381347656,26582800,0.0,0.0,-0.017732578803863253,175.26659622192383,160.1465471964034
2023-03-10 00:00:00-05:00,179.60057931970218,183.33131216676873,177.40779572946437,178.1122589111328,25665000,0.0,0.0,-0.011998455121456031,175.34547729492186,160.07177676851788
2023-03-13 00:00:00-04:00,176.57434446133212,182.3490199218457,173.4587942651152,179.49143981933594,24728000,0.0,0.0,0.00774332388255905,175.68034973144532,160.0154332054986
2023-03-14 00:00:00-04:00,186.119449159545,192.80697500171783,185.10738693821187,192.50930786132812,41642600,0.0,0.0,0.07252640045171566,176.40417098999023,160.04067178756472
2023-03-15 00:00:00-04:00,191.4475924916384,196.23998553082393,189.3540213934432,196.21022033691406,42123600,0.0,0.0,0.019224589796208003,177.31055755615233,160.0844551268078
2023-03-16 00:00:00-04:00,196.71627212123454,204.1578744706101,194.563170324946,203.33433532714844,50447100,0.0,0.0,0.03630858259065972,178.68824615478516,160.13524703373986
2023-03-17 00:00:00-04:00,198.99836863693588,200.32793130379721,193.90830773144071,194.0869140625,50141100,0.0,0.0,-0.04547889686102491,179.8377258300781,160.10366951473176
2023-03-20 00:00:00-04:00,196.9345413943134,197.8076941641237,192.13223144031136,196.26976013183594,25186300,0.0,0.0,0.01124674520113711,181.07451858520508,160.06417770991249
2023-03-21 00:00:00-04:00,201.61780247498058,201.9650832943874,196.4086810237472,200.58590698242188,31827000,0.0,0.0,0.021990890739799873,182.56680755615236,160.0077553098164
2023-03-22 00:00:00-04:00,200.92325316226015,205.75532852932008,198.1152868691705,198.2541961669922,28477800,0.0,0.0,-0.011624499699443125,183.9901382446289,159.9617668939015
2023-03-23 00:00:00-04:00,201.26061724106796,206.2613826175449,200.5759873861949,202.6894073486328,27389700,0.0,0.0,0.022371335726507402,185.58958587646484,159.91306192912754
2023-03-24 00:00:00-04:00,203.5823904151866,205.96371227058293,201.9650924531236,204.4059295654297,27716400,0.0,0.0,0.008468731737147017,187.35671768188476,159.88372866312662
2023-03-27 00:00:00-04:00,203.2152668797388,204.2570941974041,199.79213295596273,201.26060485839844,18527200,0.0,0.0,-0.015387639261337793,189.0087532043457,159.81785665239607
2023-03-28 00:00:00-04:00,198.5915443892571,199.46469719503838,196.3590638071846,199.11741638183594,19127300,0.0,0.0,-0.010648822595313079,190.2857322692871,159.73462092687214
2023-03-29 00:00:00-04:00,201.97502755051556,204.1182128737428,200.96296529121707,203.7510986328125,18851100,0.0,0.0,0.02327110473395666,191.86980361938475,159.66280374072846
2023-03-30 00:00:00-04:00,201.7964302546129,206.46974837510436,201.24079299646337,206.22169494628906,22608300,0.0,0.0,0.012125560696626847,193.52233657836913,159.5761032407246
2023-03-31 00:00:00-04:00,205.62637817550564,210.51798458103676,205.1600365127496,210.28977966308594,25440300,0.0,0.0,0.019726754344912223,194.84644622802733,159.51345997764952
2023-04-03 00:00:00-04:00,207.21390537484075,211.82770816161158,206.57888921274505,211.41098022460938,17924600,0.0,0.0,0.005331693072862409,196.2439811706543,159.47688205658443
2023-04-04 00:00:00-04:00,211.72848018695962,214.55629527926422,210.8850924885587,213.04812622070312,21026400,0.0,0.0,0.007743902395014768,197.7427200317383,159.4369966113378
2023-04-05 00:00:00-04:00,212.48250584392449,213.5144163179958,208.30529566670208,209.8332977294922,19396600,0.0,0.0,-0.015089682074371336,199.05789794921876,159.34876030210464
2023-04-06 00:00:00-04:00,207.62067461710043,215.25079884501878,207.02534046184934,214.41734313964844,26104400,0.0,0.0,0.021846129569320194,200.76500091552734,159.2867862459213
2023-04-10 00:00:00-04:00,213.0381837191073,213.98078358899562,209.0197157053964,213.07786560058594,16106100,0.0,0.0,-0.006247057814675494,202.51328125,159.2531218453059
2023-04-11 00:00:00-04:00,213.80220404323478,214.33800792014068,211.74832955504112,212.18490600585938,16710100,0.0,0.0,-0.004190766564183712,204.14795455932617,159.21729202876014
2023-04-12 00:00:00-04:00,213.16718082320352,215.15160815942397,210.92478338366692,212.33372497558594,18972200,0.0,0.0,0.0007013645434441607,205.13917541503906,159.18449392772857
2023-04-13 00:00:00-04:00,214.05025506049557,219.42805144239233,214.01057317449468,218.63429260253906,23310400,0.0,0.0,0.02967294822185007,206.2603790283203,159.1998103611053
2023-04-14 00:00:00-04:00,216.18350440998398,220.38056370650133,215.85607210458502,219.76539611816406,21591200,0.0,0.0,0.00517349543916823,207.0819320678711,159.22874998667882
2023-04-17 00:00:00-04:00,218.07865055591148,219.25938732513404,215.43937352233297,217.15589904785156,15481900,0.0,0.0,-0.011874012544310752,208.23538131713866,159.2439876435295
2023-04-18 00:00:00-04:00,218.19769611867787,218.7235681147785,214.52650883156815,216.19342041015625,12281000,0.0,0.0,-0.00443220120620913,209.2315643310547,159.2743447016156
2023-04-19 00:00:00-04:00,211.80786023682174,215.63780573322012,211.2720563592022,214.02049255371094,15898100,0.0,0.0,-0.010050851003341799,209.90329360961914,159.2937558189271
2023-04-20 00:00:00-04:00,211.81777633502944,215.06231937166476,211.11331308675648,211.41098022460938,16475400,0.0,0.0,-0.0121928152671954,210.5611328125,159.27706149267772
2023-04-21 00:00:00-04:00,208.5732355565436,211.74831617092386,207.9481361196577,211.23236083984375,17717200,0.0,0.0,-0.0008448917108082599,210.98828048706054,159.32616027953134
2023-04-24 00:00:00-04:00,212.01620246497654,212.2543391879995,209.0693418949524,211.1331329345703,15750900,0.0,0.0,-0.0004697571190271921,211.32464065551758,159.42349167475624
2023-04-25 00:00:00-04:00,209.1784875550475,209.61504884053275,205.51721678874523,205.93394470214844,19198200,0.0,0.0,-0.02462516498551226,211.55830764770508,159.51578330993652
2023-04-26 00:00:00-04:00,210.84539960612796,212.44286418050763,207.25359105527792,207.76953125,41992700,0.0,0.0,0.008913472475392314,211.99091339111328,159.6040194980682
2023-04-27 00:00:00-04:00,238.02214543603193,239.80813313564792,234.92644351668397,236.70249938964844,71196500,0.0,0.0,0.1392551062014702,213.63848342895508,159.83085066174704
2023-04-28 00:00:00-04:00,237.14894855431652,238.55788993942167,233.91433792146753,238.44876098632812,39554000,0.0,0.0,0.007377453137092038,215.24983673095704,160.08823549179803
2023-05-01 00:00:00-04:00,236.76200737278006,242.10012145288675,234.61883747613797,241.2864990234375,29143900,0.0,0.0,0.011900829450198325,216.7996726989746,160.23568946596177
2023-05-02 00:00:00-04:00,241.2865062992217,243.01296348744427,237.1291438550172,237.377197265625,24350100,0.0,0.0,-0.01620190841027025,218.09798355102538,160.38834075322228
2023-05-03 00:00:00-04:00,237.60539080118016,239.8676365865375,230.93771423171293,235.18438720703125,34463900,0.0,0.0,-0.009237660920480062,219.2047966003418,160.49031820751372
2023-05-04 00:00:00-04:00,234.22196789157476,236.3453046428844,231.1163341088725,231.70175170898438,17889400,0.0,0.0,-0.014808106691968193,220.2982192993164,160.5749321892148
2023-05-05 00:00:00-04:00,230.43169483131584,232.85268332838044,228.0603049028967,230.9674835205078,27000500,0.0,0.0,-0.0031690230352630078,221.12572631835937,160.6118251558334
2023-05-08 00:00:00-04:00,229.61808820959843,233.7853826412468,228.4770485325923,231.4536895751953,16400500,0.0,0.0,0.0021050844355947618,222.04451751708984,160.71021976168194
2023-05-09 00:00:00-04:00,229.6577704607354,234.043352831237,229.2807244414687,231.55288696289062,16865600,0.0,0.0,0.00042858417110291924,223.0129165649414,160.8267654237293
2023-05-10 00:00:00-04:00,234.33108842458907,234.90657414001882,228.92352723267723,231.26515197753906,19119000,0.0,0.0,-0.0012426318199939557,223.95948791503906,160.97193566579668
2023-05-11 00:00:00-04:00,231.23538492451843,236.35521078761784,230.49122471674158,233.95404052734375,20449000,0.0,0.0,0.011626864345155807,224.7254753112793,161.12210643102253
2023-05-12 00:00:00-04:00,234.89669620725147,235.11498445049568,229.64787682194418,231.989501953125,16161400,0.0,0.0,-0.008397113252631039,225.33668060302733,161.29956318083265
2023-05-15 00:00:00-04:00,235.07525568820336,238.38924563922228,233.4976396213384,237.00015258789062,20653200,0.0,0.0,0.021598609387842194,226.3288932800293,161.48706003219363
2023-05-16 00:00:00-04:00,233.95405833923843,237.77408708598546,233.68617154482772,236.96047973632812,18163800,0.0,0.0,-0.00016739589037939595,227.36724624633788,161.6453418126182
2023-05-17 00:00:00-04:00,236.59333148518962,241.94136221960335,236.28574768951486,240.6018829345703,21193100,0.0,0.0,0.015367132959445584,228.69631576538086,161.81248265221006
2023-05-18 00:00:00-04:00,239.42115915770188,245.1660695868322,239.3120150495156,244.92794799804688,22943300,0.0,0.0,0.017980179584267786,230.37216415405274,161.9866319989401
2023-05-19 00:00:00-04:00,245.54312409284094,246.75362601085467,241.5147389171471,243.7273712158203,21733600,0.0,0.0,-0.00490175495299594,231.99691467285157,162.19688684978183
2023-05-22 00:00:00-04:00,243.49915972156407,251.5956268801899,243.21140927966366,246.38650512695312,27738500,0.0,0.0,0.010910280194907473,233.75958328247071,162.42143434191507
2023-05-23 00:00:00-04:00,244.88820317336294,249.65083083917526,244.72944538517478,244.81875610351562,17748100,0.0,0.0,-0.006362966277839388,235.70382385253907,162.63090154859754
2023-05-24 00:00:00-04:00,243.3701694042358,247.64660792831876,243.04273707413475,247.2695770263672,17724300,0.0,0.0,0.010010756372829999,237.67882614135743,162.83950281900073
2023-05-25 00:00:00-04:00,251.4269210658252,253.6296364767489,247.22986176229892,250.7224578857422,22371400,0.0,0.0,0.013964034317925034,238.37982406616212,163.12066931951614
2023-05-26 00:00:00-04:00,250.96061197968322,260.26758163108605,250.74233888741432,259.99969482421875,25727200,0.0,0.0,0.03700201815468929,239.45737075805664,163.42860996912395
2023-05-30 00:00:00-04:00,263.1847066844682,266.55822750020894,259.2555485710743,260.4759521484375,23816500,0.0,0.0,0.0018317610893379133,240.41684341430664,163.7077292487735
2023-05-31 00:00:00-04:00,257.97556357281155,262.93663210305795,256.43764444041886,262.6588134765625,25473700,0.0,0.0,0.00838027967695476,241.68092422485353,163.9817298707508
2023-06-01 00:00:00-04:00,263.8295904214734,271.8665266446984,263.81968887583463,270.4873352050781,25609500,0.0,0.0,0.029804907838031358,243.44607162475586,164.2926627567836
2023-06-02 00:00:00-04:00,270.5369640530964,273.2060210618952,269.0089466293334,270.4873352050781,19416900,0.0,0.0,0.0,245.38535079956054,164.62328232659235
2023-06-05 00:00:00-04:00,268.1953160303984,273.42430092681104,267.46108767771483,269.27685546875,20742900,0.0,0.0,-0.00447518082652687,247.30081939697266,164.90885861714682
2023-06-06 00:00:00-04:00,268.0366221259544,274.41654891819206,267.59011385118043,269.00897216796875,19419000,0.0,0.0,-0.0009948248256053116,249.17858352661133,165.22518584841774
2023-06-07 00:00:00-04:00,269.5546870369073,272.11458484922684,260.75372680643784,261.5475158691406,26163600,0.0,0.0,-0.027736830629460196,250.67831497192384,165.49824151538667
2023-06-08 00:00:00-04:00,258.5907094762658,265.5659700319198,256.86426746253426,262.5198669433594,20899400,0.0,0.0,0.003717684226468565,252.24105072021484,165.76964342026483
2023-06-09 00:00:00-04:00,260.4362851832517,265.86369579830983,259.66235964216304,262.8870544433594,16949800,0.0,0.0,0.001398703664889478,253.6877014160156,166.038604403299
2023-06-12 00:00:00-04:00,265.08969023653174,269.63401467681086,263.2639907769064,268.939453125,15442500,0.0,0.0,0.023022809907684794,255.5351989746094,166.38135101681664
2023-06-13 00:00:00-04:00,272.73964448722876,273.57310017151735,266.99471999629225,269.2073669433594,16164000,0.0,0.0,0.0009961863729783804,257.1455596923828,166.75835270351834
2023-06-14 00:00:00-04:00,269.77299514100963,272.8488333609741,266.23078499484023,271.22161865234375,19175100,0.0,0.0,0.007482156717532051,258.8586166381836,167.18787895687043
2023-06-15 00:00:00-04:00,270.1797642281489,281.7787441952247,269.3066416531064,279.63555908203125,25973500,0.0,0.0,0.03102238114902134,260.81030044555666,167.65288056267633
2023-06-16 00:00:00-04:00,282.53284351172397,285.6087119553762,277.94882118522963,278.8120422363281,43127700,0.0,0.0,-0.002944964683341822,262.5045051574707,168.09248639666845
2023-06-20 00:00:00-04:00,276.559686831415,282.5823999177386,274.0692211931128,282.1160583496094,20701600,0.0,0.0,0.01185033503854438,264.42393951416017,168.5785922398643
2023-06-21 00:00:00-04:00,281.32231995476303,281.78866155656544,276.1925623349365,279.4470520019531,20556200,0.0,0.0,-0.009460667936699751,266.0769668579102,169.04280644371397
2023-06-22 00:00:00-04:00,276.90697727173125,283.0388807556065,275.6270434409826,282.6618347167969,17563100,0.0,0.0,0.011504085270583886,267.96912078857423,169.54611869085403
2023-06-23 00:00:00-04:00,279.31808843197484,287.41455585917544,276.7780237818679,286.48187255859375,51092000,0.0,0.0,0.01351451583700447,269.9297355651855,170.06931459336053
2023-06-26 00:00:00-04:00,286.45211514209774,287.5336244711032,275.43853671466735,276.3017578125,24232700,0.0,0.0,-0.03553493509091621,271.2087005615234,170.5406949179513
2023-06-27 00:00:00-04:00,279.8142059678566,287.09705117182915,278.4647795384772,284.81494140625,26108300,0.0,0.0,0.030811181445783875,272.449462890625,171.00093233017694
2023-06-28 00:00:00-04:00,282.60229241746646,287.29544349247846,281.84820037160534,283.0686340332031,16722100,0.0,0.0,-0.006131375567674291,273.57909698486327,171.456878147428
2023-06-29 00:00:00-04:00,282.28479703637055,284.33868665809604,278.50446526998496,279.3379211425781,15395700,0.0,0.0,-0.01317953472085287,274.4130523681641,171.93270768059625
2023-06-30 00:00:00-04:00,282.5427376087658,286.799311897848,282.2053886384394,284.7454528808594,19694900,0.0,0.0,0.019358387562142587,275.12595825195314,172.41715982225207
2023-07-03 00:00:00-04:00,284.46769711960735,287.14665610377796,282.6320956075144,283.79296875,8629300,0.0,0.0,-0.0033450371945286106,275.7912399291992,172.90842386276003
2023-07-05 00:00:00-04:00,285.41023480138307,295.79871236153565,284.13027078429906,292.0779113769531,33865500,0.0,0.0,0.029193614850449467,276.93129272460936,173.43736815074132
2023-07-06 00:00:00-04:00,293.58608781168573,295.79870469399134,289.0417327035368,289.7164306640625,47600500,0.0,0.0,-0.008085105449288532,277.96666564941404,173.9248127104744
2023-07-07 00:00:00-04:00,289.90496868523604,293.89368682314864,286.4123876380687,288.267822265625,25586000,0.0,0.0,-0.005000090588984318,279.3026809692383,174.4002877795507
2023-07-10 00:00:00-04:00,293.24871963934146,295.8086477039445,284.8149039740183,291.8100280761719,37058300,0.0,0.0,0.012287898741895953,280.7671890258789,174.8802908942813
2023-07-11 00:00:00-04:00,291.6115749292531,297.84267521035605,289.6271477024056,295.9674072265625,27585900,0.0,0.0,0.014246868683023495,282.42120666503905,175.3819492582291
2023-07-12 00:00:00-04:00,299.40043824994797,307.0404946851265,297.76329195096815,306.93133544921875,36677100,0.0,0.0,0.03704437703258101,284.32080078125,175.95861419798837
2023-07-13 00:00:00-04:00,311.17802190329286,313.7776166697492,307.8739639648475,310.96966552734375,30281000,0.0,0.0,0.013157112395235204,286.4089157104492,176.54976875062974
2023-07-14 00:00:00-04:00,309.36230405201036,312.4282406131699,304.9667745464392,306.46502685546875,23054100,0.0,0.0,-0.014485781641228601,288.1710861206055,177.12218151395282
2023-07-17 00:00:00-04:00,305.14541112925815,309.2829253198248,302.3374293890318,308.201416015625,25323100,0.0,0.0,0.005665863990983677,289.59937896728513,177.72290393284388
2023-07-18 00:00:00-04:00,308.45936631199953,311.75352270448207,305.2247403126379,309.6202392578125,20731900,0.0,0.0,0.004603558479807868,291.13978881835936,178.30307312617225
2023-07-19 00:00:00-04:00,310.5926611922204,316.19866268368173,308.10219505234863,313.5494689941406,21763700,0.0,0.0,0.012690480912187274,292.7114593505859,178.88887299431696
2023-07-20 00:00:00-04:00,311.05900751288084,313.0831320210186,299.86683773605597,300.16448974609375,23836900,0.0,0.0,-0.0426885725272812,293.747331237793,179.38789364648244
2023-07-21 00:00:00-04:00,302.1985317891098,303.0815862304324,288.93263955652174,291.96881103515625,42139300,0.0,0.0,-0.027303958299231712,294.2126800537109,179.82560963100858
2023-07-24 00:00:00-04:00,293.4769299160423,295.2033718464492,286.0551614764398,289.3393859863281,24915700,0.0,0.0,-0.009005842231934569,294.35555572509764,180.25257634359693
2023-07-25 00:00:00-04:00,292.89154957975995,295.97731949491924,289.5874611705835,292.1771545410156,19585600,0.0,0.0,0.00980775066282047,295.1493255615234,180.7455333225311
2023-07-26 00:00:00-04:00,298.844834198046,299.42030479674065,289.62716083305537,296.2452392578125,47256900,0.0,0.0,0.01392334976766918,295.72084045410156,181.2649494050041
2023-07-27 00:00:00-04:00,322.58848618129997,322.81670621390026,307.4274633309865,309.28289794921875,64229200,0.0,0.0,0.04400968172204123,297.0315536499023,181.8656322237045
2023-07-28 00:00:00-04:00,314.4126657950555,323.66010426666475,311.80313905459457,322.9457092285156,39220300,0.0,0.0,0.04417577360368696,299.2119430541992,182.47946605985126
2023-07-31 00:00:00-04:00,321.1695953393681,323.12425717661716,315.11708683722975,316.1192321777344,25799600,0.0,0.0,-0.021138156834747845,300.78063201904297,183.10109568399096
2023-08-01 00:00:00-04:00,315.06756792601067,321.61618484159317,312.2099874333956,320.1972961425781,22817900,0.0,0.0,0.012900398171759697,302.60084838867186,183.74528663877456
2023-08-02 00:00:00-04:00,315.5239417009489,315.9109195600562,308.23116529432224,311.8626708984375,20461100,0.0,0.0,-0.026029655292371223,303.59008636474607,184.35313569931756
2023-08-03 00:00:00-04:00,307.5167473332486,313.48989245918426,307.5167473332486,310.7513732910156,15180200,0.0,0.0,-0.0035634197713383386,304.64183349609374,184.95555105663482
2023-08-04 00:00:00-04:00,312.5075601458942,315.9307088839671,307.7846444057712,308.3105163574219,17612800,0.0,0.0,-0.007854693955955283,305.6439682006836,185.51437980409654
2023-08-07 00:00:00-04:00,310.79109564375017,314.60119246481474,308.04264442618995,314.09515380859375,16236500,0.0,0.0,0.018762374762675282,306.7582244873047,186.0891943129282
2023-08-08 00:00:00-04:00,311.95196390121913,315.41481011229837,307.6953588862012,310.2056884765625,15183500,0.0,0.0,-0.012383079728767288,307.4701385498047,186.66219774881998
2023-08-09 00:00:00-04:00,310.4438188052483,311.1879790598838,300.4919168777885,302.8335266113281,19955800,0.0,0.0,-0.02376539869864891,307.26524810791017,187.19358326139906
2023-08-10 00:00:00-04:00,305.54225702209254,309.90799078632176,301.5039404211993,303.359375,14358900,0.0,0.0,0.0017364272528079816,306.88473358154295,187.7338278331454
2023-08-11 00:00:00-04:00,300.21410278081095,302.34735615356055,298.021288729232,299.2913513183594,14046300,0.0,0.0,-0.013409915818954454,306.5260498046875,188.21930394853865
2023-08-14 00:00:00-04:00,298.63645342569663,303.82571105631087,295.9276994586192,303.8058776855469,15641900,0.0,0.0,0.015084052202983145,306.30627288818357,188.726041612171
2023-08-15 00:00:00-04:00,303.75628486098515,304.8377940471984,297.6938440429067,299.5989074707031,11623600,0.0,0.0,-0.013847560313491214,305.8052062988281,189.20423347230943
2023-08-16 00:00:00-04:00,297.862520891398,298.735643383371,291.9886033311289,291.99853515625,18547700,0.0,0.0,-0.025368491422807837,304.72765960693357,189.65072955782452
2023-08-17 00:00:00-04:00,290.76815881578875,293.7447993644436,282.7312535583834,282.8701477050781,23950100,0.0,0.0,-0.03126175768754191,303.8629425048828,190.06659289768763
2023-08-18 00:00:00-04:00,276.85738220141786,283.4655289505489,272.2435946407065,281.0445251464844,35347900,0.0,0.0,-0.006453924436371272,303.31672821044924,190.49340229942686
2023-08-21 00:00:00-04:00,281.24294100791803,288.23803437738405,279.6553932823788,287.6427001953125,20181500,0.0,0.0,0.023477329954707526,303.2318939208984,190.94714297945538
2023-08-22 00:00:00-04:00,290.2720962228701,290.6193770623764,284.51726906518275,285.36065673828125,12980200,0.0,0.0,-0.007933604626440105,302.89106903076174,191.41820831904334
2023-08-23 00:00:00-04:00,286.25364724690445,295.08434296040133,285.4301232140553,291.9489440917969,18287000,0.0,0.0,0.02308758126933408,302.67625427246094,191.93474999685137
2023-08-24 00:00:00-04:00,296.1757201616309,297.12823661240736,284.40808296697287,284.5172119140625,18360900,0.0,0.0,-0.025455588479188496,301.43796997070314,192.42943915109785
2023-08-25 00:00:00-04:00,283.9020463553259,286.14445849769015,273.8806842050553,283.2769470214844,23701400,0.0,0.0,-0.0043591910810398815,299.45453186035155,192.91074138217502
2023-08-28 00:00:00-04:00,285.7575264634264,289.180675611169,283.57464435762574,287.99993896484375,14239300,0.0,0.0,0.01667270137234711,298.048567199707,193.38905137682718
2023-08-29 00:00:00-04:00,286.3329750441115,296.8206796120224,285.93609567718016,295.6697082519531,20844500,0.0,0.0,0.026631149001894894,296.82218780517576,193.92535851493713
2023-08-30 00:00:00-04:00,294.8561662914278,295.96744081980256,291.1452663656537,292.8022766113281,17717000,0.0,0.0,-0.009698090675496429,295.8691680908203,194.46056338718958
2023-08-31 00:00:00-04:00,293.49676421952233,298.7555143501628,293.3578700641985,293.5860900878906,17229900,0.0,0.0,0.0026769377807911443,295.0109039306641,195.00679279509046
2023-09-01 00:00:00-04:00,297.03894371355636,299.3904848088491,292.17710373308387,294.0722351074219,12842300,0.0,0.0,0.0016558857382709125,294.2989898681641,195.53223270840115
2023-09-05 00:00:00-04:00,294.7072634122402,299.04326214464817,293.20904151317234,297.8128967285156,14956000,0.0,0.0,0.012720213520760693,293.48487701416013,196.06294877188546
2023-09-06 00:00:00-04:00,299.36074630859395,300.93836224382807,293.3578663505046,296.8405456542969,15418100,0.0,0.0,-0.0032649730246744335,292.8166198730469,196.609650536189
2023-09-07 00:00:00-04:00,295.67965546312854,304.6591765120229,289.9446620146728,296.3444519042969,33748700,0.0,0.0,-0.001671246591015807,292.49216613769534,197.1613921816387
2023-09-08 00:00:00-04:00,296.8901262442369,302.87317246953774,294.4691228690948,295.57049560546875,17548000,0.0,0.0,-0.002611678045108423,292.10272216796875,197.7027784983317
2023-09-11 00:00:00-04:00,299.063114388511,306.6337092437882,298.93412177158643,305.16522216796875,19489300,0.0,0.0,0.032461719641013076,292.3964157104492,198.27566367860825
2023-09-12 00:00:00-04:00,303.94477776656885,306.2566524037513,297.8922990504119,299.3111572265625,13480400,0.0,0.0,-0.019183263740925383,292.1716796875,198.79740279061454
2023-09-13 00:00:00-04:00,300.00570342701496,304.78818046723666,298.97382303689284,302.6846923828125,13210900,0.0,0.0,0.011270997003618,292.32596893310546,199.33327686975872
2023-09-14 00:00:00-04:00,304.3516116982113,310.4338863451406,302.65493479949475,309.2928466796875,19343100,0.0,0.0,0.021831808687958087,293.19068450927733,199.95770212203738
2023-09-15 00:00:00-04:00,309.18368185356906,309.5706597125895,296.42382881133364,297.9716796875,28131100,0.0,0.0,-0.036603390973060645,293.9457611083984,200.54373813810804
2023-09-18 00:00:00-04:00,295.86820716463995,301.23608694316124,295.48122928524634,300.1942443847656,14234200,0.0,0.0,0.007458979657384068,294.9032470703125,201.146153555976
2023-09-19 00:00:00-04:00,300.1248415190787,303.78611286828567,297.4756173464149,302.6946716308594,15924400,0.0,0.0,0.008329364379447979,295.65584564208984,201.77132715497697
2023-09-20 00:00:00-04:00,302.67478484739934,305.6613578506982,297.0985485549638,297.3367004394531,19379500,0.0,0.0,-0.017700910169771267,296.25464782714846,202.3684273068867
2023-09-21 00:00:00-04:00,293.39757244980257,297.92206402517564,290.98647039875095,293.4273376464844,21319600,0.0,0.0,-0.01314793225051214,296.3285675048828,202.95761323353602
2023-09-22 00:00:00-04:00,296.9695088993633,303.00218435179124,295.94753013514656,296.751220703125,25369600,0.0,0.0,0.011327789303139824,296.9402679443359,203.5756204090421
2023-09-25 00:00:00-04:00,293.3380490350795,298.6067009327977,291.41315219064484,298.48760986328125,18987000,0.0,0.0,0.0058513294605564425,297.70080108642577,204.1977619292244
2023-09-26 00:00:00-04:00,295.34230605304384,297.9617342313641,293.7051596565991,296.6321716308594,19417200,0.0,0.0,-0.006216131494609534,298.1324127197266,204.82202956790016
2023-09-27 00:00:00-04:00,298.1106127734607,298.9539701789239,284.5569702480841,295.42169189453125,36429800,0.0,0.0,-0.004080743264201603,298.1200119018555,205.45740057930115
2023-09-28 00:00:00-04:00,296.6123899591044,303.944834051272,294.3898407804168,301.5932922363281,22167100,0.0,0.0,0.02089081645365498,298.55956268310547,206.1250187404572
2023-09-29 00:00:00-04:00,304.98659011566156,308.2212158114376,297.0290184758619,297.8724060058594,25373700,0.0,0.0,-0.01233743032836776,298.7738784790039,206.74948316907125
2023-10-02 00:00:00-04:00,300.38278121358445,304.7882126893277,299.281438484629,304.4310302734375,16265600,0.0,0.0,0.022018233764993678,299.2918182373047,207.42044809129504
2023-10-03 00:00:00-04:00,301.89092774805414,304.38136336068993,297.30690563751256,298.5967712402344,17362300,0.0,0.0,-0.019164468970074622,299.3310119628906,208.07113565717424
2023-10-04 00:00:00-04:00,296.4039835330329,304.51035179503504,296.1757635012426,303.20062255859375,16880500,0.0,0.0,0.015418289016445375,299.64901580810545,208.72855598207505
2023-10-05 00:00:00-04:00,302.25805126327083,303.8257355185984,297.1679903566098,302.41680908203125,19130000,0.0,0.0,-0.0025851314880167564,299.9526336669922,209.3762904273139
2023-10-06 00:00:00-04:00,299.09287899662587,313.84709082731973,298.56700698401727,312.97393798828125,21803900,0.0,0.0,0.03490920011455567,300.8228057861328,210.0710368989006
2023-10-09 00:00:00-04:00,310.066746421115,317.8357654962619,309.392048448092,315.881103515625,22503700,0.0,0.0,0.00928884221488313,301.3585998535156,210.77696521698482
2023-10-10 00:00:00-04:00,316.6352532636189,322.13212602478757,315.6827365233314,319.3340759277344,19038000,0.0,0.0,0.010931240817127819,302.35974578857423,211.51872377547008
2023-10-11 00:00:00-04:00,320.4949413299151,326.2795335962298,320.4354109332088,325.2674865722656,22036300,0.0,0.0,0.018580574676515305,303.4888854980469,212.28268889775353
2023-10-12 00:00:00-04:00,325.44608318054617,327.9663143762472,320.1774310246236,321.635986328125,20530500,0.0,0.0,-0.011164657993979366,304.1060424804688,213.052914513482
2023-10-13 00:00:00-04:00,321.0108805983314,322.5190344437851,309.93777264367094,312.2397155761719,21341000,0.0,0.0,-0.029213990819942914,304.81944427490237,213.7899481455485
2023-10-16 00:00:00-04:00,316.15894806212225,319.3141799633307,313.0632162730603,318.6493835449219,16536100,0.0,0.0,0.02052803550926363,305.74220123291013,214.5414317600311
2023-10-17 00:00:00-04:00,315.7025729431771,321.8741438599148,314.8294199728407,321.4772644042969,16387800,0.0,0.0,0.008874584434827026,306.681330871582,215.31803594316756
2023-10-18 00:00:00-04:00,318.8875816026241,323.4021419109411,313.10295866554907,314.5019836425781,16851000,0.0,0.0,-0.02169758652962306,307.53959503173826,216.038296502734
2023-10-19 00:00:00-04:00,317.3892859153871,319.38364490768606,309.3225846372319,310.37432861328125,18709200,0.0,0.0,-0.013124416518745519,308.38694458007814,216.74705986749558
2023-10-20 00:00:00-04:00,311.6940391657698,312.84498045908896,304.0837464482957,306.24676513671875,22312300,0.0,0.0,-0.013298662602039268,308.8617218017578,217.4377509525844
2023-10-23 00:00:00-04:00,307.090139491986,314.8889246228949,304.8675904983353,311.5650329589844,17796800,0.0,0.0,0.017365955914314224,309.51559295654295,218.15623973664782
2023-10-24 00:00:00-04:00,314.31340722600686,315.87118976703397,308.21129994817363,310.1163330078125,19525500,0.0,0.0,-0.004649751409563918,310.18980102539064,218.87496454753574
2023-10-25 00:00:00-04:00,307.58620046726446,308.4593532359643,296.5130936168484,297.1977233886719,42192500,0.0,0.0,-0.04165730161273118,310.27860260009766,219.54356684003557
2023-10-26 00:00:00-04:00,292.7029805200805,292.7029805200805,277.22444396879075,286.1047668457031,66684100,0.0,0.0,-0.03732517334414942,309.5041763305664,220.13747742062523
2023-10-27 00:00:00-04:00,292.18707503953055,296.9794534570117,290.6888227974808,294.4195556640625,29596300,0.0,0.0,0.029062042237288477,309.33153381347654,220.7946615370493
2023-10-30 00:00:00-04:00,296.7611653844392,306.9908852950392,296.7214683615975,300.3033752441406,28435100,0.0,0.0,0.019984472725689706,309.1251510620117,221.60071696932354
2023-10-31 00:00:00-04:00,300.94834937710914,301.31546361894567,294.548558592787,298.9242248535156,19434200,0.0,0.0,-0.004592523775344803,309.14152374267576,222.39633853851802
2023-11-01 00:00:00-04:00,299.4996780690973,310.3048683139882,299.4996780690973,309.42181396484375,20434600,0.0,0.0,0.0351178935613945,309.4525833129883,223.25739878699892
2023-11-02 00:00:00-04:00,314.82935845841877,316.3375424870294,305.92920138835984,308.4494323730469,21631800,0.0,0.0,-0.0031425760819414617,309.75421447753905,224.10656826079838
2023-11-03 00:00:00-04:00,310.1163953056302,313.0930365542395,308.59830948003787,312.15045166015625,16764300,0.0,0.0,0.011998787803354727,309.7130401611328,224.98877231658452
2023-11-06 00:00:00-05:00,313.5196859262533,315.85136382365476,312.00160022439076,313.341064453125,12887700,0.0,0.0,0.003814227359391964,309.58603820800784,225.88211892143127
2023-11-07 00:00:00-05:00,314.59127961258827,318.5006040914344,312.66638257356414,316.33758544921875,14055600,0.0,0.0,0.009563128922548403,309.436213684082,226.77995427449545
2023-11-08 00:00:00-05:00,315.66288535306535,318.82801924162567,312.4282589574089,317.29010009765625,13609700,0.0,0.0,0.0030110701107011195,309.03734436035154,227.65822095719594
2023-11-09 00:00:00-05:00,316.9329011458724,321.6558175852299,316.3177032404489,318.0540771484375,16103100,0.0,0.0,0.002407818745514323,308.8582489013672,228.5405036078559
2023-11-10 00:00:00-05:00,317.4487900779858,326.5374693849102,316.9725166965042,326.21002197265625,19096200,0.0,0.0,0.025643264495591733,309.55676422119143,229.4354643746028
2023-11-13 00:00:00-05:00,323.66012177465035,329.74236633406514,323.16401492354265,326.6268310546875,16908900,0.0,0.0,0.001277732301143697,309.9556365966797,230.29113058059934
2023-11-14 00:00:00-05:00,331.9351380866725,335.46741599370006,330.7345378585308,333.69134521484375,17179400,0.0,0.0,0.021628701283800567,310.566340637207,231.1703027089437
2023-11-15 00:00:00-05:00,335.29874106904697,335.7650826812692,327.45032770758064,330.119384765625,14531200,0.0,0.0,-0.010704384457196459,311.3472106933594,232.030575525193
2023-11-16 00:00:00-05:00,326.8053833646593,331.97480765966105,323.838674437655,331.5878601074219,18932600,0.0,0.0,0.004448316001919972,312.4078872680664,232.88541475931802
2023-11-17 00:00:00-05:00,327.6884943120668,332.88768422104437,326.78557624437,332.4312744140625,14494400,0.0,0.0,0.002543562078440864,313.7171127319336,233.7587597256615
2023-11-20 00:00:00-05:00,332.28244395513093,339.20807585654825,331.58788228778786,337.3228759765625,16960500,0.0,0.0,0.014714625063847686,315.0050048828125,234.65852428617933
2023-11-21 00:00:00-05:00,335.6955735940919,337.2533560259426,333.28450210323666,334.3561096191406,12027900,0.0,0.0,-0.00879503457579911,316.2169937133789,235.5441535465301
2023-11-22 00:00:00-05:00,336.5687782957013,340.2499126792458,335.9436788615161,338.8310241699219,10702700,0.0,0.0,0.013383678126529741,318.2986587524414,236.4561632549952
2023-11-24 00:00:00-05:00,337.4816047470225,339.1981148354986,334.14775142266285,335.5964050292969,5467500,0.0,0.0,-0.009546407825402836,320.7732406616211,237.3491161285885
2023-11-27 00:00:00-05:00,333.56235933033327,337.2533951174812,331.59779579004794,332.0939025878906,15684500,0.0,0.0,-0.01043665065810373,322.6569580078125,238.2250202723912
2023-11-28 00:00:00-05:00,330.80402373364524,336.7374722413347,330.80402373364524,336.3504943847656,12637200,0.0,0.0,0.012817434357285329,324.4593139648438,239.1210836683001
2023-11-29 00:00:00-05:00,337.04504303961954,337.25339941898335,328.20441615570996,329.6133728027344,16024500,0.0,0.0,-0.020030062968554363,325.9937713623047,240.00076769268702
2023-11-30 00:00:00-05:00,329.305804972317,330.9032544248157,319.88967678227107,324.6026916503906,23146400,0.0,0.0,-0.015201692545837697,326.75281524658203,240.85789062863304
2023-12-01 00:00:00-05:00,322.9456971366447,324.31492648520225,318.2624476796763,322.29083251953125,15276400,0.0,0.0,-0.007122119410363115,327.44488525390625,241.67182080707852
2023-12-04 00:00:00-05:00,314.8194441263184,318.36162346869537,311.21770411369187,317.5281677246094,19037100,0.0,0.0,-0.014777537287329556,327.7137710571289,242.457638089619
2023-12-05 00:00:00-05:00,316.49630583352786,319.37371922485295,312.93426263406553,315.8116760253906,16952100,0.0,0.0,-0.005405793481312315,327.83730163574216,243.22463498796736
2023-12-06 00:00:00-05:00,319.4232769230243,319.74079250239515,314.5713687730627,314.9781799316406,11294300,0.0,0.0,-0.0026392187402310974,327.76933135986326,243.99249794369652
2023-12-07 00:00:00-05:00,315.29569659562253,325.6841739294483,315.29569659562253,324.0470275878906,15905100,0.0,0.0,0.02879198698214025,328.107177734375,244.82906777518136
2023-12-08 00:00:00-05:00,320.5743303870982,330.5758617421196,320.4850347849948,330.15911865234375,14087400,0.0,0.0,0.018861740871223942,328.7124298095703,245.6906401013571
2023-12-11 00:00:00-05:00,326.8351687929006,327.3213740695982,317.50836658058734,322.74725341796875,25802500,0.0,0.0,-0.022449373092068625,328.53929138183594,246.5172879658048
2023-12-12 00:00:00-05:00,322.07255485448627,331.86569867463805,322.0328578303436,331.6176452636719,18485500,0.0,0.0,0.02748401962143321,328.78883209228513,247.37689145406088
2023-12-13 00:00:00-05:00,331.32988483456126,335.73531570283495,330.04995107415203,332.1335754394531,16353300,0.0,0.0,0.00155579832119912,328.7109436035156,248.24322776188927
2023-12-14 00:00:00-05:00,331.2505341986713,332.0939218599385,326.08110954354635,330.5758361816406,19607300,0.0,0.0,-0.004690098722333058,328.73376617431643,249.08196337260898
2023-12-15 00:00:00-05:00,329.40501619139945,336.02309488590646,328.6410225440708,332.3122253417969,31776900,0.0,0.0,0.005252619732321051,328.76998443603514,249.92191962590294
2023-12-18 00:00:00-05:00,334.85225615932194,344.8537559101192,334.39581610239355,341.9366455078125,18993900,0.0,0.0,0.028961980427041123,329.24525299072263,250.82148715427942
2023-12-19 00:00:00-05:00,342.88923819999513,350.84681240646427,342.43282832170706,347.63201904296875,17729400,0.0,0.0,0.016656224508192263,329.76071014404295,251.730740895347
2023-12-20 00:00:00-05:00,345.93526435895194,352.1961297303839,345.0819752003526,346.56036376953125,16369900,0.0,0.0,-0.0030827289050869844,330.3709228515625,252.65523196023608
2023-12-21 00:00:00-05:00,350.2315432565786,353.63482840250197,346.4908788635791,351.3328857421875,15289600,0.0,0.0,0.01377111312080137,330.99601593017576,253.58838508242653
2023-12-22 00:00:00-05:00,352.81128655167174,354.4186979641028,348.4852499373512,350.63836669921875,11772800,0.0,0.0,-0.0019768119386307514,331.74811401367185,254.5082694765121
2023-12-26 00:00:00-05:00,352.22592701294764,354.2004528401939,350.6979397367357,352.0671691894531,9898600,0.0,0.0,0.004074860671080094,332.74677734375,255.44421828739226
2023-12-27 00:00:00-05:00,353.2974869448079,356.20466538676425,352.5433949552393,355.04376220703125,13207900,0.0,0.0,0.008454616840391616,333.68144073486326,256.3883566477942
2023-12-28 00:00:00-05:00,356.89919717717305,359.0820486426281,355.023899184989,355.5299377441406,11798800,0.0,0.0,0.0013693397514920047,334.9772689819336,257.33899161929173
2023-12-29 00:00:00-05:00,356.19475166917226,357.19689709783825,349.0805970920824,351.20391845703125,14987100,0.0,0.0,-0.012167805936563969,336.3073303222656,258.2774208916558
2024-01-02 00:00:00-05:00,348.58449167928967,350.41016108257946,337.3625582064885,343.5936584472656,19042200,0.0,0.0,-0.02166906349792541,337.37247161865236,259.1673813774472
2024-01-03 00:00:00-05:00,342.29388045472786,345.24075624582997,340.507877692872,341.787841796875,15451100,0.0,0.0,-0.0052556751441551475,338.5854553222656,260.0498609996977
2024-01-04 00:00:00-05:00,341.81755025395563,345.4391234677094,340.72610934954895,344.4171447753906,12099900,0.0,0.0,0.007692792595232811,340.01572875976564,260.92544994657004
2024-01-05 00:00:00-05:00,344.2882234705981,350.7475443733981,343.5639268458326,349.2096252441406,13920700,0.0,0.0,0.013914755817035163,341.7273010253906,261.80970146542506
2024-01-08 00:00:00-05:00,351.93815245591145,356.18482516823184,349.30876236808746,355.8673095703125,13890200,0.0,0.0,0.019065008077933987,343.31831512451174,262.72206539577905
2024-01-09 00:00:00-05:00,353.62496321980836,357.8319699766495,352.5930524741726,354.6469421386719,13463900,0.0,0.0,-0.0034292765837754535,344.54270629882814,263.61745955452085
2024-01-10 00:00:00-05:00,357.3655998102049,370.0361570840026,356.28406029694395,367.58538818359375,22117200,0.0,0.0,0.03648260990746888,346.78461303710935,264.5663622901553
2024-01-11 00:00:00-05:00,369.2324630283158,369.8773958319146,360.10408551905675,366.7916259765625,17205400,0.0,0.0,-0.0021593954290555217,348.5433120727539,265.4982555934361
2024-01-12 00:00:00-05:00,367.277824706656,374.124093141166,366.6626570609986,371.5740966796875,19310000,0.0,0.0,0.01303865836738205,350.5153381347656,266.449520837693
2024-01-16 00:00:00-05:00,370.74065180769946,372.6853822277794,364.3706566582682,364.5988464355469,15306900,0.0,0.0,-0.018772164977241657,352.21648864746095,267.3580657111274
2024-01-17 00:00:00-05:00,363.44784996748376,365.670429146602,355.8177245328264,365.5017395019531,12724800,0.0,0.0,0.0024764013249993777,353.87596435546874,268.26913052513487
2024-01-18 00:00:00-05:00,368.59743859937487,373.91571950102383,368.06166503074314,373.2013244628906,16354300,0.0,0.0,0.021065795668795628,355.43919830322267,269.21712772429936
2024-01-19 00:00:00-05:00,376.0489019004544,381.36715151960374,375.0269232463293,380.4642639160156,21670800,0.0,0.0,0.019461183487432088,357.080810546875,270.20315951392763
2024-01-22 00:00:00-05:00,384.9292833279464,387.3105899434806,378.19214441636774,378.80731201171875,17680500,0.0,0.0,-0.004355078942874457,358.6931579589844,271.17029214283775
2024-01-23 00:00:00-05:00,381.6251827598736,385.3559155148058,379.10495178521484,382.20068359375,15506100,0.0,0.0,0.008958041395796146,360.2365478515625,272.13821223425487
2024-01-24 00:00:00-05:00,386.96330579643376,393.0654134087709,384.7903555799496,387.6578674316406,15698500,0.0,0.0,0.014278320453479765,362.08752288818357,273.1124321468293
2024-01-25 00:00:00-05:00,387.13201825545184,392.4105719303832,382.65712494527804,390.1185607910156,15091100,0.0,0.0,0.006347590404079506,363.9900924682617,274.0969285510835
2024-01-26 00:00:00-05:00,391.2794623469608,393.70046609647795,388.5409429594839,391.07110595703125,13163700,0.0,0.0,0.002441681226558856,365.79145965576174,275.09166221013146
2024-01-29 00:00:00-05:00,391.91447464954996,399.7926537489581,390.03920652616733,397.89752197265625,18742400,0.0,0.0,0.0174556900564653,367.9098388671875,276.090648166717
2024-01-30 00:00:00-05:00,400.4474896600289,403.1959104756482,396.4588018243719,396.9449768066406,18614700,0.0,0.0,-0.0023939459619984893,370.19689178466797,277.06837227230983
2024-01-31 00:00:00-05:00,385.97109583241945,394.90101835810526,384.0858960218771,387.10223388671875,20180800,0.0,0.0,-0.02479624002073333,372.3723205566406,278.0254646785676
2024-02-01 00:00:00-05:00,390.87262941167637,397.38154822868097,389.98954477012256,391.7060852050781,29727100,0.0,0.0,0.011893114829470752,374.8682327270508,278.9933059934586
2024-02-02 00:00:00-05:00,456.021412191709,482.1761501937465,449.48272769119956,471.29156494140625,84707600,0.0,0.0,0.20317652122933216,381.2119537353516,280.2606227814205
2024-02-05 00:00:00-05:00,466.2213952907677,468.2256561374513,455.6443932274583,455.8329162597656,40832400,0.0,0.0,-0.03280060546715391,386.5431182861328,281.32622891380674
2024-02-06 00:00:00-05:00,460.3871235847148,463.4828252605775,449.4727736721461,451.17938232421875,21655200,0.0,0.0,-0.010208858925174646,391.3087219238281,282.38218828231567
2024-02-07 00:00:00-05:00,454.4338712041085,467.8485894270778,452.628035016413,465.9336242675781,23066000,0.0,0.0,0.032701498608721735,396.87305603027346,283.49854690309553
2024-02-08 00:00:00-05:00,464.6734814817839,466.9257954581502,461.40909025193133,466.34039306640625,18815100,0.0,0.0,0.000873018768429823,401.81080627441406,284.59462792532787
2024-02-09 00:00:00-05:00,469.26742830028314,469.90242925067935,463.8300869402288,464.465087890625,18413100,0.0,0.0,-0.00402132262970023,406.69447937011716,285.7155142284575
2024-02-12 00:00:00-05:00,464.5444687360727,475.41912086726245,462.94698916007474,465.2489318847656,19382000,0.0,0.0,0.001687627368723188,411.3782211303711,286.86120587303526
2024-02-13 00:00:00-05:00,453.3126287541774,464.2468421541009,451.54648973334866,456.5373229980469,20916600,0.0,0.0,-0.018724618778655167,415.9751449584961,287.98717147584944
2024-02-14 00:00:00-05:00,464.2864998480657,470.4183725927847,462.4608304684062,469.5948486328125,16858400,0.0,0.0,0.028601222675547877,421.17980041503904,289.1441634041922
2024-02-15 00:00:00-05:00,471.5793300047414,484.81545723804714,468.5431584801579,480.2611999511719,24212300,0.0,0.0,0.022713944476634662,426.5327941894531,290.34328527299186
2024-02-16 00:00:00-05:00,474.38729503347156,475.2306827655061,465.5565988344305,469.6346130371094,23324600,0.0,0.0,-0.022126682137018183,430.99131164550784,291.5093727717324
2024-02-20 00:00:00-05:00,466.0625897590752,472.4722813616275,462.9271910394476,468.0767822265625,18015500,0.0,0.0,-0.003317112425918589,435.45478515625,292.68786269899397
2024-02-21 00:00:00-05:00,463.3587521836112,465.84191805812145,458.68047616341727,464.8784484863281,12921800,0.5,0.0,-0.0068329254124086525,439.5886734008789,293.851928347633
2024-02-22 00:00:00-05:00,477.0062442785985,486.69059163885595,472.8543980185372,482.8565979003906,21625800,0.0,0.0,0.03867279602356355,444.3486099243164,295.09048576960487
2024-02-23 00:00:00-05:00,484.7636721147276,491.031180902857,479.1020716150301,480.770751953125,18374300,0.0,0.0,-0.0043198041744392235,448.8812194824219,296.32454596625433
2024-02-26 00:00:00-05:00,480.2144859744723,482.86652048024735,477.3638163849019,478.4961242675781,12101400,0.0,0.0,-0.004731210616091386,453.2524703979492,297.54595735338
2024-02-27 00:00:00-05:00,476.74804543866367,483.9889360930162,476.68845187614863,483.7704162597656,10809600,0.0,0.0,0.011022643078375527,457.5461151123047,298.7947951422797
2024-02-28 00:00:00-05:00,481.73418465032995,487.7434340041243,479.4993353400965,480.7607727050781,12715500,0.0,0.0,-0.006221222822917372,461.7369049072266,300.03503672281903
2024-02-29 00:00:00-05:00,485.1510587006431,488.389116970363,479.36029842457447,486.8296813964844,17732000,0.0,0.0,0.012623552161418194,466.72327728271483,301.27809960501537
2024-03-01 00:00:00-05:00,488.7962772842843,500.8545450353312,488.5380486516633,498.91766357421875,16273600,0.0,0.0,0.02483000244163347,472.0838562011719,302.5751154460604
2024-03-04 00:00:00-05:00,499.6130587472105,501.0235105406349,493.07737839356196,494.83544921875,12324100,0.0,0.0,-0.008182140368059865,473.26105041503905,303.851561531188
2024-03-05 00:00:00-05:00,491.66681804477713,492.24289916092766,484.6047092081151,486.91900634765625,15325300,0.0,0.0,-0.01599813207318168,474.8153549194336,305.05438462514724
2024-03-06 00:00:00-05:00,494.2791504217165,499.583189220119,490.96164437082433,492.74951171875,11757900,0.0,0.0,0.011974281749295379,476.8938613891602,306.2817228408087
2024-03-07 00:00:00-05:00,499.8910821445539,516.3494823533294,498.0038821618696,508.7410888671875,18586400,0.0,0.0,0.032453765591076156,479.03423461914065,307.5740551418728
2024-03-08 00:00:00-05:00,510.72768838193537,520.0445327158662,495.98761761186836,502.5431823730469,18597100,0.0,0.0,-0.01218283057879499,480.84437408447263,308.8399815029568
2024-03-11 00:00:00-04:00,493.66329582884157,493.9712059583507,472.79476106595894,480.3336486816406,20428300,0.0,0.0,-0.04419427915931751,481.63780212402344,310.0306893000527
2024-03-12 00:00:00-04:00,489.9385984033987,498.9276472763487,481.46603715056744,496.3848876953125,15448200,0.0,0.0,0.03341685317638543,483.1945999145508,311.2936759222122
2024-03-13 00:00:00-04:00,492.05425155124124,497.6066070345607,487.72359432803495,492.2330322265625,12090700,0.0,0.0,-0.008364185880087582,484.97938537597656,312.5347139873202
2024-03-14 00:00:00-04:00,496.8914470652399,497.9741037778643,484.8729178506202,488.5181884765625,12620000,0.0,0.0,-0.007546920882567143,485.92555236816406,313.70935240246
2024-03-15 00:00:00-04:00,485.71721266457956,488.5182008794358,478.05910688483056,480.84027099609375,29153600,0.0,0.0,-0.015716748447815676,485.95450592041016,314.8388367304726
2024-03-18 00:00:00-04:00,488.5976166013962,494.0705234723531,483.5319525403296,493.63348388671875,11755300,0.0,0.0,0.026605951419424567,487.1544494628906,315.99081747872486
2024-03-19 00:00:00-04:00,484.88286188860536,493.28588697301825,478.039241983051,492.89849853515625,10903100,0.0,0.0,-0.001488929287728702,488.3955352783203,317.17657773456875
2024-03-20 00:00:00-04:00,496.13654476437773,504.7779741854075,491.835714780714,502.1159973144531,11711100,0.0,0.0,0.018700602267384347,490.2574127197266,318.3902532789442
2024-03-21 00:00:00-04:00,511.24415578806696,511.5718900411895,502.6027262330663,504.3409423828125,9712500,0.0,0.0,0.004431137586253797,491.33162994384764,319.59563040354897
2024-03-22 00:00:00-04:00,503.58603728836357,506.536039547684,500.94394517125465,506.1486511230469,8120600,0.0,0.0,0.003584299009502745,492.60052490234375,320.8174337962317
2024-03-25 00:00:00-04:00,502.38421028695126,503.80457393392254,496.871563696633,499.6328430175781,8380600,0.0,0.0,-0.01287330923635066,493.65736083984376,321.995780763172
2024-03-26 00:00:00-04:00,501.7286443250279,506.56584667768334,491.87542863664703,492.5508728027344,11205400,0.0,0.0,-0.014174348851992091,494.0963836669922,323.1392130776057
2024-03-27 00:00:00-04:00,495.9379177172375,496.5239715871602,484.78355507786483,490.5345458984375,9989700,0.0,0.0,-0.004093641927428671,494.58507232666017,324.2871255420503
2024-03-28 00:00:00-04:00,489.521395786928,489.5710772928442,481.8831749511718,482.3102722167969,15212800,0.0,0.0,-0.01676594186975655,494.3591018676758,325.4109067159986
2024-04-01 00:00:00-04:00,483.9193631882776,494.08045824129323,478.53584639701245,488.0414123535156,9247000,0.0,0.0,0.011882683133364047,493.81528930664064,326.5390428815569
2024-04-02 00:00:00-04:00,481.83347719536533,494.179769747682,481.3864952457342,494.0208435058594,11081000,0.0,0.0,0.0122518929766815,493.7745590209961,327.68110299488853
2024-04-03 00:00:00-04:00,495.57038140236386,503.82442249033096,495.3916007311355,503.3277893066406,12099200,0.0,0.0,0.018839176369024768,494.5949981689453,328.8439522395058
2024-04-04 00:00:00-04:00,512.9426101041053,526.4311846012982,507.1419380470807,507.47967529296875,26476300,0.0,0.0,0.00824887096348803,495.3315063476563,330.01882801358664
2024-04-05 00:00:00-04:00,513.3796505682054,527.1264840478417,510.94613579364227,523.7891235351562,19263300,0.0,0.0,0.03213813091681361,496.0839080810547,331.2519272092789
2024-04-08 00:00:00-04:00,525.7160926076674,527.9111726495528,515.3960397041614,515.7536010742188,13260600,0.0,0.0,-0.015341140355691563,496.74442901611326,332.46589666699606
2024-04-09 00:00:00-04:00,518.7134999304255,522.3290042268167,503.3278128790067,513.41943359375,10863800,0.0,0.0,-0.004525741508361936,498.3987182617187,333.6524128989568
2024-04-10 00:00:00-04:00,505.86061532238585,519.0412485473654,502.3940952347152,516.3296508789062,11418500,0.0,0.0,0.005668303719603696,499.3959564208984,334.8557929992676
2024-04-11 00:00:00-04:00,517.600901507259,520.332383380869,513.8066175933823,519.6370849609375,10369500,0.0,0.0,0.006405663661579908,500.7661590576172,336.0758413284544
2024-04-12 00:00:00-04:00,514.2637093320776,516.6872819178756,505.90039240697365,508.4530944824219,11984500,0.0,0.0,-0.021522694977315515,501.76290435791014,337.2509181915768
2024-04-15 00:00:00-04:00,513.2405237491067,515.0383939173696,493.9314551286762,496.8616027832031,13512900,0.0,0.0,-0.022797563482268246,502.5639709472656,338.3549948192778
2024-04-16 00:00:00-04:00,494.75592258091154,501.3710805844467,493.7626561595775,496.39483642578125,9847900,0.0,0.0,-0.0009394293195675862,502.70203857421876,339.4527306935144
2024-04-17 00:00:00-04:00,499.712298834283,499.7718923893726,483.85977662669706,490.8424377441406,12193700,0.0,0.0,-0.011185448103408713,502.59923553466797,340.53878838675365
2024-04-18 00:00:00-04:00,496.4544030177161,508.76098785932845,495.67965646364473,498.4210510253906,14808700,0.0,0.0,0.015440012310427909,502.4144882202148,341.65873930189343
2024-04-19 00:00:00-04:00,499.41434858815046,499.41434858815046,472.5266493809035,477.8306884765625,25215400,0.0,0.0,-0.0413111815932895,501.08897552490237,342.7056051587302
2024-04-22 00:00:00-04:00,486.4224564783826,488.6970451800913,470.2123404271616,478.48626708984375,17271100,0.0,0.0,0.00137198934495264,499.7058563232422,343.7654277256557
2024-04-23 00:00:00-04:00,487.94211241184524,495.4015526749956,485.6774662629057,492.75946044921875,15079200,0.0,0.0,0.029829891349201443,499.36218719482423,344.88259875585163
2024-04-24 00:00:00-04:00,504.6389278841395,506.56586713703933,481.317021755362,490.1769714355469,37772700,0.0,0.0,-0.0052408715021271535,499.24349212646484,345.98991557529996
2024-04-25 00:00:00-04:00,418.5624840192661,442.7683830214694,411.7089514448453,438.407958984375,82890700,0.0,0.0,-0.10561290200875739,496.63716278076174,346.91243150499133
2024-04-26 00:00:00-04:00,438.48735929530994,443.4338366860677,429.05132886461274,440.3050537109375,32691400,0.0,0.0,0.004327236054193273,494.5369018554687,347.83519151475696
2024-04-29 00:00:00-04:00,436.60014947867506,436.7988148712777,425.6742197513567,429.7068786621094,21502600,0.0,0.0,-0.02407007359898683,491.62017517089845,348.6010819086953
2024-04-30 00:00:00-04:00,428.147455924362,436.65975597546355,426.8264249918601,427.2734069824219,18429500,0.0,0.0,-0.0056630968702761075,488.2828033447266,349.3503860594734
2024-05-01 00:00:00-04:00,425.71397863682915,446.93013406880516,424.23399111108887,436.232666015625,20344900,0.0,0.0,0.02096844523153707,484.9280471801758,350.1239819602361
2024-05-02 00:00:00-04:00,435.8850291236209,440.9705483091824,429.3692038781096,438.7059020996094,15221300,0.0,0.0,0.005669534348662797,481.48935852050784,350.92290539211695
2024-05-03 00:00:00-04:00,442.9272314331877,451.11176631211475,440.8612508779358,448.9166259765625,16489100,0.0,0.0,0.023274644421434676,477.7457336425781,351.771049196758
2024-05-06 00:00:00-04:00,452.5122844958483,463.02105978106573,450.28737750238747,462.5442810058594,15094600,0.0,0.0,0.030356761680749855,475.0852676391602,352.68709097968207
2024-05-07 00:00:00-04:00,463.1501848954651,468.3548909827228,458.2037074526032,465.0870361328125,13406800,0.0,0.0,0.005497322594549381,472.6686477661133,353.6161368233817
2024-05-08 00:00:00-04:00,460.37896403219986,472.3776084845462,459.8823308455416,469.4176940917969,11683900,0.0,0.0,0.009311500047375354,470.3230499267578,354.5604384286063
2024-05-09 00:00:00-04:00,466.8351419832497,472.8741875039303,464.48110579807553,472.2186584472656,9437700,0.0,0.0,0.005966891301121269,467.9521286010742,355.51546133132206
2024-05-10 00:00:00-04:00,473.87742999258705,474.2846728255521,466.4378748768234,472.9934387207031,10750000,0.0,0.0,0.0016407235495206063,466.1791458129883,356.4747005644299
2024-05-13 00:00:00-04:00,469.5666850409423,470.1626509363038,459.73335385977305,464.8586120605469,14668800,0.0,0.0,-0.017198603604646978,464.5789962768555,357.3909885467045
2024-05-14 00:00:00-04:00,460.24979003132785,469.3580551308664,456.9819354918499,468.6726989746094,10478600,0.0,0.0,0.008204832211575086,463.19288940429686,358.33020758250404
2024-05-15 00:00:00-04:00,471.78169064027946,479.25104313597546,468.02714482052664,478.2975158691406,13100500,0.0,0.0,0.020536329330872016,462.5656433105469,359.2877368018741
2024-05-16 00:00:00-04:00,471.801527600696,474.4734165714435,469.5666782594295,470.04345703125,16608200,0.0,0.0,-0.017257164346529685,461.14676361083986,360.2126692514571
2024-05-17 00:00:00-04:00,467.65964657705945,469.6163827682642,465.26590101884466,468.7323913574219,10807300,0.0,0.0,-0.002789243535286534,460.6918487548828,361.1179490467859
2024-05-20 00:00:00-04:00,466.78558596876275,470.0137019704497,463.895176926725,465.68304443359375,11745100,0.0,0.0,-0.006505517817954498,460.0516876220703,361.9939613342285
2024-05-21 00:00:00-04:00,463.9745969325562,467.5305076270988,459.15724881960597,461.5013732910156,11742200,0.0,0.0,-0.00897965084312713,458.48878326416013,362.85814388214595
2024-05-22 00:00:00-04:00,464.71954780965524,470.5301623382244,462.51449517924743,464.6301574707031,10078600,0.0,0.0,0.006779577181701191,457.211442565918,363.72419012160526
2024-05-23 00:00:00-04:00,469.6958131205523,471.1658279710308,458.4321759489414,462.64361572265625,11747900,0.0,0.0,-0.004275533380917351,458.42322540283203,364.5885744851733
2024-05-24 00:00:00-04:00,464.47124760813773,476.6189070760728,463.1601286330432,474.9998779296875,12024300,0.0,0.0,0.02670794924454012,460.15796661376953,365.49226615542455
2024-05-28 00:00:00-04:00,473.3708488306615,477.6220274622316,471.64257513598284,476.6883850097656,10175800,0.0,0.0,0.0035547526610693048,462.50704193115234,366.38895634242465
2024-05-29 00:00:00-04:00,471.4638000883628,476.618854768797,470.5102728984341,471.1658020019531,9226200,0.0,0.0,-0.011585310616912481,464.70166168212893,367.22691708519346
2024-05-30 00:00:00-04:00,468.4939760428169,468.5535696018269,461.5808200768087,463.9050598144531,10719600,0.0,0.0,-0.01541016380359006,466.0852813720703,368.0341754489475
2024-05-31 00:00:00-04:00,462.66342984466667,465.9610812315001,451.39979365400546,463.6864929199219,16919800,0.0,0.0,-0.00047114574395601405,467.3343109130859,368.8319043356275
2024-06-03 00:00:00-04:00,467.68938886665507,476.370557560807,465.08703582474993,474.2747497558594,11279400,0.0,0.0,0.022834947745105083,468.60221710205076,369.64058455209886
2024-06-04 00:00:00-04:00,473.78804905282203,475.6653370045295,470.04344582485936,473.7781066894531,7088700,0.0,0.0,-0.0010471632037377665,469.16390838623045,370.44729396275113
2024-06-05 00:00:00-04:00,481.18792879186043,493.3057609159678,480.651556438236,491.7264709472656,15690500,0.0,0.0,0.03788348174892997,470.4958801269531,371.3300305321103
2024-06-06 00:00:00-04:00,489.66043415831814,499.4341709662014,487.58451121744014,490.4351806640625,10667300,0.0,0.0,-0.0026260336986039245,471.54675445556643,372.20870596265036
2024-06-07 00:00:00-04:00,492.57071177763146,495.550510782331,486.8693727151729,489.64056396484375,9380700,0.0,0.0,-0.0016202277702485057,472.4178497314453,373.1138371058873
2024-06-10 00:00:00-04:00,490.53458927575133,499.27535284360806,490.0876375287691,499.21575927734375,11220900,0.0,0.0,0.019555559766056163,473.72896575927734,374.053106519911
2024-06-11 00:00:00-04:00,496.792112209235,504.18201644117164,494.914824216535,504.0528869628906,9673700,0.0,0.0,0.009689453098493894,475.68867950439454,375.0101137918139
2024-06-12 00:00:00-04:00,510.5289816127229,510.5488663402382,501.0730965012288,505.4136657714844,11983200,0.0,0.0,0.00269967466468235,477.5257278442383,375.94850352453807
2024-06-13 00:00:00-04:00,502.3047412736244,505.9301575612256,497.98402638310364,500.7055969238281,9954600,0.0,0.0,-0.009315278091006185,478.64613189697263,376.86714729430184
2024-06-14 00:00:00-04:00,499.76102858798566,504.2351649770315,497.87195484771325,501.2623596191406,10243300,0.5,0.0,0.0011119562048698128,480.2070770263672,377.7800073775034
2024-06-17 00:00:00-04:00,498.78668605391897,507.81448578396373,493.15921302560884,503.7181701660156,11266600,0.0,0.0,0.004899251858330178,481.95636596679685,378.6692240881541
2024-06-18 00:00:00-04:00,501.66003859591564,503.0917646222148,492.1748612572284,496.6191711425781,13060400,0.0,0.0,-0.014093196243244122,483.50317230224607,379.53353809175036
2024-06-20 00:00:00-04:00,499.1147614196994,500.77517646661437,493.9148098546325,498.8164978027344,11801200,0.0,0.0,0.004424570753281287,485.36892852783205,380.3934604705326
2024-06-21 00:00:00-04:00,500.5564623228992,500.5564623228992,489.56003146184884,491.936279296875,22359200,0.0,0.0,-0.013793085305250474,486.73423461914064,381.2366716899569
2024-06-24 00:00:00-04:00,496.33088323813683,504.88143086237153,491.4490995948573,496.04254150390625,13525300,0.0,0.0,0.008347142465077617,488.4041809082031,382.0834205264137
2024-06-25 00:00:00-04:00,494.193234056006,507.77472797570107,492.65215468981233,507.6653747558594,12063200,0.0,0.0,0.02343112188868912,490.0374557495117,382.9611328367203
2024-06-26 00:00:00-04:00,503.7380827860577,510.85693517121933,501.77940391512504,510.1708984375,8882300,0.0,0.0,0.004935384223998973,491.7115814208984,383.8891849820576
2024-06-27 00:00:00-04:00,511.294373925033,519.8747782877508,510.9464098062174,516.5738525390625,10121200,0.0,0.0,0.012550606318731283,493.9819839477539,384.80886320083863
2024-06-28 00:00:00-04:00,514.1777613035174,518.8805567277017,500.9442311555743,501.3220520019531,15855100,0.0,0.0,-0.02952491780631905,495.8528335571289,385.67494819277806
2024-07-01 00:00:00-04:00,502.0478560452752,503.6684622749848,490.3355617817053,501.7793884277344,10328200,0.0,0.0,0.0009122607392890725,497.75747833251955,386.55765242803665
2024-07-02 00:00:00-04:00,497.8819580091871,507.56596894119156,496.5794894878585,506.57171630859375,7739500,0.0,0.0,0.009550667068799923,499.37232666015626,387.4379153781467
2024-07-03 00:00:00-04:00,503.45965920114367,508.3414428657344,503.1116647399918,507.0290222167969,6005600,0.0,0.0,0.0009027466269446727,501.0348724365234,388.32377273317366
2024-07-05 00:00:00-04:00,508.65968477780285,537.7614502342552,508.65968477780285,536.8069458007812,21354100,0.0,0.0,0.05873021519318833,503.28889617919924,389.294919695173
2024-07-08 00:00:00-04:00,539.2329128015355,539.6902908773806,523.6231943865845,526.27783203125,14917500,0.0,0.0,-0.019614339665118274,505.0810287475586,390.233655414884
2024-07-09 00:00:00-04:00,530.6823045262751,534.3908471604564,525.1542627135257,526.953857421875,8753200,0.0,0.0,0.0012845408821720028,506.94669342041016,391.18082222105966
2024-07-10 00:00:00-04:00,527.7392732226358,535.782802810221,525.3232468812585,531.6168823242188,10983300,0.0,0.0,0.008849019390725354,508.5667495727539,392.13243672204396
2024-07-11 00:00:00-04:00,527.8387522591509,532.3824937070442,505.44816535369097,509.7532958984375,16458300,0.0,0.0,-0.04112658411108783,508.8517700195313,392.9807934231228
2024-07-12 00:00:00-04:00,494.8991408562319,505.1697559706881,491.3894306970728,496.00274658203125,19750500,0.0,0.0,-0.02697491007325603,508.38122406005857,393.731076800634
2024-07-15 00:00:00-04:00,495.7641239558454,503.7678443636743,490.53434614881763,493.3083190917969,12539200,0.0,0.0,-0.005432283407303173,508.01136016845703,394.45464288620724
2024-07-16 00:00:00-04:00,498.61769595186473,501.0536270420419,482.9979955675087,486.9750061035156,14075800,0.0,0.0,-0.012838447565492461,507.29699249267577,395.17095232766775
2024-07-17 00:00:00-04:00,476.4159983287152,476.4159983287152,456.4812168894572,459.334716796875,28076600,0.0,0.0,-0.05675915387896757,505.07781982421875,395.77068764822826
2024-07-18 00:00:00-04:00,472.2699610515285,476.4855821522594,461.87008787870946,473.1150817871094,19267200,0.0,0.0,0.03000070424968171,503.9026153564453,396.41947670588416
2024-07-19 00:00:00-04:00,473.32389780212014,483.9126820908743,472.97590331818924,474.0497131347656,15149400,0.0,0.0,0.001975484155199325,502.6642761230469,397.0563824366009
2024-07-22 00:00:00-04:00,483.7834299289137,489.2319452484401,481.1188401704912,484.5987243652344,12023100,0.0,0.0,0.02225296406301136,502.29739837646486,397.7882643200102
2024-07-23 00:00:00-04:00,487.02470158757365,492.3737855582179,484.91689087992546,485.8813171386719,9455500,0.0,0.0,0.002646710998089219,501.7893371582031,398.5577583918496
2024-07-24 00:00:00-04:00,469.59545393801864,473.56251219425883,457.9328597471359,458.618896484375,17649700,0.0,0.0,-0.05610921781237388,499.3370132446289,399.22950248112755
2024-07-25 00:00:00-04:00,460.59744019284307,460.88575158232453,440.1058796187656,450.8040466308594,18240500,0.0,0.0,-0.017039964801759733,496.36867065429686,399.85897427513487
2024-07-26 00:00:00-04:00,461.5320586336811,467.0700224305545,456.7795325266989,463.0234375,14222400,0.0,0.0,0.027105770146616415,493.69114990234374,400.5207925221277
2024-07-29 00:00:00-04:00,467.1794022788637,471.23593941244997,462.3473190124621,463.0333557128906,11339600,0.0,0.0,2.1420541785444058e-05,491.77671508789064,401.13091338626924
2024-07-30 00:00:00-04:00,464.3159317450937,470.01300966806275,454.0751428177802,460.52783203125,11390400,0.0,0.0,-0.005411108402294418,489.7141372680664,401.676874191042
2024-07-31 00:00:00-04:00,468.31285214220173,473.76136735309956,464.06740443244325,472.1009521484375,24285800,0.0,0.0,0.025130120944356182,487.99059906005857,402.2958492702908
2024-08-01 00:00:00-04:00,518.0055334340817,524.1400541416722,489.27164331010835,494.87921142578125,43083100,0.0,0.0,0.04824870437918927,487.3831085205078,402.9890314737956
2024-08-02 00:00:00-04:00,486.1894847459628,498.2696468567978,473.4133337307261,485.3344421386719,24044700,0.0,0.0,-0.019287068574996735,484.80948333740236,403.67741151839965
2024-08-05 00:00:00-04:00,448.7559059334732,480.7012460328518,448.2090488117456,472.99578857421875,21396200,0.0,0.0,-0.025422991844719856,482.14538116455077,404.3212385631743
2024-08-06 00:00:00-04:00,476.24697663872547,499.6715645445627,475.8989821739981,491.250244140625,20955000,0.0,0.0,0.038593272936809475,480.3602005004883,405.0471898639013
2024-08-07 00:00:00-04:00,500.2383060346242,507.21794823147314,484.0617971194812,486.1099853515625,20105300,0.0,0.0,-0.010463625922577768,478.0848556518555,405.72978840177024
2024-08-08 00:00:00-04:00,494.6406097563313,507.028987185273,491.87658907027446,506.7008972167969,16156800,0.0,0.0,0.042358545361586675,477.93223571777344,406.5095312935965
2024-08-09 00:00:00-04:00,504.7919803564355,515.3609207187151,502.7935532579475,514.794189453125,13696600,0.0,0.0,0.015972523989562504,478.87180786132814,407.35064503503224
2024-08-12 00:00:00-04:00,513.8893622667638,515.0427292166193,506.1739830538234,512.984619140625,9767400,0.0,0.0,-0.0035151335224322677,479.85562286376955,408.1824912419395
2024-08-13 00:00:00-04:00,517.0213750521671,528.4453292814136,515.1720795271153,525.5023193359375,13743800,0.0,0.0,0.02440170665600605,481.7819885253906,409.0801538134378
2024-08-14 00:00:00-04:00,525.0250602739767,530.9309235361922,520.1234019137161,523.7325439453125,11444200,0.0,0.0,-0.003367778457878945,485.0018798828125,409.952878679548
2024-08-15 00:00:00-04:00,528.7335620768248,536.667738996692,523.6728503857054,534.2417602539062,13482100,0.0,0.0,0.020065998246790562,488.05821380615237,410.88400111122735
2024-08-16 00:00:00-04:00,528.842964640351,530.5927981833395,521.6445250806896,524.388671875,14776700,0.0,0.0,-0.018443126524260167,490.5751617431641,411.8061841934446
2024-08-19 00:00:00-04:00,523.8417936399916,528.6042411215221,519.7554305554554,526.2379760742188,9879700,0.0,0.0,0.003526590672918939,492.6571243286133,412.77192954411584
2024-08-20 00:00:00-04:00,525.3133822500959,528.0376855839605,522.8576072447534,523.7026977539062,7944400,0.0,0.0,-0.004817741089736427,494.548193359375,413.73485880049446
2024-08-21 00:00:00-04:00,524.1203156585808,536.2999107822917,523.901548516815,532.084228515625,13423300,0.0,0.0,0.016004368122727097,498.2214599609375,414.7048648652576
2024-08-22 00:00:00-04:00,533.9136093150988,541.1020356974973,525.551972227874,528.8727416992188,15708300,0.0,0.0,-0.00603567376045977,502.1248947143555,415.67118266272166
2024-08-23 00:00:00-04:00,533.834047542885,536.7671046219766,522.0422271868836,524.96533203125,11323900,0.0,0.0,-0.0073881850204921,505.221989440918,416.5958508688306
2024-08-26 00:00:00-04:00,524.5676767533054,524.9654020892407,511.99041707220374,518.1249389648438,9584000,0.0,0.0,-0.013030180564378768,507.9765686035156,417.52286565871464
2024-08-27 00:00:00-04:00,515.9970886103,520.9982072863379,512.3481993117576,516.1163940429688,6282700,0.0,0.0,-0.0038765648414604836,510.75599670410156,418.4468317183237
2024-08-28 00:00:00-04:00,514.6947753013039,518.0951632087842,509.5048053652055,513.8099365234375,9106100,0.0,0.0,-0.004468870871285002,512.8414459228516,419.34290313720703
2024-08-29 00:00:00-04:00,516.0668238363469,524.1700071760439,512.7161972736417,515.2415771484375,8317400,0.0,0.0,0.0027863233527301023,513.8595642089844,420.21422007727244
2024-08-30 00:00:00-04:00,518.3535910327766,520.5310067478107,512.2389736903795,518.3138427734375,9157500,0.0,0.0,0.005962767294524607,515.5085342407226,421.1091072445824
2024-09-03 00:00:00-04:00,516.6534100228187,522.4697631708141,505.69672749483755,508.8186950683594,12459100,0.0,0.0,-0.018319301784939235,517.2996795654296,421.9632048833938
2024-09-04 00:00:00-04:00,503.1614426784679,513.6209999091698,501.1729373910715,509.7930908203125,8335200,0.0,0.0,0.0019150156261893425,518.2268218994141,422.8192400251116
2024-09-05 00:00:00-04:00,508.7789615116668,518.6320088026798,508.212230225459,513.889404296875,8640900,0.0,0.0,0.008035247143053814,519.6157928466797,423.6766864837162
2024-09-06 00:00:00-04:00,518.88052782919,521.5650218623427,495.38633511921387,497.39471435546875,14744500,0.0,0.0,-0.03209774282848854,519.1504837036133,424.4725363595145
2024-09-09 00:00:00-04:00,503.2508845942156,508.39115339074016,499.19431711601146,501.8887634277344,11047800,0.0,0.0,0.009035176576190684,518.5052124023438,425.2881883893694
2024-09-10 00:00:00-04:00,505.23938973469745,511.22477928436297,497.15611148388973,501.8887634277344,9899000,0.0,0.0,0.0,517.9504196166993,426.1069116743784
2024-09-11 00:00:00-04:00,504.0960310908237,510.1709000409841,492.7516050439692,508.8883056640625,10782500,0.0,0.0,0.013946401566202749,517.1197189331054,426.9153366088867
2024-09-12 00:00:00-04:00,514.07825463183,523.6827679826088,512.2587555239991,522.5791015625,11970500,0.0,0.0,0.02690334155070051,517.0620468139648,427.8013205149817
2024-09-13 00:00:00-04:00,517.3494277649944,524.5478069237411,514.1379505818885,521.6047973632812,10321400,0.0,0.0,-0.0018644147772186592,516.4301986694336,428.670051090301
2024-09-16 00:00:00-04:00,522.0227173210484,531.5368365725262,514.9170282546622,530.7208251953125,9527600,0.5,0.0,0.017476886482089338,516.7468063354493,429.5487335447281
2024-09-17 00:00:00-04:00,535.02004153394,539.4984461028365,528.0238099822781,533.7462158203125,11690800,0.0,0.0,0.00570053120468117,517.122218322754,430.48434678335036
2024-09-18 00:00:00-04:00,534.4926264341286,541.5884146634684,531.3378561652726,535.368408203125,10323500,0.0,0.0,0.0030392578621272204,517.7055038452148,431.4175775921534
2024-09-19 00:00:00-04:00,547.360625106574,559.3727101138928,543.8973445888765,556.4169311523438,15647000,0.0,0.0,0.03931596005050908,518.9221389770507,432.4244119553339
2024-09-20 00:00:00-04:00,557.3125698177632,561.790974396656,553.630313904446,558.6560668945312,22066800,0.0,0.0,0.0040242049025183135,520.4113052368164,433.46139356825086
2024-09-23 00:00:00-04:00,566.7669546644623,571.2254355902388,559.7109530325689,561.7013549804688,12830700,0.0,0.0,0.005451096419422541,522.2481063842773,434.5259730021159
2024-09-24 00:00:00-04:00,563.9605473092387,565.0254197663409,551.5304953936857,560.6266479492188,12993000,0.0,0.0,-0.0019133068163728062,524.3731918334961,435.57309771340994
2024-09-25 00:00:00-04:00,561.3431364723867,574.1115828691105,561.0147031201811,565.5827026367188,16543400,0.0,0.0,0.008840205340986396,526.8465072631836,436.63299887520924
2024-09-26 00:00:00-04:00,572.967142227921,574.6291718932196,559.6513458984354,565.1150512695312,14400800,0.0,0.0,-0.0008268487791570633,529.4117630004882,437.6984071277437
2024-09-27 00:00:00-04:00,567.3641092966835,568.1006091166316,561.8009692958777,564.6372680664062,9398400,0.0,0.0,-0.0008454618259621238,531.8815475463867,438.7667229062035
2024-09-30 00:00:00-04:00,564.975688534177,571.9221729211617,562.0895809864053,569.6929321289062,12792300,0.0,0.0,0.008953826373900187,534.4505020141602,439.8306103660947
2024-10-01 00:00:00-04:00,575.2063768294925,580.2420925303793,567.3641864228882,573.70361328125,15259300,0.0,0.0,0.007040075321552708,537.6947479248047,440.9251786489335
2024-10-02 00:00:00-04:00,572.1013073959746,573.2358512630743,566.6078384594379,570.0611572265625,6524700,0.0,0.0,-0.006349020592453236,540.7081512451172,441.97926645430306
2024-10-03 00:00:00-04:00,567.4138954120452,580.5604622327534,566.0006662054095,579.9733276367188,11581000,0.0,0.0,0.017387907042080375,544.0123474121094,443.0958400907971
2024-10-04 00:00:00-04:00,580.9287120013399,593.9857454241755,578.6397616460487,593.0801391601562,14169500,0.0,0.0,0.022598990158470444,548.7966186523438,444.24615563286676
2024-10-07 00:00:00-04:00,595.3491999625717,600.0565426843976,581.2372550118221,581.9737548828125,12014200,0.0,0.0,-0.018726616428382137,552.8008682250977,445.3555085923937
2024-10-08 00:00:00-04:00,586.8602048147238,590.7116286436878,583.1580247221218,590.0448608398438,7857400,0.0,0.0,0.013868505047373691,557.2086730957031,446.45499638148715
2024-10-09 00:00:00-04:00,591.1394888701676,591.5375936051837,578.8188944511467,587.6762084960938,9529700,0.0,0.0,-0.004014359756271069,561.1480682373046,447.5335483853779
2024-10-10 00:00:00-04:00,584.7503015704497,587.397509697218,579.7245483018079,581.0282592773438,7740400,0.0,0.0,-0.011312265364225915,564.0705261230469,448.572017366924
2024-10-11 00:00:00-04:00,582.0234717517561,588.3728595792917,579.9136502956993,587.118896484375,8587100,0.0,0.0,0.010482514593363357,567.3462310791016,449.61111026340063
2024-10-14 00:00:00-04:00,591.36829944158,597.2200860857456,587.1287942740497,587.5865478515625,8252000,0.0,0.0,0.0007965190185288407,570.1895172119141,450.66646963452536
2024-10-15 00:00:00-04:00,587.3278903554623,587.7757430262925,577.3560160285689,583.4566040039062,9564200,0.0,0.0,-0.007028656225634977,572.6750366210938,451.7427271282862
2024-10-16 00:00:00-04:00,578.6099570311397,579.2866865055009,571.2753296162662,574.0220336914062,11268400,0.0,0.0,-0.016170132016256722,574.6077178955078,452.7561106606135
2024-10-17 00:00:00-04:00,580.5306267288739,582.162710233978,572.4396375946716,574.1613159179688,8701200,0.0,0.0,0.00024264264851781014,575.4949371337891,453.75882515074716
2024-10-18 00:00:00-04:00,578.3113997502303,581.1676223680741,572.4894969594121,573.70361328125,7694300,0.0,0.0,-0.0007971673187124884,576.247314453125,454.7874030461387
2024-10-21 00:00:00-04:00,573.2657221535495,574.4698766165733,566.37888676671,572.3998413085938,8171900,0.0,0.0,-0.00227255318334052,576.7822387695312,455.82718682667564
2024-10-22 00:00:00-04:00,571.5339359680816,580.7296438381057,569.3743668983145,579.2169189453125,8544500,0.0,0.0,0.011909642778960006,577.7117523193359,456.9104017227415
2024-10-23 00:00:00-04:00,577.1867670377931,582.1926578504655,559.8006325485245,560.9849243164062,14248400,0.0,0.0,-0.03147697180894615,577.4818634033203,457.9001631963821
2024-10-24 00:00:00-04:00,564.4082709226817,566.1498724348761,558.8252086531563,565.05517578125,7184700,0.0,0.0,0.007255545182080603,577.4788696289063,458.91182527087983
2024-10-25 00:00:00-04:00,571.1757528879629,578.5004183141831,568.9763366172681,570.4990234375,11337900,0.0,0.0,0.009634187756484724,577.7719573974609,459.99635423932756
2024-10-28 00:00:00-04:00,579.2070359341649,580.948637846338,571.3648464645419,575.3854370117188,10925100,0.0,0.0,0.00856515677235703,578.0565826416016,461.14429340665305
2024-10-29 00:00:00-04:00,577.3659274017436,590.8210046180449,572.6387223000493,590.4329223632812,13019100,0.0,0.0,0.026152009389935227,578.8930480957031,462.3189496237134
2024-10-30 00:00:00-04:00,598.0958991586175,598.3148749725009,586.5515914382872,588.9599609375,26864900,0.0,0.0,-0.0024947142511727582,579.83798828125,463.46441226535376
2024-10-31 00:00:00-04:00,582.1926485103984,587.0691582392678,560.3081858518195,564.8562622070312,26838400,0.0,0.0,-0.04092586988782865,579.0821350097656,464.5196981278677
2024-11-01 00:00:00-04:00,564.886023984338,570.9169396034644,559.8602710921074,564.4381713867188,15303200,0.0,0.0,-0.0007401720548850799,577.6500366210937,465.5316678001767
2024-11-04 00:00:00-05:00,561.3930122544094,565.9610128114804,555.2128512411704,557.9894409179688,12064600,0.0,0.0,-0.011425043159123516,576.4508209228516,466.5219059293232
2024-11-05 00:00:00-05:00,564.5775361837109,570.7278713037589,563.950554670974,569.6829223632812,9775400,0.0,0.0,0.020956456498666176,575.4327239990234,467.54386017814517
2024-11-06 00:00:00-05:00,560.0493909181008,570.2502016811582,552.5057499508582,569.3047485351562,18305400,0.0,0.0,-0.0006638321306108308,574.5141510009765,468.5595890832326
2024-11-07 00:00:00-05:00,574.1215485070126,591.9455725919563,572.4496180315167,588.8604736328125,14653700,0.0,0.0,0.03435018792303057,574.90576171875,469.64102911570717
2024-11-08 00:00:00-05:00,588.7011733753752,590.2536844943522,581.7149037111028,586.5117797851562,9415700,0.0,0.0,-0.003988540499528903,574.8754058837891,470.70936911446705
2024-11-11 00:00:00-05:00,583.5461541812385,584.1830975198795,573.7434467735926,580.3714599609375,10209100,0.0,0.0,-0.01046921824224567,574.5146514892579,471.75031110975476
2024-11-12 00:00:00-05:00,585.7156689643949,596.78230100658,577.5948542236526,582.0135498046875,16287700,0.0,0.0,0.002829377316142523,574.4424987792969,472.7654044741676
2024-11-13 00:00:00-05:00,579.8140739533536,582.8295623160514,572.409775650482,577.2166137695312,10757600,0.0,0.0,-0.008241966251070987,574.6022277832031,473.7598083738297
2024-11-14 00:00:00-05:00,574.2310533344881,577.9730193106801,570.2602105353902,574.3902587890625,11053700,0.0,0.0,-0.004896523961795074,574.6136749267578,474.714962792775
2024-11-15 00:00:00-05:00,568.4787834407424,569.822341466235,548.8534455153184,551.4210815429688,17712900,0.0,0.0,-0.03998880011391159,573.4995483398437,475.59314412919304
2024-11-18 00:00:00-05:00,554.3667866349945,557.2131078822542,547.4501877365338,551.739501953125,14327300,0.0,0.0,0.0005774541830452229,572.4665313720703,476.46676175556485
2024-11-19 00:00:00-05:00,549.2115926112795,558.7356731812587,547.957629670582,558.3973388671875,9522400,0.0,0.0,0.012066993373673895,571.4255523681641,477.3634524875217
2024-11-20 00:00:00-05:00,560.2285547368579,563.6321255323566,551.5404684658788,562.80615234375,9797300,0.0,0.0,0.007895477234018733,571.5166137695312,478.2582273937407
2024-11-21 00:00:00-05:00,566.7868914718125,567.2645685130409,546.4150954692434,560.3877563476562,11154700,0.0,0.0,-0.004297031910583393,571.2832427978516,479.1551783728221
2024-11-22 00:00:00-05:00,560.8455359497274,561.1242213982047,551.9285734744715,556.4567260742188,9164000,0.0,0.0,-0.007014839687180419,570.5811279296875,480.0187724279979
2024-11-25 00:00:00-05:00,559.4025063006017,569.842216719163,553.7199469729902,562.3980712890625,13599800,0.0,0.0,0.01067710198555738,569.9317596435546,480.91877904013984
2024-11-26 00:00:00-05:00,563.2838034841143,574.7286157457173,562.4876547795837,570.78759765625,10356600,0.0,0.0,0.014917416675981787,568.9494934082031,481.86597624279204
2024-11-27 00:00:00-05:00,572.131141178584,572.2206752566353,561.3928830685265,566.4684448242188,7200200,0.0,0.0,-0.0075670053970451345,567.824917602539,482.77914271278985
2024-11-29 00:00:00-05:00,566.2694266604135,575.6840509462676,564.179528644509,571.5639038085938,7130500,0.0,0.0,0.008995132969774167,568.1602996826172,483.739263867575
2024-12-02 00:00:00-05:00,574.7285975175146,591.6470151067747,572.8078668096863,589.9850463867188,12522400,0.0,0.0,0.03222936657716913,569.4376434326172,484.79236844986207
2024-12-03 00:00:00-05:00,592.144674748723,611.2525486705784,588.412670496105,610.7052001953125,14907200,0.0,0.0,0.03511979487529637,572.0734313964844,485.9368699088929
2024-12-04 00:00:00-05:00,610.0184615359037,614.8153379179051,602.1961350667218,610.8345336914062,14697000,0.0,0.0,0.000211777296234672,574.1310119628906,487.1007840595548
2024-12-05 00:00:00-05:00,614.1187259488262,616.9252004045749,604.1368295295009,606.0078125,8081200,0.0,0.0,-0.007901847268256601,575.9661651611328,488.2523560296921
2024-12-06 00:00:00-05:00,607.1721088209316,626.7676190380172,605.6096966963446,620.7765502929688,16935500,0.0,0.0,0.024370540260928886,577.5619689941407,489.46584162636407
2024-12-09 00:00:00-05:00,620.925918521527,623.394058813495,603.261097141148,610.6256103515625,11426000,0.0,0.0,-0.016352002885121286,578.7676605224609,490.6030582246326
2024-12-10 00:00:00-05:00,614.5963977457716,622.5878918502519,609.7995210855536,616.3479614257812,10938900,0.0,0.0,0.009371292289761968,580.5664855957032,491.73872823563835
2024-12-11 00:00:00-05:00,620.3784192599069,635.3363188855899,618.5472835041938,629.6437377929688,10837200,0.0,0.0,0.021571867190784078,582.9479949951171,492.9565714276026
2024-12-12 00:00:00-05:00,628.4695541682555,633.6047656039859,624.200162912141,627.762939453125,7474700,0.0,0.0,-0.0029870833726327595,585.4753112792969,494.13175116644965
2024-12-13 00:00:00-05:00,624.2099509122261,628.0514729907906,613.9295681709151,617.3729248046875,8453300,0.0,0.0,-0.01655085701218484,587.6244445800781,495.26365334647045
2024-12-16 00:00:00-05:00,627.4624746323816,628.6278428855253,616.1080674222911,621.7454223632812,10885600,0.5,0.0,0.007082425197018516,591.1406616210937,496.4190882122706
2024-12-17 00:00:00-05:00,623.6677474643714,629.8429838266126,614.0762250068084,616.9646606445312,12897800,0.0,0.0,-0.0076892592157383755,594.4019195556641,497.5486613682338
2024-12-18 00:00:00-05:00,618.5183765194273,624.8529462687603,593.9370093659079,594.8035278320312,17075500,0.0,0.0,-0.035919614568115876,596.2222290039062,498.5521013774569
2024-12-19 00:00:00-05:00,607.9507863504745,609.0762755305054,592.6222729689903,593.1900024414062,14958100,0.0,0.0,-0.0027127031282179193,597.741421508789,499.5265378195142
2024-12-20 00:00:00-05:00,588.2200340310932,600.6999320026418,577.6822951429677,582.9113159179688,48989400,0.0,0.0,-0.017327814833583255,598.8675994873047,500.46443842327784
2024-12-23 00:00:00-05:00,587.2438414694396,598.6879766892466,583.907252912156,597.452880859375,10205800,0.0,0.0,0.024946444758078057,600.9174072265625,501.44110507056826
2024-12-24 00:00:00-05:00,600.311421467438,605.5603812991077,596.8852265249648,605.3213500976562,4726100,0.0,0.0,0.01317002476741469,603.0635711669922,502.45175183008587
2024-12-26 00:00:00-05:00,603.0603356402203,603.8770660163228,596.5464929509934,600.9388427734375,6081400,0.0,0.0,-0.007239968197903068,604.5711334228515,503.4393378363715
2024-12-27 00:00:00-05:00,597.0146600682612,599.4449119716119,587.4430773536361,597.4130859375,8084200,0.0,0.0,-0.00586708094897892,606.1183654785157,504.401120867048
2024-12-30 00:00:00-05:00,586.3972186440706,594.5544919388965,583.239903719799,588.8772583007812,7025900,0.0,0.0,-0.014287982365374097,606.984033203125,505.32710229782833
2024-12-31 00:00:00-05:00,589.9031610994577,591.5963188432811,581.5167657457517,583.170166015625,6019500,0.0,0.0,-0.00969148019338395,606.6432891845703,506.2476032802037
2025-01-02 00:00:00-05:00,587.3634208812482,602.4927233305804,585.4710498488531,596.8453979492188,12682300,0.0,0.0,0.023449814017453274,605.9502990722656,507.2525705004495
2025-01-03 00:00:00-05:00,602.3432304664586,607.0642784591316,594.026562777383,602.2137451171875,11436800,0.0,0.0,0.008994535580595153,605.5192596435547,508.2860066247365
2025-01-06 00:00:00-05:00,609.384995443752,628.4684006727375,603.1997902301983,627.6815795898438,14560800,0.0,0.0,0.042290357334338724,606.6029479980468,509.4100718422541
2025-01-07 00:00:00-05:00,629.1755858278557,629.5739508561447,605.7993460257709,615.4207763671875,12071500,0.0,0.0,-0.01953347624231383,606.3351593017578,510.4664652990916
2025-01-08 00:00:00-05:00,610.9487626580363,613.976592361968,600.3811160103171,608.2794189453125,10085800,0.0,0.0,-0.011604023939572272,606.2178497314453,511.46810065375433
2025-01-10 00:00:00-05:00,607.592206559942,627.3927055003096,594.9529163376031,613.3988647460938,19256600,0.0,0.0,0.008416273247675798,606.0703948974609,512.4948939974346
2025-01-13 00:00:00-05:00,604.6738608485571,606.5363830240626,596.058464764125,605.8989868164062,10785000,0.0,0.0,-0.0122267554779254,604.8831573486328,513.4405828808981
2025-01-14 00:00:00-05:00,602.6520744429687,603.0703790506547,586.198070906463,591.8753051757812,13598000,0.0,0.0,-0.02314524689059161,603.0887756347656,514.3337720840697
2025-01-15 00:00:00-05:00,607.7715100133968,619.972556750708,604.0763139738187,614.6538696289062,15524300,0.0,0.0,0.0384854111228039,602.9528228759766,515.2983743576776
2025-01-16 00:00:00-05:00,609.0563296194044,613.7873477153851,607.2735046849263,608.8571166992188,8355300,0.0,0.0,-0.009430922371296946,602.3084075927734,516.2676532079303
2025-01-17 00:00:00-05:00,621.5561807031561,622.4724872092602,601.2576176946507,610.3212890625,17280600,0.0,0.0,0.0024047881237210245,601.9762390136718,517.23915935698
2025-01-21 00:00:00-05:00,615.3611025019545,619.0164197693068,606.5763408669152,613.99658203125,11674000,0.0,0.0,0.006021898686174865,602.9358917236328,518.1946960933625
2025-01-22 00:00:00-05:00,620.8092099161343,631.1676746458771,616.9546797410454,621.0084228515625,12274000,0.0,0.0,0.011419999761424826,604.3268127441406,519.1492364065988
2025-01-23 00:00:00-05:00,624.8529151272735,634.0559803027825,618.6677705767347,633.9066162109375,9910200,0.0,0.0,0.02076975590789698,606.876577758789,520.1615352327862
2025-01-24 00:00:00-05:00,633.8568781379164,649.3945139716581,631.6656574969397,644.9025268554688,19065300,0.0,0.0,0.017346262625017816,609.2490600585937,521.2040028647771
2025-01-27 00:00:00-05:00,624.1059736130031,661.2170877274049,622.601998034938,657.2430419921875,28399200,0.0,0.0,0.01913547338214161,611.8451446533203,522.2737853035094
2025-01-28 00:00:00-05:00,663.3384650183111,679.8522234062305,656.8345316694918,671.6351928710938,20950100,0.0,0.0,0.021897760735939853,615.3799621582032,523.3909147958907
2025-01-29 00:00:00-05:00,672.3025851139503,678.3283961259809,663.0098523603809,673.78662109375,21377800,0.0,0.0,0.0032032690447016954,619.1986389160156,524.512801760719
2025-01-30 00:00:00-05:00,694.0354036840853,707.9495481611209,673.3981724899843,684.254638671875,29322900,0.0,0.0,0.015536101861346463,623.9675079345703,525.6491395253984
2025-01-31 00:00:00-05:00,688.2386375622425,702.4814799874082,682.8403138955325,686.4259033203125,19303900,0.0,0.0,0.0031731822127678555,629.1302947998047,526.79787336077
2025-02-03 00:00:00-05:00,673.2089204422564,701.1866947109021,672.5515846641146,694.6728515625,21415700,0.0,0.0,0.012014331339036177,634.0216674804688,528.0183916848804
2025-02-04 00:00:00-05:00,699.6927275691532,704.8819296826665,688.8462306970774,701.3759765625,13826300,0.0,0.0,0.009649326276279346,638.9797790527343,529.2472404601082
2025-02-05 00:00:00-05:00,700.7384902909668,715.270213081664,696.2166547369433,702.05322265625,17778200,0.0,0.0,0.0009655963654033872,642.6983612060546,530.162961324056
2025-02-06 00:00:00-05:00,703.0592064230789,716.0271960756166,700.6887123835558,709.144775390625,13080700,0.0,0.0,0.010101161144939752,647.3845611572266,531.1681671142578
2025-02-07 00:00:00-05:00,713.9354687323457,722.1126813232647,708.9056620031818,711.6646118164062,16427100,0.0,0.0,0.003553345541315256,652.5538208007813,532.2018386598618
2025-02-10 00:00:00-05:00,715.688479736199,718.317944327383,708.4873917995161,714.5331420898438,12904300,0.0,0.0,0.004030733333945102,657.6105346679688,533.188344682966
2025-02-11 00:00:00-05:00,710.4694982653,720.7681443890708,707.2025763439763,716.923583984375,12998000,0.0,0.0,0.003345459788666627,663.1617645263672,534.1827224247039
2025-02-12 00:00:00-05:00,712.4415265910553,724.1943596127884,709.7523040950127,722.4812622070312,12016500,0.0,0.0,0.0077521207933610725,669.6920623779297,535.2065961323087
2025-02-13 00:00:00-05:00,718.6367748250889,726.086864766196,715.170639811608,725.6486206054688,12569100,0.0,0.0,0.004384000754236617,675.2417999267578,536.2399282304067
2025-02-14 00:00:00-05:00,723.2383065433801,737.9492432152872,722.7203650478507,733.7261962890625,16901200,0.0,0.0,0.011131524892659339,681.48525390625,537.3398840767996
2025-02-18 00:00:00-05:00,733.058823348987,734.0548271850589,703.6169523863489,713.5072631835938,21938700,0.0,0.0,-0.027556509782162952,686.6445526123047,538.3077904837472
2025-02-19 00:00:00-05:00,701.2862180351365,704.1746532347755,692.6110642545813,700.9575805664062,17535500,0.0,0.0,-0.017588724410725898,690.9926025390625,539.1835697719029
2025-02-20 00:00:00-05:00,694.493606362119,702.810214344655,690.8681376921594,692.0633544921875,12587400,0.0,0.0,-0.012688679487611543,694.5453491210938,540.0662235078357
2025-02-21 00:00:00-05:00,693.79637977263,701.0572259638877,679.6331733954379,680.8184204101562,15660400,0.0,0.0,-0.016248417155799832,696.8909393310547,540.9104363577707
2025-02-24 00:00:00-05:00,683.5375152106747,684.5235492434307,659.8027276987779,665.4600219726562,15677000,0.0,0.0,-0.022558729283863044,697.918814086914,541.7063949827163
2025-02-25 00:00:00-05:00,663.3086205526677,665.3305374435599,639.2949835590877,654.8724975585938,20579700,0.0,0.0,-0.015910083347572712,697.8002868652344,542.3889977591379
2025-02-26 00:00:00-05:00,657.0139704281752,680.2806060030118,655.3705397430182,671.0078125,14488700,0.0,0.0,0.024638864819579,697.7689178466796,543.143906729562
2025-02-27 00:00:00-05:00,679.7228329637242,685.8980689317682,654.9422525540249,655.6095581054688,12500000,0.0,0.0,-0.022947950989067323,696.8600646972657,543.8467378162202
2025-02-28 00:00:00-05:00,655.4103519906419,666.9540633677159,640.0320501051021,665.52978515625,17534200,0.0,0.0,0.015131303270574659,695.9238220214844,544.568005153111
2025-03-03 00:00:00-05:00,670.9878058928375,678.5275616526835,648.2391140524159,652.4322509765625,10843800,0.0,0.0,-0.01967986177600234,694.2241394042969,545.2492411779979
2025-03-04 00:00:00-05:00,642.9303730536252,647.1534191131592,621.157746255584,637.4423828125,21495200,0.0,0.0,-0.022975363559397333,691.3626159667969,545.8469106280614
2025-03-05 00:00:00-05:00,638.4384682626843,656.8645394995948,635.1117886533837,653.8466186523438,13770000,0.0,0.0,0.025734460528754832,688.9861480712891,546.4617080688477
2025-03-06 00:00:00-05:00,645.4104577126469,647.9602249904791,621.6159125135576,625.420654296875,13446500,0.0,0.0,-0.04347497340287243,685.1545196533203,546.9799033270942
2025-03-07 00:00:00-05:00,622.8709097782997,632.2532488274342,598.2098452417057,623.1597290039062,21375700,0.0,0.0,-0.003615047372413027,680.8552673339843,547.5205411154126
2025-03-10 00:00:00-04:00,605.6399536545591,607.6717792388755,584.5246638756037,595.6002197265625,21999900,0.0,0.0,-0.044225433696423955,675.0520477294922,547.9286788456023
2025-03-11 00:00:00-04:00,592.6720550865267,612.4726156961103,590.9589577128245,603.2894897460938,17401500,0.0,0.0,0.012910119514498053,669.4898651123046,548.3038709125822
2025-03-12 00:00:00-04:00,627.3828123944874,630.7990981033598,606.9148858522937,617.0841064453125,15747000,0.0,0.0,0.022865667202365048,664.4978912353515,548.7583983890594
2025-03-13 00:00:00-04:00,617.7713192124952,618.0203201472846,584.1661627799172,588.2796630859375,16480300,0.0,0.0,-0.04667831023116409,657.7878112792969,549.1867555890765
2025-03-14 00:00:00-04:00,600.9252068633762,606.9663570960139,592.9301914090029,605.7102661132812,12364500,0.525,0.0,0.029629790253003163,651.7908935546875,549.6205864558144
2025-03-17 00:00:00-04:00,605.5707735579393,611.1931864721827,596.1401729971761,603.0187377929688,15473900,0.0,0.0,-0.004443590394436425,645.2555206298828,550.0602122715542
2025-03-18 00:00:00-04:00,598.1837512328132,598.3831413748485,572.8727029614505,580.5487670898438,20297700,0.0,0.0,-0.03726247510212444,638.6075958251953,550.425412980337
2025-03-19 00:00:00-04:00,582.4628776976826,590.4778508331983,572.9824447250121,582.2435302734375,20537500,0.0,0.0,0.002919243446315889,632.6718933105469,550.8278068663582
2025-03-20 00:00:00-04:00,580.947637342476,608.3023019039958,577.7077447799743,584.1775512695312,24336500,0.0,0.0,0.0033216702213685334,627.2776031494141,551.1871087210519
2025-03-21 00:00:00-04:00,581.6055148479699,595.6815960079244,579.1432258888485,594.3956298828125,25015900,0.0,0.0,0.017491392113708315,622.9564636230468,551.5898751152886
2025-03-24 00:00:00-04:00,613.0572946197622,620.6037577505249,610.2959512327303,616.9252319335938,15741300,0.0,0.0,0.03790337767998575,620.5297241210938,552.0454673161582
2025-03-25 00:00:00-04:00,624.8107342138192,631.9085855563646,619.2480714393791,624.3621215820312,15312500,0.0,0.0,0.012054766547849649,619.0042053222656,552.52174183679
2025-03-26 00:00:00-04:00,622.9465455616044,624.8007461767364,604.7233689444203,609.0797729492188,12609800,0.0,0.0,-0.024476738906084705,615.9078033447265,552.9301986694336
2025-03-27 00:00:00-04:00,600.1277194388429,612.3396207064936,598.2336042918504,600.7059326171875,10436500,0.0,0.0,-0.013748347431543073,613.1626220703125,553.3312823583209
2025-03-28 00:00:00-04:00,598.4429920373162,599.8785159717515,572.1350521556752,574.9462890625,17602800,0.0,0.0,-0.04288228591726495,608.633447265625,553.6582482958597
2025-03-31 00:00:00-04:00,561.7474544327795,576.9001929680891,551.57916536005,574.5674438476562,21124700,0.0,0.0,-0.000658922793399519,604.7402069091797,553.9917121766106
2025-04-01 00:00:00-04:00,569.0647253499337,588.0753644727768,568.2273109618308,584.1775512695312,12836600,0.0,0.0,0.01672581265224471,602.0769653320312,554.3959474109467
2025-04-02 00:00:00-04:00,573.1220457329204,590.8168445483201,571.5768782871228,582.114013671875,13470800,0.0,0.0,-0.0035323808543683555,598.4903350830078,554.7692513844323
2025-04-03 00:00:00-04:00,544.5211822460076,550.8414911032017,528.6507117752637,529.9666137695312,34777500,0.0,0.0,-0.08958279422515003,593.7176330566406,554.9118933299231
2025-04-04 00:00:00-04:00,505.0443845169023,516.3889970810194,492.6630283031205,503.1602783203125,38589800,0.0,0.0,-0.05058117766806369,587.717660522461,554.9112286037869
2025-04-07 00:00:00-04:00,483.591294981514,537.6924987241373,480.40123514295635,514.6444091796875,36606100,0.0,0.0,0.022824001325605803,583.6698699951172,554.9396600874644
2025-04-08 00:00:00-04:00,541.5604660254379,545.7274587202911,501.29606629091035,508.86248779296875,28034200,0.0,0.0,-0.011234789076859486,578.948519897461,554.8804274059478
2025-04-09 00:00:00-04:00,507.68613102008703,586.06164400195,500.54839536763654,583.9482421875,39216600,0.0,0.0,0.14755608085829275,577.2917266845703,555.1510410611592
2025-04-10 00:00:00-04:00,573.7001386064724,579.4920662876316,533.635132502997,544.5909423828125,28173500,0.0,0.0,-0.06739860994743818,575.107290649414,555.2747375246079
2025-04-11 00:00:00-04:00,533.8445854574395,545.6976224228102,526.9461235413648,541.8795166015625,17642300,0.0,0.0,-0.004978830109414578,571.9157531738281,555.3761258806501
2025-04-14 00:00:00-04:00,554.4402405149555,556.0353008675298,526.6370273527008,529.8270263671875,14130900,0.0,0.0,-0.02224201112078028,568.2561676025391,555.4165621560718
2025-04-15 00:00:00-04:00,530.4551018896253,536.2669873917704,515.8905541802854,519.8980712890625,15558700,0.0,0.0,-0.018739993590368265,565.2236328125,555.4619787307013
2025-04-16 00:00:00-04:00,506.92853277097964,511.7734034642656,494.08858497853294,500.747802734375,18735100,0.0,0.0,-0.036834659738600894,561.1488464355468,555.4774001590789
2025-04-17 00:00:00-04:00,503.67867451915555,505.72228685828065,496.4612006254759,499.92041015625,14593500,0.0,0.0,-0.001652313946475581,556.9359893798828,555.4913905310252
2025-04-21 00:00:00-04:00,489.8019182716785,491.9651828161341,478.3077785405203,483.1526794433594,16166000,0.0,0.0,-0.03354080043991381,551.3738418579102,555.4608756171333
2025-04-22 00:00:00-04:00,490.34027265884373,505.3036010873951,484.847399099468,498.72412109375,17399400,0.0,0.0,0.03222882188779441,545.463786315918,555.4620782761347
2025-04-23 00:00:00-04:00,526.8862986388891,533.6751170758674,514.9136400551463,518.6519775390625,18173900,0.0,0.0,0.0399576752004871,540.1782791137696,555.6240675184462
2025-04-24 00:00:00-04:00,517.1167453309313,532.2396108812093,515.8905900656315,531.491943359375,13910000,0.0,0.0,0.024756419287624176,536.2988876342773,555.8344075036428
2025-04-25 00:00:00-04:00,545.09942323875,548.1499041120835,534.5822462279478,545.5679931640625,17098900,0.0,0.0,0.026484032318002226,533.5419906616211,556.043965173146
2025-04-28 00:00:00-04:00,553.9119485027396,556.7530605327843,538.9087668679174,548.0302734375,15179000,0.0,0.0,0.004513241803569379,532.1961898803711,556.273541768392
2025-04-29 00:00:00-04:00,544.3018840382675,554.8390175563454,542.4277261633298,552.7156372070312,11835000,0.0,0.0,0.00854946158383263,531.1035995483398,556.7271436661009
2025-04-30 00:00:00-04:00,536.725533164549,547.392206153298,527.8531889368276,547.2925415039062,29244000,0.0,0.0,-0.009811728379042872,529.2593490600586,557.1516971890888
2025-05-01 00:00:00-04:00,590.238618351305,591.1059077397648,568.7257162038675,570.430419921875,31159000,0.0,0.0,0.04227698472628205,528.6751693725586,557.7101239401196
2025-05-02 00:00:00-04:00,581.6453838419038,602.4604491374204,576.5313339553563,595.1632080078125,24739300,0.0,0.0,0.04335811559510594,531.9349990844727,558.3763533092681
2025-05-05 00:00:00-04:00,589.3812373579714,601.3339987723356,586.2211133050413,597.40625,13887700,0.0,0.0,0.0037687846997391805,536.647297668457,559.0159310234917
2025-05-06 00:00:00-04:00,590.687195299098,594.1763099115676,584.7556882888333,585.4833984375,10600700,0.0,0.0,-0.019957694721975172,540.1892471313477,559.598381405785
2025-05-07 00:00:00-04:00,588.5239054125428,601.2043765510581,584.8453792561588,594.953857421875,13139100,0.0,0.0,0.01617545264246467,544.493815612793,560.1778942289807
2025-05-08 00:00:00-04:00,604.4044252029665,609.3988539126512,594.7645157959997,596.1502075195312,14622800,0.0,0.0,0.0020108283738851096,545.1039138793946,560.7080764770508
2025-05-09 00:00:00-04:00,601.8423939545719,605.0822864134453,589.8697963166327,590.6473388671875,10427300,0.0,0.0,-0.009230674724144072,547.4067337036133,561.2063316466316
2025-05-12 00:00:00-04:00,628.9577416253547,638.3983203620691,619.0985470240091,637.4412841796875,21965100,0.0,0.0,0.07922484743983937,552.1848220825195,561.8730919247582
2025-05-13 00:00:00-04:00,643.5322593011751,658.864430238976,640.8307267174667,653.9896850585938,18570800,0.0,0.0,0.02596066695021504,558.3929550170899,562.5944055224222
2025-05-14 00:00:00-04:00,659.1536090398383,660.6090293889421,652.2750442210183,657.309326171875,12348200,0.0,0.0,0.00507598390177022,565.2635177612304,563.3258177742125
2025-05-15 00:00:00-04:00,652.2451822041022,655.2657270968772,636.5939979037247,641.8775024414062,14341800,0.0,0.0,-0.02347726270725936,572.3200027465821,564.0282736884224
2025-05-16 00:00:00-04:00,635.9759078924747,638.448175394899,624.2026405076157,638.3485107421875,18519000,0.0,0.0,-0.005497920842833848,579.2414077758789,564.7015904017857
2025-05-19 00:00:00-04:00,626.2961199602966,641.0002469311114,625.8475073073743,638.438232421875,9592400,0.0,0.0,0.00014055281429770083,587.0056854248047,565.3370694357251
2025-05-20 00:00:00-04:00,634.0320152877193,637.3615937967512,630.2936778074568,635.1185913085938,6743500,0.0,0.0,-0.00519962769254656,593.8254089355469,565.9921294923813
2025-05-21 00:00:00-04:00,629.8251366516639,644.5990543502297,628.2101796540182,633.5236206054688,11464600,0.0,0.0,-0.002511295882299258,599.5689910888672,566.6460629417783
2025-05-22 00:00:00-04:00,632.078027946325,641.2494271811771,628.7484497588706,634.5902099609375,8228400,0.0,0.0,0.0016835826175658486,604.7239044189453,567.3163294716487
2025-05-23 00:00:00-04:00,622.0593214688579,630.4830536161486,620.7135443903518,625.1098022460938,8454100,0.0,0.0,-0.014939416911942782,608.7009948730469,567.9655692690894
2025-05-27 00:00:00-04:00,633.4337833907804,641.0799727179783,630.7820830337338,640.3223266601562,9508400,0.0,0.0,0.0243357636680821,613.3155975341797,568.6627604166666
2025-05-28 00:00:00-04:00,640.6014366817531,648.8557144048555,640.5516043549418,641.5784301757812,9042900,0.0,0.0,0.0019616737747951696,617.7587371826172,569.3728192041791
2025-05-29 00:00:00-04:00,649.623271485147,651.2880604374615,637.5110359096404,643.0437622070312,8858800,0.0,0.0,0.0022839484033909674,622.5462982177735,570.0396600148034
2025-05-30 00:00:00-04:00,640.501786260345,647.3902689717587,630.8120452521741,645.4762573242188,16241000,0.0,0.0,0.0037827831636820797,626.2985900878906,570.7094531589084
2025-06-02 00:00:00-04:00,642.3859148545713,671.166122188044,642.256314296396,668.8134765625,15766300,0.0,0.0,0.03615503897079697,629.981103515625,571.4937693277994
2025-06-03 00:00:00-04:00,669.3617924489035,673.4789529536675,662.9617757833167,664.7760620117188,11585000,0.0,0.0,-0.006036682411862171,633.3495941162109,572.2908764793759
2025-06-04 00:00:00-04:00,667.238420321753,686.8572081679845,666.4907528237472,685.8104858398438,14031900,0.0,0.0,0.03164136771783177,638.3659484863281,573.1723208957249
2025-06-05 00:00:00-04:00,689.5088669424362,692.2204392102127,680.1281594087234,682.4907836914062,13083100,0.0,0.0,-0.004840553209640941,642.7427947998046,573.9985749986437
2025-06-06 00:00:00-04:00,694.0048506531133,700.6242144400436,689.7182360915449,695.5401000976562,11728000,0.0,0.0,0.019120135711825803,647.712289428711,574.8785829089936
2025-06-09 00:00:00-04:00,696.2878297119079,702.9968801187655,691.7818673222771,691.9014892578125,12773200,0.0,0.0,-0.0052313458840588245,652.7749969482422,575.6729282197498
2025-06-10 00:00:00-04:00,699.1687320280228,701.0428899746662,689.4092014623567,700.2155151367188,10850100,0.0,0.0,0.012016198849094106,655.9137084960937,576.5053898644826
2025-06-11 00:00:00-04:00,701.5214452489874,706.6653705943312,689.8378634515371,691.981201171875,9582500,0.0,0.0,-0.011759685106714546,657.8132843017578,577.3083289010184
2025-06-12 00:00:00-04:00,691.143741287137,693.2172892731859,684.8633472153633,691.2035522460938,7322700,0.0,0.0,-0.0011238006530586153,659.5079956054688,578.070185222323
2025-06-13 00:00:00-04:00,685.8104336581752,692.409840070813,678.8920151692206,680.7462158203125,9274400,0.0,0.0,-0.01512917054867513,661.4514312744141,578.7713492257254
2025-06-16 00:00:00-04:00,697.6914734952734,705.4931583928874,691.8851025594383,700.4749145507812,13720300,0.525,0.0,0.02898098920270198,664.5577514648437,579.5454018002465
2025-06-17 00:00:00-04:00,700.3552179138009,704.3158869977019,694.4291328649981,695.5963745117188,10066100,0.0,0.0,-0.006964617772488135,667.415658569336,580.3187779017857
2025-06-18 00:00:00-04:00,696.5441581244662,699.9462025997926,693.2718748228809,694.1398315429688,10068300,0.0,0.0,-0.002093948476618257,670.3667205810547,581.0841646951343
2025-06-20 00:00:00-04:00,699.10807093925,700.1755711266569,677.0797895921414,680.7511596679688,22538600,0.0,0.0,-0.01928814810301116,672.7280975341797,581.7866765582372
2025-06-23 00:00:00-04:00,682.0881149489193,697.4121118139869,677.1596869463602,696.8933715820312,11080100,0.0,0.0,0.023712353162844035,675.8432556152344,582.58141544887
2025-06-24 00:00:00-04:00,703.2384409706419,711.5189816994163,700.4649253469852,710.5313110351562,13823200,0.0,0.0,0.01956962142166052,680.1143310546875,583.4215535966176
2025-06-25 00:00:00-04:00,711.6486127508716,714.9009839215107,703.7272146901875,707.0194702148438,9320400,0.0,0.0,-0.0049425560362655885,683.4491882324219,584.2750583224827
2025-06-26 00:00:00-04:00,712.686175943774,726.5136861086672,709.3839340058294,724.3887329101562,13964800,0.0,0.0,0.024566880301096106,687.5897033691406,585.1811940026662
2025-06-27 00:00:00-04:00,724.8178059334097,733.7069032905775,724.1593181930845,731.9111328125,18775700,0.0,0.0,0.010384479438440897,692.033071899414,586.0710581219386
2025-06-30 00:00:00-04:00,742.8054817668852,746.1476691378697,732.5296271967599,736.3606567382812,15402100,0.0,0.0,0.006079322647659646,696.5772918701172,586.9686365278941
2025-07-01 00:00:00-04:00,735.1535081071979,736.0214648412638,713.6938959127618,717.5348510742188,13431200,0.0,0.0,-0.025566012376939895,699.0133605957031,587.7661008077954
2025-07-02 00:00:00-04:00,713.6539572494278,718.6122830220947,711.1298559583659,711.8980712890625,9336700,0.0,0.0,-0.007855757496262994,701.3694610595703,588.6017199319507
2025-07-03 00:00:00-04:00,724.9075473573512,727.3219211703462,712.7461059372963,717.3253784179688,8601700,0.0,0.0,0.007623713769976614,702.9452056884766,589.4570611620707
2025-07-07 00:00:00-04:00,715.9186273791692,725.29662738586,711.8382444141125,716.6668701171875,9457100,0.0,0.0,-0.0009180050233739134,704.6540100097657,590.2907720898825
2025-07-08 00:00:00-04:00,719.8793609595846,721.2161872254258,713.1351899702655,718.9814453125,7770700,0.0,0.0,0.003229638890568598,705.8260772705078,591.1318531339131
2025-07-09 00:00:00-04:00,721.0266226856489,735.8019810021477,721.0266226856489,731.0631103515625,11418000,0.0,0.0,0.01680386207158846,707.7841583251953,591.9027109297496
2025-07-10 00:00:00-04:00,729.8359096434607,734.0759515650559,717.9138972384281,725.5360107421875,9913600,0.0,0.0,-0.007560359059448407,709.0501831054687,592.6934179881263
2025-07-11 00:00:00-04:00,720.807217385224,723.4609583411119,708.037219345619,715.8289184570312,10873900,0.0,0.0,-0.013379201227002313,710.2425689697266,593.4429221985832
2025-07-14 00:00:00-04:00,715.9186065632238,726.2942632522581,714.8710789388857,719.2308349609375,8939400,0.0,0.0,0.004752415578905378,711.6439331054687,594.1874220106337
2025-07-15 00:00:00-04:00,722.2038798413794,722.7724907094275,708.1568531421487,708.7255249023438,11529500,0.0,0.0,-0.01460631211558705,713.0428985595703,594.9769943479507
2025-07-16 00:00:00-04:00,711.6985138171127,712.2970836136572,697.6315755690009,701.2630004882812,13067600,0.0,0.0,-0.010529498588456754,713.0823028564453,595.7915191650391
2025-07-17 00:00:00-04:00,702.7395996705828,704.2460714207873,695.4766277838654,699.7665405273438,11803300,0.0,0.0,-0.0021339496877712527,713.2908111572266,596.6107978215293
2025-07-18 00:00:00-04:00,700.5447529444856,703.0588680042227,690.0294703606638,702.6298828125,12779800,0.0,0.0,0.004091853667365086,713.7153137207031,597.4665711418031
2025-07-21 00:00:00-04:00,705.1439122135475,715.3200251684316,704.1063709182977,711.2994384765625,9404400,0.0,0.0,0.012338723239836868,715.2427276611328,598.4664311484685
2025-07-22 00:00:00-04:00,714.5119719450398,714.9209845240272,699.7665722015134,703.1586303710938,8921100,0.0,0.0,-0.011444980362847579,715.5559906005859,599.3793023730082
2025-07-23 00:00:00-04:00,704.7149523459423,712.9556086996904,703.2783238666914,711.9080810546875,8771600,0.0,0.0,0.012443068044228012,715.6248291015625,600.3231847853888
2025-07-24 00:00:00-04:00,715.3699724936158,721.9245865914077,712.3271306824367,713.125244140625,10920800,0.0,0.0,0.0017097194403725702,715.9301177978516,601.2300360543387
2025-07-25 00:00:00-04:00,715.2401874661052,718.9614892126135,710.2319910963464,711.0101318359375,8271700,0.0,0.0,-0.0029659759236772,715.2611877441407,602.1234043666294
2025-07-28 00:00:00-04:00,713.5242483310619,723.0418735196432,711.010133382621,715.9485473632812,8715700,0.0,0.0,0.006945633129857187,714.4630584716797,603.1445537748791
2025-07-29 00:00:00-04:00,718.3130022321428,722.7724995594365,698.270047363426,698.35986328125,13267000,0.0,0.0,-0.02456696664419178,712.5630187988281,604.1269181266664
2025-07-30 00:00:00-04:00,706.4309422136296,706.8399547738821,689.5805015781577,693.5811157226562,27077300,0.0,0.0,-0.006842815301756788,711.36533203125,605.0418295481849
2025-07-31 00:00:00-04:00,773.3836936232736,782.9113054874113,763.7163951695271,771.6278076171875,38831100,0.0,0.0,0.11252712930803033,714.3518188476562,606.2664107065352
2025-08-01 00:00:00-04:00,758.9476005405788,764.2052724882252,743.5637464392476,748.2527465820312,19028700,0.0,0.0,-0.03029318125190328,715.8981872558594,607.4081762404669
2025-08-04 00:00:00-04:00,758.2193240496142,775.029820232538,756.6330226185955,774.5509643554688,15801700,0.0,0.0,0.03514616938402959,718.7923919677735,608.608374701606
2025-08-05 00:00:00-04:00,774.6307577641016,781.2950989411861,761.212259491104,761.6712036132812,11640300,0.0,0.0,-0.016628680790430894,720.9268798828125,609.6670730833023
2025-08-06 00:00:00-04:00,768.1958248249329,771.8273106109475,758.678199773599,770.18115234375,9733900,0.0,0.0,0.011172732656950402,722.8827819824219,610.7974171714177
2025-08-07 00:00:00-04:00,771.6776357205837,773.1841074016191,757.7702959207965,760.0449829101562,9019700,0.0,0.0,-0.013160760170186192,724.6082305908203,611.9365012759254
2025-08-08 00:00:00-04:00,760.9628565603988,768.0961282780016,756.8026440305783,767.4974975585938,7320800,0.0,0.0,0.009805359966856608,727.1916595458985,613.0327205355205
2025-08-11 00:00:00-04:00,768.2757194135389,771.6478049440495,762.8783609453131,764.0755615234375,7612000,0.0,0.0,-0.0044585631171976114,729.4338958740234,614.1357585362026
2025-08-12 00:00:00-04:00,771.1888187456735,791.8103707559926,770.6201469797736,788.1489868164062,14563100,0.0,0.0,0.03150660288750817,733.4050689697266,615.2526160346138
2025-08-13 00:00:00-04:00,789.2963900548351,793.5962894533881,776.4066172801486,778.2523193359375,8811800,0.0,0.0,-0.012556848573065715,737.2545349121094,616.2980848039899
2025-08-14 00:00:00-04:00,776.0573823379099,785.9641084064921,770.6999694623344,780.2974243164062,8116200,0.0,0.0,0.0026278173924541015,741.2810791015625,617.3588499038939
2025-08-15 00:00:00-04:00,782.3127720209482,794.3843975355859,778.9905571139482,783.3901977539062,13375400,0.0,0.0,0.003963582784102471,745.3190948486329,618.3822145007905
2025-08-18 00:00:00-04:00,773.2739649293972,773.9922487170201,754.7873521125813,765.572021484375,16513700,0.0,0.0,-0.022744956881792233,748.0327239990235,619.3418949672154
2025-08-19 00:00:00-04:00,765.3226701689615,765.3725408429555,747.6042712449723,749.7192993164062,12286700,0.0,0.0,-0.020707029153484102,750.3607574462891,620.1969645666697
2025-08-20 00:00:00-04:00,745.8184055724877,748.4422481947564,729.2872227778392,745.968017578125,11898200,0.0,0.0,-0.005003581662765821,752.063754272461,621.0762476845393
2025-08-21 00:00:00-04:00,742.965126847803,743.7532539146816,731.392269728463,737.3682250976562,8876300,0.0,0.0,-0.011528366200455942,753.2759033203125,621.914066133045
2025-08-22 00:00:00-04:00,737.4979443181139,755.1265868650723,732.6693186706706,753.021484375,10612700,0.0,0.0,0.021228551413740027,755.3764709472656,622.8240613180493
2025-08-25 00:00:00-04:00,753.0514923621954,757.1019774988098,748.372478420576,751.5350341796875,6861200,0.0,0.0,-0.001973981122924018,757.155795288086,623.6948978484623
2025-08-26 00:00:00-04:00,749.0408739151204,753.1013452690629,746.187589469264,752.3331298828125,7601800,0.0,0.0,0.001061954089733419,759.854458618164,624.5816454206195
2025-08-27 00:00:00-04:00,750.5373617239242,752.3830637406979,741.0995653139147,745.62890625,8315400,0.0,0.0,-0.008911243392746515,762.4568481445312,625.4572945246621
2025-08-28 00:00:00-04:00,742.2568318080029,751.2856157691724,739.0643171271723,749.3501586914062,7468000,0.0,0.0,0.0049907566756250965,761.3429656982422,626.3748549204024
2025-08-29 00:00:00-04:00,743.5338383928589,745.3894657992533,733.6270507950396,736.96923828125,9070500,0.0,0.0,-0.01652220963264639,760.7787902832031,627.2512550959511
2025-09-02 00:00:00-04:00,724.3388175548104,734.2755025264773,720.0389186102121,733.3875732421875,9350900,0.0,0.0,-0.004859992592656348,758.7206207275391,628.1225949242001
2025-09-03 00:00:00-04:00,734.2755314397929,738.5155735710689,732.2702311831985,735.3230590820312,7699300,0.0,0.0,0.002639103675137644,757.4032135009766,628.9959341382223
2025-09-04 00:00:00-04:00,746.8161054490425,759.3765729399474,744.0725487076684,746.8959350585938,11439100,0.0,0.0,0.01573849185555254,756.2389526367188,629.9030059330047
2025-09-05 00:00:00-04:00,750.8565963566639,756.1741251448537,743.2844139282448,750.68701171875,9663400,0.0,0.0,0.005075776265750953,755.7710540771484,630.8628008403475
2025-09-08 00:00:00-04:00,754.2286966166499,764.7140814935753,750.2580412178338,750.537353515625,13087800,0.0,0.0,-0.00019936165244471837,754.923046875,631.8181352161225
2025-09-09 00:00:00-04:00,755.715159278882,764.5045146420852,751.6646744655906,763.9059448242188,10999000,0.0,0.0,0.017812026604636433,754.9145660400391,632.8102643451994
2025-09-10 00:00:00-04:00,763.3372922969834,763.9059640843684,749.2403942554,750.2180786132812,12478300,0.0,0.0,-0.017918261146779302,753.0180206298828,633.8135316636827
2025-09-11 00:00:00-04:00,752.8818998869256,755.3261108896929,746.6165845282627,749.1406860351562,7923300,0.0,0.0,-0.0014361058588676645,751.5624389648438,634.794690086728
2025-09-12 00:00:00-04:00,746.9756681630587,755.7949823874058,742.0173423532742,753.8196411132812,8248600,0.0,0.0,0.006245762865835669,750.2385498046875,635.7944157918295
2025-09-15 00:00:00-04:00,755.6952236302711,772.2563664766384,750.2280827190908,762.9083251953125,10533800,0.0,0.0,0.012056841698378395,749.2144561767578,636.8024317423502
2025-09-16 00:00:00-04:00,765.2029206615051,779.5292605984961,763.3073480005289,777.1748046875,11782500,0.0,0.0,0.018700122965016996,749.7945953369141,637.8127321515765
2025-09-17 00:00:00-04:00,778.16248073438,781.4547366857648,764.5145401578408,773.9024658203125,9400900,0.0,0.0,-0.00421055706830753,751.0037536621094,638.8139133756123
2025-09-18 00:00:00-04:00,778.9206424262118,786.9318567440129,771.5479431530769,778.4218139648438,10955000,0.0,0.0,0.0058396869684875785,752.6264434814453,639.7968538072374
2025-09-19 00:00:00-04:00,784.5774149162842,788.9471575257752,767.3878039844694,776.5562744140625,23696800,0.0,0.0,-0.0023965663825364913,754.5858459472656,640.760385785784
2025-09-22 00:00:00-04:00,780.5445827585347,784.4181095052566,763.1935958899483,763.8824462890625,11706900,0.525,0.0,-0.016320553374657654,755.1288940429688,641.6671875242203
2025-09-23 00:00:00-04:00,767.9656453445465,769.3133669851754,749.8160063356215,754.1387939453125,10872600,0.0,0.0,-0.012755434283225897,755.25908203125,642.451798090859
2025-09-24 00:00:00-04:00,756.2352564498105,759.8392144671293,751.2735837511626,759.3899536132812,8828200,0.0,0.0,0.0069631209932816684,755.6119232177734,643.2483611333938
2025-09-25 00:00:00-04:00,752.1920046258563,755.5064686568031,743.3068402529434,747.6595458984375,10591100,0.0,0.0,-0.015447146303462223,755.7134552001953,643.9862904624333
2025-09-26 00:00:00-04:00,748.7477432379202,750.6745134518627,736.1188402620083,742.5081787109375,9696300,0.0,0.0,-0.006889990525446699,755.3713562011719,644.7080425686306
2025-09-29 00:00:00-04:00,747.4698773667765,749.5264964028529,737.9159094495395,742.1588134765625,9246800,0.0,0.0,-0.0004705203853532236,755.6308349609375,645.4087414211697
2025-09-30 00:00:00-04:00,741.0106631587118,741.729431724798,725.0872827303901,733.15380859375,16226800,0.0,0.0,-0.012133528187355913,755.6191467285156,646.075561886742
2025-10-01 00:00:00-04:00,720.2853684573676,720.6447527663656,709.0142405229949,716.142333984375,20419600,0.0,0.0,-0.02320314565644066,754.6601104736328,646.6767724657816
2025-10-02 00:00:00-04:00,721.3735522103992,726.5548890984803,716.9409630753169,725.8360595703125,11415300,0.0,0.0,0.013536032051065794,753.6071166992188,647.2963880508665
2025-10-03 00:00:00-04:00,728.4117628788885,729.7794705550638,708.9942257916973,709.3735961914062,16154300,0.0,0.0,-0.022680690993296504,751.5414459228516,647.8347609989227
2025-10-06 00:00:00-04:00,704.0125981338592,715.6830826309072,689.3571155710283,714.465087890625,21654700,0.0,0.0,0.007177447436096829,749.7378326416016,648.4077924698119
2025-10-07 00:00:00-04:00,716.5216106896504,717.3003375901077,704.5716259627259,711.889404296875,12062900,0.0,0.0,-0.003605051719678065,747.1370056152343,648.931268964495
2025-10-08 00:00:00-04:00,712.2587946669486,718.4484549738279,706.6281969142439,716.6414794921875,10790600,0.0,0.0,0.006675299796049083,745.4581756591797,649.4215917435903
2025-10-09 00:00:00-04:00,717.0807271377935,732.2852783203125,711.2504512938121,732.2852783203125,12717200,0.0,0.0,0.021829323693641323,744.6154052734375,650.0180660429455
2025-10-10 00:00:00-04:00,729.6995938834806,734.0423674154782,703.333716456913,704.1223754882812,16980100,0.0,0.0,-0.038458922589062805,742.1305419921875,650.4707545931377
2025-10-13 00:00:00-04:00,711.8194939498104,718.7379155876384,706.4584651360833,714.5050048828125,9251800,0.0,0.0,0.014745489926138555,739.7103759765625,650.9740434676881
2025-10-14 00:00:00-04:00,706.5983153422467,714.3553010671379,698.1624113283383,707.4668579101562,8829800,0.0,0.0,-0.009850381627222626,736.2249786376954,651.4757839384533
2025-10-15 00:00:00-04:00,715.8627565899488,722.6913629779451,708.3253746524584,716.3519287109375,10246800,0.0,0.0,0.012558992271422653,733.3474517822266,651.9886134314158
2025-10-16 00:00:00-04:00,716.3519343648386,724.2786798244232,702.7047754671785,710.881103515625,9017000,0.0,0.0,-0.007637063538248778,729.9704162597657,652.4778775411938
2025-10-17 00:00:00-04:00,705.8994251244851,717.3402516818879,704.9410060739878,715.7229614257812,12232400,0.0,0.0,0.006811065712973852,726.9287506103516,653.0027440388998
2025-10-20 00:00:00-04:00,719.9858621042338,732.5448748734839,718.9775387090459,730.947509765625,8900200,0.0,0.0,0.02127156617906345,725.2820037841797,653.6254641820514
2025-10-21 00:00:00-04:00,734.7911237948646,737.2669635645257,727.5332426508437,732.0457153320312,7647300,0.0,0.0,0.001502441080561745,724.1773498535156,654.2519895765516
2025-10-22 00:00:00-04:00,732.6047674176828,739.3634223567747,722.8211423130082,732.1854248046875,8734500,0.0,0.0,0.00019084801636037874,722.8171234130859,654.8808856540256
2025-10-23 00:00:00-04:00,733.4733185275871,741.170406509876,731.8759534115667,732.7744750976562,9856000,0.0,0.0,0.0008045097225555242,722.0728698730469,655.5172929309663
2025-10-24 00:00:00-04:00,735.5597503675807,739.9724141089259,729.9292138570585,737.1271362304688,9151300,0.0,0.0,0.005939973730979764,721.8038177490234,656.143920777336
2025-10-27 00:00:00-04:00,748.4781993498117,754.4881675999588,746.7611003830549,749.56640625,11321100,0.0,0.0,0.016875338605960577,722.1741973876954,656.8922599913582
2025-10-28 00:00:00-04:00,751.3733793283152,757.1337649704751,744.2752651341964,750.1853637695312,12193800,0.0,0.0,0.0008257540817868669,723.0257751464844,657.6269035944863
2025-10-29 00:00:00-04:00,753.4898526523095,757.8924628078227,741.2702985772319,750.4149780273438,26818600,0.0,0.0,0.0003060766963765005,724.7394073486328,658.3408557952397
2025-10-30 00:00:00-04:00,668.0327566076506,679.8230352249238,649.0844057389726,665.357177734375,88440100,0.0,0.0,-0.11334768465917988,721.715463256836,658.6978865123931
2025-10-31 00:00:00-04:00,673.383812052831,673.7631824593219,644.4921293755289,647.2674560546875,56953200,0.0,0.0,-0.02718798606980577,718.61015625,658.9234203762478
2025-11-03 00:00:00-05:00,654.90470367213,658.2291607688485,635.1177890022415,636.645263671875,33003600,0.0,0.0,-0.01641082412447914,714.7191650390625,659.1126477680509
2025-11-04 00:00:00-05:00,626.9913515895119,640.6684891460408,624.9647727272926,626.2725830078125,27356600,0.0,0.0,-0.0162927162989287,710.4383239746094,659.3563633267842
2025-11-05 00:00:00-05:00,631.2542465797685,641.1576663615418,625.4938610947797,634.88818359375,20219900,0.0,0.0,0.01375694996028587,706.3506591796875,659.6359268672883
2025-11-06 00:00:00-05:00,634.7882936522686,634.938067569805,616.9681222612256,617.9065551757812,23628800,0.0,0.0,-0.026747431842005898,700.631723022461,659.8736931937082
2025-11-07 00:00:00-05:00,615.4606203242017,621.0912176885568,600.1961723842201,620.6719360351562,29946800,0.0,0.0,0.004475403013952883,696.4592010498047,660.0760305495489
2025-11-10 00:00:00-05:00,630.0362749426478,633.9397194755629,617.0779066438014,630.7051391601562,19245000,0.0,0.0,0.01616506650694083,692.2692077636718,660.3196828932989
2025-11-11 00:00:00-05:00,626.9514668906089,628.5088598168925,618.3558571038752,626.0330200195312,13302200,0.0,0.0,-0.007407770843355421,688.1975158691406,660.4671929980082
2025-11-12 00:00:00-05:00,627.0812350986922,627.939784558569,606.7552442025384,607.9931640625,24493300,0.0,0.0,-0.02881614128990906,682.7795776367187,660.5524365864103
2025-11-13 00:00:00-05:00,612.0463872625083,616.6187572691151,601.993193452889,608.8717041015625,20973800,0.0,0.0,0.0014449834159191433,677.6791076660156,660.6655327933175
2025-11-14 00:00:00-05:00,600.7852061056304,612.6553687237855,594.2062431482154,608.4424438476562,20724100,0.0,0.0,-0.0007050093657080536,672.3150817871094,660.77040935698
2025-11-17 00:00:00-05:00,608.0230519623859,610.6686515784111,594.4058732487083,601.0048217773438,16501300,0.0,0.0,-0.012224035560830737,665.8179473876953,660.8648070078048
2025-11-18 00:00:00-05:00,590.612218909938,602.6520806612418,582.8053290854997,596.6920776367188,25500600,0.0,0.0,-0.007175889417777026,659.0502655029297,660.9533062889462
2025-11-19 00:00:00-05:00,592.7286370493186,594.3359951431619,580.2794874440681,589.3343505859375,24744700,0.0,0.0,-0.012330860969233193,651.9077117919921,661.1037557692755
2025-11-20 00:00:00-05:00,602.4923987587222,605.7069934113463,582.376016746667,588.1663818359375,20603000,0.0,0.0,-0.0019818440055950903,644.6773071289062,661.2483068799215
2025-11-21 00:00:00-05:00,587.517412968027,597.1213460929463,580.88848479756,593.2578125,21052600,0.0,0.0,0.008656446239191373,637.4838409423828,661.3866420927502
2025-11-24 00:00:00-05:00,597.7203367937327,615.6703584886146,596.6321908004635,612.0264282226562,23554900,0.0,0.0,0.031636525178766695,630.6068420410156,661.5819606478252
2025-11-25 00:00:00-05:00,622.9581470454041,635.9863461070595,617.2676517847817,635.15771484375,25213000,0.0,0.0,0.03779458787142209,624.8554595947265,661.8786668323335
2025-11-26 00:00:00-05:00,636.6253292062765,637.2941935276676,630.575449286631,632.5521240234375,15209500,0.0,0.0,-0.004102273749368668,618.9623168945312,662.1806326972114
2025-11-28 00:00:00-05:00,635.0179876534709,646.9679727244463,634.4389389877349,646.8681640625,11033200,0.0,0.0,0.02263219028971597,618.0378662109375,662.5158314780583
2025-12-01 00:00:00-05:00,638.482184375183,644.2425701847634,636.6951949252638,639.7999877929688,13029900,0.0,0.0,-0.010926764775593956,617.6644927978516,662.7896901690771
2025-12-02 00:00:00-05:00,641.2675300698932,646.7882651016448,637.0046400682228,646.01953125,11640900,0.0,0.0,0.009721074672861318,618.1332061767578,663.1053690834651
2025-12-03 00:00:00-05:00,643.3340713166507,647.766660764867,636.4855393427306,638.5321044921875,11134300,0.0,0.0,-0.011590093481113284,618.7461822509765,663.3711159115746
2025-12-04 00:00:00-05:00,674.8712863431018,674.9710950003275,658.9479057878542,660.4254760742188,29874600,0.0,0.0,0.034287033381732,620.023046875,663.6506414262075
2025-12-05 00:00:00-05:00,662.8913386215002,673.5634922785046,661.2840414153883,672.2955932617188,21207900,0.0,0.0,0.017973439271391722,622.7424987792969,663.8950477478996
2025-12-08 00:00:00-05:00,668.2224435191038,675.5801331063639,663.9595535520253,665.6866455078125,13161000,0.0,0.0,-0.009830419565658888,624.9932342529297,664.1127148582822
2025-12-09 00:00:00-05:00,662.6617250742562,663.3705005924867,652.2491473204041,655.8630981445312,12997100,0.0,0.0,-0.014757014324340956,626.2511322021485,664.3105532933795
2025-12-10 00:00:00-05:00,648.8648024836247,653.4171862971667,642.3257510862366,649.0444946289062,16910900,0.0,0.0,-0.01039638231654616,627.4017059326172,664.422727675665
2025-12-11 00:00:00-05:00,642.2159232785478,654.1859556266841,639.7300904007725,651.6202392578125,13056700,0.0,0.0,0.003968517798427662,629.5830596923828,664.5854047744994
2025-12-12 00:00:00-05:00,648.7150654102267,709.8128965395189,637.543746077992,643.1543579101562,14016900,0.0,0.0,-0.012992047879450186,631.2971923828125,664.6917793637231
2025-12-15 00:00:00-05:00,645.1476664750544,652.4414097008485,638.1536544261938,646.9561157226562,15549100,0.525,0.0,0.005911112574675359,633.2228759765625,664.7604792761424
2025-12-16 00:00:00-05:00,642.9495426008936,661.973233609148,642.6498114209788,656.587890625,14309100,0.0,0.0,0.01488783345310063,636.0020294189453,664.874864003015
2025-12-17 00:00:00-05:00,655.0491556477624,660.664343241777,648.644665798819,648.9443969726562,15598500,0.0,0.0,-0.011641234572675407,638.6146453857422,665.0001476227291
2025-12-18 00:00:00-05:00,656.4679564970005,669.9863502083882,655.8984367998282,663.881591796875,20260300,0.0,0.0,0.02301768054998421,642.342007446289,665.167354644291
2025-12-19 00:00:00-05:00,665.8499012351181,670.4260003995075,657.6169598101359,658.2064819335938,49977100,0.0,0.0,-0.008548376598183527,645.8440124511719,665.3310126652793
2025-12-22 00:00:00-05:00,661.0840391473547,673.0038267300547,656.0883162216827,660.9341430664062,15659400,0.0,0.0,0.004144081238458108,649.2278289794922,665.5934357416062
2025-12-23 00:00:00-05:00,659.4853234816244,665.4302455294139,657.6868755551602,664.3711547851562,8486800,0.0,0.0,0.005200233268028764,651.8450653076172,665.8759006318592
2025-12-24 00:00:00-05:00,661.9632786179176,667.6084088263418,661.633543835896,666.9789428710938,5627500,0.0,0.0,0.003925197635620936,653.4361267089844,666.2095023261177
2025-12-26 00:00:00-05:00,667.4885344385556,668.3777877623371,660.7543096382171,662.7225952148438,7133800,0.0,0.0,-0.00638153228335514,654.9446502685547,666.4685091291155
2025-12-29 00:00:00-05:00,657.4471149030659,659.6851889371151,653.8302165118,658.1265258789062,8506500,0.0,0.0,-0.0069351329939905115,655.507568359375,666.6780534774538
2025-12-30 00:00:00-05:00,658.1265110341435,671.6449047754843,657.2772625792347,665.3803100585938,9187500,0.0,0.0,0.011021868735651363,656.7865844726563,666.9337735857282
2025-12-31 00:00:00-05:00,664.1813161961976,664.4311023248911,658.8758612620638,659.5253295898438,7940400,0.0,0.0,-0.008799449548235638,657.4618743896484,667.1802507430788
2026-01-02 00:00:00-05:00,662.1630447721155,663.8216588672108,642.9495146869224,649.8535766601562,13726500,0.0,0.0,-0.01466471793540114,658.0279479980469,667.4222202603779
2026-01-05 00:00:00-05:00,650.4531272549772,663.9715218041853,647.1959061445123,658.2264404296875,12213700,0.0,0.0,0.012884231264160384,657.9179962158203,667.7200626191639
2026-01-06 00:00:00-05:00,659.0057810200069,664.9507033148827,651.3423593634897,660.0548706054688,11074400,0.0,0.0,0.0027778133230071944,657.3059600830078,667.9708938598633
2026-01-07 00:00:00-05:00,655.0791375151089,658.5861445899717,644.2583851266311,648.1350708007812,12846300,0.0,0.0,-0.01805880137473037,656.4283813476562,668.1531213427347
2026-01-08 00:00:00-05:00,645.3274855180696,646.5464125947736,635.1761427603,645.50732421875,11921700,0.0,0.0,-0.004054319385594418,655.9105926513672,668.2238584245954
2026-01-09 00:00:00-05:00,644.8878661181845,654.3897406244424,642.3000548798136,652.5013427734375,11634900,0.0,0.0,0.010834917424294543,656.0834350585938,668.3710035293822
2026-01-12 00:00:00-05:00,651.9718010113269,653.4105105723186,640.6814191818085,641.4207763671875,14797200,0.0,0.0,-0.016981676021006198,655.5734619140625,668.5025168524849
2026-01-13 00:00:00-05:00,641.720599826752,641.720599826752,623.5660991574318,630.5501708984375,18030400,0.0,0.0,-0.01694769778166183,654.9432525634766,668.5705775911846
2026-01-14 00:00:00-05:00,625.9640568168747,627.9124008742662,614.2940558608916,614.9934692382812,15527900,0.0,0.0,-0.024671631819543127,653.3451202392578,668.6066668071444
2026-01-15 00:00:00-05:00,617.9508982377323,623.6360331340583,613.7045339245012,620.2689208984375,13076100,0.0,0.0,0.008578061270618553,651.5291717529296,668.7193398854089
2026-01-16 00:00:00-05:00,623.6460522405506,628.5418850412981,619.5495838845379,619.7194213867188,17012500,0.0,0.0,-0.0008859052794759625,650.0679229736328,668.7394412812732
2026-01-20 00:00:00-05:00,607.3600037753715,610.8770121629093,599.4867397151437,603.6032104492188,15169600,0.0,0.0,-0.026005657369003288,647.05400390625,668.7185924469478
2026-01-21 00:00:00-05:00,606.2209580964126,617.7411240978843,599.5666821865381,612.4356689453125,14494700,0.0,0.0,0.014632888532054578,644.7654632568359,668.7269828433082
2026-01-22 00:00:00-05:00,628.811597152667,660.0049216653568,626.0140046136898,647.0759887695312,21394700,0.0,0.0,0.05656156488055886,644.0725555419922,668.8582503303649
2026-01-23 00:00:00-05:00,644.2184496993522,665.9198400091174,643.8987161260534,658.1964721679688,22797700,0.0,0.0,0.017185745710614375,643.7638214111328,669.0058219546363
2026-01-26 00:00:00-05:00,664.5609947255355,674.7023359243682,660.7242529636108,671.7847900390625,16327400,0.0,0.0,0.020644774692177403,644.0041137695313,669.15613216824
2026-01-27 00:00:00-05:00,674.0129574053085,676.2410302656567,664.0913982323968,672.394287109375,13297400,0.0,0.0,0.0009072802471117303,644.4876983642578,669.2652264549619
2026-01-28 00:00:00-05:00,673.9229813666298,677.1002536346601,665.5301429727417,668.1578979492188,25709600,0.0,0.0,-0.006300453828018804,644.9892669677735,669.3085393754262
2026-01-29 00:00:00-05:00,736.7991536844581,743.363540655783,711.9404325537852,737.6784057617188,59852900,0.0,0.0,0.10404802222031617,648.6041717529297,669.5706156170558
2026-01-30 00:00:00-05:00,726.8776752394725,731.5436633097714,712.9796010924755,715.8870849609375,23744600,0.0,0.0,-0.029540407622858034,651.4222595214844,669.737680949862
2026-02-02 00:00:00-05:00,713.9886602426056,720.6829408229889,702.9181827036907,705.8056640625,14365200,0.0,0.0,-0.014082417618956788,654.2198638916016,669.8232008918883
2026-02-03 00:00:00-05:00,706.7648539132639,716.3866205151361,685.8227628297016,691.1082763671875,13760700,0.0,0.0,-0.02082356156043974,655.8639556884766,669.8417817373124
2026-02-04 00:00:00-05:00,687.1416843315144,688.2407799622291,666.8890651090074,668.417724609375,16882800,0.0,0.0,-0.032832122742163405,656.2820983886719,669.7375947255937
2026-02-05 00:00:00-05:00,663.0123852284637,680.9170392363125,652.9409906690098,669.63671875,17131800,0.0,0.0,0.0018237011014892168,657.3571807861329,669.6116452898298
2026-02-06 00:00:00-05:00,664.920685797671,671.4151252649915,645.9469408650316,660.8941650390625,18159300,0.0,0.0,-0.013055666551943346,658.1265228271484,669.4483156961109
2026-02-09 00:00:00-05:00,662.6126578425271,682.7254419812133,658.2164585284562,676.640625,14837500,0.0,0.0,0.023825993319227967,659.3334869384765,669.3193309723384
2026-02-10 00:00:00-05:00,677.0202983345941,680.0677378888336,669.216982119095,670.1461791992188,10455800,0.0,0.0,-0.009598072537813196,660.7697570800781,669.1545752873496
2026-02-11 00:00:00-05:00,673.4234361526849,678.6889475196376,656.5378686274887,668.1179809570312,14323800,0.0,0.0,-0.0030265012397907576,662.6481475830078,668.9703881399972
2026-02-12 00:00:00-05:00,669.3968787035581,675.421749916193,644.7280570616384,649.254150390625,14960100,0.0,0.0,-0.028234280627180808,664.361181640625,668.7018586416093
2026-02-13 00:00:00-05:00,644.5481137374378,650.872715705495,634.0271535178357,639.2227172851562,12336400,0.0,0.0,-0.015450703086662299,665.308871459961,668.371467590332
2026-02-17 00:00:00-05:00,638.952945338547,642.0502690775812,628.2620863630333,638.7431030273438,12674700,0.0,0.0,-0.0007503085307253299,666.2600555419922,668.0266044253394
2026-02-18 00:00:00-05:00,633.2578140286595,644.4482453696517,627.6126838179015,642.6697387695312,14649200,0.0,0.0,0.0061474413165121256,668.2133819580079,667.6652692764525
2026-02-19 00:00:00-05:00,638.0237449576674,646.6363661317032,636.1752909436037,644.2284545898438,10035700,0.0,0.0,0.002425376093321052,669.8030212402343,667.3903533693344
2026-02-20 00:00:00-05:00,639.1428111159805,662.7825455010891,638.2336163631846,655.09912109375,14183500,0.0,0.0,0.016873931020055855,670.2041778564453,667.208375355554
2026-02-23 00:00:00-05:00,651.9817939677475,657.1374142434245,635.455964272141,636.7048950195312,8605900,0.0,0.0,-0.02807853877670885,669.1295989990234,666.9886989290752
2026-02-24 00:00:00-05:00,632.5384628258726,640.5615620292823,628.4419334902003,638.7531127929688,10135600,0.0,0.0,0.0032169028217925444,667.4780151367188,666.8217731051975
2026-02-25 00:00:00-05:00,641.9803720795121,653.3206382422114,641.5906910720822,653.1307983398438,11330700,0.0,0.0,0.022508987054494556,666.5148406982422,666.7728476145911
2026-02-26 00:00:00-05:00,649.9935020296807,660.4345752110744,646.9461232211356,656.447998046875,10637700,0.0,0.0,0.005078920968760059,665.929345703125,666.7790996006557
2026-02-27 00:00:00-05:00,642.8995542116262,648.8844201349368,637.5740968396581,647.62548828125,15703000,0.0,0.0,-0.013439769474314134,661.4266998291016,666.6863125997876
2026-03-02 00:00:00-05:00,636.6149203669017,659.3754626922687,633.9572226725116,653.0009155273438,9816100,0.0,0.0,0.008300209524427116,658.2823913574218,666.6759608435252
2026-03-03 00:00:00-05:00,647.7354225434952,658.4762268569145,638.293554979916,654.5196533203125,12263800,0.0,0.0,0.0023257820270317087,655.7180908203125,666.6322698441762
2026-03-04 00:00:00-05:00,657.397151925757,672.1944798634893,657.1073609851721,667.1587524414062,10810100,0.0,0.0,0.01931049595986445,654.5206146240234,666.6907083420526
2026-03-05 00:00:00-05:00,661.363765843265,670.1262833419206,649.7537106790966,660.0049438476562,13341400,0.0,0.0,-0.010722798086019725,654.0999755859375,666.7802423144144
2026-03-06 00:00:00-05:00,647.3457881163396,648.9143914185428,635.5658346648192,644.308349609375,13159400,0.0,0.0,-0.02378254039549188,652.8335571289062,666.7423920404343
2026-03-09 00:00:00-04:00,634.2369839533108,647.195859029807,626.2438278402449,646.836181640625,13489700,0.0,0.0,0.003923326514055914,652.1306579589843,666.8273742917984
2026-03-10 00:00:00-04:00,653.0009245574777,659.7351492208539,648.444827744844,653.510498046875,9859300,0.0,0.0,0.010318403014069721,650.9741516113281,666.9478138514927
2026-03-11 00:00:00-04:00,654.1999146227295,658.5561703533895,647.8053649208291,654.2998046875,8977200,0.0,0.0,0.001207794890799807,650.1818328857422,667.1807487124488
2026-03-12 00:00:00-04:00,648.1950599902964,652.9409968457168,636.355220859953,637.6340942382812,11617500,0.0,0.0,-0.025471061323605992,648.6576385498047,667.3170368255131
2026-03-13 00:00:00-04:00,623.3562813254467,628.6317326131165,609.0285222575777,613.1849975585938,18957600,0.0,0.0,-0.038343458890626625,646.8541809082031,667.3015641712007
2026-03-16 00:00:00-04:00,632.0,634.75,623.0999755859375,627.4500122070312,15134900,0.525,0.0,0.023263802449886795,646.2655456542968,667.4570020645384
2026-03-17 00:00:00-04:00,627.989990234375,636.5499877929688,621.7000122070312,622.6599731445312,10348800,0.0,0.0,-0.007634136535675906,645.4613891601563,667.5242628067259
2026-03-18 00:00:00-04:00,616.3400268554688,622.6500244140625,614.6099853515625,615.6799926757812,11726300,0.0,0.0,-0.011209939244207434,644.1119018554688,667.5745058816577
2026-03-19 00:00:00-04:00,612.1500244140625,613.0,602.260009765625,606.7000122070312,13247700,0.0,0.0,-0.014585467410955566,642.2354797363281,667.6782806638687
2026-03-20 00:00:00-04:00,603.530029296875,603.9600219726562,587.25,593.6599731445312,21214900,0.0,0.0,-0.021493388495351096,639.1635223388672,667.7235840085953
2026-03-23 00:00:00-04:00,605.7899780273438,608.6400146484375,599.010009765625,604.0599975585938,13638000,0.0,0.0,0.017518486818262513,637.5312774658203,667.8024826049805
2026-03-24 00:00:00-04:00,599.0999755859375,601.0,591.0,592.9199829101562,10739700,0.0,0.0,-0.018441900959278335,635.2396209716796,667.7966268630255
2026-03-25 00:00:00-04:00,598.739990234375,603.6699829101562,593.4000244140625,594.8900146484375,12585000,0.0,0.0,0.0033225929215809913,632.3275817871094,667.7091855245923
2026-03-26 00:00:00-04:00,582.489990234375,583.0,543.3499755859375,547.5399780273438,35780100,0.0,0.0,-0.07959460649053962,626.8821807861328,667.4043357485816
2026-03-27 00:00:00-04:00,540.0999755859375,543.5999755859375,520.260009765625,525.719970703125,30133000,0.0,0.0,-0.03985098476796356,620.7869049072266,667.0735428825258
2026-03-30 00:00:00-04:00,536.3800048828125,539.5499877929688,528.5399780273438,536.3800048828125,22795200,0.0,0.0,0.02027701965635864,614.955859375,666.8182812645322
2026-03-31 00:00:00-04:00,549.97998046875,573.6900024414062,546.77001953125,572.1300048828125,32898300,0.0,0.0,0.06665050836078534,610.836376953125,666.8071055336604
2026-04-01 00:00:00-04:00,580.1300048828125,592.5499877929688,573.8200073242188,579.22998046875,23608100,0.0,0.0,0.01240972423285469,606.4399383544921,666.8256076631092
2026-04-02 00:00:00-04:00,566.0399780273438,578.5,559.7000122070312,574.4600219726562,13518500,0.0,0.0,-0.008234999321398373,602.1626922607422,666.7870460389153
2026-04-06 00:00:00-04:00,577.6900024414062,582.7899780273438,572.0,573.02001953125,9515700,0.0,0.0,-0.002506706100211087,598.598275756836,666.7509587605795
2026-04-07 00:00:00-04:00,572.47998046875,575.22998046875,564.760009765625,575.0499877929688,9580800,0.0,0.0,0.0035425782564793007,595.0089660644531,666.9298610384502
2026-04-08 00:00:00-04:00,606.0,629.9500122070312,591.8300170898438,612.4199829101562,32036600,0.0,0.0,0.06498564630983283,592.9544403076172,667.3634312947592
2026-04-09 00:00:00-04:00,626.969970703125,637.5,623.0,628.3900146484375,19012900,0.0,0.0,0.026076927899042923,591.6589508056641,667.8148027450319
2026-04-10 00:00:00-04:00,634.469970703125,638.5800170898438,624.3300170898438,629.8599853515625,13294800,0.0,0.0,0.00233926489737013,591.2702453613281,668.2949515448677
2026-04-13 00:00:00-04:00,629.5,635.0,624.4000244140625,634.530029296875,9538900,0.0,0.0,0.007414415987556211,592.3374969482422,668.4956729222857
2026-04-14 00:00:00-04:00,643.219970703125,666.260009765625,639.3699951171875,662.489990234375,17818000,0.0,0.0,0.04406404684815701,594.0894958496094,668.9635262867761
2026-04-15 00:00:00-04:00,667.0,678.5,664.219970703125,671.5800170898438,14952600,0.0,0.0,0.013721002565265872,596.535498046875,669.4782108125232
2026-04-16 00:00:00-04:00,675.989990234375,677.5800170898438,667.75,676.8699951171875,9544800,0.0,0.0,0.007876913983037692,599.5949981689453,670.0617146567693
2026-04-17 00:00:00-04:00,678.5999755859375,691.52001953125,675.1300048828125,688.5499877929688,16283500,0.0,0.0,0.017255887777621215,603.6874969482421,670.7309682936896
2026-04-20 00:00:00-04:00,681.3599853515625,683.3800048828125,668.0,670.9099731445312,12534000,0.0,0.0,-0.02561907626340909,607.5499969482422,671.4062150016664
2026-04-21 00:00:00-04:00,671.0,676.2000122070312,667.3300170898438,668.8400268554688,8660100,0.0,0.0,-0.003085281739606205,610.7889984130859,672.0765309409489
2026-04-22 00:00:00-04:00,674.3599853515625,678.3800048828125,669.75,674.719970703125,9215600,0.0,0.0,0.008791255923035424,614.8789978027344,672.8367186046783
2026-04-23 00:00:00-04:00,663.7000122070312,669.5599975585938,653.0499877929688,659.1500244140625,11667000,0.0,0.0,-0.023076160429692183,618.0919982910157,673.4733293321398
2026-04-24 00:00:00-04:00,660.3200073242188,680.6699829101562,653.8400268554688,675.030029296875,13348300,0.0,0.0,0.024091639679341137,624.4665008544922,674.0938771565756
2026-04-27 00:00:00-04:00,671.0,682.5,670.8400268554688,678.6199951171875,12805200,0.0,0.0,0.005318231285283526,632.1115020751953,674.677718631805
2026-04-28 00:00:00-04:00,674.239990234375,678.1799926757812,665.6300048828125,671.3400268554688,10606800,0.0,0.0,-0.010727606486840457,638.8595031738281,675.1768140035962
2026-04-29 00:00:00-04:00,668.9099731445312,674.25,663.8099975585938,669.1199951171875,18947500,0.0,0.0,-0.003306866341159176,643.7090026855469,675.6573287721665
2026-04-30 00:00:00-04:00,619.3200073242188,620.8499755859375,600.0,611.9099731445312,52765000,0.0,0.0,-0.0855003921421249,645.3430023193359,675.8922269306486
2026-05-01 00:00:00-04:00,614.6900024414062,618.8800048828125,606.1099853515625,608.75,21404000,0.0,0.0,-0.005164114466532643,647.0575012207031,676.1361057342045
2026-05-04 00:00:00-04:00,607.9400024414062,614.0,602.75,610.4099731445312,16203900,0.0,0.0,0.0027268552682238045,648.9269989013671,676.2947547549293
2026-05-05 00:00:00-04:00,613.3099975585938,614.3499755859375,600.3599853515625,604.9600219726562,17171300,0.0,0.0,-0.00892834555733013,650.4225006103516,676.3336310008216
2026-05-06 00:00:00-04:00,601.0499877929688,619.9500122070312,598.0999755859375,612.8800048828125,19915500,0.0,0.0,0.013091745937741095,650.4455017089844,676.3950347900391
2026-05-07 00:00:00-04:00,614.719970703125,624.97998046875,613.5399780273438,616.8099975585938,12307400,0.0,0.0,0.006412336255826601,649.8665008544922,676.5193466913132
2026-05-08 00:00:00-04:00,615.2000122070312,616.77001953125,606.0599975585938,609.6300048828125,13557000,0.0,0.0,-0.011640525776495991,648.8550018310547,676.5775853717138
2026-05-11 00:00:00-04:00,604.5700073242188,604.9099731445312,598.0800170898438,598.8599853515625,15940600,0.0,0.0,-0.017666485318944103,647.071499633789,676.5883384583489
2026-05-12 00:00:00-04:00,594.8200073242188,603.75,592.5999755859375,603.0,11351600,0.0,0.0,0.006913159586054318,644.0970001220703,676.6373569549077
2026-05-13 00:00:00-04:00,598.8300170898438,619.9000244140625,596.6599731445312,616.6300048828125,14634400,0.0,0.0,0.022603656522077076,641.3494995117187,676.5547725132534
2026-05-14 00:00:00-04:00,616.0,623.72998046875,615.0,618.4299926757812,10651200,0.0,0.0,0.0029190726671026734,638.4274993896485,676.4136626228453
2026-05-15 00:00:00-04:00,613.989990234375,621.2000122070312,609.3099975585938,614.22998046875,13272600,0.0,0.0,-0.006791410922453722,634.7114990234375,676.2427128383091
2026-05-18 00:00:00-04:00,609.1099853515625,615.5900268554688,603.6900024414062,611.2100219726562,13772400,0.0,0.0,-0.004916657591003681,631.7265014648438,676.1210164872426
2026-05-19 00:00:00-04:00,608.9199829101562,613.9299926757812,600.5499877929688,602.6099853515625,11749900,0.0,0.0,-0.014070509827927014,628.4149993896484,675.9791969420418
2026-05-20 00:00:00-04:00,600.760009765625,608.0,597.8099975585938,605.0599975585938,11329700,0.0,0.0,0.004065668121317145,624.9320007324219,675.8467436290923
2026-05-21 00:00:00-04:00,600.0,609.5999755859375,594.8099975585938,607.3800048828125,13476100,0.0,0.0,0.003834342600039564,622.3434997558594,675.7366698734344
2026-05-22 00:00:00-04:00,607.8800048828125,614.8099975585938,606.9500122070312,610.260009765625,11688600,0.0,0.0,0.004741685369389348,619.1049987792969,675.6443539574033
2026-05-26 00:00:00-04:00,608.8900146484375,614.469970703125,605.2999877929688,612.3400268554688,12234200,0.0,0.0,0.003408411261689226,615.7910003662109,675.5560595800006
2026-05-27 00:00:00-04:00,609.4000244140625,638.5,609.0,635.260009765625,23143600,0.0,0.0,0.03743015629381041,613.9869995117188,675.5963381812686
2026-05-28 00:00:00-04:00,639.5,643.0,629.3099975585938,635.2899780273438,16772400,0.0,0.0,4.717479655269585e-05,612.2954986572265,675.5763685438368
2026-05-29 00:00:00-04:00,633.5,634.5,623.3499755859375,632.510009765625,19806500,0.0,0.0,-0.004375904481211723,613.3255004882812,675.5403827485584
2026-06-01 00:00:00-04:00,630.4000244140625,635.75,599.530029296875,600.469970703125,29138800,0.0,0.0,-0.05065538658332436,612.9114990234375,675.3714391314794
2026-06-02 00:00:00-04:00,603.239990234375,608.8800048828125,596.6799926757812,597.6300048828125,18252000,0.0,0.0,-0.004729571766906249,612.2725006103516,675.1815730503628
2026-06-03 00:00:00-04:00,603.0,624.1500244140625,600.27001953125,622.97998046875,23020100,0.0,0.0,0.042417508121782355,613.1734985351562,674.9996940976098
2026-06-04 00:00:00-04:00,623.6699829101562,642.4000244140625,622.4299926757812,627.5700073242188,21469200,0.0,0.0,0.007367856109942839,613.9079986572266,674.852051023453
2026-06-05 00:00:00-04:00,623.4600219726562,629.1500244140625,582.9099731445312,593.0,30000600,0.0,0.0,-0.05508549949927577,612.7174987792969,674.4837554447234
