Date,Open,High,Low,Close,Volume,Dividends,Stock Splits,Daily_Return,MA20,MA252
2009-08-06 00:00:00-04:00,1.1598831330884243,1.188704477996992,1.0938049542588035,1.1373884677886963,241978000,0.0,0.0,,,
2009-08-07 00:00:00-04:00,1.135279557202936,1.178160077742182,1.1268440683196104,1.154962420463562,24543000,0.0,0.0,0.015451143714366067,,
2009-08-10 00:00:00-04:00,1.1690218683915143,1.1690218683915143,1.0973199867107295,1.122626543045044,24210000,0.0,0.0,-0.027997341597953973,,
2009-08-11 00:00:00-04:00,1.1233295861581307,1.124735487395772,1.0895874536588062,1.101537823677063,23054000,0.0,0.0,-0.018785160121708278,,
2009-08-12 00:00:00-04:00,1.1352792578133148,1.138794050904407,1.1008342352410472,1.124734878540039,14513000,0.0,0.0,0.02105879105044406,,
2009-08-13 00:00:00-04:00,1.1247354045458882,1.1753485157673063,1.1247354045458882,1.1633981466293335,11506000,0.0,0.0,0.03437545045236012,,
2009-08-14 00:00:00-04:00,1.1598834425128195,1.195031476406737,1.142309467465522,1.1669130325317383,6378000,0.0,0.0,0.0030212235704416557,,
2009-08-17 00:00:00-04:00,1.143715051335456,1.1507446394037069,1.1387943564475402,1.1402002573013306,2544000,0.0,0.0,-0.022891830398407365,,
2009-08-18 00:00:00-04:00,1.1584770354304548,1.2090901285063833,1.1493385556362297,1.1999516487121582,14467000,0.0,0.0,0.05240429567368232,,
2009-08-19 00:00:00-04:00,1.1837838235843885,1.2611093796108443,1.1809719379510917,1.2575945854187012,20708000,0.0,0.0,0.048037716159986976,,
2009-08-20 00:00:00-04:00,1.2618125460496694,1.2618125460496694,1.2154172197117206,1.248456358909607,18821000,0.0,0.0,-0.007266432771775744,,
2009-08-21 00:00:00-04:00,1.2505657688430287,1.2632190525038014,1.235803590605568,1.2526745796203613,8636000,0.0,0.0,0.0033787490292720435,,
2009-08-24 00:00:00-04:00,1.231584852918989,1.2547825077976427,1.2161197775996504,1.230178952217102,10216000,0.0,0.0,-0.01795807767574953,,
2009-08-25 00:00:00-04:00,1.2407235001869001,1.2582974708242467,1.2336939119319614,1.2547826766967773,5308000,0.0,0.0,0.020000118222908148,,
2009-08-26 00:00:00-04:00,1.2435353857684568,1.2547826766967773,1.2055755589122068,1.2547826766967773,7086000,0.0,0.0,0.0,,
2009-08-27 00:00:00-04:00,1.2547832030406645,1.2800897648935077,1.2336944294297412,1.276574969291687,11611000,0.0,0.0,0.01736738400969795,,
2009-08-28 00:00:00-04:00,1.2723567622798426,1.3356231460891277,1.2653271733898452,1.2983663082122803,12950000,0.0,0.0,0.017070159955184128,,
2009-08-31 00:00:00-04:00,1.2899309044247202,1.2934456991043797,1.25197107160481,1.2793865203857422,10048000,0.0,0.0,-0.014618207285947982,,
2009-09-01 00:00:00-04:00,1.2829011135158341,1.2962572976804967,1.190813390057115,1.2547826766967773,13835000,0.0,0.0,-0.01923096991951001,,
2009-09-02 00:00:00-04:00,1.2484564689968458,1.282901512436375,1.2287735990027333,1.2428327798843384,12934000,0.0,0.0,-0.00952347927204189,1.208106315135956,
2009-09-03 00:00:00-04:00,1.2632188439421916,1.2632188439421916,1.1950317387502098,1.2266649007797241,36577000,0.0,0.0,-0.013008893365460517,1.2125701367855073,
2009-09-04 00:00:00-04:00,1.2477533664077844,1.2653273409601407,1.2294763993536055,1.248456358909607,11586000,0.0,0.0,0.01776480122324453,1.2172448337078094,
2009-09-08 00:00:00-04:00,1.2484564025958944,1.2604066889497998,1.2266646398687018,1.2442386150360107,5749000,0.0,0.0,-0.0033783670878811956,1.2233254373073579,
2009-09-09 00:00:00-04:00,1.254782348437839,1.254782348437839,1.2104959372574684,1.2133077383041382,5512000,0.0,0.0,-0.024859280493378155,1.2289139330387115,
2009-09-10 00:00:00-04:00,1.1957346419251804,1.227367887603199,1.191516937287628,1.1985465288162231,4152000,0.0,0.0,-0.012166088636793027,1.2326045155525207,
2009-09-11 00:00:00-04:00,1.1950311317494475,1.2182287888813401,1.1626949934687127,1.1865955591201782,6203000,0.0,0.0,-0.009971218812713567,1.233764386177063,
2009-09-14 00:00:00-04:00,1.169724652244166,1.1880016156478506,1.146526993708506,1.1704275608062744,16145000,0.0,0.0,-0.013625534150736085,1.2339401125907898,
2009-09-15 00:00:00-04:00,1.2126048531041724,1.2196344396543999,1.169021349453337,1.2076841592788696,19869000,0.0,0.0,0.03183161412136459,1.2373143076896667,
2009-09-16 00:00:00-04:00,1.2231496123944725,1.247753172953177,1.2027637547948185,1.2358028888702393,20211000,0.0,0.0,0.023283181596221114,1.239106869697571,
2009-09-17 00:00:00-04:00,1.2414269543778906,1.2582979389465037,1.1619924769860597,1.1697250604629517,14464000,0.0,0.0,-0.0534695532777848,1.2347133934497834,
2009-09-18 00:00:00-04:00,1.164803882742928,1.1964371146744186,1.1373885212147552,1.1387944221496582,8999000,0.0,0.0,-0.02644265679069213,1.2292302966117858,
2009-09-21 00:00:00-04:00,1.1444178788311385,1.169021433526359,1.1155965383827366,1.167615532875061,5530000,0.0,0.0,0.025308440368893237,1.2249773442745209,
2009-09-22 00:00:00-04:00,1.1922193802155234,1.2210407277384876,1.1823779894414572,1.2126052379608154,11141000,0.0,0.0,0.03853126634498838,1.2240986585617066,
2009-09-23 00:00:00-04:00,1.238614615548518,1.25056498270431,1.216119949736426,1.2231495380401611,5303000,0.0,0.0,0.008695575236898678,1.2225170016288758,
2009-09-24 00:00:00-04:00,1.2182290398406486,1.2547828881669356,1.1774573205315322,1.2294763326644897,7788000,0.0,0.0,0.005172543853032119,1.2212516844272614,
2009-09-25 00:00:00-04:00,1.2287733109895835,1.2287733109895835,1.2020608568158218,1.204169750213623,4685000,0.0,0.0,-0.0205832204968297,1.217631423473358,
2009-09-28 00:00:00-04:00,1.2175266517540981,1.2547835110382866,1.1971407819800457,1.2407243251800537,2336000,0.0,0.0,0.030356662721302996,1.2147493243217469,
2009-09-29 00:00:00-04:00,1.2336942726909699,1.2540801348711423,1.1915167308277084,1.1971403360366821,3567000,0.0,0.0,-0.03512785899240489,1.2106370151042938,
2009-09-30 00:00:00-04:00,1.1950309546073559,1.2182286083006086,1.1922190695479784,1.1999516487121582,5126000,0.0,0.0,0.002348356822378328,1.207895463705063,
2009-10-01 00:00:00-04:00,1.1950310162398516,1.201357611300987,1.1394972261950225,1.14652681350708,6605000,0.0,0.0,-0.044522489937337095,1.2030801653862,
2009-10-02 00:00:00-04:00,1.1387944929043041,1.1500418686809493,1.117705726172577,1.1310619115829468,6296000,0.0,0.0,-0.013488478195139764,1.198300015926361,
2009-10-05 00:00:00-04:00,1.131764838111522,1.1619920854272736,1.1247352496101521,1.1591802835464478,1889000,0.0,0.0,0.024860152813517278,1.1938362121582031,
2009-10-06 00:00:00-04:00,1.1767545280037328,1.2090906761371512,1.1556657576035014,1.157774567604065,4694000,0.0,0.0,-0.0012126810318772163,1.1895130097866058,
2009-10-07 00:00:00-04:00,1.164803978615756,1.1676158645163075,1.119111649775082,1.1338738203048706,2917000,0.0,0.0,-0.02064369694063617,1.1855413138866424,
2009-10-08 00:00:00-04:00,1.1324681620559855,1.137388942851264,1.1205178739803148,1.1254385709762573,5573000,0.0,0.0,-0.00743931924131136,1.1818859159946442,
2009-10-09 00:00:00-04:00,1.1233291999523878,1.1563682447749322,1.1205173146445218,1.1423090696334839,8705000,0.0,0.0,0.014990155031378016,1.1796715915203095,
2009-10-12 00:00:00-04:00,1.140200611136588,1.1563686854708182,1.12754733192722,1.1486361026763916,12888000,0.0,0.0,0.005538810126875626,1.1785820186138154,
2009-10-13 00:00:00-04:00,1.1380920059157937,1.1718341482304848,1.1352802026225766,1.1619926691055298,5573000,0.0,0.0,0.011628196604665852,1.1762974441051484,
2009-10-14 00:00:00-04:00,1.1837842993236638,1.1950316787783408,1.1626955256956468,1.185190200805664,6955000,0.0,0.0,0.01996357835716056,1.1737668097019196,
2009-10-15 00:00:00-04:00,1.223149867720222,1.261812613811677,1.2020610971248828,1.2062788009643555,20920000,0.0,0.0,0.017793431083344968,1.1755944967269898,
2009-10-16 00:00:00-04:00,1.2111992085507646,1.2111992085507646,1.1394973435442486,1.154962420463562,12638000,0.0,0.0,-0.042541061369700595,1.176402896642685,
2009-10-19 00:00:00-04:00,1.1570712523525384,1.1697245269070242,1.128952817898517,1.141606092453003,21429000,0.0,0.0,-0.011564296615987124,1.175102424621582,
2009-10-20 00:00:00-04:00,1.1486363939643796,1.1760518531703108,1.1437156963015758,1.1619926691055298,4890000,0.0,0.0,0.01785780295611561,1.1725717961788178,
2009-10-21 00:00:00-04:00,1.1507447103053599,1.1887045384923405,1.132467746682076,1.1591802835464478,2338000,0.0,0.0,-0.002420312652442913,1.169373333454132,
2009-10-22 00:00:00-04:00,1.147932914653975,1.147932914653975,1.0973198101300075,1.1444181203842163,9834000,0.0,0.0,-0.012735001942120183,1.1651204228401184,
2009-10-23 00:00:00-04:00,1.1338741694315404,1.1535570415986292,1.1191119943563894,1.1282504796981812,11341000,0.0,0.0,-0.01412738962976856,1.1613244593143464,
2009-10-26 00:00:00-04:00,1.1184091334166288,1.1331713102301446,1.111379541371973,1.1134884357452393,1624000,0.0,0.0,-0.01308401300825579,1.1549626648426057,
2009-10-27 00:00:00-04:00,1.121220594802476,1.124032397032998,1.0727163778311095,1.086072564125061,3288000,0.0,0.0,-0.024621604266441444,1.1494092762470245,
2009-10-28 00:00:00-04:00,1.0895872228877173,1.0895872228877173,1.0467066995260215,1.0495185852050781,6220000,0.0,0.0,-0.03365703188481772,1.1418876230716706,
2009-10-29 00:00:00-04:00,1.0509241440741037,1.0684981096005715,1.0347560790298977,1.057250738143921,11833000,0.0,0.0,0.0073673330304406814,1.1374238193035127,
2009-10-30 00:00:00-04:00,1.061468654922237,1.0677953335753045,1.0453005878745596,1.0544390678405762,2781000,0.0,0.0,-0.002659416732383457,1.133592677116394,
2009-11-02 00:00:00-05:00,1.0614692754589121,1.0614692754589121,1.0347568121725936,1.0453011989593506,2766000,0.0,0.0,-0.008666094760638288,1.1278987228870392,
2009-11-03 00:00:00-05:00,1.031944693181395,1.0417860843153604,1.0150736292097677,1.0185884237289429,3637000,0.0,0.0,-0.025555098623250005,1.120939415693283,
2009-11-04 00:00:00-05:00,1.0263210080614489,1.072013336938525,1.007341050565368,1.0389742851257324,8053000,0.0,0.0,0.02001383573765647,1.1161944389343261,
2009-11-05 00:00:00-05:00,1.055844863218022,1.1064579521987437,1.043894583130627,1.0769336223602295,2741000,0.0,0.0,0.03653539628259739,1.1137691915035248,
2009-11-06 00:00:00-05:00,1.0769339772256252,1.1029435224442945,1.0453008280887315,1.0748251676559448,2575000,0.0,0.0,-0.0019578316253733297,1.1103949964046478,
2009-11-09 00:00:00-05:00,1.072716602319048,1.1064586551431028,1.0607662308401815,1.1008349657058716,2529000,0.0,0.0,0.02419909659042574,1.1080049395561218,
2009-11-10 00:00:00-05:00,1.102943628906138,1.102943628906138,1.0670926895707504,1.086072564125061,1468000,0.0,0.0,-0.013410185941309272,1.1042089343070984,
2009-11-11 00:00:00-05:00,1.091696293548596,1.091696293548596,1.0628749425020991,1.0797460079193115,1535000,0.0,0.0,-0.005825168975561179,1.0989367246627808,
2009-11-12 00:00:00-05:00,1.082558157253752,1.1212209964695834,1.082558157253752,1.096617341041565,1300000,0.0,0.0,0.01562527946249581,1.0934536516666413,
2009-11-13 00:00:00-05:00,1.097320042029418,1.1071615183441492,1.083260861979222,1.095211148262024,621000,0.0,0.0,-0.0012823003311305259,1.0904660880565644,
2009-11-16 00:00:00-05:00,1.0987261081134228,1.1394978369350497,1.0916965170336945,1.1254385709762573,1556000,0.0,0.0,0.027599630228564598,1.089657711982727,
2009-11-17 00:00:00-05:00,1.112784659495743,1.138091206557593,1.0952106917581492,1.1296557188034058,985000,0.0,0.0,0.0037471150677643728,1.088040864467621,
2009-11-18 00:00:00-05:00,1.1352795372350186,1.1352795372350186,1.1113788880534579,1.126844048500061,1155000,0.0,0.0,-0.002488962129384875,1.0864240527153015,
2009-11-19 00:00:00-05:00,1.1134878036493223,1.1170025976764,1.0720131838502283,1.0945079326629639,1166000,0.0,0.0,-0.028696176618352554,1.083928543329239,
2009-11-20 00:00:00-05:00,1.093805197038688,1.1001318780517912,1.0762312227789335,1.0853697061538696,4237000,0.0,0.0,-0.008349164255813779,1.0817845046520234,
2009-11-23 00:00:00-05:00,1.0923990740279184,1.0973197690615564,1.0649836294702728,1.0677955150604248,4653000,0.0,0.0,-0.016191893871555507,1.0794998586177826,
2009-11-24 00:00:00-05:00,1.0614690969984477,1.077637170779737,1.0551424995097936,1.072716474533081,5228000,0.0,0.0,0.004608522327777198,1.0788320541381835,
2009-11-25 00:00:00-05:00,1.0811517222576463,1.1233293366124564,1.0797458213323237,1.0895872116088867,1353000,0.0,0.0,0.015727116601941704,1.080835485458374,
2009-11-27 00:00:00-05:00,1.0635780078270618,1.1163000175422142,1.0586573115014493,1.1148940324783325,616000,0.0,0.0,0.023226062677514037,1.0837176501750947,
2009-11-30 00:00:00-05:00,1.1155970250102734,1.124032516396941,1.0720134992137293,1.1148940324783325,2765000,0.0,0.0,0.0,1.0867403984069823,
2009-12-01 00:00:00-05:00,1.117705268478481,1.148635413499568,1.117705268478481,1.1219229698181152,4178000,0.0,0.0,0.0063045788523576896,1.0905714869499206,
2009-12-02 00:00:00-05:00,1.1268441811312435,1.1324677850835896,1.0811517705236233,1.0973198413848877,8465000,0.0,0.0,-0.021929427505362642,1.094508057832718,
2009-12-03 00:00:00-05:00,1.0952107558331918,1.1205173043755954,1.0952107558331918,1.119814395904541,5079000,0.0,0.0,0.020499542313263674,1.0985500633716583,
2009-12-04 00:00:00-05:00,1.1528537247596904,1.1746454849235786,1.0966169270399564,1.1612892150878906,9468000,0.0,0.0,0.03703722628949402,1.1027678430080414,
2009-12-07 00:00:00-05:00,1.1598829242427813,1.1901101645775711,1.1598829242427813,1.1858924627304077,3084000,0.0,0.0,0.021186150119076874,1.1083212077617646,
2009-12-08 00:00:00-05:00,1.1676159408143454,1.1929224965764118,1.163398153587562,1.177457332611084,2495000,0.0,0.0,-0.007112896307564509,1.1121523261070252,
2009-12-09 00:00:00-05:00,1.167616133558914,1.1816753149032593,1.148636171704583,1.1816753149032593,967000,0.0,0.0,0.0035822803725904517,1.116932463645935,
2009-12-10 00:00:00-05:00,1.180971977308879,1.1943282459637246,1.1774571829995994,1.1788631677627563,2555000,0.0,0.0,-0.002379796806310619,1.1218883216381073,
2009-12-11 00:00:00-05:00,1.173239540358724,1.1739424489770933,1.1570714689458803,1.1655069589614868,774000,0.0,0.0,-0.01132973628026479,1.1253328025341034,
2009-12-14 00:00:00-05:00,1.1767541313182142,1.1880015052598947,1.173239337436351,1.1844866275787354,2248000,0.0,0.0,0.01628447472691219,1.129796576499939,
2009-12-15 00:00:00-05:00,1.184486733171157,1.1880016111656542,1.1746453429443366,1.1767542362213135,1404000,0.0,0.0,-0.006528052894297365,1.1323623597621917,
2009-12-16 00:00:00-05:00,1.186595711572886,1.2041697676088958,1.1767543206400577,1.1950312852859497,3157000,0.0,0.0,0.015531746988501016,1.1356311380863189,
2009-12-17 00:00:00-05:00,1.1887043373794253,1.1936250317380073,1.1345764480371496,1.14652681350708,1490000,0.0,0.0,-0.040588453520916334,1.13661527633667,
2009-12-18 00:00:00-05:00,1.1458243070361307,1.1809722584976303,1.140903610591386,1.1521509885787964,4178000,0.0,0.0,0.004905402128810854,1.1394974291324615,
2009-12-21 00:00:00-05:00,1.1802690490505574,1.1844867518717965,1.1500418017348057,1.1591802835464478,1443000,0.0,0.0,0.006101018909268285,1.1431879580020905,
2009-12-22 00:00:00-05:00,1.159883423915272,1.1760514974594116,1.1409035479283787,1.1760514974594116,3127000,0.0,0.0,0.014554434847138031,1.1486007571220398,
2009-12-23 00:00:00-05:00,1.1774571324790042,1.183783812243835,1.1704275441620604,1.1795660257339478,2235000,0.0,0.0,0.002988413587439398,1.153943234682083,
2009-12-24 00:00:00-05:00,1.1753483230233632,1.1950311870706662,1.1753483230233632,1.1795660257339478,308000,0.0,0.0,0.0,1.1584421753883363,
2009-12-28 00:00:00-05:00,1.1774574234087136,1.2512682027733137,1.1774574234087136,1.2217439413070679,7954000,0.0,0.0,0.035757146825991626,1.163784670829773,
2009-12-29 00:00:00-05:00,1.231585248909792,1.2428326257398314,1.2231497581869213,1.2322882413864136,2276000,0.0,0.0,0.008630531916585582,1.169654381275177,
2009-12-30 00:00:00-05:00,1.2168227465668664,1.249861875600437,1.2168227465668664,1.2435352802276611,3025000,0.0,0.0,0.009126954606491822,1.1757349967956543,
2009-12-31 00:00:00-05:00,1.2379117389241237,1.2857129573822021,1.2379117389241237,1.2857129573822021,5558000,0.0,0.0,0.03391755571809707,1.18515465259552,
2010-01-04 00:00:00-05:00,1.2864160889102467,1.3285936243830512,1.2660302298188029,1.3257818222045898,5387000,0.0,0.0,0.03116470483736178,1.1954530239105225,
2010-01-05 00:00:00-05:00,1.3321081128698873,1.3524939672763947,1.272356534215796,1.3356229066848755,3011000,0.0,0.0,0.00742285368185347,1.2041697084903717,
2010-01-06 00:00:00-05:00,1.33210826828261,1.3567118278579433,1.3068017163425454,1.3461674451828003,5331000,0.0,0.0,0.007894846999964455,1.2121834576129913,
2010-01-07 00:00:00-05:00,1.3384348305292622,1.3475733114710453,1.3110193877039125,1.3377318382263184,2718000,0.0,0.0,-0.006266387578059751,1.220197182893753,
2010-01-08 00:00:00-05:00,1.3285940317681941,1.3567123973719633,1.3250792360677228,1.34757399559021,2899000,0.0,0.0,0.007357347027743044,1.2284921169281007,
2010-01-11 00:00:00-05:00,1.3496824448617932,1.3742860919816944,1.337732159437373,1.3560091257095337,5127000,0.0,0.0,0.006259493094202373,1.2373494148254394,
2010-01-12 00:00:00-05:00,1.3454643796464187,1.3454643796464187,1.3173459453272196,1.3356229066848755,9167000,0.0,0.0,-0.01503398364962405,1.2458552122116089,
2010-01-13 00:00:00-05:00,1.3328114953223353,1.3328114953223353,1.2829013750190053,1.2948516607284546,9439000,0.0,0.0,-0.030526015803082007,1.2513734638690948,
2010-01-14 00:00:00-05:00,1.2990691936459207,1.3264845545396,1.2758715354593364,1.2955543994903564,10654000,0.0,0.0,0.0005427175816468122,1.257313472032547,
2010-01-15 00:00:00-05:00,1.3046933427673584,1.3046933427673584,1.2758720689207044,1.2821986675262451,1587000,0.0,0.0,-0.010308893219277526,1.2616718411445618,
2010-01-19 00:00:00-05:00,1.258297483155869,1.2758715377647478,1.2161199532128872,1.251970887184143,3813000,0.0,0.0,-0.023574958473807084,1.2669440448284148,
2010-01-20 00:00:00-05:00,1.2449414527008325,1.2660302202783151,1.2259614948416475,1.2625154256820679,1938000,0.0,0.0,0.00842235119511514,1.2724622666835785,
2010-01-21 00:00:00-05:00,1.2561889013135459,1.2997724267652815,1.250565296299808,1.2646244764328003,3386000,0.0,0.0,0.0016705148371498613,1.2777344763278962,
2010-01-22 00:00:00-05:00,1.2568917220978109,1.269544999248421,1.221743776567957,1.234397053718567,9235000,0.0,0.0,-0.023902291373877005,1.280651754140854,
2010-01-25 00:00:00-05:00,1.2421302270060055,1.2512687145737282,1.2273681321344756,1.2407243251800537,2614000,0.0,0.0,0.005125799225156991,1.283709669113159,
2010-01-26 00:00:00-05:00,1.1971402526575419,1.2653273409601407,1.1837840655174794,1.248456358909607,7654000,0.0,0.0,0.0062318708295101555,1.2871541857719422,
2010-01-27 00:00:00-05:00,1.2400207056628303,1.2618123809773374,1.212605258668095,1.2238526344299316,6963000,0.0,0.0,-0.019707316402444386,1.2872596204280853,
2010-01-28 00:00:00-05:00,1.2336935741397537,1.2470498384466984,1.212604815149158,1.2456438541412354,144576000,0.0,0.0,0.017805427792745743,1.2879274010658264,
2010-01-29 00:00:00-05:00,1.2456445139703805,1.2554859903253448,1.2126054574772165,1.2217439413070679,33570000,0.0,0.0,-0.019186794648173633,1.2868378341197968,
2010-02-01 00:00:00-05:00,1.2217434642064893,1.2435352183832558,1.2154167853490614,1.230178952217102,5095000,0.0,0.0,0.006904074270268179,1.2840611338615417,
2010-02-02 00:00:00-05:00,1.2308824274285854,1.2512682051029345,1.219635049801778,1.2442386150360107,17729000,0.0,0.0,0.011428957383451843,1.2799839735031129,
2010-02-03 00:00:00-05:00,1.2329909906947378,1.2435354574845592,1.2287732877781161,1.2386146783828735,12857000,0.0,0.0,-0.0045199824094628305,1.2751335620880127,
2010-02-04 00:00:00-05:00,1.2217440425854773,1.2358032238586072,1.1992492855090051,1.2104966640472412,13767000,0.0,0.0,-0.022701179653661918,1.2683500230312348,
2010-02-05 00:00:00-05:00,1.212605504850511,1.21752620132057,1.166913083916172,1.2090907096862793,5387000,0.0,0.0,-0.0011614690091430457,1.2619179666042328,
2010-02-08 00:00:00-05:00,1.2006549582150272,1.215417129260131,1.1858928709692378,1.1957342624664307,4983000,0.0,0.0,-0.011046687492383578,1.2543259799480437,
2010-02-09 00:00:00-05:00,1.1978433417178478,1.2217439993152832,1.1823782596249939,1.1943285465240479,1896000,0.0,0.0,-0.0011756089847950735,1.2462419509887694,
2010-02-10 00:00:00-05:00,1.1851897667957179,1.190813454463693,1.1605862065727195,1.1809719800949097,5780000,0.0,0.0,-0.011183326788940073,1.2385094046592713,
2010-02-11 00:00:00-05:00,1.1781602046395894,1.2126052400055192,1.1598832402577237,1.204169750213623,3700000,0.0,0.0,0.019642947089099527,1.2339753091335297,
2010-02-12 00:00:00-05:00,1.1936252941101548,1.2224466419445605,1.1802691088011235,1.2203377485275269,1632000,0.0,0.0,0.013426677020441202,1.2302144765853882,
2010-02-16 00:00:00-05:00,1.2231497861497138,1.2308823683720576,1.2140113027413038,1.2287734746932983,4227000,0.0,0.0,0.006912615934359323,1.2275432169437408,
2010-02-17 00:00:00-05:00,1.2372088198227162,1.2372088198227162,1.206981570787177,1.2238526344299316,5077000,0.0,0.0,-0.004004676504426485,1.2261373043060302,
2010-02-18 00:00:00-05:00,1.2280708023322786,1.2301796965607812,1.2161205134365527,1.2266649007797241,4619000,0.0,0.0,0.0022978798841271075,1.2243447780609131,
2010-02-19 00:00:00-05:00,1.2301793477558665,1.2386148384787372,1.2203378720797524,1.2322882413864136,3746000,0.0,0.0,0.004584251659206284,1.2227279663085937,
2010-02-22 00:00:00-05:00,1.2301792742799604,1.2365058709944103,1.211199400337298,1.2196348905563354,8465000,0.0,0.0,-0.010268174608111358,1.2219898581504822,
2010-02-23 00:00:00-05:00,1.2196350475310525,1.229476440086693,1.2041699661724783,1.2217439413070679,18202000,0.0,0.0,0.001729247635553044,1.2210408389568328,
2010-02-24 00:00:00-05:00,1.2301793394179348,1.2561888038868811,1.2238527423684917,1.247050404548645,8523000,0.0,0.0,0.02071339368747216,1.2209705412387848,
2010-02-25 00:00:00-05:00,1.2653269729129704,1.292742415519876,1.2435353010862107,1.271653652191162,23197000,0.0,0.0,0.019729152528860316,1.2233605921268462,
2010-02-26 00:00:00-05:00,1.2688418432748316,1.278683317034293,1.2625152474146288,1.2758715152740479,2807000,0.0,0.0,0.003316833223903304,1.224871975183487,
2010-03-01 00:00:00-05:00,1.3145344099857934,1.3215639990392487,1.273762776715891,1.2864160537719727,8722000,0.0,0.0,0.008264577092357062,1.2281055808067323,
2010-03-02 00:00:00-05:00,1.2786833077295587,1.3173460425477486,1.2786833077295587,1.3159401416778564,9810000,0.0,0.0,0.022950652566340768,1.23239364027977,
2010-03-03 00:00:00-05:00,1.3180488582196224,1.4017009962572777,1.3180488582196224,1.3292962312698364,10634000,0.0,0.0,0.010149465898160459,1.2366465210914612,
2010-03-04 00:00:00-05:00,1.3363260946473874,1.3524941653237008,1.300475158965097,1.3398408889770508,3966000,0.0,0.0,0.007932511549469501,1.24170783162117,
2010-03-05 00:00:00-05:00,1.3391377334272716,1.382018252544212,1.3391377334272716,1.3609294891357422,3767000,0.0,0.0,0.01573963022937175,1.249229472875595,
2010-03-08 00:00:00-05:00,1.3693651254458743,1.3721770111498857,1.3419497635774238,1.3574148416519165,2220000,0.0,0.0,-0.002582534592631691,1.256645679473877,
2010-03-09 00:00:00-05:00,1.3665535506189697,1.405919286622019,1.3461676901248008,1.3602268695831299,9227000,0.0,0.0,0.0020716054112031035,1.2648703098297118,
2010-03-10 00:00:00-05:00,1.3679592796326348,1.4045132086630432,1.3609296907882191,1.3876421451568604,5449000,0.0,0.0,0.02015492870107205,1.2745359897613526,
2010-03-11 00:00:00-05:00,1.3911565811128945,1.403809854532273,1.3911565811128945,1.396077275276184,3947000,0.0,0.0,0.006078750309482794,1.2852912545204163,
2010-03-12 00:00:00-05:00,1.398889440848093,1.4059190292906016,1.3665533004928314,1.3813154697418213,4984000,0.0,0.0,-0.010573773956346733,1.2941485404968263,
2010-03-15 00:00:00-04:00,1.3749888622457758,1.3749888622457758,1.3377320247793545,1.3651474714279175,1792000,0.0,0.0,-0.011704783351862202,1.3013890266418457,
2010-03-16 00:00:00-04:00,1.365147719250249,1.383424687000537,1.3468707514999612,1.3707714080810547,1623000,0.0,0.0,0.0041196550342321725,1.3084889233112336,
2010-03-17 00:00:00-04:00,1.3770975625464055,1.4052159138537537,1.374988669438495,1.3981863260269165,3094000,0.0,0.0,0.019999627789319074,1.3172056078910828,
2010-03-18 00:00:00-04:00,1.4017012350100964,1.4059190215721677,1.3693650948323588,1.4045131206512451,2112000,0.0,0.0,0.004525001072143819,1.3260980188846587,
2010-03-19 00:00:00-04:00,1.4136518239974976,1.4256022777051458,1.3841275630813334,1.4136518239974976,6365000,0.0,0.0,0.006506669971167556,1.335166198015213,
2010-03-22 00:00:00-04:00,1.3967803980966627,1.4164633441887302,1.3848301157829672,1.4017010927200317,4734000,0.0,0.0,-0.008453801052420218,1.3442695081233977,
2010-03-23 00:00:00-04:00,1.404513388111771,1.427008058528088,1.4024044944291403,1.4213844537734985,2819000,0.0,0.0,0.01404248106511119,1.3542515337467194,
2010-03-24 00:00:00-04:00,1.4199782895294044,1.4199782895294044,1.3756918629820927,1.379206657409668,1535000,0.0,0.0,-0.029673742562651984,1.3608593463897705,
2010-03-25 00:00:00-04:00,1.38834505818433,1.38834505818433,1.3574148187577093,1.3813154697418213,5835000,0.0,0.0,0.0015290038811979212,1.3663424372673034,
2010-03-26 00:00:00-04:00,1.3820184628261112,1.4199782930167366,1.3820184628261112,1.3995925188064575,5250000,0.0,0.0,0.013231625551875181,1.3725284874439239,
2010-03-29 00:00:00-04:00,1.4122459703483112,1.4340376482706445,1.4017015019351566,1.4213844537734985,2961000,0.0,0.0,0.015570199664702855,1.3792769074440003,
2010-03-30 00:00:00-04:00,1.4256017859076273,1.4417698539124932,1.403107038875139,1.4326313734054565,3539000,0.0,0.0,0.007912651360509448,1.3851114690303803,
2010-03-31 00:00:00-04:00,1.4333345591466538,1.453720417113471,1.4178693966203408,1.4452848434448242,6620000,0.0,0.0,0.008832327892756897,1.3909108996391297,
2010-04-01 00:00:00-04:00,1.4544234893927122,1.4621559877267334,1.4122459515002803,1.4410672187805176,3246000,0.0,0.0,-0.0029181961489708197,1.395972216129303,
2010-04-05 00:00:00-04:00,1.4544232521871556,1.4551261607577992,1.391156871867463,1.4241960048675537,6120000,0.0,0.0,-0.011707444103295161,1.3991355419158935,
2010-04-06 00:00:00-04:00,1.409434369557083,1.4642651103518014,1.405919490383765,1.4537208080291748,2358000,0.0,0.0,0.020730856610124304,1.4039508402347565,
2010-04-07 00:00:00-04:00,1.4466908533993965,1.457938061688245,1.43403749267651,1.4396612644195557,1446000,0.0,0.0,-0.009671419389449265,1.4079225599765777,
2010-04-08 00:00:00-04:00,1.4396610233996547,1.4396610233996547,1.411542504589113,1.412948489189148,1402000,0.0,0.0,-0.018554903080745033,1.409187877178192,
2010-04-09 00:00:00-04:00,1.4129489720757273,1.4157607746381593,1.3939690952809973,1.406622290611267,1983000,0.0,0.0,-0.004477303048401549,1.4097151279449462,
2010-04-12 00:00:00-04:00,1.4002952384408267,1.41646339122462,1.3827212686314403,1.4073249101638794,2867000,0.0,0.0,0.0004995083309158321,1.4110155999660492,
2010-04-13 00:00:00-04:00,1.3960780237340407,1.4227904855404954,1.388345524131733,1.4164639711380005,2367000,0.0,0.0,0.006493923974568716,1.4135814249515533,
2010-04-14 00:00:00-04:00,1.4502053986860528,1.5155805855020332,1.441066917294692,1.5148776769638062,4783000,0.0,0.0,0.06947843914924223,1.420786738395691,
2010-04-15 00:00:00-04:00,1.5183927109637079,1.5465110665669695,1.5183927109637079,1.5436992645263672,6148000,0.0,0.0,0.01902568636454305,1.4280623853206635,
2010-04-16 00:00:00-04:00,1.544401648386027,1.545104556757691,1.523312888849038,1.5380749702453613,3439000,0.0,0.0,-0.0036433872906790343,1.4347404778003692,
2010-04-19 00:00:00-04:00,1.5240165936231975,1.5493231518116972,1.4973042179567337,1.53948175907135,4867000,0.0,0.0,0.0009146425585251361,1.4410319745540618,
2010-04-20 00:00:00-04:00,1.5795505621773867,1.608372002101046,1.5591646983481968,1.5725209712982178,8506000,0.0,0.0,0.021461256057231592,1.4495729684829712,
2010-04-21 00:00:00-04:00,1.5816587312070705,1.6048563872349526,1.5085508854956406,1.5352634191513062,5402000,0.0,0.0,-0.02369288093891242,1.4552669167518615,
2010-04-22 00:00:00-04:00,1.535263030921456,1.5366690151367488,1.474105482932251,1.5134713649749756,6441000,0.0,0.0,-0.014194342094321022,1.461980152130127,
2010-04-23 00:00:00-04:00,1.5064425031742004,1.5197987745302657,1.4818390218326554,1.5106602907180786,1886000,0.0,0.0,-0.0018573686440003234,1.46844739317894,
2010-04-26 00:00:00-04:00,1.5008184980471397,1.548619798135675,1.4973037877633986,1.531748652458191,2550000,0.0,0.0,0.013959698199313975,1.4750551998615264,
2010-04-27 00:00:00-04:00,1.5366699185623576,1.5366699185623576,1.4635620483571365,1.4762152433395386,2506000,0.0,0.0,-0.036254909726560425,1.4777967393398286,
2010-04-28 00:00:00-04:00,1.4888685059786244,1.496601004193337,1.4537205582772466,1.4769182205200195,3139000,0.0,0.0,0.00047620235846546066,1.4800110816955567,
2010-04-29 00:00:00-04:00,1.4994125143263357,1.5324517295666482,1.4994125143263357,1.5043333768844604,3185000,0.0,0.0,0.01856240649180152,1.4829635083675385,
2010-04-30 00:00:00-04:00,1.5162838746354839,1.5247192810749604,1.4403642110884396,1.4417701959609985,3603000,0.0,0.0,-0.04158864111160854,1.4829986572265625,
2010-05-03 00:00:00-04:00,1.4516119098452913,1.5092546208513646,1.4333349404337072,1.48465096950531,4239000,0.0,0.0,0.02974175334213358,1.4860214054584504,
2010-05-04 00:00:00-04:00,1.4741062011653578,1.4741062011653578,1.4002955134689823,1.4094340801239014,5540000,0.0,0.0,-0.050663011661569946,1.4838070690631866,
2010-05-05 00:00:00-04:00,1.4017011648409903,1.4101367375428486,1.3496821629764948,1.3770976066589355,6266000,0.0,0.0,-0.022942877514444127,1.4806788861751556,
2010-05-06 00:00:00-04:00,1.3756916341435916,1.3763945426325963,1.3039897727088043,1.349682092666626,9155000,0.0,0.0,-0.019908185055105942,1.4775155663490296,
2010-05-07 00:00:00-04:00,1.3524943309494502,1.3707712972216108,1.2920398275562883,1.3560091257095337,6025000,0.0,0.0,0.0046877950572843385,1.4749849081039428,
2010-05-10 00:00:00-04:00,1.4059186898335048,1.469888046534048,1.4059186898335048,1.4579375982284546,8944000,0.0,0.0,0.07516798418711734,1.4775155425071715,
2010-05-11 00:00:00-04:00,1.4291169523372789,1.4621560073703563,1.4178695752284645,1.4523146152496338,2174000,0.0,0.0,-0.003856806344560537,1.4793080747127534,
2010-05-12 00:00:00-04:00,1.4452845091952515,1.470591056749952,1.4410667233363716,1.4565318822860718,3533000,0.0,0.0,0.002903824689330925,1.4763907849788667,
2010-05-13 00:00:00-04:00,1.464264894440319,1.464264894440319,1.428414037191606,1.4382554292678833,2919000,0.0,0.0,-0.012547925136731641,1.4711185932159423,
2010-05-14 00:00:00-04:00,1.4347409868703922,1.440364760908726,1.3862368366327205,1.4220877885818481,5049000,0.0,0.0,-0.011241146987545192,1.4653192341327668,
2010-05-17 00:00:00-04:00,1.4234928276894914,1.4424726963043213,1.4002950894501707,1.4424726963043213,2929000,0.0,0.0,0.014334493191029862,1.4604687809944152,
2010-05-18 00:00:00-04:00,1.4480964592262404,1.4677794060554223,1.4017011452128936,1.411542534828186,3384000,0.0,0.0,-0.021442458880074233,1.4524198591709137,
2010-05-19 00:00:00-04:00,1.3946715513419634,1.4256018722853607,1.3307022677160774,1.4073249101638794,5790000,0.0,0.0,-0.002987954355070155,1.4460229337215424,
2010-05-20 00:00:00-04:00,1.3897508326794312,1.427007664795122,1.3665531761697145,1.412948489189148,11123000,0.0,0.0,0.003995935113955795,1.4409967899322509,
2010-05-21 00:00:00-04:00,1.3988896663177868,1.4234933136314285,1.3735831103261835,1.392562985420227,8233000,0.0,0.0,-0.014427634075053652,1.4350919246673584,
2010-05-24 00:00:00-04:00,1.388345456691018,1.4059194328416733,1.3574152083862678,1.3630388975143433,4802000,0.0,0.0,-0.021201258553468216,1.426656436920166,
2010-05-25 00:00:00-04:00,1.3356233086611051,1.3595239640758678,1.3018812611221766,1.3517913818359375,6804000,0.0,0.0,-0.008251793620062453,1.4204352438449859,
2010-05-26 00:00:00-04:00,1.3749886883955909,1.435443261858898,1.3693650012967276,1.4073249101638794,9462000,0.0,0.0,0.04108143392105301,1.416955578327179,
2010-05-27 00:00:00-04:00,1.4319283611931155,1.5148775979257516,1.4263047579835035,1.5001155138015747,10657000,0.0,0.0,0.06593403056220337,1.4167446851730348,
2010-05-28 00:00:00-04:00,1.5064421210154275,1.5106599074893248,1.4270077569519082,1.4516113996505737,7955000,0.0,0.0,-0.03233358611703341,1.4172367453575134,
2010-06-01 00:00:00-04:00,1.452314462555724,1.4755121230291155,1.4298197107031556,1.4333345890045166,4561000,0.0,0.0,-0.01259070481980007,1.4146709263324737,
2010-06-02 00:00:00-04:00,1.4298195359335115,1.483947515487671,1.4298195359335115,1.483947515487671,8618000,0.0,0.0,0.035311313123550736,1.4183965981006623,
2010-06-03 00:00:00-04:00,1.4804332376138662,1.5465115270349903,1.4804332376138662,1.5226107835769653,6463000,0.0,0.0,0.026054336616203377,1.4256722569465636,
2010-06-04 00:00:00-04:00,1.504333295142576,1.5071450967382878,1.4466906082368165,1.4628586769104004,3157000,0.0,0.0,-0.039243191570069835,1.4313310861587525,
2010-06-07 00:00:00-04:00,1.4677797919171263,1.4832447889214062,1.4445821288120653,1.4600471258163452,7353000,0.0,0.0,-0.0019219567402048998,1.436532986164093,
2010-06-08 00:00:00-04:00,1.4719972624931643,1.483244469675984,1.4495025129303154,1.482541561126709,11924000,0.0,0.0,0.01540665017766929,1.4377631843090057,
2010-06-09 00:00:00-04:00,1.493788917700785,1.5394813248188266,1.473403061632843,1.4811357259750366,8025000,0.0,0.0,-0.0009482601962295112,1.4392042398452758,
2010-06-10 00:00:00-04:00,1.5113634543461671,1.5444025126839938,1.5106603779824759,1.5324522256851196,10099000,0.0,0.0,0.03464672332868157,1.4430002570152283,
2010-06-11 00:00:00-04:00,1.5113632015706904,1.545105163030209,1.5064423382424916,1.5415904521942139,7929000,0.0,0.0,0.0059631395719423885,1.4481670081615448,
2010-06-14 00:00:00-04:00,1.5570549731229182,1.557758049154579,1.4980064747794548,1.5120656490325928,13409000,0.0,0.0,-0.019152170487042874,1.4526659011840821,
2010-06-15 00:00:00-04:00,1.5289368279872613,1.595717998371812,1.5162836365158114,1.564084768295288,12082000,0.0,0.0,0.03440268568760674,1.4587465047836303,
2010-06-16 00:00:00-04:00,1.56197589410243,1.6512518144086874,1.5500256110123076,1.608371376991272,26923000,0.0,0.0,0.028314711321082875,1.4685879468917846,
2010-06-17 00:00:00-04:00,1.6371928023869866,1.6653111577965156,1.6189158378510689,1.6414105892181396,20536000,0.0,0.0,0.020542029471248835,1.4802922308444977,
2010-06-18 00:00:00-04:00,1.6371925886780665,1.654063566201828,1.6034504660319469,1.619618535041809,12720000,0.0,0.0,-0.0132764186605564,1.4906257331371306,
2010-06-21 00:00:00-04:00,1.6442219978209636,1.644924906258429,1.5732230500810214,1.6161036491394043,7111000,0.0,0.0,-0.002170193676076959,1.5018027663230895,
2010-06-22 00:00:00-04:00,1.6090746545559642,1.6196189553954947,1.5535408451784252,1.5647882223129272,12008000,0.0,0.0,-0.03175255922094056,1.5118902325630188,
2010-06-23 00:00:00-04:00,1.581659184970194,1.5957183643175934,1.5120661969209745,1.5844709873199463,11441000,0.0,0.0,0.012578548794242472,1.5235242128372193,
2010-06-24 00:00:00-04:00,1.5922035437326263,1.5943122696508767,1.4572351966456445,1.4930862188339233,17771000,0.0,0.0,-0.057675255159197136,1.5278122782707215,
2010-06-25 00:00:00-04:00,1.5071450856483337,1.5514315051503504,1.4853532463450831,1.509253978729248,95883000,0.0,0.0,0.010828416799634866,1.528269201517105,
2010-06-28 00:00:00-04:00,1.5141753682497798,1.5366701263701237,1.4424734733900186,1.5289374589920044,9663000,0.0,0.0,0.013041860773711056,1.5321355044841767,
2010-06-29 00:00:00-04:00,1.4958979156531795,1.4966008242430993,1.4312256326193404,1.4741060733795166,13274000,0.0,0.0,-0.03586241235049403,1.5341740787029265,
2010-06-30 00:00:00-04:00,1.4684822283166765,1.4980065630269743,1.453017068687742,1.4804325103759766,13444000,0.0,0.0,0.004291710827807771,1.533998328447342,
2010-07-01 00:00:00-04:00,1.4987094367269702,1.5148775044552498,1.4537201110302105,1.5050361156463623,11503000,0.0,0.0,0.016619200874032014,1.5331195950508119,
2010-07-02 00:00:00-04:00,1.5099567143876231,1.524718796665704,1.4951946321095424,1.516283392906189,5534000,0.0,0.0,0.007473094594142804,1.5357908308506012,
2010-07-06 00:00:00-04:00,1.5331546857181628,1.5612730392736012,1.4586410152765295,1.4670764207839966,10588000,0.0,0.0,-0.03245235841294791,1.5361422955989839,
2010-07-07 00:00:00-04:00,1.458640890046419,1.524718981708911,1.4410668367837685,1.5233131647109985,9493000,0.0,0.0,0.03833252523883468,1.5381808757781983,
2010-07-08 00:00:00-04:00,1.5296399268471073,1.5465109049259895,1.5008184980471397,1.531748652458191,2914000,0.0,0.0,0.005537592625474819,1.540711522102356,
2010-07-09 00:00:00-04:00,1.528234157259668,1.5472140312194822,1.511363176806347,1.5472140312194824,3255000,0.0,0.0,0.010096551243229168,1.5414496123790742,
2010-07-12 00:00:00-04:00,1.5359666500043618,1.5732234891656205,1.5078482934750062,1.5535407066345215,4995000,0.0,0.0,0.004089075775800977,1.5420471251010894,
2010-07-13 00:00:00-04:00,1.5683027208167457,1.581658989828499,1.5563524366057204,1.580253005027771,6589000,0.0,0.0,0.017194463124894366,1.5454564929008483,
2010-07-14 00:00:00-04:00,1.5816587610962505,1.6069653106593118,1.561975814725606,1.566896677017212,5384000,0.0,0.0,-0.008452018738812295,1.5455970883369445,
2010-07-15 00:00:00-04:00,1.5640846399846,1.6168066299208577,1.5401840760555598,1.6104799509048462,8355000,0.0,0.0,0.02781502732560548,1.5457025170326233,
2010-07-16 00:00:00-04:00,1.5950154925204472,1.6132924596145168,1.545105287363774,1.54580819606781,6599000,0.0,0.0,-0.040156820828909034,1.5409223973751067,
2010-07-19 00:00:00-04:00,1.5500261523387426,1.5725209093047392,1.5310462744730968,1.5654913187026978,5262000,0.0,0.0,0.012733224396763498,1.5382160365581512,
2010-07-20 00:00:00-04:00,1.548620066823873,1.5528378539750374,1.5183928157053708,1.546511173248291,7122000,0.0,0.0,-0.01212408221473582,1.5347364127635956,
2010-07-21 00:00:00-04:00,1.5584610482390722,1.5718173148360235,1.5268278205302053,1.530342698097229,5036000,0.0,0.0,-0.010454806554744622,1.5330141365528107,
2010-07-22 00:00:00-04:00,1.5486199868430148,1.612589196669781,1.5387784281323704,1.6062626838684082,8397000,0.0,0.0,0.04960979384916553,1.5341037213802338,
2010-07-23 00:00:00-04:00,1.6097771940615206,1.6259452635595923,1.5816588414733268,1.608371376991272,6317000,0.0,0.0,0.0013127946904583077,1.5398679792881012,
2010-07-26 00:00:00-04:00,1.6090744783360311,1.6132922652493829,1.540184405680944,1.6027477979660034,6892000,0.0,0.0,-0.003496443113647274,1.544542670249939,
2010-07-27 00:00:00-04:00,1.6062622643992381,1.6210243472122103,1.5626787568008613,1.5760350227355957,9720000,0.0,0.0,-0.01666686128928585,1.5468975484371186,
2010-07-28 00:00:00-04:00,1.5732237832342983,1.585174237831829,1.5303433317913586,1.5324522256851196,3550000,0.0,0.0,-0.0276534445121831,1.5498148560523988,
2010-07-29 00:00:00-04:00,1.5401840871271568,1.5458076901160904,1.501521271882829,1.530342698097229,5103000,0.0,0.0,-0.0013765698874870225,1.5523103654384613,
2010-07-30 00:00:00-04:00,1.5169865998084677,1.5401842580091045,1.482541566783491,1.5296399593353271,2775000,0.0,0.0,-0.00045920352531203523,1.5535405576229095,
2010-08-02 00:00:00-04:00,1.5451050992701887,1.6027477959500411,1.5183927281835965,1.5345607995986938,10105000,0.0,0.0,0.00321699249116425,1.5544544279575347,
2010-08-03 00:00:00-04:00,1.5268284476514837,1.5394818109716395,1.502224964971163,1.5183930397033691,4176000,0.0,0.0,-0.01053575713621302,1.5570202589035034,
2010-08-04 00:00:00-04:00,1.5247192691120623,1.5781441798707474,1.4937891105460737,1.5704116821289062,6168000,0.0,0.0,0.03425901006217691,1.5593751847743988,
2010-08-05 00:00:00-04:00,1.5542439732270419,1.5992334881144734,1.5542439732270419,1.5985304117202759,4639000,0.0,0.0,0.017905323751317814,1.562714272737503,1.313496689474772
2010-08-06 00:00:00-04:00,1.5858763842958477,1.5978266655504458,1.5739261030412497,1.5879852771759033,2716000,0.0,0.0,-0.006596768173477763,1.5647528350353241,1.3152847720517054
2010-08-09 00:00:00-04:00,1.594312995518637,1.611887060294287,1.5802538107375983,1.6097781658172607,2267000,0.0,0.0,0.013723608747880922,1.567564707994461,1.3170895964380294
2010-08-10 00:00:00-04:00,1.5872826752442664,1.604153823323834,1.5605703034493272,1.567599892616272,3722000,0.0,0.0,-0.02620129536890292,1.566932052373886,1.3188553636982328
2010-08-11 00:00:00-04:00,1.4438794730338311,1.4586417332356039,1.3553065822179537,1.4220877885818481,23300000,0.0,0.0,-0.09282477290271374,1.559691607952118,1.3201273873684898
2010-08-12 00:00:00-04:00,1.4375523938718286,1.4684825523562481,1.4199783373428891,1.434740424156189,18324000,0.0,0.0,0.008897225386456986,1.550904631614685,1.3213575681050618
2010-08-13 00:00:00-04:00,1.4326318710947306,1.4445821572326525,1.4024045337940843,1.4052163362503052,39578000,0.0,0.0,-0.02057799962195095,1.5438750386238098,1.3223171640956213
2010-08-16 00:00:00-04:00,1.4052162340966776,1.4270079948458427,1.3855333669360312,1.4248991012573242,14858000,0.0,0.0,0.014006928683693465,1.536845427751541,1.3233409183365958
2010-08-17 00:00:00-04:00,1.4333343808610726,1.4558291294470378,1.4263047928777832,1.4319283962249756,7749000,0.0,0.0,0.00493318787375796,1.5311162889003753,1.324498569681531
2010-08-18 00:00:00-04:00,1.4284142716037385,1.4635622259289094,1.4122461958542933,1.458641529083252,8339000,0.0,0.0,0.018655355204003854,1.5275312304496764,1.3255251168258606
2010-08-19 00:00:00-04:00,1.4530174045469673,1.465670765604121,1.4326317132859296,1.4417701959609985,5891000,0.0,0.0,-0.01156646975001252,1.5193066060543061,1.3262559724232508
2010-08-20 00:00:00-04:00,1.4263046323400939,1.4445815925592032,1.4263046323400939,1.4361460208892822,4158000,0.0,0.0,-0.003900881768448272,1.5106953382492065,1.327000772669202
2010-08-23 00:00:00-04:00,1.436848890629221,1.4459873704926423,1.4213838997823345,1.4340370893478394,5772000,0.0,0.0,-0.0014684659573384051,1.5022598028182983,1.3277204651681205
2010-08-24 00:00:00-04:00,1.4059190712606535,1.4396611973511435,1.4024042769344742,1.4227900505065918,10926000,0.0,0.0,-0.00784292046892765,1.4945975542068481,1.3284847949232375
2010-08-25 00:00:00-04:00,1.4234933724010077,1.4354436584129031,1.3855334530470924,1.4263051748275757,11221000,0.0,0.0,0.002470585396441516,1.4892902016639709,1.3291654397570898
2010-08-26 00:00:00-04:00,1.4424730289593577,1.4776209729440306,1.4241960645676044,1.4480966329574585,7769000,0.0,0.0,0.01527825777713887,1.4851778984069823,1.3299325586311401
2010-08-27 00:00:00-04:00,1.4495026140951566,1.451611507488772,1.406622005223131,1.427710771560669,10518000,0.0,0.0,-0.01407769407981796,1.4800814390182495,1.3305323038782393
2010-08-30 00:00:00-04:00,1.420681642785894,1.4312261131681794,1.4009988548705223,1.4059195518493652,5904000,0.0,0.0,-0.015263049173106058,1.473649376630783,1.3309591024641008
2010-08-31 00:00:00-04:00,1.3918603195326,1.4234935619397342,1.3848307287308663,1.4164639711380005,6339000,0.0,0.0,0.007500016110285168,1.4685529232025147,1.3315030606020064
2010-09-01 00:00:00-04:00,1.4270081132545263,1.5015218009029883,1.417166720757253,1.4762152433395386,11095000,0.0,0.0,0.04218340418043476,1.4638431012630462,1.3323817612632873
2010-09-02 00:00:00-04:00,1.490976906258072,1.4930857991822162,1.4642643742846309,1.4797295331954956,3047000,0.0,0.0,0.002380608025701614,1.4579030573368073,1.3333218277446808
2010-09-03 00:00:00-04:00,1.4881653184635197,1.4909771202330497,1.4572349962028788,1.4748090505599976,5240000,0.0,0.0,-0.003325258113131113,1.4522442460060119,1.3343065267517453
2010-09-07 00:00:00-04:00,1.4614533655194084,1.4755125475728037,1.4389586071945077,1.4466912746429443,4393000,0.0,0.0,-0.01906536707675932,1.444089901447296,1.3350931732427507
2010-09-08 00:00:00-04:00,1.445284657564528,1.4544231386640414,1.3911567632825237,1.411542534828186,10604000,0.0,0.0,-0.024295950650171205,1.436287033557892,1.3357570776863703
2010-09-09 00:00:00-04:00,1.4150580536960153,1.427008341871317,1.3700686201310717,1.3827219009399414,15500000,0.0,0.0,-0.02041782884831922,1.4343187391757966,1.3364293561095284
2010-09-10 00:00:00-04:00,1.3735829290794457,1.381315510111918,1.2941484767983946,1.3110195398330688,25537000,0.0,0.0,-0.05185595242118535,1.4281326949596405,1.3368756775818174
2010-09-13 00:00:00-04:00,1.3194551013942384,1.3405438684879694,1.3187521927707009,1.3321083784103394,11641000,0.0,0.0,0.01608583086408899,1.4244772970676423,1.3374531094043973
2010-09-14 00:00:00-04:00,1.3236728728329805,1.4185723236435315,1.3082077101058869,1.3988895416259766,12115000,0.0,0.0,0.05013192942704103,1.4231768190860747,1.3383597045663804
2010-09-15 00:00:00-04:00,1.3918599902147903,1.4136516662645964,1.3292965966024273,1.3433557748794556,11064000,0.0,0.0,-0.03969846445629455,1.4187481880187989,1.3388980839933668
2010-09-16 00:00:00-04:00,1.3363258827719842,1.3813152933381585,1.3356228904977887,1.3531968593597412,8576000,0.0,0.0,0.007325746957218993,1.4134759545326232,1.3393639330826108
2010-09-17 00:00:00-04:00,1.3637416463487912,1.4284139340642728,1.3567119733455615,1.4087309837341309,15408000,0.0,0.0,0.04103920578168152,1.41182399392128,1.340312369286068
2010-09-20 00:00:00-04:00,1.415760877341935,1.4748095734298416,1.3911573098381946,1.45020592212677,12498000,0.0,0.0,0.029441347476223845,1.4125269889831542,1.341548129206612
2010-09-21 00:00:00-04:00,1.458641308415215,1.5408874923337756,1.4361465540107192,1.4600471258163452,9719000,0.0,0.0,0.006786073301330076,1.4138274908065795,1.3427085720357441
2010-09-22 00:00:00-04:00,1.462155712026868,1.507848119927359,1.4551261237036082,1.4593439102172852,14238000,0.0,0.0,-0.0004816389735823323,1.4156551837921143,1.3436876937510476
2010-09-23 00:00:00-04:00,1.451611172572244,1.521907044145335,1.421383931035957,1.4994122982025146,10337000,0.0,0.0,0.027456439640237695,1.4193105399608612,1.3447839745453425
2010-09-24 00:00:00-04:00,1.5029273136893972,1.5310456649025217,1.49870952748771,1.5169864892959595,7934000,0.0,0.0,0.011720719587609452,1.4227550327777863,1.3459248878653087
2010-09-27 00:00:00-04:00,1.5451053002835595,1.5542437839070078,1.5275314093452192,1.5429964065551758,6663000,0.0,0.0,0.017145780428992285,1.4285193145275117,1.3472694380888863
2010-09-28 00:00:00-04:00,1.5535407142823827,1.5760354666560557,1.5331548554186558,1.567599892616272,6547000,0.0,0.0,0.015945264652964974,1.4366033315658568,1.3485665633564903
2010-09-29 00:00:00-04:00,1.5675998115475411,1.581658989154357,1.5549464511422364,1.5697087049484253,3880000,0.0,0.0,0.00134524909199496,1.444265568256378,1.3500450092648704
2010-09-30 00:00:00-04:00,1.5732232170991018,1.6168067292219062,1.5704114154521522,1.5823616981506348,10464000,0.0,0.0,0.008060726912147098,1.449572890996933,1.3515625094610548
2010-10-01 00:00:00-04:00,1.5900943965798209,1.592906198287604,1.5711143579554354,1.5907973051071167,6330000,0.0,0.0,0.005331023220759734,1.455126279592514,1.3533254876023246
2010-10-04 00:00:00-04:00,1.5886889710691579,1.5907978649918748,1.540887654818669,1.568303108215332,7856000,0.0,0.0,-0.014140203041310806,1.4598009824752807,1.3550605717159452
2010-10-05 00:00:00-04:00,1.577440569121293,1.5900939244471668,1.5640843054768319,1.5781434774398804,4099000,0.0,0.0,0.006274532756455731,1.4663735926151276,1.3567231240726652
2010-10-06 00:00:00-04:00,1.576034897567812,1.595014764705286,1.5352631945625552,1.5661933422088623,10263000,0.0,0.0,-0.0075722742588677505,1.4741061329841614,1.3583438334957
2010-10-07 00:00:00-04:00,1.570411466918329,1.6146978890045944,1.5647878634401307,1.608371376991272,8158000,0.0,0.0,0.026930286092855082,1.485388606786728,1.3602267603079479
2010-10-08 00:00:00-04:00,1.5922032305342027,1.5964208491396923,1.550025536091965,1.5605700016021729,11144000,0.0,0.0,-0.02972035941010065,1.4978661298751832,1.361953472334241
2010-10-11 00:00:00-04:00,1.5647880778800445,1.5788472561008235,1.5514318082907173,1.5704116821289062,3876000,0.0,0.0,0.00630646527655232,1.5097812950611114,1.363652292225096
2010-10-12 00:00:00-04:00,1.5739261554161446,1.5739261554161446,1.5282337541587445,1.5479165315628052,8550000,0.0,0.0,-0.01432436527446479,1.517232644557953,1.3652367383714705
2010-10-13 00:00:00-04:00,1.5612732606787347,1.5633821542543167,1.5141750285542064,1.546511173248291,9490000,0.0,0.0,-0.000907903162643553,1.5273904144763946,1.3667626054514022
2010-10-14 00:00:00-04:00,1.548619582427008,1.5816586254457055,1.531748439099521,1.5760350227355957,8488000,0.0,0.0,0.019090615055365356,1.5385323226451875,1.3683135769669972
2010-10-15 00:00:00-04:00,1.585174488782624,1.5971247776733621,1.5401849687249245,1.5950158834457397,8650000,0.0,0.0,0.012043425708394562,1.5478465676307678,1.3698561844371615
2010-10-18 00:00:00-04:00,1.599936396910007,1.6013423820997381,1.5753327454810264,1.5985304117202759,4626000,0.0,0.0,0.002203444060346005,1.5552627921104432,1.3716163748786563
2010-10-19 00:00:00-04:00,1.5725204640602406,1.5971241080004235,1.5535405915685687,1.5739264488220215,5217000,0.0,0.0,-0.01539161389602628,1.5609567582607269,1.3733319318483745
2010-10-20 00:00:00-04:00,1.5844708652970876,1.592203530661698,1.5521347217686037,1.5535407066345215,3061000,0.0,0.0,-0.012952156819499017,1.5656665980815887,1.374885693902061
2010-10-21 00:00:00-04:00,1.5605704650921592,1.5612733738020725,1.539481695406965,1.5429964065551758,3467000,0.0,0.0,-0.006787269901789794,1.5678458034992218,1.3764087737552704
2010-10-22 00:00:00-04:00,1.546511045796478,1.5809560812274437,1.5429961675939672,1.580253005027771,5244000,0.0,0.0,0.024145615838323753,1.5710091292858124,1.3781382772657607
2010-10-25 00:00:00-04:00,1.5816593406318342,1.6252428679375737,1.5753326590232621,1.6069658994674683,6475000,0.0,0.0,0.01690418835129992,1.574207603931427,1.3800379416299244
2010-10-26 00:00:00-04:00,1.6027480237767266,1.6505493361983905,1.5915006462893562,1.646331548690796,14787000,0.0,0.0,0.02449687901676878,1.578144186735153,1.3821523984273274
2010-10-27 00:00:00-04:00,1.6456280315658778,1.6695285951410894,1.6301628722885497,1.6660137176513672,11251000,0.0,0.0,0.011955167217820195,1.5829594373703002,1.384453752211162
2010-10-28 00:00:00-04:00,1.6842906396373816,1.6906173184142737,1.6231332475898317,1.6470338106155396,13518000,0.0,0.0,-0.011392407418220007,1.5861930429935456,1.3868248443754891
2010-10-29 00:00:00-04:00,1.6526581092490056,1.7538841640449259,1.6421136412501425,1.7349042892456055,13607000,0.0,0.0,0.05335074366034198,1.59339839220047,1.38951394576875
2010-11-01 00:00:00-04:00,1.722251426362533,1.7384195020034794,1.670935396632283,1.6751530170440674,8575000,0.0,0.0,-0.03444067351261204,1.5987408876419067,1.3919770963608273
2010-11-02 00:00:00-04:00,1.6941328355238205,1.718033407574329,1.6779647620546783,1.6927268505096436,4040000,0.0,0.0,0.010490882496565268,1.6044700562953949,1.394546245771741
2010-11-03 00:00:00-04:00,1.6955385547142383,1.7412309700449233,1.6842911780483287,1.7349042892456055,5849000,0.0,0.0,0.02491686046290531,1.612905603647232,1.3973887690476008
2010-11-04 00:00:00-04:00,1.7545868104281444,1.783408069899297,1.734200955690733,1.7777844667434692,9831000,0.0,0.0,0.024716163170309224,1.6213762581348419,1.400320555482592
2010-11-05 00:00:00-04:00,1.7827059714195508,1.8066065470895043,1.7679438807290504,1.7834088802337646,6295000,0.0,0.0,0.0031637206846553134,1.6325182020664215,1.4031240287281217
2010-11-08 00:00:00-05:00,1.7679436831248414,1.7981709375402044,1.7524785177500104,1.7749732732772827,3744000,0.0,0.0,-0.004730046513717112,1.6427462816238403,1.4059023942266191
2010-11-09 00:00:00-05:00,1.7805961684460032,1.7890317403051772,1.7419333542228992,1.7454482316970825,4079000,0.0,0.0,-0.016634076706792067,1.6526228666305542,1.408460383377378
2010-11-10 00:00:00-05:00,1.746854067658121,1.7524778381584276,1.7138150235136882,1.7299830913543701,2680000,0.0,0.0,-0.008860268704546925,1.661796462535858,1.4110155838822562
2010-11-11 00:00:00-05:00,1.7152211242942792,1.7644282396145998,1.6765583070290149,1.7468541860580444,12118000,0.0,0.0,0.00975217317902577,1.6703374207019805,1.41366283855741
2010-11-12 00:00:00-05:00,1.7440427473296363,1.8143388085849748,1.7264688577147747,1.8080121278762817,10075000,0.0,0.0,0.0350103301731477,1.6809872329235076,1.416485833743262
2010-11-15 00:00:00-05:00,1.8241804810980051,1.82488338986323,1.7630228933597332,1.7693495750427246,4987000,0.0,0.0,-0.02138401188656336,1.68952819108963,1.4191609862304868
2010-11-16 00:00:00-05:00,1.7588048840902488,1.7623195947375112,1.716627183132766,1.7503693103790283,5697000,0.0,0.0,-0.010727255332365848,1.6983503341674804,1.4216408701170058
2010-11-17 00:00:00-05:00,1.748259982711218,1.771457637056526,1.722250527026783,1.7292801141738892,6378000,0.0,0.0,-0.012048426626362851,1.707137304544449,1.4240203320033966
2010-11-18 00:00:00-05:00,1.741231034063467,1.7686464842698413,1.7349043530315407,1.762319803237915,6640000,0.0,0.0,0.019106036548514727,1.718103474378586,1.4265420611888644
2010-11-19 00:00:00-05:00,1.7524778295602845,1.7805961791281077,1.7461511506279492,1.7763783931732178,3454000,0.0,0.0,0.00797732052347877,1.7279097437858582,1.4292478963496194
2010-11-22 00:00:00-05:00,1.7805969131615813,1.8283982276916506,1.7805969131615813,1.8283982276916504,9078000,0.0,0.0,0.02928420809347232,1.7389813601970672,1.4321964222287376
2010-11-23 00:00:00-05:00,1.8206649292642068,1.831912303344718,1.803793951942737,1.8262887001037598,6454000,0.0,0.0,-0.0011537571826208959,1.7479792177677154,1.4352063158201793
2010-11-24 00:00:00-05:00,1.836129542078468,1.8558124827499611,1.832614833000532,1.8487828969955444,8239000,0.0,0.0,0.0123168899257311,1.7571176767349244,1.4382859444807445
2010-11-26 00:00:00-05:00,1.8452692371179156,1.9015059602366062,1.8396456318455086,1.8986941576004028,6268000,0.0,0.0,0.026996820819777723,1.7697006940841675,1.4414966863299172
2010-11-29 00:00:00-05:00,1.9029111124893254,1.9050200054431232,1.8530009252470823,1.892366647720337,10205000,0.0,0.0,-0.003332558777166428,1.777573812007904,1.4445818951205602
2010-11-30 00:00:00-05:00,1.8923668987507962,1.9155645567212567,1.8340212995521539,1.8354272842407227,54355000,0.0,0.0,-0.030088970099006462,1.785587525367737,1.4474411540561252
2010-12-01 00:00:00-05:00,1.8614368433652306,1.897990771233466,1.8480805747058964,1.888149380683899,16522000,0.0,0.0,0.02872469909097286,1.7953586518764495,1.4504817350516244
2010-12-02 00:00:00-05:00,1.8951787560909081,2.0020285581473973,1.8860402751519587,1.9971078634262085,19060000,0.0,0.0,0.057706494971729416,1.8084688305854797,1.4540523224406772
2010-12-03 00:00:00-05:00,1.9682859308457366,1.9682859308457366,1.8593272636444755,1.8663568496704102,26279000,0.0,0.0,-0.06547018123071424,1.8128974497318269,1.4570147924953036
2010-12-06 00:00:00-05:00,1.8874462842941284,1.8902580861926686,1.848080554918731,1.8874462842941284,8971000,0.0,0.0,0.011299786869505946,1.818099319934845,1.459896368166757
2010-12-07 00:00:00-05:00,1.7405287630312412,1.7777856189820636,1.7208458040315175,1.747558355331421,117381000,0.0,0.0,-0.0741149192571714,1.8167285740375518,1.4621252010739039
2010-12-08 00:00:00-05:00,1.7566958348928032,1.8094176631171257,1.747557353382181,1.7855170965194702,49077000,0.0,0.0,0.021721014964819707,1.8187320172786712,1.464538136644969
2010-12-09 00:00:00-05:00,1.809418890710623,1.8635469079499065,1.7974685993041644,1.8565173149108887,34051000,0.0,0.0,0.03976451333331954,1.8250587284564972,1.4672160810894437
2010-12-10 00:00:00-05:00,1.8769023926893242,1.8769023926893242,1.8389424722240293,1.8558136224746704,14052000,0.0,0.0,-0.00037903898367463995,1.8305067002773285,1.4699023924176655
2010-12-13 00:00:00-05:00,1.874843789584953,1.8818920675590083,1.8572230106277134,1.873434066772461,12177000,0.007,0.0,0.009494727317657103,1.8337777972221374,1.472711626972471
2010-12-14 00:00:00-05:00,1.8783673154802984,1.885415591469104,1.830438937929928,1.8529934883117676,9460000,0.0,0.0,-0.010910754118989785,1.8379599928855896,1.4753644319753798
2010-12-15 00:00:00-05:00,1.8536992964899128,1.8938744715243454,1.8262109569237417,1.8607475757598877,18005000,0.0,0.0,0.00418462746740933,1.8434789061546326,1.478078691259263
2010-12-16 00:00:00-05:00,1.874844381958711,1.9488514080915718,1.862157376770318,1.9481464624404907,24425000,0.0,0.0,0.04696977054768503,1.8544222235679626,1.4810672435495589
2010-12-17 00:00:00-05:00,1.9537850680967073,2.0017133033186476,1.940393286119417,1.9855022430419922,36401000,0.0,0.0,0.0191750370527608,1.8655813455581665,1.4843965111270783
2010-12-20 00:00:00-05:00,1.9657666730557954,2.004532286865849,1.9523748941703323,1.9601279497146606,14602000,0.0,0.0,-0.012779785777756403,1.8747688233852386,1.4876027689093636
2010-12-21 00:00:00-05:00,1.9699960394399665,1.979863597064406,1.95026075614685,1.9650622606277466,14950000,0.0,0.0,0.0025173412346903845,1.8816020250320435,1.4908007132628607
2010-12-22 00:00:00-05:00,1.969995621340439,1.986911454827116,1.9305252311753918,1.9833872318267822,9600000,0.0,0.0,0.009325389615483015,1.8894569516181945,1.4940044264944772
2010-12-23 00:00:00-05:00,1.9826837778091433,2.005943127394616,1.96717748873739,1.982683777809143,5885000,0.0,0.0,-0.0003546730594767844,1.8961519956588746,1.497191401701125
2010-12-27 00:00:00-05:00,1.9805675981764208,2.0397732568017957,1.960832490664077,2.0270862579345703,13311000,0.0,0.0,0.022395139669973974,1.9025716006755828,1.5005545772257305
2010-12-28 00:00:00-05:00,2.0277920928778297,2.0299065936167184,1.9890264700571938,1.9946650266647339,5836000,0.0,0.0,-0.015994006738949018,1.9076865196228028,1.5036217243898482
2010-12-29 00:00:00-05:00,2.0052367619933653,2.0207430387887797,1.9840919307509897,2.017923593521118,6296000,0.0,0.0,0.01166038735600372,1.9168113350868226,1.5067393249935574
2010-12-30 00:00:00-05:00,2.0186295096013507,2.039069405334087,1.9981894458243528,2.0355453491210938,6815000,0.0,0.0,0.008732617853596247,1.9241811335086823,1.509882222092341
2010-12-31 00:00:00-05:00,2.0369541738745047,2.0369541738745047,1.9939595643411514,2.00241756439209,6177000,0.0,0.0,-0.0162746483360382,1.9244466185569764,1.5127262879931738
2011-01-03 00:00:00-05:00,2.0228570727324318,2.0228570727324318,1.9509645898795205,1.9594225883483887,14436000,0.0,0.0,-0.02147153361429588,1.9290999054908753,1.5152407354778714
2011-01-04 00:00:00-05:00,1.95942289020864,1.9946642758511333,1.9009221732376824,1.9735194444656372,16262000,0.0,0.0,0.007194392981419551,1.9334035634994506,1.5177720709452553
2011-01-05 00:00:00-05:00,1.9629473619408968,1.9855017507882855,1.9558990839177997,1.972814917564392,9537000,0.0,0.0,-0.00035699009868939147,1.9446663916110993,1.5202587672642298
2011-01-06 00:00:00-05:00,1.9763400367047987,2.010876668027322,1.957309692600058,2.010171890258789,9598000,0.0,0.0,0.01893587298119037,1.9558991312980651,1.5229271801691207
2011-01-07 00:00:00-05:00,2.006646990133398,2.0094664363474335,1.9580139795827223,1.993255376815796,8774000,0.0,0.0,-0.008415456173161084,1.9627360343933105,1.5254894078723968
2011-01-10 00:00:00-05:00,1.9918443557502759,2.0510499989566706,1.968585031928648,2.0369534492492676,15385000,0.0,0.0,0.021922967293472873,1.9717930257320404,1.5281915678864433
2011-01-11 00:00:00-05:00,2.0538702912247264,2.0623282924505224,2.032725456204448,2.0609185695648193,13549000,0.0,0.0,0.011765178200014548,1.9811672508716582,1.5310697252788241
2011-01-12 00:00:00-05:00,2.063738266125903,2.067262490033293,1.9749299074083122,1.9855022430419922,15599000,0.0,0.0,-0.036593549903697564,1.9877926886081696,1.5338104021927668
2011-01-13 00:00:00-05:00,2.001713147270854,2.020038706854486,1.9749297534484749,1.998189091682434,9645000,0.0,0.0,0.006389742789212116,1.994664764404297,1.5365986350982908
2011-01-14 00:00:00-05:00,1.9974840880661433,2.048231591886898,1.9735198069917783,2.0447075366973877,9776000,0.0,0.0,0.023280301753517252,1.9994928181171416,1.539624463944208
2011-01-18 00:00:00-05:00,1.9488504848871369,1.9657663157474152,1.919247654848518,1.9558987617492676,100182000,0.0,0.0,-0.043433485402789684,1.9980126440525054,1.5424178285258157
2011-01-19 00:00:00-05:00,1.9735192375861148,2.0087606195343346,1.93898263286361,1.9566034078598022,29795000,0.0,0.0,0.0003602671694031834,1.9978364169597627,1.54517214591541
2011-01-20 00:00:00-05:00,1.9516703960668027,1.9608331757687234,1.922772333912964,1.9523751735687256,20963000,0.0,0.0,-0.002161007322225683,1.9972020626068114,1.5479013153484888
2011-01-21 00:00:00-05:00,1.9728148088212718,1.985501641345857,1.9495554758227038,1.9573085308074951,12490000,0.0,0.0,0.002526848991708963,1.9958981275558472,1.5507700116861434
2011-01-24 00:00:00-05:00,1.9890255856273773,1.9890255856273773,1.943916480648056,1.9798628091812134,21495000,0.0,0.0,0.011523108400500082,1.9957570791244508,1.5537031009083702
2011-01-25 00:00:00-05:00,1.984092469860142,1.984092469860142,1.9312302933686272,1.974929690361023,14548000,0.0,0.0,-0.0024916467935627296,1.9931492507457733,1.556585931588733
2011-01-26 00:00:00-05:00,1.98268236521579,2.00030314333605,1.9594230322017965,1.991140365600586,15209000,0.0,0.0,0.008208229041611892,1.992973017692566,1.5596307241727436
2011-01-27 00:00:00-05:00,2.0031230388320633,2.075015560152162,2.0031230388320633,2.05950927734375,37302000,0.0,0.0,0.034336560558121176,1.9950523018836974,1.5628603488679915
2011-01-28 00:00:00-05:00,2.0651475486764723,2.06937654924534,1.9643569846138924,1.9770439863204956,13722000,0.0,0.0,-0.04004123308908514,1.9921272337436675,1.5658575712688385
2011-01-31 00:00:00-05:00,1.976339053817735,2.0355447260815565,1.9699957209670622,2.0235626697540283,13104000,0.0,0.0,0.023529412474079248,1.9931844890117645,1.5690059193543024
2011-02-01 00:00:00-05:00,2.038363629068492,2.0792437365945715,2.027086352232188,2.048936128616333,15835000,0.0,0.0,0.012539003235016555,1.9976601660251618,1.5721991634558117
2011-02-02 00:00:00-05:00,2.0454119046514134,2.072195458124377,2.022857350994621,2.0299057960510254,11300000,0.0,0.0,-0.009287909124897409,2.000479483604431,1.5753392075735426
2011-02-03 00:00:00-05:00,2.028495665371471,2.0848818701264227,2.01580866847512,2.07289981842041,12326000,0.0,0.0,0.021180304255017823,2.0054837286472322,1.5787614423131187
2011-02-04 00:00:00-05:00,2.0996838355132406,2.2004742158307438,2.0947498902553527,2.1990644931793213,25500000,0.0,0.0,0.06086385537678862,2.0149283587932585,1.5826899097079323
2011-02-07 00:00:00-05:00,2.196950286474909,2.218799896530002,2.153955675664316,2.1701667308807373,9762000,0.0,0.0,-0.013140934423803374,2.0237739264965056,1.586556705217513
2011-02-08 00:00:00-05:00,2.21316072876192,2.273070987496529,2.1849674582440413,2.2491068840026855,34684000,0.0,0.0,0.03637515588026341,2.0343815982341766,1.5907423335408408
2011-02-09 00:00:00-05:00,2.2505169333643673,2.322409422336669,2.237829934581165,2.309722423553467,42916000,0.0,0.0,0.02695093771751078,2.046821790933609,1.5952215019672635
2011-02-10 00:00:00-05:00,2.325227923182918,2.325932700198661,2.2660222847135314,2.2892816066741943,35043000,0.0,0.0,-0.008849901906318514,2.062010759115219,1.5995275013976626
2011-02-11 00:00:00-05:00,2.292806388320258,2.350602318842325,2.2780050591067664,2.3463733196258545,27725000,0.0,0.0,0.024938702510523214,2.07941997051239,1.6039958965210688
2011-02-14 00:00:00-05:00,2.3668143243247477,2.4210860546903956,2.3668143243247477,2.3992364406585693,25997000,0.0,0.0,0.02252971451326613,2.097146415710449,1.6086405908304549
2011-02-15 00:00:00-05:00,2.3886645927869217,2.4147433829286618,2.3555376899051543,2.3759777545928955,19788000,0.0,0.0,-0.009694203402183077,2.118150365352631,1.6132125159104664
2011-02-16 00:00:00-05:00,2.3900730073033327,2.438706168495639,2.3830247303788323,2.4231998920440674,12605000,0.0,0.0,0.019874823053325663,2.141480189561844,1.6179606706377059
2011-02-17 00:00:00-05:00,2.41967631783051,2.4260196506905807,2.3477838117146237,2.370338201522827,34387000,0.0,0.0,-0.02181482868780138,2.162378340959549,1.6224767419080885
2011-02-18 00:00:00-05:00,2.380205675802637,2.401350508553496,2.3703379527502153,2.3858442306518555,15639000,0.0,0.0,0.006541694817670418,2.183805125951767,1.6271045567497375
2011-02-22 00:00:00-05:00,2.3428503704973727,2.3428503704973727,2.26461451466277,2.297741413116455,20118000,0.0,0.0,-0.03692731336082622,2.1996990561485292,1.6313743879870763
2011-02-23 00:00:00-05:00,2.32452353670175,2.3259330909700497,2.1793288602858647,2.2089316844940186,33272000,0.0,0.0,-0.03865088043218179,2.2113991558551787,1.6351913771932087
2011-02-24 00:00:00-05:00,2.244878851731656,2.4048749284086943,2.2314870718765065,2.395007371902466,35331000,0.0,0.0,0.08423786426472035,2.231592506170273,1.639649130049206
2011-02-25 00:00:00-05:00,2.4133321242079,2.438001175280783,2.382319742095724,2.42179012298584,19132000,0.0,0.0,0.011182742649388677,2.2497065484523775,1.6441964261115543
2011-02-28 00:00:00-05:00,2.420380955533535,2.4337727339881314,2.3604705092212477,2.395711898803711,16263000,0.0,0.0,-0.010768160268973648,2.270639944076538,1.6485983937505693
2011-03-01 00:00:00-05:00,2.2730721100479707,2.2885783912839237,2.2441742161544798,2.260385274887085,101318000,0.0,0.0,-0.05648701915459897,2.282481074333191,1.6523461918982247
2011-03-02 00:00:00-05:00,2.263204446833004,2.293512062343396,2.258270668499245,2.2878735065460205,26617000,0.0,0.0,0.01216086123207849,2.2944279432296755,1.6561500699747176
2011-03-03 00:00:00-05:00,2.311132836717436,2.3315728955022026,2.2801202757873695,2.3259341716766357,32848000,0.0,0.0,0.01663582581017553,2.3092293620109556,1.660063138556859
2011-03-04 00:00:00-05:00,2.330162282743551,2.3365057816084147,2.291396680406035,2.3111319541931152,20498000,0.0,0.0,-0.00636398814023631,2.321140968799591,1.6638337832594674
2011-03-07 00:00:00-05:00,2.32593442856714,2.32593442856714,2.2251440145230617,2.254041910171509,16709000,0.0,0.0,-0.024702200113683404,2.3238898396492003,1.6673918271821642
2011-03-08 00:00:00-05:00,2.2498128467846072,2.2942171914300307,2.2265535081818784,2.282939910888672,19603000,0.0,0.0,0.01282052502518205,2.329528498649597,1.6710533868698847
2011-03-09 00:00:00-05:00,2.237124405067685,2.2476967324544326,2.1807382108873945,2.184967041015625,43929000,0.0,0.0,-0.042915220591552616,2.326321506500244,1.6742173745518638
2011-03-10 00:00:00-05:00,2.171576443354065,2.193426053305941,2.1250577780001025,2.1856729984283447,36191000,0.0,0.0,0.0003230975110688483,2.320119035243988,1.677350690913579
2011-03-11 00:00:00-05:00,2.1835584183820376,2.2216190820796453,2.1645280865332337,2.201179027557373,13135000,0.0,0.0,0.007094395703372891,2.315713906288147,1.6806041177303073
2011-03-14 00:00:00-04:00,2.191310538274142,2.1969492585186394,2.1652319402701687,2.184967041015625,16414000,0.0,0.0,-0.007365137655222176,2.3076435923576355,1.683857369990576
2011-03-15 00:00:00-04:00,2.1314014089938143,2.204703640093041,2.103913072331604,2.1899023056030273,19796000,0.0,0.0,0.0022587363995698606,2.297176885604858,1.687107889425187
2011-03-16 00:00:00-04:00,2.187074976806383,2.1969680029465395,2.077544587243028,2.088850975036621,28724000,0.008,0.0,-0.04614421853790418,2.2828205466270446,1.6898486221593523
2011-03-17 00:00:00-04:00,2.1390228694853084,2.141849424312474,1.9976932748694165,2.0718913078308105,38143000,0.0,0.0,-0.008119136984156228,2.2652551174163817,1.6924969482989538
2011-03-18 00:00:00-04:00,2.1248896915226028,2.1545689351155346,2.1100501539651106,2.1425559520721436,30697000,0.0,0.0,0.03410634716901062,2.2538660049438475,1.6953894249976627
2011-03-21 00:00:00-04:00,2.176475480909389,2.201208218093537,2.1609293430020853,2.189901828765869,19947000,0.0,0.0,0.022097848435620016,2.2440688848495483,1.6985172056962574
2011-03-22 00:00:00-04:00,2.2012088781769337,2.2118086739995877,2.1517435574533055,2.170116424560547,15176000,0.0,0.0,-0.00903483614901246,2.2376876354217528,1.7014883643104917
2011-03-23 00:00:00-04:00,2.17082259031957,2.192022009276526,2.1446766571204576,2.1913154125213623,12364000,0.0,0.0,0.009768594772562977,2.2368068218231203,1.7047110181006173
2011-03-24 00:00:00-04:00,2.2096874354531684,2.2139271828494294,2.1623419328284967,2.195554494857788,13371000,0.0,0.0,0.0019344920919204256,2.2268341779708862,1.707942125343141
2011-03-25 00:00:00-04:00,2.201208305900412,2.2040348612255842,2.1743556091162897,2.180008888244629,9122000,0.0,0.0,-0.007080492262692029,2.214745116233826,1.7110390156980544
2011-03-28 00:00:00-04:00,2.181421994650621,2.225940955277685,2.172235563851765,2.189901828765869,10740000,0.0,0.0,0.004538027608321338,2.2044546127319338,1.7140886878210402
2011-03-29 00:00:00-04:00,2.194848359063365,2.198381679464034,2.163049317847294,2.188488483428955,14708000,0.0,0.0,-0.000645392098562958,2.200859773159027,1.7170881207973239
2011-03-30 00:00:00-04:00,2.225940558294216,2.2323002642684475,2.163048915763785,2.225233793258667,17353000,0.0,0.0,0.01679026876675116,2.1977277874946592,1.720183156312458
2011-03-31 00:00:00-04:00,2.2280597984837662,2.2471392472142906,2.177181156217098,2.197673797607422,15803000,0.0,0.0,-0.012385213515423876,2.191314768791199,1.723185563371295
2011-04-01 00:00:00-04:00,2.225940618110881,2.254206502909578,2.1948480100499443,2.227353811264038,16029000,0.0,0.0,0.01350519521547211,2.187125861644745,1.726372697523662
2011-04-04 00:00:00-04:00,2.2323001825112225,2.2323001825112225,2.1171166924225653,2.162342071533203,18790000,0.0,0.0,-0.02918788178243692,2.1825408697128297,1.729184686664551
2011-04-05 00:00:00-04:00,2.1729415956993594,2.2895384330455317,2.1630485715555463,2.2379531860351562,20444000,0.0,0.0,0.03496723090086351,2.180291533470154,1.7323525117503271
2011-04-06 00:00:00-04:00,2.27116600978394,2.322044670029871,2.242900124864637,2.3156847953796387,21373000,0.0,0.0,0.03473334912880577,2.1868274211883545,1.7359347986796545
2011-04-07 00:00:00-04:00,2.32275266300538,2.32981913848344,2.2831803666326307,2.2944867610931396,16580000,0.0,0.0,-0.009154110407769811,2.1922681093215943,1.7394580703879159
2011-04-08 00:00:00-04:00,2.3220455978199124,2.341831657777902,2.280353350362114,2.3015527725219727,8340000,0.0,0.0,0.003079560775267609,2.1972867965698244,1.7430065936512418
2011-04-11 00:00:00-04:00,2.2824731316544065,2.305792511061814,2.242900846342503,2.277526617050171,8896000,0.0,0.0,-0.010439106918880059,2.2019147753715513,1.746423508912798
2011-04-12 00:00:00-04:00,2.2626861768274087,2.2725793713311444,2.182128438506176,2.216754198074341,18839000,0.0,0.0,-0.0266835164607393,2.203257369995117,1.7492087332029191
2011-04-13 00:00:00-04:00,2.2520873992683708,2.281766656960139,2.2125151118386888,2.247140884399414,8770000,0.0,0.0,0.013707738255991364,2.211171865463257,1.7520001682024153
2011-04-14 00:00:00-04:00,2.228060291922751,2.2464329799143927,2.169408403126187,2.195554494857788,11746000,0.0,0.0,-0.022956455422870947,2.217355024814606,1.7546092139350042
2011-04-15 00:00:00-04:00,2.190607878197105,2.2499663652190707,2.1609288031640683,2.2428998947143555,12119000,0.0,0.0,0.021564210757444302,2.222372221946716,1.7574005557431116
2011-04-18 00:00:00-04:00,2.218168194973727,2.240074381657473,2.157396486683765,2.2330079078674316,8052000,0.0,0.0,-0.004410355928160414,2.2245275259017943,1.760021535650132
2011-04-19 00:00:00-04:00,2.230180680013856,2.2605665272979802,2.221701014467255,2.2450203895568848,7237000,0.0,0.0,0.005379507008071993,2.228272724151611,1.76283803156444
2011-04-20 00:00:00-04:00,2.2739938695210213,2.305086495557257,2.257034362532749,2.300846576690674,11153000,0.0,0.0,0.02486667265628162,2.233749282360077,1.7659625363728357
2011-04-21 00:00:00-04:00,2.323459500402322,2.3361790892652943,2.2980201541983076,2.303673267364502,8335000,0.0,0.0,0.0012285437466645899,2.2391552209854124,1.7691094132642897
2011-04-25 00:00:00-04:00,2.299432229659043,2.3107386189693466,2.2612733131550087,2.2782328128814697,6000000,0.0,0.0,-0.011043430005218235,2.2440664172172546,1.7720716519961281
2011-04-26 00:00:00-04:00,2.3022591176275733,2.3022591176275733,2.250673845831725,2.286006212234497,11000000,0.0,0.0,0.003412030284646761,2.248871636390686,1.7752851082219019
2011-04-27 00:00:00-04:00,2.279645925660039,2.3672701384049613,2.272579454172901,2.3594970703125,9822000,0.0,0.0,0.03214814451714365,2.2574220657348634,1.7787874052448878
2011-04-28 00:00:00-04:00,2.353137834662559,2.389883563768875,2.322045385368454,2.3241653442382812,7214000,0.0,0.0,-0.014974261472398998,2.262368643283844,1.7820407067026411
2011-04-29 00:00:00-04:00,2.3276975874027,2.3672698567174635,2.312151453067652,2.364443302154541,8180000,0.0,0.0,0.017330074220455405,2.2707071185111998,1.785702107917695
2011-05-02 00:00:00-04:00,2.384229632410439,2.384229632410439,2.3262845030133286,2.3425374031066895,7082000,0.0,0.0,-0.00926471741906032,2.2764662981033323,1.7891064191621446
2011-05-03 00:00:00-04:00,2.3524308221866517,2.3623238495123857,2.270459711457166,2.2725796699523926,11762000,0.0,0.0,-0.02986408373310001,2.281978178024292,1.7925316000741625
2011-05-04 00:00:00-04:00,2.2789396934501926,2.3043790304478415,2.2556203152421817,2.2994325160980225,7482000,0.0,0.0,0.01181601969808721,2.285052144527435,1.7961916592386034
2011-05-05 00:00:00-04:00,2.296605364733817,2.3602036064897627,2.2669261178565225,2.3488972187042236,8190000,0.0,0.0,0.021511700065083517,2.2867127656936646,1.8001567986276414
2011-05-06 00:00:00-04:00,2.3920024074966095,2.4732668980280783,2.375749509390316,2.466907024383545,19072000,0.0,0.0,0.050240514884862364,2.295333778858185,1.8045651236223796
2011-05-09 00:00:00-04:00,2.4732672664200543,2.5184926481800702,2.4485345331037873,2.5057730674743652,13743000,0.0,0.0,0.01575496875506799,2.3055447936058044,1.808723200881292
2011-05-10 00:00:00-04:00,2.5269740041748374,2.5566532683487884,2.5163743752771817,2.5305073261260986,16750000,0.0,0.0,0.009870909290546237,2.318193829059601,1.81300174338477
2011-05-11 00:00:00-04:00,2.530506183068284,2.5488790445682623,2.5107199597306193,2.534745931625366,13834000,0.0,0.0,0.0016750022635803052,2.334093415737152,1.8172803705646878
2011-05-12 00:00:00-04:00,2.5411053531388963,2.5488785891402825,2.461254214331989,2.4775071144104004,20255000,0.0,0.0,-0.022581678305826247,2.3456117272377015,1.8214043851882693
2011-05-13 00:00:00-04:00,2.4775076189683776,2.502240188160737,2.464787867545457,2.4654946327209473,10121000,0.0,0.0,-0.0048486164255927555,2.359108734130859,1.8255448885380277
2011-05-16 00:00:00-04:00,2.4520676450770758,2.471853695270566,2.4124953762121475,2.4209752082824707,7560000,0.0,0.0,-0.01805699507418701,2.3680124998092653,1.8294278350141313
2011-05-17 00:00:00-04:00,2.4096693719305886,2.4336953436455833,2.389883148740956,2.421682357788086,12570000,0.0,0.0,0.00029209283234132855,2.3774462223052977,1.8334363263750832
2011-05-18 00:00:00-04:00,2.430162189424173,2.455601524705118,2.3785769221394215,2.4471218585968018,6843000,0.0,0.0,0.010504887532794216,2.3875512957572935,1.8375625047418807
2011-05-19 00:00:00-04:00,2.452067944925028,2.477507275768865,2.4471214317717775,2.459841012954712,7067000,0.0,0.0,0.005197597460554482,2.3955010175704956,1.8417168401536488
2011-05-20 00:00:00-04:00,2.4619611610990697,2.4881070905589087,2.4238022461294655,2.430161952972412,13164000,0.0,0.0,-0.01206543830515694,2.401825451850891,1.845834296374094
2011-05-23 00:00:00-04:00,2.396949786037374,2.397656382760611,2.2457271361946893,2.2633934020996094,24924000,0.0,0.0,-0.06862445964509589,2.4010834813117983,1.8494071317097498
2011-05-24 00:00:00-04:00,2.270459602578073,2.2831791844614844,2.2245274515141302,2.2407803535461426,28000000,0.0,0.0,-0.009990772497830092,2.3988221883773804,1.8529348657244729
2011-05-25 00:00:00-04:00,2.3178046989362744,2.4506544560108203,2.3043783533728455,2.4379348754882812,67195000,0.0,0.0,0.08798476014399714,2.4027440786361693,1.8570245878090934
2011-05-26 00:00:00-04:00,2.4407615401878604,2.462667550927316,2.377869894348558,2.4527745246887207,18410000,0.0,0.0,0.0060869752304058,2.4091745376586915,1.8608049807094393
2011-05-27 00:00:00-04:00,2.4591344498249703,2.481747226100144,2.4146156623618276,2.4739739894866943,17129000,0.0,0.0,0.00864305486892003,2.414651072025299,1.864861975113551
2011-05-31 00:00:00-04:00,2.3927090588837228,2.4075487643949125,2.3651497742694545,2.3877625465393066,107163000,0.0,0.0,-0.03484735220085111,2.41691232919693,1.8686493876434507
2011-06-01 00:00:00-04:00,2.391296429969319,2.4202689143857063,2.3778700827372456,2.38634991645813,33826000,0.0,0.0,-0.0005916124629830044,2.422600841522217,1.8722303495520638
2011-06-02 00:00:00-04:00,2.389176154620442,2.4132021223386517,2.330524428438955,2.368683338165283,23147000,0.0,0.0,-0.007403180133392917,2.4260633826255797,1.8755877803242396
2011-06-03 00:00:00-04:00,2.3828177126543846,2.4124969761049297,2.3390054986994,2.3948307037353516,40817000,0.0,0.0,0.01103877633146233,2.4283600568771364,1.8792860820179893
2011-06-06 00:00:00-04:00,2.4033091390646075,2.4033091390646075,2.35031052135937,2.355257034301758,13823000,0.0,0.0,-0.016524620872727436,2.422777557373047,1.882838502289757
2011-06-07 00:00:00-04:00,2.388469939824361,2.420268980186246,2.3602038828122627,2.4061360359191895,49845000,0.0,0.0,0.02160231383515021,2.417795705795288,1.8865035597294095
2011-06-08 00:00:00-04:00,2.388470428406802,2.414616363801437,2.3496047394830883,2.3609111309051514,17524000,0.0,0.0,-0.0187956559142598,2.409315896034241,1.8899947319711958
2011-06-09 00:00:00-04:00,2.4238031361396413,2.4478291159814085,2.3849374417666294,2.418856620788574,32459000,0.0,0.0,0.02454369803458345,2.4035214304924013,1.8935122097295427
2011-06-10 00:00:00-04:00,2.4223888728159273,2.4301619414080844,2.3587906253432362,2.38634991645813,14248000,0.0,0.0,-0.01343887192447435,2.3989635705947876,1.8968644298258281
2011-06-13 00:00:00-04:00,2.38635051814472,2.424509442554005,2.330525325188605,2.3651509284973145,23053000,0.0,0.0,-0.008883436504684705,2.393946385383606,1.9002496888713232
2011-06-14 00:00:00-04:00,2.3856443653705814,2.4351098626111503,2.3849377683602513,2.4181501865386963,21844000,0.0,0.0,0.022408404217592492,2.393805134296417,1.903638837356416
2011-06-15 00:00:00-04:00,2.4188574633682194,2.430193666489476,2.372804190976317,2.3777637481689453,19194000,0.009,0.0,-0.016701377190950883,2.3916092038154604,1.9066919816864862
2011-06-16 00:00:00-04:00,2.367136097317469,2.3713870255434877,2.313997720808696,2.364301919937134,21770000,0.0,0.0,-0.0056615499509479195,2.3874682068824766,1.9095605980782282
2011-06-17 00:00:00-04:00,2.386266256973613,2.3976024615876668,2.2806981154462846,2.302661895751953,20208000,0.0,0.0,-0.026071130622276728,2.379609251022339,1.9122710876048556
2011-06-20 00:00:00-04:00,2.2998290486568407,2.348716360733067,2.2806992676101334,2.320375919342041,19129000,0.0,0.0,0.007692846102490103,2.3741199493408205,1.9150658188358185
2011-06-21 00:00:00-04:00,2.3352531953912905,2.4372788581531606,2.327459629374461,2.41389799118042,18439000,0.0,0.0,0.04030470712042966,2.381645178794861,1.9184353020456102
2011-06-22 00:00:00-04:00,2.407521596048525,2.571187681922426,2.3770556198142314,2.550640821456909,38382000,0.0,0.0,0.05664813955523473,2.397138202190399,1.9222693093239316
2011-06-23 00:00:00-04:00,2.5137977726871177,2.555599943735526,2.4677445047656117,2.5378870964050293,38113000,0.0,0.0,-0.005000204240671935,2.4021358132362365,1.9264153445523882
2011-06-24 00:00:00-04:00,2.535054350091254,2.538596819967471,2.479790401074817,2.5166330337524414,102656000,0.0,0.0,-0.008374707717571317,2.4053287386894224,1.93041288048502
2011-06-27 00:00:00-04:00,2.518757363621094,2.5520573413757597,2.4797892003178736,2.511672258377075,18084000,0.0,0.0,-0.001971195366520906,2.4072136521339416,1.9343126217524211
2011-06-28 00:00:00-04:00,2.5371792997661697,2.64841546276994,2.5371792997661697,2.6179494857788086,31148000,0.0,0.0,0.04231333409336013,2.418722999095917,1.9388516829127358
2011-06-29 00:00:00-04:00,2.6399129538141644,2.677464030950187,2.59598523086573,2.6717958450317383,25680000,0.0,0.0,0.02056814294753706,2.4329952955245973,1.9435793151931158
2011-06-30 00:00:00-04:00,2.6781730207991234,2.741938984774479,2.6321197401335605,2.692343235015869,26329000,0.0,0.0,0.0076904790545053725,2.4491782903671266,1.94829085138109
2011-07-01 00:00:00-04:00,2.707929605758879,2.762484894815235,2.7072211459686804,2.7391040325164795,19479000,0.0,0.0,0.01736806692863402,2.466391956806183,1.9531433142366863
2011-07-05 00:00:00-04:00,2.7454806184538922,2.7688614802506986,2.728476401398638,2.760359287261963,9519000,0.0,0.0,0.007759929704442614,2.486647069454193,1.9582753891036624
2011-07-06 00:00:00-04:00,2.739813597494079,2.76886248588562,2.7128900891994308,2.76886248588562,12312000,0.0,0.0,0.00308046806185569,2.5047833919525146,1.9632180451400696
2011-07-07 00:00:00-04:00,2.772404176489116,2.795076410075453,2.730602008267436,2.7391040325164795,23121000,0.0,0.0,-0.010747537489071979,2.5236930370330812,1.9680091379180786
2011-07-08 00:00:00-04:00,2.707222725086427,2.707222725086427,2.623618339876791,2.689509868621826,20213000,0.0,0.0,-0.018105980388444798,2.5372256994247437,1.9725420579077706
2011-07-11 00:00:00-04:00,2.6505405884909665,2.7008449584015253,2.628576810975887,2.6491236686706543,14573000,0.0,0.0,-0.015016193256010224,2.55036438703537,1.976889609344422
2011-07-12 00:00:00-04:00,2.6349530747478487,2.6384955427070618,2.480497518946115,2.508837938308716,34677000,0.0,0.0,-0.05295552337589993,2.55754873752594,1.9805744701907748
2011-07-13 00:00:00-04:00,2.532928029151935,2.569770650608537,2.483332283533883,2.5067131519317627,19458000,0.0,0.0,-0.0008469205381936851,2.5619768857955934,1.9843039006467849
2011-07-14 00:00:00-04:00,2.511672923355049,2.5853580036168924,2.4868749639744823,2.4925429821014404,22356000,0.0,0.0,-0.0056528884525148815,2.567715847492218,1.987804150770581
2011-07-15 00:00:00-04:00,2.506004454489508,2.5470981725166735,2.4762469403637075,2.5159237384796143,13745000,0.0,0.0,0.009380282123946149,2.575296938419342,1.9916538156214214
2011-07-18 00:00:00-04:00,2.499627653540009,2.5300936236785025,2.437278624612905,2.4797892570495605,11983000,0.0,0.0,-0.014362311892605284,2.5841533064842226,1.9952819820434329
2011-07-19 00:00:00-04:00,2.5010447984719284,2.5832320623677116,2.4897085950169493,2.5648107528686523,17896000,0.0,0.0,0.03428577471952199,2.596375048160553,1.9993228533911327
2011-07-20 00:00:00-04:00,2.569770617591044,2.6214919113918453,2.5449726606395005,2.55560040473938,14829000,0.0,0.0,-0.0035910439469933886,2.603460168838501,2.003391336353998
2011-07-21 00:00:00-04:00,2.543556006013147,2.634954114108514,2.5315113399252316,2.6044881343841553,20498000,0.0,0.0,0.0191296454461789,2.6061525344848633,2.0073525484592194
2011-07-22 00:00:00-04:00,2.601654007472968,2.64912438159575,2.5704795670472835,2.6264519691467285,14929000,0.0,0.0,0.008433071540088433,2.6105807781219483,2.0113925508090427
2011-07-25 00:00:00-04:00,2.595985012079837,2.595985012079837,2.5428466392993134,2.5570168495178223,14361000,0.0,0.0,-0.026436851099722936,2.6125999689102173,2.0151793327596454
2011-07-26 00:00:00-04:00,2.5711874581392693,2.617949192890479,2.5655194407425044,2.597402334213257,27251000,0.0,0.0,0.015793984581309983,2.6168864727020265,2.0192323776464614
2011-07-27 00:00:00-04:00,2.582523813102382,2.5966940263464395,2.3685533566259376,2.382723569869995,40519000,0.0,0.0,-0.08265133264704139,2.6051251769065855,2.0226064702821156
2011-07-28 00:00:00-04:00,2.4011448539272195,2.4656194417097654,2.2962851757445177,2.4542832374572754,47042000,0.0,0.0,0.030032719066603653,2.5942495465278625,2.026272900993862
2011-07-29 00:00:00-04:00,2.382015109884472,2.4301939362676284,2.3260427168937645,2.382723569869995,38414000,0.0,0.0,-0.029157053470902028,2.578768563270569,2.0296581534166185
2011-08-01 00:00:00-04:00,2.408938509542237,2.4160236158499737,2.3345448088498677,2.352257490158081,23795000,0.0,0.0,-0.012786241802097198,2.5594262361526487,2.0329029815537587
2011-08-02 00:00:00-04:00,2.327460407821541,2.395477482771164,2.2700709110928194,2.2707793712615967,21037000,0.0,0.0,-0.034638265256839995,2.5349472403526305,2.035888641599625
2011-08-03 00:00:00-04:00,2.272905013996347,2.3267518742470545,2.2190581537456393,2.3225009441375732,17009000,0.0,0.0,0.022777013711922756,2.5126291632652284,2.038873122798072
2011-08-04 00:00:00-04:00,2.282115327480948,2.3026621904155884,2.1864662894051916,2.189300298690796,26030000,0.0,0.0,-0.057352245984226946,2.485138976573944,2.0412174477463676
2011-08-05 00:00:00-04:00,2.215516068459702,2.3019544777306216,2.0610604007164732,2.078773260116577,43748000,0.0,0.0,-0.05048509728898953,2.4546021461486816,2.0431650191072435
2011-08-08 00:00:00-04:00,2.027051216427444,2.054683186139932,1.871887143781273,1.9264426231384277,43697000,0.0,0.0,-0.07327910162246687,2.4184680938720704,2.044421624096613
2011-08-09 00:00:00-04:00,1.9639928903297388,2.1035696008119142,1.9434460366321946,2.099318504333496,42112000,0.0,0.0,0.08973840129919419,2.397992122173309,2.0465316185875544
2011-08-10 00:00:00-04:00,2.0731046690108936,2.1517493174133664,2.024925833086495,2.0723960399627686,30432000,0.0,0.0,-0.012824382920053834,2.37627626657486,2.049112206886685
2011-08-11 00:00:00-04:00,2.0971938955633647,2.20701314881399,2.0971938955633647,2.1758387088775635,27065000,0.0,0.0,0.049914527397308284,2.3604410529136657,2.052053073095897
2011-08-12 00:00:00-04:00,2.231101879852953,2.267236037446755,2.1892997052244056,2.199218988418579,25743000,0.0,0.0,0.010745410239105802,2.344605815410614,2.055203877271168
2011-08-15 00:00:00-04:00,2.209847191328048,2.2955771135953413,2.209847191328048,2.2396047115325928,17067000,0.0,0.0,0.01836366606813189,2.3325965881347654,2.0584368360421013
2011-08-16 00:00:00-04:00,2.220473967629758,2.244563289743355,2.1722951544803433,2.19425892829895,17459000,0.0,0.0,-0.020247226218153447,2.3140689969062804,2.061461957201125
2011-08-17 00:00:00-04:00,2.2197658384178998,2.269361751231668,2.1687531746257016,2.1751296520233154,19023000,0.0,0.0,-0.008717875556493393,2.295045459270477,2.064305164038189
2011-08-18 00:00:00-04:00,2.1120727479103563,2.118449396018673,2.003670574680499,2.0270514488220215,23055000,0.0,0.0,-0.06807787437569568,2.2661736249923705,2.0666277086923994
2011-08-19 00:00:00-04:00,2.028468127039487,2.107821397620709,1.994459679031698,2.0043787956237793,12609000,0.0,0.0,-0.011185040819471026,2.2350699663162232,2.0688826006556313
2011-08-22 00:00:00-04:00,2.0398048213086857,2.047598559574234,1.9349451051418176,1.958325982093811,25793000,0.0,0.0,-0.02297610293549146,2.2051354229450224,2.0709631121347822
2011-08-23 00:00:00-04:00,1.9710789316928727,2.0759386293384314,1.9314022939059667,2.0731046199798584,35977000,0.0,0.0,0.05861058829609567,2.1789205372333527,2.073543725505708
2011-08-24 00:00:00-04:00,2.268653135630078,2.370678801655813,2.2233084890198946,2.2863659858703613,69346000,0.0,0.0,0.10287052753400117,2.174102658033371,2.076956665232068
2011-08-25 00:00:00-04:00,2.275029474569231,2.286365676920514,2.1829231049636912,2.187882661819458,25065000,0.0,0.0,-0.043074173014961636,2.16078262925148,2.0798923240767584
2011-08-26 00:00:00-04:00,2.166627066577598,2.233935643231309,2.1042780461405948,2.233227014541626,20916000,0.0,0.0,0.020725221472553512,2.1533078014850617,2.0830888171044606
2011-08-29 00:00:00-04:00,2.265111004397972,2.331002519805354,2.249523700621172,2.3274600505828857,13459000,0.0,0.0,0.042195905489080365,2.152067929506302,2.0867457238454667
2011-08-30 00:00:00-04:00,2.3062043583106,2.39264272188532,2.2863659595132875,2.3472979068756104,17145000,0.0,0.0,0.008523392823759357,2.1558938562870025,2.0904395093047428
2011-08-31 00:00:00-04:00,2.3593428086282326,2.444364260888837,2.3196661759525568,2.345881223678589,22913000,0.0,0.0,-0.0006035378776898526,2.1570628702640535,2.0938905647822788
2011-09-01 00:00:00-04:00,2.338795616730671,2.348714730548448,2.230393317834752,2.2360613346099854,31135000,0.0,0.0,-0.04681391707308791,2.159400922060013,2.0968918814545585
2011-09-02 00:00:00-04:00,2.185047859823341,2.234643579289413,2.1616670037542614,2.205594539642334,16862000,0.0,0.0,-0.013625205398476004,2.1657419860363007,2.099791823871552
2011-09-06 00:00:00-04:00,2.160251205416905,2.2303938155031053,2.141121433379264,2.2289767265319824,11800000,0.0,0.0,0.010601307932798898,2.1808686912059785,2.102896131220318
2011-09-07 00:00:00-04:00,2.282115227240822,2.3550918499817195,2.277155668978286,2.3168323040008545,14595000,0.0,0.0,0.039415206279683535,2.1917443811893462,2.106488550939257
2011-09-08 00:00:00-04:00,2.279280550579239,2.3628848943431877,2.2743209937691384,2.344463586807251,19383000,0.0,0.0,0.011926319724859136,2.2053477585315706,2.1103049862006356
2011-09-09 00:00:00-04:00,2.317541096440462,2.35580081683079,2.267236877618522,2.288492202758789,19032000,0.0,0.0,-0.023873855138302758,2.2109804332256315,2.11418384597415
2011-09-12 00:00:00-04:00,2.2566083647910165,2.386265989960942,2.253065896264288,2.375638246536255,20470000,0.0,0.0,0.038080113916233005,2.2198013961315155,2.1183248375143324
2011-09-13 00:00:00-04:00,2.3756384304594347,2.4436554868765947,2.345172455512975,2.4316108226776123,20511000,0.0,0.0,0.023561068787710804,2.2294017016887664,2.122422937835966
2011-09-14 00:00:00-04:00,2.44436470140215,2.605196810065037,2.43727959318044,2.590317964553833,47206000,0.0,0.0,0.0652683153060889,2.2492046535015104,2.127371200493404
2011-09-15 00:00:00-04:00,2.6159009147147265,2.6727528228715007,2.5732619835971455,2.610926389694214,29980000,0.011,0.0,0.007955944182292951,2.2709944903850556,2.132362190693144
2011-09-16 00:00:00-04:00,2.5988456840022454,2.61945455397993,2.5526534184371026,2.593160390853882,18030000,0.0,0.0,-0.006804480934605284,2.2992999374866487,2.1370623073880632
2011-09-19 00:00:00-04:00,2.5576271578359484,2.69975707080551,2.5164094305508495,2.654275417327881,41148000,0.0,0.0,0.023567777253405753,2.3317947685718536,2.141840360940449
2011-09-20 00:00:00-04:00,2.6649351779789456,2.684122676018535,2.5775253705585865,2.58107852935791,27096000,0.0,0.0,-0.027576975430703254,2.3629323959350588,2.14628889825609
2011-09-21 00:00:00-04:00,2.597423676115587,2.699757233162323,2.5498102261103557,2.5569167137145996,32939000,0.0,0.0,-0.00936113154578111,2.387123000621796,2.150644345889016
2011-09-22 00:00:00-04:00,2.4766139750259337,2.4879843925574243,2.343011865537057,2.414787530899048,35534000,0.0,0.0,-0.055586160492913095,2.39354407787323,2.1542767872886053
2011-09-23 00:00:00-04:00,2.4069695454191558,2.490826195190875,2.3728583055446877,2.473059892654419,20868000,0.0,0.0,0.024131465402124075,2.407802939414978,2.1580707293654244
2011-09-26 00:00:00-04:00,2.4744818352528153,2.4929585705518593,2.3849398732254636,2.4233150482177734,25446000,0.0,0.0,-0.020114694587219484,2.4173073410987853,2.16156405730853
2011-09-27 00:00:00-04:00,2.4645321545256538,2.497932798064579,2.4417914963209695,2.4510297775268555,23268000,0.0,0.0,0.011436700865397054,2.423485827445984,2.1650697314550005
2011-09-28 00:00:00-04:00,2.3465646419412414,2.3870716071841236,2.3373261904643683,2.3458540439605713,106504000,0.0,0.0,-0.04291083467472556,2.423413634300232,2.1681496732764773
2011-09-29 00:00:00-04:00,2.369306126858265,2.384940303348772,2.2932665306410076,2.357224941253662,49076000,0.0,0.0,0.00484723136222609,2.4239808201789854,2.171224527415775
2011-09-30 00:00:00-04:00,2.353671086685078,2.3721479892984454,2.304636268849305,2.328798294067383,51674000,0.0,0.0,-0.012059369765178629,2.4286176681518556,2.174153102768792
2011-10-03 00:00:00-04:00,2.3302191717247034,2.3614876783702576,2.2506264553251087,2.2662606239318848,36639000,0.0,0.0,-0.02685405184932199,2.431650972366333,2.176922775450207
2011-10-04 00:00:00-04:00,2.269103401993022,2.325955295069971,2.1930638425137965,2.2982399463653564,37205000,0.0,0.0,0.014111052407550728,2.4351141333580015,2.1797803011205463
2011-10-05 00:00:00-04:00,2.293265848453995,2.323823763599731,2.2456523961048815,2.31742787361145,35119000,0.0,0.0,0.008348966032219352,2.4351439118385314,2.182761390530874
2011-10-06 00:00:00-04:00,2.327377189589586,2.355803142594252,2.294687309747812,2.341590166091919,24844000,0.0,0.0,0.010426340666566114,2.435000240802765,2.1856709889003207
2011-10-07 00:00:00-04:00,2.3558030631266633,2.3757011617858947,2.3117427696828865,2.336615562438965,18240000,0.0,0.0,-0.0021244553060524307,2.4374064087867735,2.1887505347766574
2011-10-10 00:00:00-04:00,2.3451438236795172,2.4204726490303643,2.3451438236795172,2.3920466899871826,37583000,0.0,0.0,0.02372282734022302,2.4382268309593202,2.1920109911570473
2011-10-11 00:00:00-04:00,2.389203031292885,2.40981189296907,2.345142747227386,2.368594169616699,13002000,0.0,0.0,-0.009804373998489546,2.4350759983062744,2.195267648450912
2011-10-12 00:00:00-04:00,2.3835193519912834,2.4062600208873284,2.338748273585205,2.391336441040039,28894000,0.0,0.0,0.009601590561636897,2.425126922130585,2.198620129672308
2011-10-13 00:00:00-04:00,2.372858690539714,2.482298745615869,2.3650416042600053,2.4204721450805664,60207000,0.0,0.0,0.01218385817256884,2.4156042098999024,2.201971070633994
2011-10-14 00:00:00-04:00,2.485851757167583,2.5448357927681013,2.471638781450648,2.5370185375213623,35004000,0.0,0.0,0.0481502721184659,2.4127971172332763,2.2057091764041354
2011-10-17 00:00:00-04:00,2.5121454793262794,2.5363074999708863,2.473770315996132,2.4915366172790527,21298000,0.0,0.0,-0.017927310963500087,2.404660177230835,2.2092528518230194
2011-10-18 00:00:00-04:00,2.4822990517281776,2.5562065050803984,2.480877686123839,2.5469682216644287,13948000,0.0,0.0,0.022247958950694313,2.402954661846161,2.2131141286993783
2011-10-19 00:00:00-04:00,2.5185419701492595,2.5192527376320575,2.451741009282069,2.460979461669922,30312000,0.0,0.0,-0.03376122217116384,2.398157799243927,2.216715076139995
2011-10-20 00:00:00-04:00,2.453873309395033,2.474482180581355,2.353671684920355,2.414787530899048,27141000,0.0,0.0,-0.0187697343640284,2.398157799243927,2.2201745647286613
2011-10-21 00:00:00-04:00,2.4389494045498235,2.451741186982632,2.374991000681989,2.4048383235931396,27170000,0.0,0.0,-0.004120117061480744,2.394746720790863,2.223446728691222
2011-10-24 00:00:00-04:00,2.4218939045854477,2.5306233793548936,2.416208780808255,2.512146472930908,25690000,0.0,0.0,0.0446217728173246,2.39918829202652,2.227038715093855
2011-10-25 00:00:00-04:00,2.4759030577281793,2.512856867584074,2.4417919789627835,2.447477102279663,24614000,0.0,0.0,-0.025742675177612417,2.39901065826416,2.230217864116033
2011-10-26 00:00:00-04:00,2.47234973078523,2.4965117573957554,2.3906250296825147,2.3998634815216064,23137000,0.0,0.0,-0.019454163928115054,2.401711130142212,2.233129966353613
2011-10-27 00:00:00-04:00,2.4211827480968875,2.469506797354726,2.3785436518731022,2.3991525173187256,43170000,0.0,0.0,-0.0002962519361434657,2.403807508945465,2.236114564396086
2011-10-28 00:00:00-04:00,2.3955985059202027,2.4154965969049513,2.2094083546270484,2.387070655822754,71596000,0.0,0.0,-0.005035887217989088,2.406721127033234,2.238702526168218
2011-10-31 00:00:00-04:00,2.346564733944697,2.4297106310644736,2.343722172478526,2.3998634815216064,35767000,0.0,0.0,0.005359215349427293,2.4134012699127196,2.241578361344716
2011-11-01 00:00:00-04:00,2.3231130193171827,2.3749903950577544,2.2939763019381596,2.3451430797576904,16196000,0.0,0.0,-0.022801464410476036,2.4157464265823365,2.2441673146353827
2011-11-02 00:00:00-04:00,2.375701500512403,2.3806760258864763,2.3025046466149353,2.3167176246643066,21439000,0.0,0.0,-0.012120989690880934,2.415710914134979,2.246476097712441
2011-11-03 00:00:00-04:00,2.3813860963524367,2.4517403679335334,2.331640518308257,2.439659357070923,31449000,0.0,0.0,0.05306720642073515,2.4206143736839296,2.2491025853724707
2011-11-04 00:00:00-04:00,2.3892036409336948,2.4659538163641246,2.3892036409336948,2.4432129859924316,17113000,0.0,0.0,0.0014566086495679809,2.425944244861603,2.2517208556334176
2011-11-07 00:00:00-05:00,2.440370532350862,2.4588474366650255,2.3884931484374294,2.457426071166992,17289000,0.0,0.0,0.005817374603052539,2.429213213920593,2.25442900165679
2011-11-08 00:00:00-05:00,2.4680848121643066,2.4773232602912807,2.4069690027544692,2.4680848121643066,9475000,0.0,0.0,0.004337359777522254,2.4341877460479737,2.257296607134834
2011-11-09 00:00:00-05:00,2.4197621042180746,2.4545839556431073,2.3501184013680096,2.3614888191223145,15446000,0.0,0.0,-0.043189760950117506,2.4326953649520875,2.2598025822450243
2011-11-10 00:00:00-05:00,2.392046187302408,2.399152675569786,2.337326244586802,2.3529605865478516,9560000,0.0,0.0,-0.0036113796116267194,2.4293197870254515,2.2622077663739524
2011-11-11 00:00:00-05:00,2.3693049174638405,2.4439229403743346,2.3621982615912205,2.436816453933716,11553000,0.0,0.0,0.0356384496473412,2.4243096828460695,2.264703021636085
2011-11-14 00:00:00-05:00,2.4247362242349593,2.4382386036469508,2.333062468819745,2.351539373397827,16063000,0.0,0.0,-0.0349952826353529,2.417309820652008,2.2670132986136844
2011-11-15 00:00:00-05:00,2.3430112270508325,2.3820969948956843,2.3245343247762493,2.3444325923919678,16231000,0.0,0.0,-0.003022182441959509,2.407183039188385,2.269370692589926
2011-11-16 00:00:00-05:00,2.328798609055144,2.366463017343856,2.264840208657115,2.2811851501464844,17180000,0.0,0.0,-0.02697771838300267,2.398193323612213,2.271560791939024
2011-11-17 00:00:00-05:00,2.2769211458431244,2.2826062690243916,2.199460368264039,2.217226505279541,17349000,0.0,0.0,-0.028037463273349994,2.388315272331238,2.273365977264586
2011-11-18 00:00:00-05:00,2.2364145865109695,2.2442316746737836,2.0971271793271775,2.121999979019165,32279000,0.0,0.0,-0.042948488137602436,2.3741733551025392,2.2747374914941334
2011-11-21 00:00:00-05:00,2.087177483580093,2.1134714715029226,2.0459597526714157,2.092862606048584,36389000,0.0,0.0,-0.013731090131324564,2.3532091617584228,2.27578695331301
2011-11-22 00:00:00-05:00,2.1042329162294817,2.1475826082754534,2.067989881065299,2.090019941329956,24014000,0.0,0.0,-0.0013582662858098171,2.3353363037109376,2.2768335058575584
2011-11-23 00:00:00-05:00,2.0608835464355875,2.0878881329743386,2.037432119169181,2.0587515830993652,23819000,0.0,0.0,-0.014960794206917316,2.3182807087898256,2.277666714929399
2011-11-25 00:00:00-05:00,2.0580412908355594,2.0701224756739927,2.0118491930385596,2.021087646484375,8951000,0.0,0.0,-0.018294551379670954,2.299377465248108,2.2781524033773515
2011-11-28 00:00:00-05:00,2.08433585939858,2.099259439661573,1.9983471997385935,2.0310370922088623,47653000,0.0,0.0,0.004922817544203983,2.281575787067413,2.2787026829189725
2011-11-29 00:00:00-05:00,2.0360111728100936,2.086467366431124,2.0267727195958787,2.051645517349243,31500000,0.0,0.0,0.0101467497661345,2.264164888858795,2.2795606917805142
2011-11-30 00:00:00-05:00,2.091441302368959,2.1397653491569435,2.059462024193597,2.12626314163208,36586000,0.0,0.0,0.0363696475106694,2.2532208919525147,2.280505587657293
2011-12-01 00:00:00-05:00,2.1191571710356385,2.15895354426624,2.069411577423337,2.1255528926849365,48612000,0.0,0.0,-0.0003340362409698372,2.243662655353546,2.2810152901543512
2011-12-02 00:00:00-05:00,2.1518463473805505,2.2484946021735115,2.1433184954101083,2.214383363723755,57689000,0.0,0.0,0.041791701041421936,2.2323988556861876,2.282396347749801
2011-12-05 00:00:00-05:00,2.239967160083165,2.2698144780093084,2.1873791817946646,2.2058560848236084,28980000,0.0,0.0,-0.0038508593587909257,2.2205310106277465,2.2836598787042828
2011-12-06 00:00:00-05:00,2.198038744484626,2.2172262447569535,2.136212317066672,2.1895110607147217,27058000,0.0,0.0,-0.007409832500561264,2.207135260105133,2.285413659281201
2011-12-07 00:00:00-05:00,2.1774299851837315,2.2307287314341595,2.1632170087745566,2.2186477184295654,25019000,0.0,0.0,0.013307380920621004,2.194663405418396,2.287132431590368
2011-12-08 00:00:00-05:00,2.2158052602904403,2.2484951414412966,2.1738769270999048,2.1802728176116943,29397000,0.0,0.0,-0.017296527294127673,2.185602605342865,2.2884171756487044
2011-12-09 00:00:00-05:00,2.13408024638088,2.17814053665376,2.1170247102672586,2.175297975540161,33703000,0.0,0.0,-0.0022817520960439763,2.1767194747924803,2.2896849707005518
2011-12-12 00:00:00-05:00,2.0338780050782117,2.105653624529274,1.9606811902398245,2.0935726165771484,36729000,0.0,0.0,-0.0375697306217182,2.159557282924652,2.29055853637438
2011-12-13 00:00:00-05:00,2.0992589786530544,2.13834475526635,2.0658584952476953,2.077939510345459,32928000,0.0,0.0,-0.007467190823907788,2.1458772897720335,2.291451179318958
2011-12-14 00:00:00-05:00,2.058040995250517,2.0864671190694692,2.0090061731034994,2.0402748584747314,21125000,0.0,0.0,-0.01812596164768332,2.1306694030761717,2.292163589171001
2011-12-15 00:00:00-05:00,2.060256575714317,2.087374510060356,2.0402747876469998,2.0438430309295654,23917000,0.012,0.0,0.0017488685115207847,2.1188022971153258,2.292543337458656
2011-12-16 00:00:00-05:00,2.0638248519831364,2.081665729865522,2.010302388479202,2.0552613735198975,90364000,0.0,0.0,0.005586702313992609,2.110704040527344,2.292820159404997
2011-12-19 00:00:00-05:00,2.057401466855189,2.057401466855189,1.954638566693636,1.9660567045211792,31124000,0.0,0.0,-0.04340307765622231,2.1029068768024444,2.2928436862097845
2011-12-20 00:00:00-05:00,1.9931752792480433,2.0695340262904542,1.9924616985721924,2.0574021339416504,29613000,0.0,0.0,0.046461238483311185,2.101133853197098,2.2932101142784904
2011-12-21 00:00:00-05:00,2.0574016698924287,2.073815212737469,1.9660568985439464,1.991747498512268,27523000,0.0,0.0,-0.03191142574718664,2.0962202310562135,2.293243289939941
2011-12-22 00:00:00-05:00,1.9967426509609285,2.0795239282228843,1.98960633688909,2.070960283279419,27874000,0.0,0.0,0.03977049541988564,2.096830666065216,2.293593593533077
2011-12-23 00:00:00-05:00,2.085233421042184,2.113065103767202,2.058829069537624,2.097365140914917,11767000,0.0,0.0,0.01275005505836413,2.1006445407867433,2.293872477989348
2011-12-27 00:00:00-05:00,2.088801326791176,2.107355778945629,2.0716742056267434,2.093796730041504,7993000,0.0,0.0,-0.0017013779831662745,2.103782522678375,2.294265857764653
2011-12-28 00:00:00-05:00,2.09522387564126,2.0959374560015496,2.044555926911446,2.050978660583496,13375000,0.0,0.0,-0.020449964814473254,2.103749179840088,2.294397028665694
2011-12-29 00:00:00-05:00,2.052406805004984,2.0845203186138157,2.051693224302681,2.0780975818634033,10221000,0.0,0.0,0.01322242976052812,2.1013409018516542,2.2945658867321317
2011-12-30 00:00:00-05:00,2.0666787325363725,2.0809513625566267,2.0452697875059904,2.059542417526245,8364000,0.0,0.0,-0.008928918689429355,2.0980403780937196,2.294792572657267
2012-01-03 00:00:00-05:00,2.103788876544838,2.1530295301315503,2.0616845421673617,2.0659663677215576,23032000,0.0,0.0,0.0031191152659184596,2.0906195282936095,2.2952153654325578
2012-01-04 00:00:00-05:00,2.061683685360162,2.075956317847126,2.0053067359936927,2.0302839279174805,20254000,0.0,0.0,-0.017271549218600968,2.081840920448303,2.2954406213192713
2012-01-05 00:00:00-05:00,2.0309973634120584,2.0516927300827175,2.0110157474149997,2.0331382751464844,20075000,0.0,0.0,0.0014058857432475147,2.074022281169891,2.295679999722375
2012-01-06 00:00:00-05:00,2.0274297916948147,2.0374206021625665,1.9995981024118803,2.0202934741973877,24357000,0.0,0.0,-0.0063177212814859995,2.0641045689582826,2.2957201647380043
2012-01-09 00:00:00-05:00,2.0909424897515962,2.1687283799876025,2.0873742469188556,2.1565966606140137,33485000,0.0,0.0,0.06746702306246655,2.0629207611083986,2.296368344435616
2012-01-10 00:00:00-05:00,2.178005811031409,2.221537288748803,2.168015002393738,2.1872830390930176,26829000,0.0,0.0,0.014229076321701672,2.0635200142860413,2.2969648904270596
2012-01-11 00:00:00-05:00,2.1901375360750848,2.2586462056717007,2.183001219870087,2.2265326976776123,27103000,0.0,0.0,0.017944480839054977,2.0701680183410645,2.2976220893481423
2012-01-12 00:00:00-05:00,2.226531887531045,2.278627164029643,2.1994139638764705,2.260786294937134,19873000,0.0,0.0,0.015384277668704316,2.079310357570648,2.298714486379472
2012-01-13 00:00:00-05:00,2.2493676453223768,2.2836220449038898,2.227245129232696,2.2529358863830566,24275000,0.0,0.0,-0.003472423984371087,2.0899434089660645,2.2997253863584426
2012-01-17 00:00:00-05:00,2.262215448195831,2.3021788706265878,2.2458018966592115,2.2586472034454346,31782000,0.0,0.0,0.002535055301350342,2.1006836175918577,2.3005743532899827
2012-01-18 00:00:00-05:00,2.354986841007709,2.4977133523112833,2.3392870455660018,2.4220683574676514,44274000,0.0,0.0,0.0723535547175882,2.1190239667892454,2.3024242326380713
2012-01-19 00:00:00-05:00,2.417787088603008,2.4513277694661233,2.3978052941645345,2.3992326259613037,31546000,0.0,0.0,-0.00942819447516463,2.140682762861252,2.304180697789268
2012-01-20 00:00:00-05:00,2.391381590953972,2.429204079105144,2.379249871943261,2.412790536880493,23462000,0.0,0.0,0.005650936375440896,2.158452183008194,2.306007742881775
2012-01-23 00:00:00-05:00,2.415645069875313,2.4192133126617374,2.374968088940528,2.402086019515991,20124000,0.0,0.0,-0.004436571347938845,2.17896910905838,2.3077727329163324
2012-01-24 00:00:00-05:00,2.3970902752730163,2.4434764040492647,2.3970902752730163,2.417072057723999,30778000,0.0,0.0,0.006238760013693279,2.196274697780609,2.3095076902518197
2012-01-25 00:00:00-05:00,2.465599361467283,2.465599361467283,2.4049405931871766,2.422781467437744,30352000,0.0,0.0,0.002362118123661272,2.2125455141067505,2.311284879843394
2012-01-26 00:00:00-05:00,2.4234949263357604,2.4570357614378104,2.4149314500455334,2.432058572769165,25537000,0.0,0.0,0.0038291135441250734,2.2294586062431336,2.313034555268666
2012-01-27 00:00:00-05:00,2.414931420571248,2.460603803991226,2.412076928509345,2.424922227859497,29468000,0.0,0.0,-0.002934281677904882,2.2481557846069338,2.3144846066596014
2012-01-30 00:00:00-05:00,2.397804376234572,2.4270633907929313,2.379963671392679,2.4070816040039062,16590000,0.0,0.0,-0.007357194243437171,2.2646049857139587,2.3161911051424724
2012-01-31 00:00:00-05:00,2.426350181731106,2.4320591673202325,2.381391197108053,2.4220683574676514,16225000,0.0,0.0,0.00622610942596058,2.282731282711029,2.3177724769191137
2012-02-01 00:00:00-05:00,2.454180865455953,2.4905761891883698,2.4363401639431204,2.4705944061279297,39361000,0.0,0.0,0.02003496247769565,2.3029626846313476,2.319445724052096
2012-02-02 00:00:00-05:00,2.4834406934341064,2.5105586299269067,2.479872449869065,2.497713327407837,36188000,0.0,0.0,0.0109766788156902,2.3263341546058656,2.321302103144782
2012-02-03 00:00:00-05:00,2.5176954716358964,2.531968107619709,2.4955727667607177,2.506990909576416,23816000,0.0,0.0,0.003714430341855035,2.350026786327362,2.3230246868398456
2012-02-06 00:00:00-05:00,2.49771264139073,2.501280883975724,2.43634029813146,2.447758436203003,18853000,0.0,0.0,-0.023626919885170627,2.371400034427643,2.3240115675661297
2012-02-07 00:00:00-05:00,2.450613647094538,2.4720225984554998,2.422781959282321,2.467740774154663,15076000,0.0,0.0,0.00816352531202269,2.3869572401046755,2.325192416944201
2012-02-08 00:00:00-05:00,2.465599472257743,2.4977129792944943,2.457749575709219,2.489149332046509,15032000,0.0,0.0,0.008675367411384416,2.40205055475235,2.3261449663412
2012-02-09 00:00:00-05:00,2.4984272599288317,2.5198362139045507,2.4827274624325826,2.506990909576416,11790000,0.0,0.0,0.007167740922654264,2.41607346534729,2.3269277777936725
2012-02-10 00:00:00-05:00,2.4677412305284534,2.526259109794424,2.4513276811019407,2.4613184928894043,8898000,0.0,0.0,-0.018218022455744998,2.4261000752449036,2.327610463850082
2012-02-13 00:00:00-05:00,2.487008955797293,2.5098452399474516,2.4277775032920994,2.484154462814331,14360000,0.0,0.0,0.009277941879890061,2.4376610040664675,2.3281572144182903
2012-02-14 00:00:00-05:00,2.4670267748223647,2.4934311266723164,2.4399086722812524,2.462744951248169,18319000,0.0,0.0,-0.008618430088243034,2.447865891456604,2.3284092323174552
2012-02-15 00:00:00-05:00,2.4920037854161374,2.5319671856474777,2.4841537193832375,2.4962854385375977,19864000,0.0,0.0,0.013619147720688618,2.4515767455101014,2.32888664376168
2012-02-16 00:00:00-05:00,2.4998536955744095,2.5655078656251478,2.4777309986285583,2.5590851306915283,16769000,0.0,0.0,0.025157256131222105,2.4595693707466126,2.32942587089917
2012-02-17 00:00:00-05:00,2.5455265434195993,2.5540901915557033,2.48629509752678,2.5148403644561768,18402000,0.0,0.0,-0.017289290498669563,2.464671862125397,2.3299992921806516
2012-02-21 00:00:00-05:00,2.531967803929696,2.5605130724735363,2.5176951696577756,2.5312540531158447,20449000,0.0,0.0,0.006526731832227961,2.4711302638053896,2.3305763152856676
2012-02-22 00:00:00-05:00,2.521976549120649,2.5919125515212724,2.521976549120649,2.5619399547576904,24333000,0.0,0.0,0.012122805928576286,2.478373658657074,2.3316247221969424
2012-02-23 00:00:00-05:00,2.554804514446386,2.6589949731815246,2.5483819466215385,2.6539995670318604,47606000,0.0,0.0,0.03593355578190227,2.48993456363678,2.3333908645879653
2012-02-24 00:00:00-05:00,2.6654163371054014,2.6689845799681975,2.581207881290266,2.591912269592285,19325000,0.0,0.0,-0.02339386117873843,2.497927248477936,2.3341722332295918
2012-02-27 00:00:00-05:00,2.584062483013264,2.6539984807708215,2.5362490134558193,2.639012098312378,26216000,0.0,0.0,0.01817184527140725,2.50863174200058,2.3350342251951735
2012-02-28 00:00:00-05:00,2.6283077961938153,2.670412112345344,2.6090395895406773,2.64115309715271,21581000,0.0,0.0,0.0008112879973916076,2.52033531665802,2.3360081982044947
2012-02-29 00:00:00-05:00,2.6361580967144773,2.690394141564238,2.619744550109554,2.683971405029297,34503000,0.0,0.0,0.016211974960007813,2.5334304690361025,2.3376890955463288
2012-03-01 00:00:00-05:00,2.693248143434861,2.697529967010901,2.651857579200589,2.663275718688965,12550000,0.0,0.0,-0.007710844572170861,2.543064534664154,2.3391787868643563
2012-03-02 00:00:00-05:00,2.6582800982598735,2.6618483412256744,2.5926259249492034,2.611894130706787,19601000,0.0,0.0,-0.0192926281051633,2.5487735748291014,2.3403135486065394
2012-03-05 00:00:00-05:00,2.6061847186268166,2.608325630166242,2.51840802608306,2.5298261642456055,24881000,0.0,0.0,-0.031420862544292216,2.549915337562561,2.3411813827734145
2012-03-06 00:00:00-05:00,2.4755901814358103,2.5319671226842067,2.4691674466985667,2.5198352336883545,19936000,0.0,0.0,-0.003949255762492387,2.5535191774368284,2.3422361181841955
2012-03-07 00:00:00-05:00,2.534107128929642,2.5669340310804247,2.516266262192175,2.551234245300293,12857000,0.0,0.0,0.012460739969088808,2.5576938509941103,2.3433007782413844
2012-03-08 00:00:00-05:00,2.5904851377923457,2.627593877153684,2.576212336323294,2.599048614501953,17478000,0.0,0.0,0.018741661723042702,2.5631888151168822,2.3449439590885524
2012-03-09 00:00:00-05:00,2.6061851841368573,2.627594133211951,2.5726445142668646,2.62402606010437,13307000,0.0,0.0,0.009610226397093857,2.56904057264328,2.346683455365045
2012-03-12 00:00:00-04:00,2.6211713582460425,2.6304485857852975,2.576212381621536,2.611894130706787,8724000,0.0,0.0,-0.004623402786289588,2.5765693545341493,2.3483132772029394
2012-03-13 00:00:00-04:00,2.636871756470681,2.6882533100046593,2.6318763512858814,2.685398817062378,12902000,0.0,0.0,0.028142291638635575,2.5866315722465516,2.3502991175840773
2012-03-14 00:00:00-04:00,2.6832574424739475,2.7382070601817285,2.640439545287895,2.648289442062378,22282000,0.0,0.0,-0.01381894367578329,2.595908796787262,2.3521181141573284
2012-03-15 00:00:00-04:00,2.6597479958928147,2.704864858562539,2.6418444003651644,2.704148769378662,16248000,0.013,0.0,0.021092606581848194,2.606301963329315,2.3545597720713842
2012-03-16 00:00:00-04:00,2.709878108848538,2.778627799959135,2.697703737737711,2.71417498588562,23520000,0.0,0.0,0.0037077163137224645,2.6140564560890196,2.35710851682557
2012-03-19 00:00:00-04:00,2.704864073725872,2.732793592689203,2.6941220561192316,2.7256321907043457,10058000,0.0,0.0,0.0042212476639515994,2.624596047401428,2.359422311423317
2012-03-20 00:00:00-04:00,2.6998511568486627,2.7320775517174045,2.6855283526272875,2.7234838008880615,17642000,0.0,0.0,-0.0007882170689101908,2.634207534790039,2.3615397002015794
2012-03-21 00:00:00-04:00,2.727780796229522,2.7643038973773777,2.71059346455649,2.7471165657043457,13604000,0.0,0.0,0.008677402380208088,2.643466365337372,2.3638293833013564
2012-03-22 00:00:00-04:00,2.7342256036182473,2.7456838795268133,2.7113090518011154,2.717754364013672,19680000,0.0,0.0,-0.01068837123886135,2.6466541051864625,2.3659184267596594
2012-03-23 00:00:00-04:00,2.7077293822128383,2.7335104709507245,2.6869614299790294,2.7284975051879883,14863000,0.0,0.0,0.003952947814772623,2.6534833669662476,2.3680332799752555
2012-03-26 00:00:00-04:00,2.75427714085828,2.7822066531513934,2.719186228290618,2.7814905643463135,16678000,0.0,0.0,0.019422066194879628,2.6606072902679445,2.370420112023278
2012-03-27 00:00:00-04:00,2.7707503759466,2.7943830309630786,2.7485500703140855,2.777195692062378,17597000,0.0,0.0,-0.001544090186387126,2.6674094200134277,2.3727506432268353
2012-03-28 00:00:00-04:00,2.780775115725078,2.7836398132632962,2.7062965652987128,2.719187021255493,16691000,0.0,0.0,-0.020887498483697753,2.6691702008247375,2.3748565898055123
2012-03-29 00:00:00-04:00,2.696271359766999,2.7478333681736875,2.685529167968931,2.74568510055542,13024000,0.0,0.0,0.009744853551004518,2.6732906699180603,2.3769218727709753
2012-03-30 00:00:00-04:00,2.7542777788989596,2.808704467741961,2.732077484127438,2.7908010482788086,24210000,0.0,0.0,0.01643158121601873,2.6822360157966614,2.379275552337132
2012-04-02 00:00:00-04:00,2.7850721359906663,2.793665887569212,2.729213262954047,2.77074933052063,14370000,0.0,0.0,-0.0071849327169148935,2.6942821741104126,2.3814318837627533
2012-04-03 00:00:00-04:00,2.76502003837347,2.7922332981251095,2.7306452057626,2.7478325366973877,12313000,0.0,0.0,-0.00827097333230653,2.7056820392608643,2.383755258624516
2012-04-04 00:00:00-04:00,2.724916947682797,2.7306460027527604,2.656167433136518,2.679083824157715,13125000,0.0,0.0,-0.025019251217653027,2.7120745182037354,2.3855057770297643
2012-04-05 00:00:00-04:00,2.6833806503242625,2.720620019802136,2.6747868971397253,2.693406581878662,13792000,0.0,0.0,0.0053461401960612775,2.716792416572571,2.387004673007935
2012-04-09 00:00:00-04:00,2.6669089793996483,2.6998514670419222,2.6547346114868624,2.6912577152252197,12198000,0.0,0.0,-0.0007978248319061576,2.7201539993286135,2.3885791609211573
2012-04-10 00:00:00-04:00,2.677651678144602,2.702716507805506,2.6189280946312232,2.635399341583252,20072000,0.0,0.0,-0.020755490388735698,2.7213292598724363,2.3899039488936227
2012-04-11 00:00:00-04:00,2.6533018150339536,2.736374279938907,2.642559797816397,2.684095859527588,15944000,0.0,0.0,0.018477851601450546,2.721264111995697,2.3915173189034538
2012-04-12 00:00:00-04:00,2.6948389441675418,2.753562526152574,2.6855291017525484,2.7320783138275146,12525000,0.0,0.0,0.01787657997742742,2.725453555583954,2.3935622558707284
2012-04-13 00:00:00-04:00,2.715606937762551,2.716323026916824,2.6647608514997967,2.669773817062378,8941000,0.0,0.0,-0.022804798987570374,2.72373480796814,2.3952393706828827
2012-04-16 00:00:00-04:00,2.677651339219776,2.690541797022148,2.6497218147830903,2.6533024311065674,17633000,0.0,0.0,-0.006169581052350881,2.720691180229187,2.397055830747362
2012-04-17 00:00:00-04:00,2.67621940936184,2.7177556579635445,2.6654772172264507,2.702716588973999,11296000,0.0,0.0,0.018623643233471654,2.7195454001426698,2.398880500169027
2012-04-18 00:00:00-04:00,2.689108994402571,2.7077285022957556,2.6575986902174904,2.684095859527588,8837000,0.0,0.0,-0.006889634496778596,2.717576003074646,2.400670531723234
2012-04-19 00:00:00-04:00,2.648289227632708,2.6633282929144695,2.5501780271111345,2.5573394298553467,28969000,0.0,0.0,-0.04722500100817972,2.708087146282196,2.40190989299426
2012-04-20 00:00:00-04:00,2.560204533721717,2.560204533721717,2.406950343868207,2.4549317359924316,80400000,0.0,0.0,-0.040044623199943286,2.694946014881134,2.4025213420391083
2012-04-23 00:00:00-04:00,2.418408135796041,2.422704840948608,2.3732911096516114,2.3797364234924316,43912000,0.0,0.0,-0.03063030690325963,2.677507960796356,2.402823179960251
2012-04-24 00:00:00-04:00,2.3768719964433003,2.381884961616558,2.3188645109188672,2.340348720550537,37246000,0.0,0.0,-0.0165512880136911,2.655450868606567,2.4030696716573505
2012-04-25 00:00:00-04:00,2.472834685368749,2.5258290296061854,2.446337342508728,2.505060911178589,40196000,0.0,0.0,0.07037933671239616,2.641844129562378,2.4039389363356998
2012-04-26 00:00:00-04:00,2.484292701887349,2.524396585726027,2.4642406745973675,2.5107898712158203,16242000,0.0,0.0,0.0022869543856864905,2.631424272060394,2.4045393045932526
2012-04-27 00:00:00-04:00,2.5129394656717223,2.528694454286905,2.4706871247884004,2.477848529815674,17007000,0.0,0.0,-0.013119911697029085,2.618032443523407,2.4051491585042744
2012-04-30 00:00:00-04:00,2.4649564270205966,2.479279228526045,2.4413237874624802,2.4692533016204834,13464000,0.0,0.0,-0.003468827126341667,2.6019550561904907,2.4055650712005674
2012-05-01 00:00:00-04:00,2.472834801371778,2.5029125907730987,2.447053717069709,2.4678218364715576,11762000,0.0,0.0,-0.0005797157982886381,2.586808681488037,2.406062231650428
2012-05-02 00:00:00-04:00,2.4441881859444408,2.496466422130778,2.424852252605683,2.490737199783325,8848000,0.0,0.0,0.009285663564972513,2.573953914642334,2.4069279361338842
2012-05-03 00:00:00-04:00,2.48572546196212,2.4871578109401864,2.3840334652765245,2.3890464305877686,18368000,0.0,0.0,-0.04082757876037779,2.5594520449638365,2.407283546905669
2012-05-04 00:00:00-04:00,2.3582526153611876,2.389046670176571,2.260857485101062,2.2651543617248535,38604000,0.0,0.0,-0.05185837632817969,2.538039433956146,2.4069512339811476
2012-05-07 00:00:00-04:00,2.2601408696957157,2.2909349196678264,2.2350760445680184,2.2415213584899902,19848000,0.0,0.0,-0.010433285975648632,2.515552616119385,2.406056846418078
2012-05-08 00:00:00-04:00,2.2264821998590225,2.2680184379696082,2.21287548350473,2.2594246864318848,28533000,0.0,0.0,0.007987132433105781,2.4967538833618166,2.4050792734774333
2012-05-09 00:00:00-04:00,2.232211375076733,2.23722433978239,2.1999849782645904,2.2250499725341797,24596000,0.0,0.0,-0.01521392330717164,2.473801589012146,2.4038671411219097
2012-05-10 00:00:00-04:00,2.2343600525437357,2.2451022437011714,2.1935400676281516,2.2114436626434326,22290000,0.0,0.0,-0.006115058114964711,2.447769856452942,2.4025841956100766
2012-05-11 00:00:00-04:00,2.197836611551015,2.2307790984610607,2.1921075576280984,2.215740203857422,29039000,0.0,0.0,0.00194286713542291,2.425068175792694,2.401545438028517
2012-05-14 00:00:00-04:00,2.197120994960345,2.252263791106123,2.1820819263814264,2.2293472290039062,18594000,0.0,0.0,0.006141074266195812,2.403870415687561,2.4006083451566242
2012-05-15 00:00:00-04:00,2.23364396179369,2.2673025428275198,2.2135920993025016,2.2236180305480957,21493000,0.0,0.0,-0.0025698995568179672,2.379915487766266,2.399825181752916
2012-05-16 00:00:00-04:00,2.224333475496106,2.2673018861680783,2.1992686546414326,2.2035653591156006,19452000,0.0,0.0,-0.009018037791118427,2.3558889627456665,2.3989596381073905
2012-05-17 00:00:00-04:00,2.1985530455605358,2.2157405515086372,2.1520040055946597,2.1534361839294434,18872000,0.0,0.0,-0.022749121090865465,2.3356938004493712,2.3977942187634724
2012-05-18 00:00:00-04:00,2.1648947510824215,2.1663271003482754,2.1276553775838196,2.149855852127075,22855000,0.0,0.0,-0.0016626133753520067,2.3204400062561037,2.3965641189189184
2012-05-21 00:00:00-04:00,2.148422233661926,2.2135910987854004,2.1269380318142574,2.2135910987854004,28360000,0.0,0.0,0.02964628842220529,2.312132740020752,2.3957047107673826
2012-05-22 00:00:00-04:00,2.2157407929978854,2.2501154671578427,2.2078631283326553,2.2393734455108643,28475000,0.0,0.0,0.01164729418166277,2.3070839762687685,2.395609393479332
2012-05-23 00:00:00-04:00,2.2694505001142917,2.4055173152226783,2.255843955196493,2.4005043506622314,47735000,0.0,0.0,0.07195356606303283,2.3018561482429503,2.3962432188647136
2012-05-24 00:00:00-04:00,2.3962080139164197,2.400504890431927,2.3224455362046683,2.328174591064453,27487000,0.0,0.0,-0.03013106790571929,2.292725384235382,2.395807662180492
2012-05-25 00:00:00-04:00,2.3346194260606614,2.3919106458502006,2.3324709882444234,2.374007225036621,15457000,0.0,0.0,0.019686081167655578,2.2875333189964295,2.395495093531079
2012-05-29 00:00:00-04:00,2.4026518394092946,2.4714013088191376,2.3783031152357257,2.467104434967041,19163000,0.0,0.0,0.039215217607007746,2.2874258756637573,2.395467833394096
2012-05-30 00:00:00-04:00,2.4312983478656203,2.438459750053715,2.353955101789421,2.3675618171691895,26237000,0.0,0.0,-0.04034795462526963,2.2824128746986387,2.3953876717696114
2012-05-31 00:00:00-04:00,2.383317762320083,2.390479166888105,2.3253102658001588,2.370427131652832,19157000,0.0,0.0,0.0012102385090280166,2.276397371292114,2.395324486115622
2012-06-01 00:00:00-04:00,2.322444982488116,2.33963231371101,2.2100108136846526,2.218604564666748,38892000,0.0,0.0,-0.06404861172856324,2.267875277996063,2.394728935427136
2012-06-04 00:00:00-04:00,2.2357929440906186,2.2665870052251647,2.1613141893049015,2.1863791942596436,39732000,0.0,0.0,-0.014525062699465296,2.2639365196228027,2.3939017468974706
2012-06-05 00:00:00-04:00,2.189958353776161,2.255127045006929,2.176351642041591,2.2493979930877686,36053000,0.0,0.0,0.028823361928059565,2.2643303513526916,2.3934816713370974
2012-06-06 00:00:00-04:00,2.277328024134917,2.362548757978461,2.2615728716563384,2.361116409301758,25299000,0.0,0.0,0.049665917973293894,2.2694149374961854,2.3933030220251235
2012-06-07 00:00:00-04:00,2.394058889689109,2.397639676006475,2.3532389159706084,2.3596842288970947,23101000,0.0,0.0,-0.000606569163223325,2.276146650314331,2.3932981533663615
2012-06-08 00:00:00-04:00,2.351091779487512,2.4377449098733166,2.3274591230860553,2.42342209815979,25119000,0.0,0.0,0.027011185853662356,2.286745572090149,2.3933162703400566
2012-06-11 00:00:00-04:00,2.4413248905969858,2.4534994310449276,2.373291467333963,2.380452871322632,15443000,0.0,0.0,-0.01773080590037812,2.2949812054634093,2.3932928693672966
2012-06-12 00:00:00-04:00,2.3854658330329457,2.4470539369720856,2.3854658330329457,2.429150342941284,18471000,0.0,0.0,0.020457229884830674,2.3049713611602782,2.39354683529763
2012-06-13 00:00:00-04:00,2.4284340613668105,2.4699701298701164,2.409814379687589,2.437743902206421,20580000,0.0,0.0,0.003537681103233492,2.3156776547431948,2.3936245881375813
2012-06-14 00:00:00-04:00,2.4305508005459235,2.4312702306026175,2.348549493845498,2.396023988723755,23709000,0.015,0.0,-0.017114149457990613,2.3253005862236025,2.393697049409624
2012-06-15 00:00:00-04:00,2.399620566887599,2.470113053990384,2.3981820497000172,2.4506916999816895,18289000,0.0,0.0,0.022816011657317947,2.3401633620262148,2.3940398659971027
2012-06-18 00:00:00-04:00,2.4420593147121834,2.5233413468674217,2.4319890108693043,2.500323534011841,17163000,0.0,0.0,0.02025217371508714,2.3576867461204527,2.394824237577499
2012-06-19 00:00:00-04:00,2.5118320869681647,2.517586496301592,2.4744279118099803,2.496007204055786,19152000,0.0,0.0,-0.0017263085746063167,2.3718075513839723,2.3955211871200137
2012-06-20 00:00:00-04:00,2.5032012093953755,2.556430115275375,2.5024819508420606,2.537008762359619,29267000,0.0,0.0,0.01642685895986573,2.38668931722641,2.3960097219262804
2012-06-21 00:00:00-04:00,2.5355696594426385,2.545639962850561,2.473708807729845,2.480182647705078,23173000,0.0,0.0,-0.022398864165407262,2.3906732320785524,2.3957301259986936
2012-06-22 00:00:00-04:00,2.4787440318507636,2.521183361941479,2.4729894504926917,2.5032005310058594,55520000,0.0,0.0,0.009280721047734142,2.3994245290756226,2.3955924808979034
2012-06-25 00:00:00-04:00,2.472989319179706,2.491691407480655,2.4485328213232234,2.460761070251465,23592000,0.0,0.0,-0.016954079478938566,2.4037622213363647,2.3953707667570265
2012-06-26 00:00:00-04:00,2.467235437185337,2.4902532518262745,2.4427787626023845,2.4737091064453125,18656000,0.0,0.0,0.005261801460685778,2.4040924549102782,2.3952201193287257
2012-06-27 00:00:00-04:00,2.4758666460111343,2.52190261071276,2.4693929778162684,2.5103936195373535,11415000,0.0,0.0,0.0148297602965759,2.4112340450286864,2.394793310335704
2012-06-28 00:00:00-04:00,2.4823413133488392,2.498885461523842,2.4406212278650785,2.4679551124572754,16941000,0.0,0.0,-0.01690512067501959,2.4161104440689085,2.393984418539774
2012-06-29 00:00:00-04:00,2.519026708411731,2.585203313268286,2.519026708411731,2.5823259353637695,18990000,0.0,0.0,0.04634234323355191,2.4342965126037597,2.3935478419538527
2012-07-02 00:00:00-04:00,2.5729739275577015,2.6031850123257727,2.5370084321180975,2.552833318710327,21855000,0.0,0.0,-0.011420950488687187,2.452619218826294,2.3928086724546223
2012-07-03 00:00:00-04:00,2.557869241634129,2.5751326503473773,2.549237451528974,2.5708167552948,9803000,0.0,0.0,0.007044500889528349,2.4686901569366455,2.3920565195499903
2012-07-05 00:00:00-04:00,2.570815679966943,2.5866405647080963,2.551394331851021,2.5593068599700928,8576000,0.0,0.0,-0.004477135642204533,2.4785996794700624,2.3912249496058813
2012-07-06 00:00:00-04:00,2.553552319600073,2.5549910078713443,2.4506909958684493,2.480182647705078,14716000,0.0,0.0,-0.0309162662369995,2.4846246004104615,2.3901974837931377
2012-07-09 00:00:00-04:00,2.481621757619549,2.4888148572040745,2.382356880454886,2.394585132598877,21974000,0.0,0.0,-0.034512585266816886,2.4831827521324157,2.3890271475390783
2012-07-10 00:00:00-04:00,2.4168841880446803,2.450691917407924,2.3917084200579697,2.404655933380127,21338000,0.0,0.0,0.0042056557706595665,2.4843929052352904,2.3880570374784016
2012-07-11 00:00:00-04:00,2.4032167531760065,2.413287057592958,2.3686897746788733,2.380918025970459,18940000,0.0,0.0,-0.009871644038613292,2.4819812893867494,2.3875494187786463
2012-07-12 00:00:00-04:00,2.367970640975362,2.3730057934491127,2.31186436227296,2.3435139656066895,21140000,0.0,0.0,-0.01570993203284421,2.4772697925567626,2.3869018029598963
2012-07-13 00:00:00-04:00,2.341355509178415,2.3917071907691536,2.336320186672069,2.384514093399048,16791000,0.0,0.0,0.017495149759751527,2.4766942977905275,2.386473116893617
2012-07-16 00:00:00-04:00,2.3715680131796635,2.3801998044386146,2.329128658651627,2.3550238609313965,13761000,0.0,0.0,-0.012367397009431791,2.471910905838013,2.3858346253160447
2012-07-17 00:00:00-04:00,2.380918783229252,2.389550573473156,2.3427953288137835,2.3766028881073,18038000,0.0,0.0,0.009162976024951641,2.4657248735427855,2.38542515559802
2012-07-18 00:00:00-04:00,2.373005547114711,2.4492524277971626,2.3672509652442044,2.4305503368377686,21230000,0.0,0.0,0.022699395427156155,2.462452030181885,2.3848923761693257
2012-07-19 00:00:00-04:00,2.483780080671349,2.6182912176133275,2.4758675498825546,2.5923960208892822,34675000,0.0,0.0,0.0665880815544353,2.4652213931083677,2.385038390519127
2012-07-20 00:00:00-04:00,2.585921821923856,2.5895182860157013,2.5355701241588515,2.5377280712127686,14961000,0.0,0.0,-0.021087808049389256,2.4680986642837524,2.3847734696335263
2012-07-23 00:00:00-04:00,2.4916914506142755,2.503200441421551,2.426234140427824,2.4809017181396484,15101000,0.0,0.0,-0.022392609246727924,2.4669837236404417,2.384195889272387
2012-07-24 00:00:00-04:00,2.494569358166422,2.52406118757365,2.429112201037554,2.458603858947754,9758000,0.0,0.0,-0.008987804324878668,2.4668758630752565,2.38380536153203
2012-07-25 00:00:00-04:00,2.4550066606959313,2.4996037634937576,2.4327079378000414,2.460761070251465,20470000,0.0,0.0,0.0008774131285362863,2.466228461265564,2.383263134294086
2012-07-26 00:00:00-04:00,2.5183069011639843,2.57009729473256,2.517587642544074,2.5492372512817383,13101000,0.0,0.0,0.035954803617415765,2.468170642852783,2.3839239028711168
2012-07-27 00:00:00-04:00,2.5744132915502345,2.6233264810820747,2.5571498835083726,2.598869800567627,11498000,0.0,0.0,0.01946956849972814,2.474716377258301,2.3844976590739355
2012-07-30 00:00:00-04:00,2.612536076392172,2.639869956013875,2.569377481565599,2.587360143661499,12044000,0.0,0.0,-0.0044287162456595475,2.4749680876731874,2.3853097089699338
2012-07-31 00:00:00-04:00,2.6067818518425576,2.7074852469629014,2.6053431633134574,2.6542563438415527,23597000,0.0,0.0,0.025855001416766665,2.4800392389297485,2.386508117119471
2012-08-01 00:00:00-04:00,2.66936146440622,2.6700807228313854,2.619009773207616,2.639150381088257,15423000,0.0,0.0,-0.005691222246993921,2.4834559202194213,2.3879699068410054
2012-08-02 00:00:00-04:00,2.6146935724182447,2.671519097256954,2.596710741926205,2.6283605098724365,13151000,0.0,0.0,-0.004088388177172053,2.4869086027145384,2.3891836352764613
2012-08-03 00:00:00-04:00,2.672238319322467,2.6945370425496535,2.6377115184823405,2.669361114501953,14333000,0.0,0.0,0.015599307810139962,2.4963675260543825,2.3910886385138075
2012-08-06 00:00:00-04:00,2.6751161433295936,2.693098805089999,2.66144920377372,2.6664843559265137,11303000,0.0,0.0,-0.001077695542881285,2.509962487220764,2.393420825401942
2012-08-07 00:00:00-04:00,2.681589760843272,2.7067656926203543,2.6657650462377966,2.6902215480804443,15424000,0.0,0.0,0.008902055660357622,2.52424076795578,2.396451694151712
2012-08-08 00:00:00-04:00,2.694537740289953,2.711801145180309,2.6794321109509953,2.6959762573242188,17173000,0.0,0.0,0.0021391209388983423,2.539993679523468,2.398819383647707
2012-08-09 00:00:00-04:00,2.664327007876215,2.7024504583129487,2.6621690605404518,2.6844677925109863,9996000,0.0,0.0,-0.004268755995890938,2.5570413708686828,2.4012482398086124
2012-08-10 00:00:00-04:00,2.677993408982449,2.692379607313782,2.6449051185209815,2.672238826751709,14662000,0.0,0.0,-0.004555452590414122,2.571427607536316,2.4032180815462083
2012-08-13 00:00:00-04:00,2.6722383639333565,2.6722383639333565,2.595991491683469,2.6089391708374023,21116000,0.0,0.0,-0.02368787373367065,2.584123373031616,2.4048439552859655
2012-08-14 00:00:00-04:00,2.6420282634458507,2.6449054691941876,2.5880799268021395,2.6003081798553467,24324000,0.0,0.0,-0.0033082377230302384,2.5953086376190186,2.4062753182555
2012-08-15 00:00:00-04:00,2.5931143088363364,2.6348343800239977,2.589517674097373,2.631237745285034,15984000,0.0,0.0,0.011894576831046333,2.6053430080413817,2.408009361180048
2012-08-16 00:00:00-04:00,2.6398694834030683,2.6715190796436525,2.6398694834030683,2.654974937438965,25881000,0.0,0.0,0.009021302691657462,2.608471953868866,2.409913509138047
2012-08-17 00:00:00-04:00,2.715398551534427,2.7247496008995746,2.6182915927793946,2.6499412059783936,29985000,0.0,0.0,-0.0018959619503703395,2.6140826106071473,2.412385293888667
2012-08-20 00:00:00-04:00,2.6578528113164555,2.6578528113164555,2.5470789393448503,2.5866410732269287,25468000,0.0,0.0,-0.02388737252307971,2.6193695783615114,2.4146958584823306
2012-08-21 00:00:00-04:00,2.5895179287270844,2.6297993156806703,2.5679386326623423,2.616851806640625,19231000,0.0,0.0,0.011679522809095122,2.627281975746155,2.417309056198786
2012-08-22 00:00:00-04:00,2.607501274908911,2.638431622511768,2.5923958161367135,2.6247646808624268,13251000,0.0,0.0,0.003023814417660864,2.635482156276703,2.4194981834245106
2012-08-23 00:00:00-04:00,2.60678229369734,2.6110981885191693,2.5693781005708893,2.5909574031829834,12060000,0.0,0.0,-0.012880117568610072,2.637568163871765,2.4207068795249578
2012-08-24 00:00:00-04:00,2.590956429468185,2.613974412202785,2.5780089213655897,2.5931143760681152,13030000,0.0,0.0,0.0008325003268991882,2.6372803926467894,2.422314941883087
2012-08-27 00:00:00-04:00,2.5945543973594765,2.5988701212797305,2.563623870700971,2.572974920272827,13306000,0.0,0.0,-0.007766512723524799,2.636561131477356,2.423663147858211
2012-08-28 00:00:00-04:00,2.577289402792443,2.6197287319686975,2.5664998416611473,2.6089391708374023,15320000,0.0,0.0,0.013977691846588813,2.6342952728271483,2.4247801284941417
2012-08-29 00:00:00-04:00,2.617571448739692,2.651379171877236,2.6053431963269738,2.6326770782470703,11952000,0.0,0.0,0.009098681822485188,2.633971607685089,2.4259125855233936
2012-08-30 00:00:00-04:00,2.6254843902605653,2.6254843902605653,2.578729148852502,2.5909574031829834,13671000,0.0,0.0,-0.01584686379077882,2.6321014523506165,2.4268851100452364
2012-08-31 00:00:00-04:00,2.6103793157254986,2.6470642580465866,2.583045595179652,2.6305201053619385,13266000,0.0,0.0,0.015269530147563382,2.6301594018936156,2.428450422627585
2012-09-04 00:00:00-04:00,2.6161328923990363,2.6319576086968786,2.541324519001882,2.581605911254883,21527000,0.0,0.0,-0.018594875594127203,2.6259154796600344,2.4299425312450955
2012-09-05 00:00:00-04:00,2.5614645368565463,2.5621837951563595,2.5211831566184664,2.530534029006958,16184000,0.0,0.0,-0.019782989349873104,2.61793110370636,2.4311391872072976
2012-09-06 00:00:00-04:00,2.563623628119314,2.6477830663024724,2.531254758546381,2.633396863937378,22883000,0.0,0.0,0.04064866694196789,2.614802134037018,2.4323953957784745
2012-09-07 00:00:00-04:00,2.6405894141266617,2.649221202343408,2.596711386020901,2.6039044857025146,15846000,0.0,0.0,-0.011199367113533754,2.610773968696594,2.4334249231550427
2012-09-10 00:00:00-04:00,2.586641708153577,2.603185858583759,2.5139912637000634,2.517587900161743,16238000,0.0,0.0,-0.03314890619633615,2.603041422367096,2.434334033065372
2012-09-11 00:00:00-04:00,2.5204643603322126,2.5585878037560836,2.5053589032575894,2.514709949493408,12420000,0.0,0.0,-0.001143138107769781,2.5983299612998962,2.4348859049025036
2012-09-12 00:00:00-04:00,2.5334125067530464,2.553553119880939,2.518306875410081,2.5341317653656006,13803000,0.0,0.0,0.007723282709445334,2.595021140575409,2.4352927340401544
2012-09-13 00:00:00-04:00,2.5377291749180855,2.5463607953907803,2.4780262329555125,2.5226235389709473,21875000,0.0,0.0,-0.004541289664546366,2.5895904302597046,2.4350241053672064
2012-09-14 00:00:00-04:00,2.5240612235770854,2.5535528819079567,2.496008082337263,2.5219032764434814,34024000,0.0,0.0,-0.0002855212108896499,2.5829368472099303,2.4346708390447827
2012-09-17 00:00:00-04:00,2.531254230051018,2.5456404294124475,2.508955500992885,2.5377280712127686,15298000,0.0,0.0,0.006274941199015505,2.5773261904716493,2.4344508695223976
2012-09-18 00:00:00-04:00,2.534837144343058,2.5413404780140696,2.503765890952628,2.5406179428100586,10544000,0.016,0.0,0.0011387633017390097,2.575025033950806,2.4339998477981206
2012-09-19 00:00:00-04:00,2.538450648346699,2.5594057237584784,2.5109922380254015,2.532670021057129,20797000,0.0,0.0,-0.00312834197499956,2.5708159446716308,2.4338077505429587
2012-09-20 00:00:00-04:00,2.498708807642456,2.522554201774188,2.40043691685558,2.4387340545654297,40250000,0.0,0.0,-0.03708969810938523,2.561514413356781,2.433338771736811
2012-09-21 00:00:00-04:00,2.4806433109964066,2.609986420604493,2.4806433109964066,2.565908670425415,68640000,0.0,0.0,0.05214780005302688,2.5602619767189028,2.4339384587984236
2012-09-24 00:00:00-04:00,2.5290572640076427,2.5391734489604145,2.473418074489043,2.5001537799835205,44190000,0.0,0.0,-0.02562635654175205,2.555613946914673,2.434045974224333
2012-09-25 00:00:00-04:00,2.4972630819900243,2.5283343397654336,2.379481213198865,2.3852620124816895,34009000,0.0,0.0,-0.045953880285951154,2.546228301525116,2.433894970114269
2012-09-26 00:00:00-04:00,2.3657516899921207,2.4235588136407324,2.3404612349067633,2.4177780151367188,41268000,0.0,0.0,0.013632046494212569,2.536670243740082,2.433763018676213
2012-09-27 00:00:00-04:00,2.397545323006986,2.528333653181062,2.3823708797538203,2.5218303203582764,41134000,0.0,0.0,0.0430363352508496,2.531127905845642,2.434461337233347
2012-09-28 00:00:00-04:00,2.489313903495001,2.530501507001503,2.4640234511085026,2.519662618637085,25908000,0.0,0.0,-0.0008595747714237323,2.5275631666183473,2.4351059311912175
2012-10-01 00:00:00-04:00,2.539173457057322,2.5680769411736115,2.4965407663022887,2.506657123565674,20091000,0.0,0.0,-0.005161601785577896,2.521370017528534,2.435811720197163
2012-10-02 00:00:00-04:00,2.5218313767922353,2.5218313767922353,2.4640244091155523,2.487147092819214,17096000,0.0,0.0,-0.00778328657838423,2.5166470766067506,2.4366882538038586
2012-10-03 00:00:00-04:00,2.4950957642267158,2.532670363524766,2.487869892998503,2.497986078262329,27255000,0.0,0.0,0.004357999361762399,2.515019679069519,2.437480897184402
2012-10-04 00:00:00-04:00,2.497985985397768,2.497985985397768,2.456798538155967,2.487147092819214,11425000,0.0,0.0,-0.004339089612002578,2.507707190513611,2.4381543861495123
2012-10-05 00:00:00-04:00,2.508824756430356,2.5492898413563254,2.469082551488163,2.4885923862457275,15117000,0.0,0.0,0.0005811049256743139,2.5019415855407714,2.43873772829298
2012-10-08 00:00:00-04:00,2.456798143997982,2.4734176617665007,2.435843069893619,2.448127031326294,10039000,0.0,0.0,-0.016260338632828275,2.498468542098999,2.4391802341218978
2012-10-09 00:00:00-04:00,2.4206688488791115,2.438011075842757,2.38742981023658,2.4271721839904785,20770000,0.0,0.0,-0.008559542486021643,2.4940916538238525,2.439319621002863
2012-10-10 00:00:00-04:00,2.433675266397744,2.435843044543105,2.3520229212763195,2.3549132347106934,14476000,0.0,0.0,-0.029770837749543255,2.485130727291107,2.4392653315786332
2012-10-11 00:00:00-04:00,2.385261876146624,2.419223445483131,2.352745377339481,2.379481077194214,13768000,0.0,0.0,0.010432589244222745,2.4779736042022704,2.439218286484007
2012-10-12 00:00:00-04:00,2.3650290760821098,2.385261611755419,2.351299873905039,2.38309383392334,26733000,0.0,0.0,0.0015182960536026524,2.4710331320762635,2.4390699598524304
2012-10-15 00:00:00-04:00,2.3917648889971246,2.410552182934314,2.3700872819030536,2.398268222808838,17144000,0.0,0.0,0.006367516322475675,2.464060139656067,2.4385193633654763
2012-10-16 00:00:00-04:00,2.4062170790254243,2.49943103100033,2.401158986981231,2.482088804244995,18602000,0.0,0.0,0.0349504616034928,2.4611336827278136,2.4384818720439125
2012-10-17 00:00:00-04:00,2.4633019472279902,2.500154013394046,2.448127668382185,2.464747190475464,13410000,0.0,0.0,-0.00698670157968273,2.4577375411987306,2.438155598110623
2012-10-18 00:00:00-04:00,2.461856553253775,2.4857019438990724,2.4430692548934374,2.460411310195923,12752000,0.0,0.0,-0.001759158219673096,2.458821403980255,2.4381533435412814
2012-10-19 00:00:00-04:00,2.4654688220282877,2.469804377902763,2.3773131509344108,2.398268222808838,19088000,0.0,0.0,-0.025257194652603232,2.450439381599426,2.4380877907314
2012-10-22 00:00:00-04:00,2.4192234105633044,2.4343976845725046,2.384539134184441,2.413442611694336,12707000,0.0,0.0,0.00632722759747284,2.446103823184967,2.4381219347318015
2012-10-23 00:00:00-04:00,2.381648615933484,2.4098295557639817,2.371532434131244,2.401880979537964,10953000,0.0,0.0,-0.004790514636789034,2.446934771537781,2.4376843732500832
2012-10-24 00:00:00-04:00,2.422836290797738,2.427171846936584,2.354913152216877,2.3650293350219727,13522000,0.0,0.0,-0.01534282707175616,2.4442973375320434,2.4373571995704895
2012-10-25 00:00:00-04:00,2.3895973475317045,2.438010829883215,2.387429569379946,2.4351203441619873,15396000,0.0,0.0,0.029636422729345746,2.439961838722229,2.4374971077555703
2012-10-26 00:00:00-04:00,2.435120625613271,2.456075701983376,2.41344301386851,2.444514274597168,12623000,0.0,0.0,0.0038576863183381604,2.436204421520233,2.4376771147288974
2012-10-31 00:00:00-04:00,2.429339023241596,2.4351196484759434,2.370809374422018,2.3867063522338867,22851000,0.0,0.0,-0.02364801996208732,2.4302068829536436,2.437675669079735
2012-11-01 00:00:00-04:00,2.405494634104067,2.497263346539938,2.3881525789751015,2.4929277896881104,18725000,0.0,0.0,0.04450544883948693,2.4304959177970886,2.4380449718899198
2012-11-02 00:00:00-04:00,2.5081015335604886,2.5182177158800694,2.4524623585244854,2.454630136489868,19223000,0.0,0.0,-0.015362520068434748,2.4283281207084655,2.4384794443372697
2012-11-05 00:00:00-05:00,2.384539083038503,2.4871464949091315,2.3838165477997477,2.4799206256866455,13881000,0.0,0.0,0.010303177175581713,2.427966797351837,2.4391270752937073
2012-11-06 00:00:00-05:00,2.4799209058441307,2.5492894649505615,2.4719725004849553,2.5492894649505615,20045000,0.0,0.0,0.027972201426692545,2.4310016512870787,2.4395621154043408
2012-11-07 00:00:00-05:00,2.5131601753331907,2.537005565898424,2.4488498743457927,2.4539079666137695,20751000,0.0,0.0,-0.03741493449377342,2.431290698051453,2.439604555803632
2012-11-08 00:00:00-05:00,2.5283342705460377,2.5283342705460377,2.4445139753273235,2.4452366828918457,13265000,0.0,0.0,-0.0035336629734690206,2.432193922996521,2.4395561852152388
2012-11-09 00:00:00-05:00,2.4567969281667152,2.4567969281667152,2.4148868006986715,2.419222354888916,14186000,0.0,0.0,-0.010638777090553053,2.4354093790054323,2.439362286575257
2012-11-12 00:00:00-05:00,2.426449937207299,2.4459597725833886,2.400436765946392,2.4286177158355713,7607000,0.0,0.0,0.0038836285253682767,2.4378662109375,2.4396286710860235
2012-11-13 00:00:00-05:00,2.4033270384934013,2.4437919517246196,2.3975464104368096,2.4047722816467285,11113000,0.0,0.0,-0.00981852105967973,2.4389501333236696,2.439834273050702
2012-11-14 00:00:00-05:00,2.433674578306494,2.4488488487553637,2.375144929486916,2.3867063522338867,12054000,0.0,0.0,-0.007512532288699969,2.438372039794922,2.439635423440782
2012-11-15 00:00:00-05:00,2.394656426424185,2.4004372279716946,2.318784848944681,2.33034610748291,13745000,0.0,0.0,-0.023614235030725572,2.4307849049568175,2.4395513231792147
2012-11-16 00:00:00-05:00,2.3274541229236814,2.339738080515731,2.289157007728002,2.3079442977905273,23888000,0.0,0.0,-0.009613082631995673,2.422944760322571,2.4394065283593678
2012-11-19 00:00:00-05:00,2.3325131211502566,2.372255494239356,2.313003288420852,2.3664748668670654,16664000,0.0,0.0,0.02536047734452307,2.418247938156128,2.4397449796161954
2012-11-20 00:00:00-05:00,2.4076613615102493,2.419222783975418,2.3484091790501784,2.370809316635132,11905000,0.0,0.0,0.001831606085808346,2.4168749928474424,2.440354435216813
2012-11-21 00:00:00-05:00,2.3686433177715993,2.3816498191915865,2.349856015059539,2.3715336322784424,7802000,0.0,0.0,0.0003055140867838091,2.414779543876648,2.441344648126572
2012-11-23 00:00:00-05:00,2.3845399313911306,2.438011520483874,2.373701209840443,2.4242823123931885,8177000,0.0,0.0,0.022242433924104965,2.4158996105194093,2.4426598056914313
2012-11-26 00:00:00-05:00,2.4387333512357388,2.474140164474329,2.4141654286939915,2.459688425064087,16562000,0.0,0.0,0.014604781171688952,2.420632565021515,2.444126744118948
2012-11-27 00:00:00-05:00,2.4466820623122576,2.4950955504436756,2.427894764272953,2.4654693603515625,20547000,0.0,0.0,0.002350271371190038,2.4221500158309937,2.4457407035524885
2012-11-28 00:00:00-05:00,2.4293396433401213,2.503766116690944,2.4286171080709664,2.497262954711914,20702000,0.0,0.0,0.012895554441535673,2.424787449836731,2.4476302881089467
2012-11-29 00:00:00-05:00,2.5203848472038355,2.5601272033349605,2.5088234251141484,2.5362818241119385,19060000,0.0,0.0,0.015624653914159348,2.4322662234306334,2.4496352275212607
2012-11-30 00:00:00-05:00,2.4994299527119344,2.5601272033349605,2.4495714168566827,2.5362818241119385,41634000,0.0,0.0,0.0,2.4344339251518248,2.4515583874687317
2012-12-03 00:00:00-05:00,2.5572375987548233,2.5709668020541194,2.502320957835952,2.5153274536132812,17504000,0.0,0.0,-0.008261846258348804,2.4374687910079955,2.453102293468657
2012-12-04 00:00:00-05:00,2.5138822055860355,2.5406179027744846,2.506656336824879,2.523275852203369,16899000,0.0,0.0,0.0031599856228141654,2.4396365523338317,2.454680559181032
2012-12-05 00:00:00-05:00,2.5312253273417595,2.540618977934375,2.4929281894729045,2.49509596824646,15875000,0.0,0.0,-0.011167975919993856,2.436926877498627,2.455794498087868
2012-12-06 00:00:00-05:00,2.4958179210794027,2.5398958494802417,2.4900372938850306,2.5377280712127686,11963000,0.0,0.0,0.017086358003403745,2.4411178827285767,2.457111450414809
2012-12-07 00:00:00-05:00,2.4734175050295137,2.497262891087282,2.4531849675037907,2.474862575531006,85050000,0.0,0.0,-0.024772353032970762,2.4425991773605347,2.458243797695826
2012-12-10 00:00:00-05:00,2.4842567022525714,2.4943728868282395,2.4640243331012353,2.4893147945404053,26845000,0.0,0.0,0.00583960465210831,2.446103799343109,2.4593178733946783
2012-12-11 00:00:00-05:00,2.504488824238418,2.5203856338297355,2.480643437573123,2.497262954711914,43625000,0.0,0.0,0.0031929108319046495,2.4495360612869264,2.460575770764124
2012-12-12 00:00:00-05:00,2.5138830638757406,2.5203862273862807,2.48931496387713,2.497986078262329,49274000,0.0,0.0,0.0002895664427531308,2.4541967511177063,2.461856279108259
2012-12-13 00:00:00-05:00,2.5415549801751762,2.5422810861095138,2.4391665988567666,2.4471542835235596,66194000,0.017,0.0,-0.02034911050190058,2.45721914768219,2.4632593809612215
2012-12-14 00:00:00-05:00,2.407942357775892,2.415930044316193,2.2147841104317716,2.261258363723755,98714000,0.0,0.0,-0.07596411924308288,2.453764760494232,2.4639868367285955
2012-12-17 00:00:00-05:00,2.2794130513209216,2.32370882916399,2.252545211320265,2.3229825496673584,70583000,0.0,0.0,0.027296388123451143,2.4545166730880736,2.4651086926460266
2012-12-18 00:00:00-05:00,2.340409097128659,2.3600153424239743,2.301196433408335,2.343313694000244,41414000,0.0,0.0,0.008752172647959355,2.4533586144447326,2.4662970682931324
2012-12-19 00:00:00-05:00,2.3447674719703735,2.3600167444526874,2.319351844703387,2.3229825496673584,25023000,0.0,0.0,-0.008676236726197217,2.450967276096344,2.4673594539127652
2012-12-20 00:00:00-05:00,2.3273381088352645,2.3411351601344115,2.2815901462751844,2.316445827484131,23788000,0.0,0.0,-0.002813935121537381,2.4482128858566283,2.468749886940396
2012-12-21 00:00:00-05:00,2.261258228491246,2.292483039810167,2.2518181571764755,2.277233600616455,35064000,0.0,0.0,-0.016927754753610524,2.4408604502677917,2.4696222340303753
2012-12-24 00:00:00-05:00,2.2721498072645288,2.2750544037383325,2.2496389681804647,2.261983633041382,7995000,0.0,0.0,-0.0066967076065209685,2.4309752106666567,2.4706945996435863
2012-12-26 00:00:00-05:00,2.267066850751654,2.292482460903306,2.2343896624323416,2.242377519607544,16339000,0.0,0.0,-0.00866766370341776,2.4198206186294557,2.4713748267718723
2012-12-27 00:00:00-05:00,2.256901190185002,2.2866736155172482,2.228580976939371,2.2779598236083984,27545000,0.0,0.0,0.0158681148422688,2.4088554620742797,2.4720914723381164
2012-12-28 00:00:00-05:00,2.2554481611280717,2.285220751091149,2.248186583378728,2.261983633041382,19617000,0.0,0.0,-0.00701337679507863,2.395140552520752,2.472758880683354
2012-12-31 00:00:00-05:00,2.2750540914992663,2.307731273451378,2.2489123805635063,2.2982912063598633,26644000,0.0,0.0,0.016051209561434243,2.383241021633148,2.47374027967453
2013-01-02 00:00:00-05:00,2.3549321232005487,2.400680084046575,2.34113507241834,2.362919807434082,36716000,0.0,0.0,0.028120283841915894,2.3756206393241883,2.4748705266013977
2013-01-03 00:00:00-05:00,2.348396584423361,2.394870822981298,2.348396584423361,2.3752644062042236,23295000,0.0,0.0,0.00522429865427676,2.368220067024231,2.4761233916358343
2013-01-04 00:00:00-05:00,2.3745385500980354,2.3796216380131647,2.3375045496607947,2.360015392303467,27113000,0.0,0.0,-0.006419922708783998,2.361466038227081,2.4772902528444924
2013-01-07 00:00:00-05:00,2.350575034561964,2.3592889974234326,2.3309687912533352,2.3469443321228027,16822000,0.0,0.0,-0.005538548699000723,2.351926851272583,2.4785468417500693
2013-01-08 00:00:00-05:00,2.3563842939894863,2.3745383260849002,2.3302427509292047,2.3309688568115234,20969000,0.0,0.0,-0.006806925538293207,2.344732165336609,2.4797287091376288
2013-01-09 00:00:00-05:00,2.360015317358682,2.3934186138513724,2.3498491418512617,2.382526159286499,29456000,0.0,0.0,0.022118400391457627,2.3393927335739138,2.481166140427665
2013-01-10 00:00:00-05:00,2.4297262419924883,2.4391663105418124,2.397775333972292,2.4340832233428955,44591000,0.0,0.0,0.021639663369671602,2.336233747005463,2.482267277581351
2013-01-11 00:00:00-05:00,2.435536105456372,2.4958072314306756,2.431905229213124,2.493628740310669,47871000,0.0,0.0,0.024463221469475993,2.3360158801078796,2.4834829351258656
2013-01-14 00:00:00-05:00,2.457321124356861,2.513961380560938,2.4427979639835358,2.5103306770324707,49258000,0.0,0.0,0.006697844170548306,2.3391746997833254,2.484609117583623
2013-01-15 00:00:00-05:00,2.4907241679888554,2.500890344563619,2.4558684828514665,2.4594993591308594,33736000,0.0,0.0,-0.02024885341468252,2.3490867495536802,2.4853976614891535
2013-01-16 00:00:00-05:00,2.455141818879168,2.5132344411093404,2.452237222393593,2.50960373878479,27669000,0.0,0.0,0.020371779918510136,2.358417809009552,2.48641618471297
2013-01-17 00:00:00-05:00,2.5255796303915723,2.539376682974741,2.5117827509381105,2.5277581214904785,21065000,0.0,0.0,0.007233963842626201,2.367640030384064,2.4874840851814026
2013-01-18 00:00:00-05:00,2.5081518341433098,2.5234010984591815,2.491450184741767,2.5008902549743652,18830000,0.0,0.0,-0.010629128747599803,2.376535415649414,2.4877968704889692
2013-01-22 00:00:00-05:00,2.5016163609523483,2.5132349222486003,2.4929025698274376,2.5008902549743652,13809000,0.0,0.0,0.0,2.385757637023926,2.4882002737787037
2013-01-23 00:00:00-05:00,2.5306623745720462,2.5415548285859035,2.4812837113883814,2.4994375705718994,22791000,0.0,0.0,-0.0005808669131227573,2.396867835521698,2.488544111213987
2013-01-24 00:00:00-05:00,2.447880375296914,2.491449844358088,2.439166412232807,2.463855743408203,44567000,0.0,0.0,-0.014235933548664259,2.406961441040039,2.48878922916594
2013-01-25 00:00:00-05:00,2.4565939798050027,2.489997271523189,2.4558678739810276,2.4805572032928467,35089000,0.0,0.0,0.0067785867453185045,2.4188704252243043,2.489041154346769
2013-01-28 00:00:00-05:00,2.4979854764437683,2.5074255459905066,2.4769268464449152,2.5037946701049805,38462000,0.0,0.0,0.009367841540314892,2.4301621675491334,2.489362635309734
2013-01-29 00:00:00-05:00,2.4907244278414544,2.5204968546678526,2.4820104623655683,2.5103306770324707,23732000,0.0,0.0,0.002610440466835895,2.442579519748688,2.4896732388980807
2013-01-30 00:00:00-05:00,2.5045205219270232,2.565517914829544,2.5045205219270232,2.5451855659484863,25185000,0.0,0.0,0.013884580718751538,2.454924237728119,2.4901504743666876
2013-01-31 00:00:00-05:00,2.5793154680948747,2.62070645291494,2.5597092212395656,2.5974693298339844,67764000,0.0,0.0,0.02054222080503343,2.466651713848114,2.4909059812152194
2013-02-01 00:00:00-05:00,2.608361585404524,2.6359556885888,2.601100006639666,2.6330509185791016,27973000,0.0,0.0,0.013698559723664294,2.479541039466858,2.4917432136005826
2013-02-04 00:00:00-05:00,2.596016661848716,2.6294199554865525,2.5517209145769426,2.5546255111694336,43401000,0.0,0.0,-0.02978499460693662,2.489271545410156,2.4920766703666204
2013-02-05 00:00:00-05:00,2.5473646927178533,2.582946487692554,2.5459124805534135,2.5713279247283936,29392000,0.0,0.0,0.006538106460588056,2.500490725040436,2.492368791784559
2013-02-06 00:00:00-05:00,2.5582569598930456,2.5989218406872507,2.5480907829769235,2.588029384613037,20811000,0.0,0.0,0.006495266404578759,2.5133437514305115,2.492690373034704
2013-02-07 00:00:00-05:00,2.5880291813408114,2.5880291813408114,2.508151811212697,2.5386505126953125,42435000,0.0,0.0,-0.019079718418694713,2.5211499691009522,2.493051055877928
2013-02-08 00:00:00-05:00,2.561888035587469,2.5800418996170875,2.545186383727572,2.5647926330566406,32966000,0.0,0.0,0.010297644449519971,2.5276854395866395,2.493436182302142
2013-02-11 00:00:00-05:00,2.5691494896380567,2.5916603353306464,2.5415553822119263,2.57060170173645,29999000,0.0,0.0,0.0022649272322989855,2.5315340876579286,2.493759405991388
2013-02-12 00:00:00-05:00,2.5560780778022334,2.5669705322107705,2.5255793785880174,2.5517210960388184,31224000,0.0,0.0,-0.007344819574684802,2.533603608608246,2.4939369067313177
2013-02-13 00:00:00-05:00,2.567697536304156,2.577137609050446,2.533568122435146,2.5539004802703857,26590000,0.0,0.0,0.0008540840278157269,2.538323664665222,2.494304295570131
2013-02-14 00:00:00-05:00,2.5480907829769235,2.59020787582788,2.5408292033040194,2.588029384613037,32372000,0.0,0.0,0.013363443331604774,2.5422449469566346,2.494716497640761
2013-02-15 00:00:00-05:00,2.583672180217402,2.5981953373423257,2.540102535712941,2.5517210960388184,25317000,0.0,0.0,-0.014029318519367395,2.5434430956840517,2.4950695775804066
2013-02-19 00:00:00-05:00,2.541554668965789,2.5814934336687028,2.5270315132792156,2.5807671546936035,24396000,0.0,0.0,0.011382928447734697,2.5474369406700133,2.4954048224857877
2013-02-20 00:00:00-05:00,2.5764106228905366,2.5945644828814767,2.517591714859009,2.517591714859009,33262000,0.0,0.0,-0.024479325738355984,2.5482720136642456,2.4952401660737538
2013-02-21 00:00:00-05:00,2.503068724230318,2.518317988413332,2.393418758543777,2.4449760913848877,61853000,0.0,0.0,-0.028843288228801556,2.545548939704895,2.494962926894899
2013-02-22 00:00:00-05:00,2.466761280216756,2.5030691823909312,2.4478811364602384,2.4754750728607178,18964000,0.0,0.0,0.01247414303284855,2.5461299061775207,2.494741581735157
2013-02-25 00:00:00-05:00,2.478379053182766,2.484914352299195,2.3919660484967027,2.3926923274993896,30632000,0.0,0.0,-0.03344115489947652,2.541736662387848,2.4940699641666715
2013-02-26 00:00:00-05:00,2.4057631492614746,2.425369393280861,2.3716337486996033,2.4057631492614746,34556000,0.0,0.0,0.005462809242902322,2.536835086345673,2.493084899016789
2013-02-27 00:00:00-05:00,2.454415917945897,2.4958068974274337,2.4420710788746787,2.446428060531616,35971000,0.0,0.0,0.016903123353030347,2.5336399555206297,2.492507580726866
2013-02-28 00:00:00-05:00,2.4464279222478873,2.491449774941918,2.420286206913601,2.4849143028259277,34786000,0.0,0.0,0.015731605974936613,2.530626392364502,2.4918960815384272
2013-03-01 00:00:00-05:00,2.4631298259868393,2.4754744925190444,2.4152033717266934,2.4471542835235596,31500000,0.0,0.0,-0.01519570282944016,2.523110640048981,2.491126244976407
2013-03-04 00:00:00-05:00,2.4369881196210064,2.447154295269301,2.397049522965652,2.4355359077453613,17005000,0.0,0.0,-0.004747708739258338,2.513234889507294,2.490140389828455
2013-03-05 00:00:00-05:00,2.447154379075308,2.495081008336493,2.4457021671499293,2.4929025173187256,30510000,0.0,0.0,0.023553998687077415,2.5101487398147584,2.4894643056960333
2013-03-06 00:00:00-05:00,2.491449581923166,2.524852872644159,2.4841880045111964,2.520495891571045,24610000,0.0,0.0,0.011068773873275095,2.507607138156891,2.4891016142708913
2013-03-07 00:00:00-05:00,2.5190439094958115,2.5509948183938373,2.497985281143388,2.5393762588500977,30738000,0.0,0.0,0.007490735193099063,2.505174481868744,2.489139511471703
2013-03-08 00:00:00-05:00,2.5451856730750118,2.5713272161281875,2.5401024125111196,2.5611610412597656,19688000,0.0,0.0,0.008578792659711176,2.5063000082969666,2.4893035027715893
2013-03-11 00:00:00-04:00,2.5473645858137735,2.5894818531501222,2.539376899855385,2.5604355335235596,28173000,0.0,0.0,-0.0002832729861645955,2.5060821533203126,2.4893400158200945
2013-03-12 00:00:00-04:00,2.557530216622633,2.580767161908308,2.5415546760708727,2.5742318630218506,22477000,0.0,0.0,0.005388274501606061,2.5062636613845823,2.489241536647554
2013-03-13 00:00:00-04:00,2.5778627802899634,2.6221585301412897,2.5604350265904405,2.6134445667266846,27495000,0.0,0.0,0.015232778471945041,2.509349834918976,2.4891995465944685
2013-03-14 00:00:00-04:00,2.617801637425018,2.6853343367948903,2.616349252429982,2.662097215652466,43449000,0.0,0.0,0.018616292668001133,2.51475967168808,2.4893987651855225
2013-03-15 00:00:00-04:00,2.665002014407546,2.6708112081910076,2.6003739112004824,2.614170789718628,34447000,0.0,0.0,-0.0180032591041539,2.5160667419433596,2.489116114283365
2013-03-18 00:00:00-04:00,2.5836726584766985,2.6069096103001157,2.5451862676585306,2.5604355335235596,28689000,0.0,0.0,-0.020555373201477822,2.5165024638175963,2.4887674876621793
2013-03-19 00:00:00-04:00,2.5698754220445164,2.6011002307365367,2.5444598076129936,2.563339948654175,33400000,0.0,0.0,0.0011343441741016314,2.515631103515625,2.4882087225005742
2013-03-20 00:00:00-04:00,2.5909336084059165,2.6199799209699592,2.5669703832276136,2.6090874671936035,29636000,0.0,0.0,0.017846840238044726,2.520205891132355,2.4877917085375105
2013-03-21 00:00:00-04:00,2.5849973801096984,2.6105481095653675,2.564556935785247,2.595947742462158,27816000,0.019,0.0,-0.005036138073814311,2.527754473686218,2.4872770877111527
2013-03-22 00:00:00-04:00,2.611277144801954,2.6309877900096628,2.582806560935349,2.613467216491699,17306000,0.0,0.0,0.006748777620971813,2.5346540808677673,2.486840513963548
2013-03-25 00:00:00-04:00,2.618578627541549,2.6200387340772657,2.5733175875860193,2.5930280685424805,12888000,0.0,0.0,-0.007820701870772329,2.5446708679199217,2.4862290516732233
2013-03-26 00:00:00-04:00,2.6039778427610063,2.62660853317679,2.59594769322159,2.6127381324768066,9556000,0.0,0.0,0.007601176467559423,2.5550196170806885,2.485812320595696
2013-03-27 00:00:00-04:00,2.58937727371057,2.608357783912404,2.573316975886009,2.601787567138672,14861000,0.0,0.0,-0.004191221922326349,2.5627875924110413,2.4853095033812145
2013-03-28 00:00:00-04:00,2.6134678566944376,2.6229581116580807,2.590107376364773,2.6222281455993652,14740000,0.0,0.0,0.007856359496395404,2.5696532845497133,2.484677509656028
2013-04-01 00:00:00-04:00,2.6149283772594205,2.628068638649113,2.5689372013203275,2.5798873901367188,18501000,0.0,0.0,-0.01614686179526481,2.576289939880371,2.4838945402039423
2013-04-02 00:00:00-04:00,2.5966774469150624,2.5995976592814958,2.53827598438779,2.5463061332702637,23020000,0.0,0.0,-0.013016559170311526,2.5818284511566163,2.4832085049341597
2013-04-03 00:00:00-04:00,2.546306202861155,2.560906568892003,2.489364844960884,2.504695177078247,18297000,0.0,0.0,-0.0163416942088479,2.5824180841445923,2.482252195714012
2013-04-04 00:00:00-04:00,2.499584627341428,2.531705392157533,2.4791440140584076,2.525865316390991,15348000,0.0,0.0,0.008452181928756408,2.5826865553855898,2.481200863444616
2013-04-05 00:00:00-04:00,2.4827950698671946,2.5127257733418373,2.43315371209814,2.5061557292938232,14449000,0.0,0.0,-0.007803102948232166,2.5810255289077757,2.480150888836573
2013-04-08 00:00:00-04:00,2.5003158526030242,2.530976700945096,2.479875403075076,2.5302467346191406,12357000,0.0,0.0,0.009612732777825261,2.5794798135757446,2.4792874531140403
2013-04-09 00:00:00-04:00,2.53389588414138,2.564556722123708,2.4981249355036788,2.539005994796753,16008000,0.0,0.0,0.003461820563886997,2.5784083366394044,2.478731588711814
2013-04-10 00:00:00-04:00,2.5411961024730276,2.5915674176989967,2.5397361702940704,2.5828073024749756,14817000,0.0,0.0,0.017251360480434297,2.5788371086120607,2.4782927026824346
2013-04-11 00:00:00-04:00,2.572585821695104,2.6222271498897944,2.555795390369696,2.6010565757751465,18282000,0.0,0.0,0.007065673572582698,2.5782177090644836,2.477934761652871
2013-04-12 00:00:00-04:00,2.5915681052006194,2.5937581781001393,2.522946401182795,2.548496961593628,16125000,0.0,0.0,-0.020207024588019595,2.572537696361542,2.4775899109386263
2013-04-15 00:00:00-04:00,2.5317050445465896,2.535355221937044,2.46162327472022,2.46600341796875,24634000,0.0,0.0,-0.032369488709648286,2.5651293277740477,2.4767244647419644
2013-04-16 00:00:00-04:00,2.487904801846718,2.5258658241098906,2.471844329185353,2.5244057178497314,22491000,0.0,0.0,0.023682976047570747,2.5633278369903563,2.4759003671388777
2013-04-17 00:00:00-04:00,2.463814360598534,2.4652744669657904,2.3565015030332748,2.3652617931365967,64010000,0.0,0.0,-0.0630421344666785,2.5534239292144774,2.4746919860915533
2013-04-18 00:00:00-04:00,2.416364268799267,2.4295047104229313,2.2813107161738237,2.2900710105895996,41056000,0.0,0.0,-0.03178962378083561,2.5374731063842773,2.473250591565692
2013-04-19 00:00:00-04:00,2.2813089611219066,2.327300123322515,2.250648128304814,2.282038927078247,37180000,0.0,0.0,-0.0035073512892006553,2.521777665615082,2.4715812357645186
2013-04-22 00:00:00-04:00,2.2893403701499113,2.3243813661117096,2.231668850622268,2.305400848388672,36395000,0.0,0.0,0.010237301841443891,2.5063743472099302,2.4700784777838085
2013-04-23 00:00:00-04:00,2.3258403265443675,2.3667213813257164,2.315619932311477,2.3630712032318115,25542000,0.0,0.0,0.02501532645979876,2.494876503944397,2.469307572122604
2013-04-24 00:00:00-04:00,2.3630716000281056,2.3973824444317904,2.3389809775233736,2.381322145462036,32062000,0.0,0.0,0.007723399195616265,2.4833057045936586,2.4690154705728804
2013-04-25 00:00:00-04:00,2.395192204246611,2.4229330035150665,2.374751761880455,2.382051944732666,25126000,0.0,0.0,0.00030646809883361215,2.4723189234733582,2.4690246591492304
2013-04-26 00:00:00-04:00,2.3791321628849667,2.3791321628849667,2.3331409885529326,2.3440911769866943,30945000,0.0,0.0,-0.015936162865764825,2.4584120750427245,2.469039510166834
2013-04-29 00:00:00-04:00,2.361612557946135,2.3937335184604764,2.350662364991384,2.374752998352051,20430000,0.0,0.0,0.013080473006503057,2.4481553554534914,2.4685224152746654
2013-04-30 00:00:00-04:00,2.3703714899790813,2.3703714899790813,2.3032097417278696,2.3331406116485596,52511000,0.0,0.0,-0.017522827313985023,2.437497079372406,2.46781745789543
2013-05-01 00:00:00-04:00,2.340441127181985,2.341171093316836,2.281309519006498,2.286419630050659,37068000,0.0,0.0,-0.02002493178706799,2.426583302021027,2.467057819404299
2013-05-02 00:00:00-04:00,2.303210441937255,2.35285180218639,2.2856900335170267,2.3426315784454346,32536000,0.0,0.0,0.02458514073968554,2.417421615123749,2.4665553522488426
2013-05-03 00:00:00-04:00,2.347740684491135,2.364531119465077,2.3251099998457896,2.3273000717163086,46901000,0.0,0.0,-0.006544565893412901,2.408478832244873,2.4659977261982267
2013-05-06 00:00:00-04:00,2.3397104201911025,2.4017620519237943,2.333140378468864,2.3944618701934814,32848000,0.0,0.0,0.028858246211303173,2.40168958902359,2.465615681239537
2013-05-07 00:00:00-04:00,2.403222403368614,2.40541247551642,2.3703714952015966,2.375481605529785,16093000,0.0,0.0,-0.007926734979564531,2.3935133695602415,2.4655618525686718
2013-05-08 00:00:00-04:00,2.38205174817667,2.4470234224152114,2.3784015700267163,2.445563316345215,25437000,0.0,0.0,0.029502106289642116,2.386651170253754,2.4662777611187527
2013-05-09 00:00:00-04:00,2.4441027630013292,2.4879038453655036,2.4382625142560883,2.4725735187530518,29769000,0.0,0.0,0.011044572932261021,2.3802270174026487,2.46719463477059
2013-05-10 00:00:00-04:00,2.4791450038744802,2.4922854406707042,2.469654746427251,2.486445188522339,15644000,0.0,0.0,0.005610215293530674,2.3771244287490845,2.4680955097788857
2013-05-13 00:00:00-04:00,2.469654100149429,2.491554822411988,2.452133696389467,2.4543237686157227,14952000,0.0,0.0,-0.012918611701111193,2.376540446281433,2.4690053264300027
2013-05-14 00:00:00-04:00,2.4514039544734803,2.4689243598354103,2.4331534089359805,2.4601640701293945,15938000,0.0,0.0,0.002379597015012447,2.3733283638954163,2.4699923121739946
2013-05-15 00:00:00-04:00,2.4572443737620544,2.4959353686013865,2.4484842568862457,2.4952054023742676,16947000,0.0,0.0,0.014243494029660297,2.3798255443573,2.471101301056998
2013-05-16 00:00:00-04:00,2.494475000156505,2.5200255541411463,2.4747645230683264,2.4973950386047363,24749000,0.0,0.0,0.0008775374678113845,2.390191745758057,2.4721649828411283
2013-05-17 00:00:00-04:00,2.5178351225339375,2.5390057028505453,2.508345042443807,2.5134551525115967,27443000,0.0,0.0,0.006430746301086865,2.4017625570297243,2.473315130150507
2013-05-20 00:00:00-04:00,2.4995850626105107,2.522215577709238,2.4995850626105107,2.5141854286193848,13881000,0.0,0.0,0.00029054670303474417,2.4122017860412597,2.474547749473935
2013-05-21 00:00:00-04:00,2.526595703731547,2.5645567246953442,2.514185410120327,2.5616366863250732,20743000,0.0,0.0,0.018873412106180876,2.422130060195923,2.4761675927374096
2013-05-22 00:00:00-04:00,2.553606547059916,2.5725870589080846,2.498855258013387,2.5229458808898926,33873000,0.0,0.0,-0.015103939462502991,2.4292112469673155,2.477648108724564
2013-05-23 00:00:00-04:00,2.4995853281201046,2.507615478062932,2.470384593000612,2.479874849319458,28513000,0.0,0.0,-0.01707172234516685,2.4341023921966554,2.478704790274302
2013-05-24 00:00:00-04:00,2.471844520582438,2.4893651008605957,2.45870425942393,2.4893651008605957,15118000,0.0,0.0,0.0038269074521006807,2.4413660883903505,2.479696820652674
2013-05-28 00:00:00-04:00,2.5207556455384057,2.526595722321918,2.482794624295296,2.5141854286193848,20919000,0.0,0.0,0.009970545401399189,2.448337709903717,2.480147936041393
2013-05-29 00:00:00-04:00,2.5090750084391855,2.533165626787377,2.4930145381903674,2.5134551525115967,22858000,0.0,0.0,-0.0002904623101682713,2.457353436946869,2.4808831763645958
2013-05-30 00:00:00-04:00,2.642668757089842,2.7908626676164574,2.635368573884349,2.760931968688965,82607000,0.0,0.0,0.09846080441501992,2.4810790538787844,2.48241859201401
2013-05-31 00:00:00-04:00,2.72516160563146,2.7937833077307817,2.709101129500708,2.7543623447418213,33432000,0.0,0.0,-0.002379495047921454,2.5016655921936035,2.483558504354386
2013-06-03 00:00:00-04:00,2.750711830097015,2.7543620090660275,2.6711397735037368,2.722971200942993,27210000,0.0,0.0,-0.011396882424984822,2.5214491486549377,2.484968859051901
2013-06-04 00:00:00-04:00,2.7302718678486744,2.787943382980997,2.7295419015457774,2.759472608566284,33120000,0.0,0.0,0.01340499216835278,2.539699685573578,2.4865126903094943
2013-06-05 00:00:00-04:00,2.7550913846470206,2.7572814567489328,2.6879296376552513,2.7010700702667236,15019000,0.0,0.0,-0.021164384135671566,2.555979108810425,2.488427235966637
2013-06-06 00:00:00-04:00,2.7149403059890305,2.717130203909465,2.6601888548266683,2.682819366455078,29731000,0.0,0.0,-0.006756842042917932,2.567841911315918,2.4903972366499523
2013-06-07 00:00:00-04:00,2.6835506423191915,2.725161679270857,2.639019392137472,2.7222416400909424,30733000,0.0,0.0,0.01469434510902401,2.5803253173828127,2.492273600328536
2013-06-10 00:00:00-04:00,2.7375703846197172,2.7383003504777377,2.6857389795994346,2.688659191131592,26360000,0.0,0.0,-0.012336321825651253,2.5904360175132752,2.4935733732723055
2013-06-11 00:00:00-04:00,2.6594592852842363,2.683550082127454,2.647048990822647,2.6492390632629395,21699000,0.0,0.0,-0.014661630599622888,2.600181782245636,2.494722400392805
2013-06-12 00:00:00-04:00,2.6762495462727327,2.677709652485656,2.607627861217073,2.626608371734619,21307000,0.0,0.0,-0.008542336492821878,2.608503997325897,2.495528695129213
2013-06-13 00:00:00-04:00,2.624405098701024,2.7286765192198814,2.6155935551172713,2.7250049114227295,29106000,0.021,0.0,0.03746144295699816,2.61999397277832,2.49689596512961
2013-06-14 00:00:00-04:00,2.727208459934984,2.7756725733945626,2.7205996694436045,2.7602522373199463,21762000,0.0,0.0,0.012934775181309366,2.6331368327140807,2.4982098615358748
2013-06-17 00:00:00-04:00,2.7756719212871914,2.8153244798476895,2.77053181046992,2.796966791152954,24727000,0.0,0.0,0.013301158979824201,2.647312414646149,2.499635349190424
2013-06-18 00:00:00-04:00,2.793295610015658,2.8491029361483076,2.788889925122168,2.845431327819824,27383000,0.0,0.0,0.017327533819910812,2.6638747096061706,2.5014187116471547
2013-06-19 00:00:00-04:00,2.8410257808328994,2.8542433621852337,2.795498847961426,2.795498847961426,24035000,0.0,0.0,-0.017548299047040028,2.6755678176879885,2.5027869939804077
2013-06-20 00:00:00-04:00,2.769063422622001,2.7859524349657057,2.71105334435762,2.7213337421417236,31638000,0.0,0.0,-0.02653018650813821,2.68548721075058,2.5036640186158436
2013-06-21 00:00:00-04:00,2.719865018858074,2.7521743647354118,2.689024176159942,2.7448313236236572,80030000,0.0,0.0,0.00863458278492546,2.69873503446579,2.504651415915716
2013-06-24 00:00:00-04:00,2.7154589074762714,2.716193158997815,2.6508400466393165,2.6941640377044678,36858000,0.0,0.0,-0.018459161946716596,2.7089749813079833,2.5052750479607355
2013-06-25 00:00:00-04:00,2.726473511800184,2.760251532254334,2.7029757127698475,2.7242705821990967,26019000,0.0,0.0,0.011174725841964994,2.719479238986969,2.5062436508753945
2013-06-26 00:00:00-04:00,2.7455654401692273,2.7697974906081595,2.716193103967952,2.7352850437164307,20661000,0.0,0.0,0.004043086464797119,2.7305707335472107,2.5071646211639282
2013-06-27 00:00:00-04:00,2.7521747910788896,2.77860977819067,2.7382231333556213,2.7404260635375977,26359000,0.0,0.0,0.0018795188578160094,2.7295454382896422,2.508274402883318
2013-06-28 00:00:00-04:00,2.716927837427755,2.7624547623493956,2.6993045737739263,2.7448313236236572,22998000,0.0,0.0,0.0016075091916083473,2.7290688872337343,2.5093502846975175
2013-07-01 00:00:00-04:00,2.779343618246982,2.780812121343674,2.741893988130929,2.7617201805114746,27147000,0.0,0.0,0.006152967121316966,2.7310063362121584,2.5103476123204307
2013-07-02 00:00:00-04:00,2.7866863104361923,2.86231963768585,2.777140341213935,2.8256044387817383,40377000,0.0,0.0,0.02313205324749168,2.734312927722931,2.5117668556788613
2013-07-03 00:00:00-04:00,2.818995741785684,2.854242438918661,2.7999038027226404,2.83368182182312,15203000,0.0,0.0,0.0028586389979146087,2.7409435153007506,2.5127642996727473
2013-07-05 00:00:00-04:00,2.835885471063615,2.8770065406190497,2.8021074433905104,2.849837303161621,14447000,0.0,0.0,0.005701233361516511,2.749294412136078,2.5139428869126337
2013-07-08 00:00:00-04:00,2.85864870306575,2.8659919196467363,2.7308798158223686,2.7367541790008545,22643000,0.0,0.0,-0.039680554407548696,2.7500200390815737,2.514601368752737
2013-07-09 00:00:00-04:00,2.76979782896781,2.7881553443802924,2.7448313489004046,2.7595174312591553,13855000,0.0,0.0,0.008317609390336766,2.7535629510879516,2.5153958551467412
2013-07-10 00:00:00-04:00,2.7595170877389172,2.8160586553462146,2.749236866381914,2.8145899772644043,17363000,0.0,0.0,0.019957310427323405,2.7618304967880247,2.516722868359278
2013-07-11 00:00:00-04:00,2.755845562610332,2.834416073303427,2.752173955065031,2.83368182182312,16769000,0.0,0.0,0.006783170803895233,2.77218416929245,2.5184653155387395
2013-07-12 00:00:00-04:00,2.841025255329428,2.862320126854657,2.840291003747426,2.860117197036743,18342000,0.0,0.0,0.009328985001080703,2.7789397835731506,2.5202727015056308
2013-07-15 00:00:00-04:00,2.862320358934345,2.8696634005654693,2.7874212642681053,2.791092872619629,21551000,0.0,0.0,-0.02413339022912342,2.7804818153381348,2.521900379468524
2013-07-16 00:00:00-04:00,2.802106854293465,2.8740687546546475,2.802106854293465,2.8542425632476807,31254000,0.0,0.0,0.02262543509302195,2.783345603942871,2.5239270802528138
2013-07-17 00:00:00-04:00,2.864523954565447,2.9181281884359604,2.853509302023304,2.857915163040161,23992000,0.0,0.0,0.0012867160765417385,2.783969795703888,2.525805655925993
2013-07-18 00:00:00-04:00,2.8454313959097135,2.8549773677058954,2.749971677947896,2.760986328125,37050000,0.0,0.0,-0.0339159245063283,2.7822441697120666,2.527416618097396
2013-07-19 00:00:00-04:00,2.7720008021659077,2.8013729673426093,2.754377363002355,2.779343843460083,17757000,0.0,0.0,0.0066488975870988565,2.7851446747779844,2.529014796491653
2013-07-22 00:00:00-04:00,2.8072464898692338,2.8072464898692338,2.756579467587381,2.774937152862549,9869000,0.0,0.0,-0.0015855147278388548,2.786649966239929,2.530381410840958
2013-07-23 00:00:00-04:00,2.7962326293622426,2.8021069918928116,2.7543771398123136,2.7617201805114746,16501000,0.0,0.0,-0.004762980789471238,2.7900277733802796,2.5310533321093
2013-07-24 00:00:00-04:00,2.7367540451716423,2.7896240114803135,2.7066476289782684,2.708850383758545,20506000,0.0,0.0,-0.01914379201992078,2.789256763458252,2.5317323889051164
2013-07-25 00:00:00-04:00,2.680212549438507,2.7154590756621504,2.665526467666672,2.7095847129821777,25512000,0.0,0.0,0.00027108519098573147,2.7879717469215395,2.5326398611068726
2013-07-26 00:00:00-04:00,2.6824159595879506,2.705913589587783,2.6691983785831055,2.7007734775543213,12256000,0.0,0.0,-0.003251876712191404,2.7859891176223757,2.5336008516568986
2013-07-29 00:00:00-04:00,2.689024152126326,2.7095847720986197,2.6714008886300085,2.686821222305298,13094000,0.0,0.0,-0.005166022017388139,2.7830886125564573,2.5344979157523504
2013-07-30 00:00:00-04:00,2.698569312766848,2.716926997406347,2.668462906038548,2.7059123516082764,11651000,0.0,0.0,0.007105470637379652,2.7802982211112974,2.535119642340948
2013-07-31 00:00:00-04:00,2.717661758711642,2.7213333663572254,2.6846179901889458,2.693429708480835,13124000,0.0,0.0,-0.004613099578048896,2.7736894845962525,2.535494880070762
2013-08-01 00:00:00-04:00,2.7191305116006466,2.7551114621866857,2.704444430758005,2.7462997436523438,19499000,0.0,0.0,0.019629261162835032,2.769320380687714,2.5361255927691384
2013-08-02 00:00:00-04:00,2.7382228620402294,2.752908945083618,2.7117878775477453,2.752908945083618,15183000,0.0,0.0,0.0024065841489264717,2.7644739627838133,2.5365170713454956
2013-08-05 00:00:00-04:00,2.7330825079279686,2.746300087383816,2.713990740500492,2.7183964252471924,11773000,0.0,0.0,-0.012536745865881715,2.7635560750961305,2.536831539774698
2013-08-06 00:00:00-04:00,2.7117875069431707,2.7132560100036662,2.694898496244207,2.7066473960876465,10730000,0.0,0.0,-0.004322044073640785,2.760912573337555,2.5371422020215837
2013-08-07 00:00:00-04:00,2.7147247983883522,2.739691102149676,2.6934299274992695,2.738222599029541,18035000,0.0,0.0,0.011665798429280061,2.7570942044258118,2.53741546188082
2013-08-08 00:00:00-04:00,2.7609865118067956,2.7609865118067956,2.7374887065803377,2.7404260635375977,19396000,0.0,0.0,0.0008047061290186175,2.7524314165115356,2.537708881355467
2013-08-09 00:00:00-04:00,2.7301444807745328,2.734550339228483,2.697835143898664,2.70444393157959,13858000,0.0,0.0,-0.013130123244981418,2.744647753238678,2.5377653193852256
2013-08-12 00:00:00-04:00,2.7051784885712147,2.775671706582526,2.6978354486757006,2.7683286666870117,9880000,0.0,0.0,0.023622133319698202,2.7435095429420473,2.5380524321207925
2013-08-13 00:00:00-04:00,2.7786091469171526,2.7991697655871106,2.7404254409390543,2.7918267250061035,13754000,0.0,0.0,0.008488175050115343,2.7403887510299683,2.5384784596306935
2013-08-14 00:00:00-04:00,2.7830158050452574,2.785952987106294,2.727942897345048,2.7330830097198486,15271000,0.0,0.0,-0.021041318488749128,2.734147143363953,2.5387199048012024
2013-08-15 00:00:00-04:00,2.6537778455041217,2.7125221787512643,2.625139930524563,2.6449661254882812,25111000,0.0,0.0,-0.03224083714917969,2.7283461332321166,2.5388628689069597
2013-08-16 00:00:00-04:00,2.6412950716357013,2.669198740829321,2.635420707106497,2.661855697631836,13543000,0.0,0.0,0.006385553289623536,2.7224717259407045,2.5391071050886125
2013-08-19 00:00:00-04:00,2.66699581036288,2.6736046017622046,2.6493725417033067,2.661855697631836,23389000,0.0,0.0,0.0,2.716817653179169,2.5392286048995123
2013-08-20 00:00:00-04:00,2.6684642034614607,2.724271360804454,2.6640583430000775,2.701507806777954,17417000,0.0,0.0,0.014896415752888137,2.7138070344924925,2.539413259142921
2013-08-21 00:00:00-04:00,2.690492830364314,2.7161933864897962,2.6714008886300085,2.686821222305298,14425000,0.0,0.0,-0.005436439767380397,2.7127055764198302,2.5395596084140597
2013-08-22 00:00:00-04:00,2.659652675998167,2.726474489355146,2.649372450888464,2.688290596008301,9940000,0.0,0.0,0.0005468818285356836,2.7116408705711366,2.5399629795362078
2013-08-23 00:00:00-04:00,2.701506877811417,2.7205988165309773,2.678743506684493,2.6978354454040527,18312000,0.0,0.0,0.003550527390872249,2.711493968963623,2.5402843431820945
2013-08-26 00:00:00-04:00,2.7132562418622435,2.7697978162485066,2.705913200716588,2.7521743774414062,13890000,0.0,0.0,0.020141677703109595,2.7147616267204286,2.540789937216138
2013-08-27 00:00:00-04:00,2.7786091826453325,2.7786091826453325,2.6691978240599146,2.6838839054107666,29863000,0.0,0.0,-0.024813279489262152,2.713660204410553,2.5411586931773593
2013-08-28 00:00:00-04:00,2.8586492140437003,2.8968331067449125,2.783015855473804,2.8109195232391357,67806000,0.0,0.0,0.04733275443556351,2.719534695148468,2.5420229993169268
2013-08-29 00:00:00-04:00,2.819730383804199,2.863788805090569,2.799904190514882,2.860117197036743,35955000,0.0,0.0,0.017502341632646523,2.725225567817688,2.5431624527961487
2013-08-30 00:00:00-04:00,2.8608519834290473,2.8630549136587793,2.8116536167995676,2.827808380126953,25073000,0.0,0.0,-0.011296326228611875,2.728970539569855,2.5440309814044406
2013-09-03 00:00:00-04:00,2.8505713898916762,2.87333494096013,2.7932955614803743,2.816059112548828,17351000,0.0,0.0,-0.004154902312580866,2.7338536739349366,2.544758687889765
2013-09-04 00:00:00-04:00,2.832948255943007,2.873335073355889,2.802107410371862,2.8623204231262207,12588000,0.0,0.0,0.016427677377667482,2.7416373252868653,2.5458355252704923
2013-09-05 00:00:00-04:00,2.8748033900590735,2.8784749982546023,2.843228294879568,2.8483684062957764,14372000,0.0,0.0,-0.004874372805266147,2.747144615650177,2.5467000026551503
2013-09-06 00:00:00-04:00,2.877005751361912,2.877005751361912,2.8072467850809857,2.8314788341522217,17155000,0.0,0.0,-0.005929560272548873,2.7516972541809084,2.547691561872997
2013-09-09 00:00:00-04:00,2.8542427887672757,2.863788759468861,2.8366193505047157,2.8468997478485107,16364000,0.0,0.0,0.005446240145003944,2.758820044994354,2.5489469813922097
2013-09-10 00:00:00-04:00,2.8637887972667326,2.912987154564615,2.8601171892229376,2.912252902984619,24344000,0.0,0.0,0.022955903236669295,2.766016256809235,2.55005355297573
2013-09-11 00:00:00-04:00,2.8806778553064483,2.898301119012323,2.8402910415365707,2.8821463584899902,23927000,0.0,0.0,-0.010337888053532085,2.7705322384834288,2.551157687391554
2013-09-12 00:00:00-04:00,2.888020474167981,2.8968320171965836,2.8351505157088264,2.8659913539886475,20006000,0.0,0.0,-0.00560519921334135,2.777177655696869,2.5525402407797557
2013-09-13 00:00:00-04:00,2.875537427317512,2.884349146272395,2.8417594047529957,2.8630542755126953,14480000,0.0,0.0,-0.001024803676349051,2.7880820631980896,2.5539225595338
2013-09-16 00:00:00-04:00,2.8909578968701894,2.913721270437021,2.8667258451398623,2.8843491077423096,21556000,0.0,0.0,0.007437802493562851,2.7992067337036133,2.5553123108924383
2013-09-17 00:00:00-04:00,2.936053286827464,2.981109607327622,2.917587648103963,2.9633827209472656,37247000,0.023,0.0,0.027400848597976646,2.814283084869385,2.55706135526536
2013-09-18 00:00:00-04:00,2.9707684704784376,3.004745438789701,2.9427006396708517,3.004006862640381,23648000,0.0,0.0,0.01370870573212013,2.829408037662506,2.5589744647343955
2013-09-19 00:00:00-04:00,3.009916305541992,3.0136095390854827,2.965598559638516,3.009916305541992,25017000,0.0,0.0,0.0019671868846589113,2.845562791824341,2.560848227569035
2013-09-20 00:00:00-04:00,3.040199821031068,3.145085027437362,3.0158250477993014,3.074176788330078,87192000,0.0,0.0,0.021349591239386623,2.8648571014404296,2.562965524575067
2013-09-23 00:00:00-04:00,3.1450855725137195,3.153210615734487,3.0645751253858866,3.0926427841186523,29711000,0.0,0.0,0.006006809972241456,2.8845974683761595,2.5651876387142
2013-09-24 00:00:00-04:00,3.0911658161061992,3.145824336529551,3.07565465720032,3.1325292587280273,29753000,0.0,0.0,0.012897213611025471,2.903615212440491,2.5679407942862738
2013-09-25 00:00:00-04:00,3.1406536385635584,3.1465629527846573,3.059404618393786,3.1177563667297363,20584000,0.0,0.0,-0.004715962973731225,2.9253088355064394,2.5701306660970054
2013-09-26 00:00:00-04:00,3.136960911562999,3.150994564960812,3.1051996668369863,3.1221883296966553,16874000,0.0,0.0,0.0014215231870626788,2.940872275829315,2.5725990571672956
2013-09-27 00:00:00-04:00,3.1103691503460555,3.15911869157998,3.090426188223635,3.1539483070373535,21998000,0.0,0.0,0.010172345158878882,2.9555638313293455,2.5756493996060086
2013-09-30 00:00:00-04:00,3.1096313344390945,3.1975282453559415,3.1000291390546955,3.1820170879364014,35229000,0.0,0.0,0.008899569100869087,2.973274266719818,2.5786820943393405
2013-10-01 00:00:00-04:00,3.186449125839494,3.222641829078479,3.1746308487162542,3.2071306705474854,27411000,0.0,0.0,0.00789234687214413,2.992827844619751,2.5814015401734247
2013-10-02 00:00:00-04:00,3.1812782224319056,3.2093458775981456,3.1716760279206406,3.2063915729522705,17366000,0.0,0.0,-0.000230454468850394,3.0100314021110535,2.584126655071501
2013-10-03 00:00:00-04:00,3.204914634923543,3.2196872157589325,3.1635511972607886,3.1982667446136475,22817000,0.0,0.0,-0.0025339476335830557,3.027526319026947,2.586871137694707
2013-10-04 00:00:00-04:00,3.207129960206417,3.2300275808936534,3.1975277662607438,3.213038921356201,17246000,0.0,0.0,0.004618806973318401,3.046604323387146,2.589751660823822
2013-10-07 00:00:00-04:00,3.2130377103632135,3.2130377103632135,3.1672428384548796,3.1761064529418945,14587000,0.0,0.0,-0.011494559922329728,3.063064658641815,2.592442614691598
2013-10-08 00:00:00-04:00,3.184232666033896,3.2108235222436776,3.128835577239337,3.1465628147125244,21682000,0.0,0.0,-0.009301841316434856,3.0747801542282103,2.59505934374673
2013-10-09 00:00:00-04:00,3.1738925902382626,3.1805404818501617,3.0896888982056923,3.117017984390259,27594000,0.0,0.0,-0.009389556815494582,3.086523735523224,2.5975530961203197
2013-10-10 00:00:00-04:00,3.1990056748995346,3.225596534670052,3.145085731272047,3.213778257369995,32464000,0.0,0.0,0.031042577702247165,3.1039130806922914,2.600591394636366
2013-10-11 00:00:00-04:00,3.194574657838582,3.213040478561454,3.1598590980268253,3.1975293159484863,18979000,0.0,0.0,-0.005056024442335438,3.120636832714081,2.603648367382231
2013-10-14 00:00:00-04:00,3.1857108711534856,3.272869220885623,3.1768472504678145,3.2669599056243896,20183000,0.0,0.0,0.02171382427351043,3.1397673726081847,2.6072676002033175
2013-10-15 00:00:00-04:00,3.269913167361175,3.2824696644671487,3.2189475462783776,3.2307658195495605,18761000,0.0,0.0,-0.011078827754364973,3.1531365275382996,2.610645714260283
2013-10-16 00:00:00-04:00,3.255880111711653,3.2942888946391498,3.2403689537308096,3.28690242767334,16999000,0.0,0.0,0.017375635146346102,3.1672813057899476,2.6142322562989735
2013-10-17 00:00:00-04:00,3.256618321304387,3.3334358785104925,3.249970783548509,3.3312201499938965,23286000,0.0,0.0,0.013483126833164771,3.1833464980125425,2.6179344464862155
2013-10-18 00:00:00-04:00,3.4183781907383257,3.4183781907383257,3.3275269801228293,3.4021284580230713,27417000,0.0,0.0,0.02128598676653204,3.1997440814971925,2.6215853974932717
2013-10-21 00:00:00-04:00,3.4087770129397867,3.4870720995432865,3.4013908966677295,3.4752538204193115,43360000,0.0,0.0,0.021494003915046855,3.2188746333122253,2.6255953444374933
2013-10-22 00:00:00-04:00,3.475990980469557,3.475990980469557,3.4316732442766833,3.4619569778442383,47814000,0.0,0.0,-0.0038261500489391587,3.235346019268036,2.629569732007526
2013-10-23 00:00:00-04:00,3.435366423607538,3.439798232378538,3.302413217095698,3.35263991355896,56673000,0.0,0.0,-0.03157666747012844,3.247090196609497,2.6333569212565346
2013-10-24 00:00:00-04:00,3.3445154407440114,3.3755381074154704,3.3208792406820806,3.3600265979766846,30021000,0.0,0.0,0.0022032441920920576,3.2589821100234984,2.637113206916385
2013-10-25 00:00:00-04:00,3.3371286614625513,3.390310012954698,3.3371286614625513,3.3703670501708984,21912000,0.0,0.0,0.0030774911723736587,3.269803047180176,2.6409564056093733
2013-10-28 00:00:00-04:00,3.349686752185649,3.379231922376443,3.3400845542633304,3.3615050315856934,19048000,0.0,0.0,-0.0026293927199281253,3.2787774443626403,2.6449106742465305
2013-10-29 00:00:00-04:00,3.388094704205303,3.418378443314734,3.3666745843976877,3.3829243183135986,22162000,0.0,0.0,0.006371933561498011,3.287567126750946,2.6486718011280845
2013-10-30 00:00:00-04:00,3.402127960972242,3.402127960972242,3.2795155268200396,3.312753915786743,20740000,0.0,0.0,-0.020742528039124353,3.2928852438926697,2.652117196529631
2013-10-31 00:00:00-04:00,3.3238331607427116,3.3688894700105156,3.3238331607427116,3.3555943965911865,17394000,0.0,0.0,0.012931984051181455,3.3007516264915466,2.6559619903564453
2013-11-01 00:00:00-04:00,3.3821863451813408,3.389572813318709,3.2920733358188494,3.3031530380249023,22074000,0.0,0.0,-0.015628038543501366,3.305257332324982,2.6591771699133373
2013-11-04 00:00:00-05:00,3.3304815450837943,3.3459930550308608,3.294288843688265,3.3267886638641357,13911000,0.0,0.0,0.0071554740477195455,3.312791442871094,2.6626381164505366
2013-11-05 00:00:00-05:00,3.326788017738305,3.3386059397581964,3.2935496277740333,3.3260490894317627,12484000,0.0,0.0,-0.00022230881101836797,3.3217657566070558,2.665995769084446
2013-11-06 00:00:00-05:00,3.3371300945305533,3.3600273714374747,3.3216189337272923,3.3511641025543213,10405000,0.0,0.0,0.007551004945284712,3.333473062515259,2.669177811297159
2013-11-07 00:00:00-05:00,3.3504238330615075,3.360764954997849,3.218947778738333,3.2248570919036865,32309000,0.0,0.0,-0.03769048807677344,3.3340270042419435,2.672237133222913
2013-11-08 00:00:00-05:00,3.2300286882709965,3.2787782508305425,3.1834948548249815,3.2758235931396484,36069000,0.0,0.0,0.015804266602671646,3.3379417181015016,2.675533113025484
2013-11-11 00:00:00-05:00,3.282471216114264,3.292812342192132,3.2418466970175173,3.2654829025268555,9140000,0.0,0.0,-0.0031566689471462794,3.337867867946625,2.6788912898018244
2013-11-12 00:00:00-05:00,3.291333998908543,3.3371292454833448,3.27286853724436,3.3334360122680664,13438000,0.0,0.0,0.02080951325411262,3.3430013775825502,2.682481838597192
2013-11-13 00:00:00-05:00,3.2758225538266776,3.3519015312194824,3.2758225538266776,3.3519015312194824,9863000,0.0,0.0,0.005539485048897674,3.346251332759857,2.686240288000258
2013-11-14 00:00:00-05:00,3.316447602340775,3.3304816078583728,3.145085583304322,3.172415018081665,59660000,0.0,0.0,-0.0535476688280031,3.3383110761642456,2.6893581795314003
2013-11-15 00:00:00-05:00,3.174630758794456,3.3098000762615496,3.1679832202426494,3.295027494430542,48369000,0.0,0.0,0.038649570012128986,3.3329560279846193,2.693186280273256
2013-11-18 00:00:00-05:00,3.2950274076388117,3.303152450703997,3.2396303152832377,3.247016429901123,13463000,0.0,0.0,-0.014570762948281968,3.3215441584587095,2.6969127569879805
2013-11-19 00:00:00-05:00,3.2381528837102738,3.2684369757251592,3.1709378655659592,3.172415018081665,12296000,0.0,0.0,-0.022975372447292974,3.307067060470581,2.700110932191213
2013-11-20 00:00:00-05:00,3.19457280733028,3.1953117355843967,3.1354824970111026,3.1539483070373535,11085000,0.0,0.0,-0.00582102623366032,3.2971324801445006,2.703218626597571
2013-11-21 00:00:00-05:00,3.170937720349191,3.192357839670489,3.1554262108201234,3.1798009872436523,15434000,0.0,0.0,0.008196925786200904,3.288121199607849,2.706426036736322
2013-11-22 00:00:00-05:00,3.180539858934846,3.214516830076852,3.172414816203244,3.1982667446136475,11219000,0.0,0.0,0.005807205370422119,3.2795161843299865,2.7094974035308477
2013-11-25 00:00:00-05:00,3.2448009985694273,3.2499713849376595,3.205653636550174,3.228550910949707,16001000,0.0,0.0,0.009468930753528504,3.272868478298187,2.7125484451415045
2013-11-26 00:00:00-05:00,3.234459001668552,3.313492272103747,3.2167317681404244,3.3053672313690186,18712000,0.0,0.0,0.023792816820322527,3.268990623950958,2.7158813732010976
2013-11-27 00:00:00-05:00,3.286902603765318,3.309800229938685,3.230028354788587,3.299459457397461,19086000,0.0,0.0,-0.0017873275669616495,3.2683259010314942,2.719064692656199
2013-11-29 00:00:00-05:00,3.323096053550692,3.330482169581102,3.298721271899815,3.303891658782959,11401000,0.0,0.0,0.0013433113643996908,3.265740764141083,2.722110763428703
2013-12-02 00:00:00-05:00,3.3600271251384077,3.4132084955699606,3.319402609030678,3.3238344192504883,24454000,0.0,0.0,0.006036142382125131,3.266774833202362,2.7252359721395703
2013-12-03 00:00:00-05:00,3.3186636338509854,3.3216182910444845,3.29502743292137,3.307584285736084,16189000,0.0,0.0,-0.004888972031906635,3.2658146142959597,2.728379848457518
2013-12-04 00:00:00-05:00,3.2854252751626305,3.3164475911243176,3.2809934654243706,3.28690242767334,26443000,0.0,0.0,-0.006252858967777275,3.2638572812080384,2.731410112645891
2013-12-05 00:00:00-05:00,3.362981017206441,3.5217865160182416,3.3282654718916755,3.515138626098633,45947000,0.0,0.0,0.06943808143001418,3.272056007385254,2.7354579009707014
2013-12-06 00:00:00-05:00,3.568320355442196,3.568320355442196,3.4678669420967783,3.4686055183410645,27552000,0.0,0.0,-0.0132379154017076,3.2842434287071227,2.739151859094226
2013-12-09 00:00:00-05:00,3.478208375497482,3.5114467782553045,3.4383224330705713,3.498889923095703,20719000,0.0,0.0,0.008731002875507876,3.2953967452049255,2.7432154596798
2013-12-10 00:00:00-05:00,3.498887837908891,3.5018424938932995,3.433149647955148,3.4420132637023926,15997000,0.0,0.0,-0.016255629826441576,3.3042232632637023,2.746996009160602
2013-12-11 00:00:00-05:00,3.4538327759351226,3.470821085380654,3.4021285669764323,3.4058218002319336,13005000,0.0,0.0,-0.010514620571662081,3.3078425526618958,2.750601401404729
2013-12-12 00:00:00-05:00,3.430935427629744,3.433890084912391,3.37775406198506,3.3792312145233154,13678000,0.0,0.0,-0.007807391950690801,3.3092090368270872,2.7540984059137013
2013-12-13 00:00:00-05:00,3.3999125368284386,3.408775802767058,3.3688898733219994,3.371844530105591,15876000,0.0,0.0,-0.0021859067784346653,3.3191805124282836,2.757767811654106
2013-12-16 00:00:00-05:00,3.6717284745930807,3.733773100456677,3.572013293530422,3.7005350589752197,121534000,0.0,0.0,0.09748092651808471,3.3394558906555174,2.763479227111453
2013-12-17 00:00:00-05:00,3.7190002670900495,4.02848620798818,3.715307386425258,3.9561004638671875,87230000,0.0,0.0,0.06906174399621579,3.374910092353821,2.769959853755103
2013-12-18 00:00:00-05:00,3.9664915050801133,3.9664915050801133,3.859630304029623,3.9442288875579834,42787000,0.025,0.0,-0.003000827814569562,3.4135007858276367,2.776312691824777
2013-12-19 00:00:00-05:00,3.9293860448909905,3.933838638056853,3.8076826573590443,3.8173298835754395,30366000,0.0,0.0,-0.03217333669018174,3.446669864654541,2.7822426415625072
2013-12-20 00:00:00-05:00,3.8165862743266645,3.8603697942391806,3.8091651708158083,3.8329122066497803,28889000,0.0,0.0,0.004081995412915651,3.4793254256248476,2.788260365289355
2013-12-23 00:00:00-05:00,3.879667153089669,3.879667153089669,3.844046395652052,3.8633408546447754,12988000,0.0,0.0,0.007938780320145167,3.5125791311264036,2.7945544416942294
2013-12-24 00:00:00-05:00,3.8818914947323715,3.9175118819899852,3.876696862296007,3.9048964977264404,7448000,0.0,0.0,0.010756400909255559,3.5463964104652406,2.8010739371890114
2013-12-26 00:00:00-05:00,3.9204797047899373,3.9293848885009295,3.8930221139906673,3.9123165607452393,7010000,0.0,0.0,0.0019001945437271406,3.5767438769340516,2.807700679415748
2013-12-27 00:00:00-05:00,3.924932888240807,3.9375486260425405,3.904154359021752,3.9167697429656982,8043000,0.0,0.0,0.001138246905973972,3.6076093912124634,2.814203893381452
2013-12-30 00:00:00-05:00,3.9175123099430587,3.9219649030688903,3.8729867325425733,3.9108335971832275,10962000,0.0,0.0,-0.0015155718033034171,3.6379564881324766,2.820746948794713
2013-12-31 00:00:00-05:00,3.9234491966444573,3.9553590334065,3.8989601122553785,3.9241912364959717,8655000,0.0,0.0,0.0034155478572048814,3.667974328994751,2.827198933041285
2014-01-02 00:00:00-05:00,3.9219642301679745,3.924190703277806,3.850723460093283,3.9071223735809326,14537000,0.0,0.0,-0.004349651147552258,3.6979512333869935,2.833326721002185
2014-01-03 00:00:00-05:00,3.892280219226784,3.930127074478602,3.855917797220549,3.921963930130005,11661000,0.0,0.0,0.0037985901464021588,3.7297043085098265,2.8394644175257002
2014-01-06 00:00:00-05:00,3.9182519720435414,3.962777518402747,3.8907943925527837,3.895246982574463,12634000,0.0,0.0,-0.006812134948588455,3.748709726333618,2.845556606375982
2014-01-07 00:00:00-05:00,3.9197383507210874,3.937548721258265,3.8952492681613653,3.9323537349700928,13359000,0.0,0.0,0.009526161643055753,3.7718971371650696,2.851847913530138
2014-01-08 00:00:00-05:00,3.9412594597565582,4.001369291619054,3.9227070468836627,3.9909796714782715,22968000,0.0,0.0,0.014908612108525121,3.796501624584198,2.8584352580327836
2014-01-09 00:00:00-05:00,4.007306357354024,4.019921744566191,3.9152866777275857,3.950165033340454,12339000,0.0,0.0,-0.01022672163165883,3.821909213066101,2.8646560472155373
2014-01-10 00:00:00-05:00,4.002852587982286,4.008789259859499,3.9234486727478877,3.9553585052490234,16691000,0.0,0.0,0.0013147480838737735,3.8493860483169557,2.8706928538897682
2014-01-13 00:00:00-05:00,3.979105619907052,3.9909789638801763,3.8878280053792036,3.9063804149627686,13944000,0.0,0.0,-0.012382718335457454,3.8757435083389282,2.8762990113288636
2014-01-14 00:00:00-05:00,3.956843144806231,4.143850989340913,3.9138020022110456,4.101551532745361,34855000,0.0,0.0,0.049962138104886256,3.912228858470917,2.882613379803915
2014-01-15 00:00:00-05:00,4.131977636068722,4.243291762739133,4.120104289639439,4.227707862854004,27187000,0.0,0.0,0.03075819701433824,3.938587498664856,2.8896300802155146
2014-01-16 00:00:00-05:00,4.212121680452962,4.22696353237581,4.092644471695029,4.1134233474731445,24084000,0.0,0.0,-0.02703226407505588,3.946453642845154,2.895994443742056
2014-01-17 00:00:00-05:00,4.100808803155977,4.186891781583347,4.098582330100258,4.166112899780273,31181000,0.0,0.0,0.012809173249696215,3.9575478434562683,2.902495851592412
2014-01-21 00:00:00-05:00,4.200992451903684,4.216576706200528,4.146819643411312,4.163887977600098,16597000,0.0,0.0,-0.0005340523009573772,3.974875748157501,2.909095048904419
2014-01-22 00:00:00-05:00,4.170564997545696,4.243290190589286,4.144591840693601,4.241064071655273,25526000,0.0,0.0,0.01853462304229825,3.995283341407776,2.9160005005579146
2014-01-23 00:00:00-05:00,4.20989752576449,4.241065679662183,4.136430265221,4.159435272216797,15551000,0.0,0.0,-0.01924724504494857,4.010088062286377,2.9225877930247592
2014-01-24 00:00:00-05:00,4.133460355939831,4.1549809201166905,4.018435723505382,4.043666839599609,17426000,0.0,0.0,-0.027832728493329295,4.017026579380035,2.9288568846763128
2014-01-27 00:00:00-05:00,4.0533158222343335,4.100067876663037,3.9880117078788353,4.040700435638428,21031000,0.0,0.0,-0.0007335925729913262,4.023445773124695,2.9350479292491127
2014-01-28 00:00:00-05:00,4.036989136556011,4.066672851586307,3.930127620903827,4.060736179351807,25223000,0.0,0.0,0.004958482825568211,4.030644094944,2.9412262685715205
2014-01-29 00:00:00-05:00,4.00285353615713,4.151272137532973,3.9605540755289788,4.012500762939453,23974000,0.0,0.0,-0.011878490569671274,4.035727453231812,2.9471872609759133
2014-01-30 00:00:00-05:00,4.068155350641262,4.101549605540626,4.0139825740650155,4.08522367477417,11989000,0.0,0.0,0.01812408673075039,4.043779075145721,2.9532985233125233
2014-01-31 00:00:00-05:00,3.9946883229761414,4.1030338813244835,3.9946883229761414,4.054798126220703,15784000,0.0,0.0,-0.007447706900687301,4.05116286277771,2.9590815740918357
2014-02-03 00:00:00-05:00,4.066672695450907,4.094130290035735,3.93012747001093,3.952390432357788,11421000,0.0,0.0,-0.025255929068499605,4.052684187889099,2.964317048352862
2014-02-04 00:00:00-05:00,3.9709427588969066,4.019178885722498,3.940517003163166,4.008047580718994,13487000,0.0,0.0,0.014081895327330729,4.058324217796326,2.9700845962479
2014-02-05 00:00:00-05:00,3.9865266560334627,4.0614779789740565,3.9471953643934845,4.0058207511901855,9017000,0.0,0.0,-0.0005555895941756761,4.06199756860733,2.975777028098939
2014-02-06 00:00:00-05:00,4.0065636772332125,4.146077077393873,3.9791060795690423,4.0963568687438965,18053000,0.0,0.0,0.022601140484583837,4.067266428470612,2.9817624546232677
2014-02-07 00:00:00-05:00,4.116391993391273,4.218058850347624,4.091160877517971,4.198022365570068,17039000,0.0,0.0,0.024818515594161816,4.0796592950820925,2.988347263563247
2014-02-10 00:00:00-05:00,4.169822920266572,4.191343485198686,4.123813277992728,4.178728103637695,12347000,0.0,0.0,-0.004596036002717407,4.090827775001526,2.994751769398886
2014-02-11 00:00:00-05:00,4.170564525727225,4.316014895359516,4.169822486166502,4.309336185455322,17344000,0.0,0.0,0.03125546304482674,4.110975563526154,3.0016515094136436
2014-02-12 00:00:00-05:00,4.318984153586839,4.437718996399043,4.318984153586839,4.373898983001709,25864000,0.0,0.0,0.014982074910817156,4.124592936038971,3.0088823740444486
2014-02-13 00:00:00-05:00,4.2618433776047056,4.41619897541039,4.258132824844117,4.384288787841797,22614000,0.0,0.0,0.0023754103330839715,4.132421982288361,3.0161458197094144
2014-02-14 00:00:00-05:00,4.267038553942079,4.332342663108387,4.262585960833259,4.310080051422119,28180000,0.0,0.0,-0.016926060305486268,4.142254817485809,3.022979354101514
2014-02-18 00:00:00-05:00,4.341989932116798,4.341989932116798,4.284106574987858,4.331600666046143,15872000,0.0,0.0,0.004993089308613419,4.150529205799103,3.0300423682682096
2014-02-19 00:00:00-05:00,4.318242809319792,4.335311141743199,4.26629647989601,4.2818803787231445,14598000,0.0,0.0,-0.011478502095711995,4.156428825855255,3.036792817569914
2014-02-20 00:00:00-05:00,4.307111975773323,4.380579238748208,4.281880848164454,4.378353118896484,22282000,0.0,0.0,0.02253046130216929,4.163293278217315,3.04417679139546
2014-02-21 00:00:00-05:00,4.41026241306428,4.415457045932056,4.333826999764771,4.344958305358887,17998000,0.0,0.0,-0.007627254502033942,4.17256942987442,3.051716403355674
2014-02-24 00:00:00-05:00,4.341988148385389,4.451818144606201,4.341988148385389,4.420650005340576,20672000,0.0,0.0,0.017420581433045035,4.1914185881614685,3.0594353515004356
2014-02-25 00:00:00-05:00,4.452562421821943,4.452562421821943,4.333085497190635,4.378353118896484,26929000,0.0,0.0,-0.009568024248242435,4.208301222324371,3.0673149578155035
2014-02-26 00:00:00-05:00,4.452560981424843,4.711551594859216,4.450334862293267,4.5935587882995605,49125000,0.0,0.0,0.04915219571356011,4.234942352771759,3.075996686541845
2014-02-27 00:00:00-05:00,4.540869496487983,4.617305238634324,4.510443749095682,4.554969310760498,16460000,0.0,0.0,-0.008400780161419763,4.2620657801628115,3.084363913725293
2014-02-28 00:00:00-05:00,4.537902332870935,4.598754199598946,4.5111871294751404,4.5787177085876465,15225000,0.0,0.0,0.0052137338820363865,4.286740481853485,3.0926726573989507
2014-03-03 00:00:00-05:00,4.537902955663757,4.635859658512991,4.515640342088188,4.581686496734619,15340000,0.0,0.0,0.0006483885524115607,4.313084900379181,3.1011430233243913
2014-03-04 00:00:00-05:00,4.638084833055812,4.756819691547547,4.621758896170535,4.701162815093994,36761000,0.0,0.0,0.026076930065932258,4.350523519515991,3.11013360629006
2014-03-05 00:00:00-05:00,4.687062789595907,4.766466704996069,4.6707368534350415,4.681126117706299,24656000,0.0,0.0,-0.004262072635170977,4.3841774463653564,3.1188170332757252
2014-03-06 00:00:00-05:00,4.696710741852579,4.742720398448298,4.678900369566324,4.722683906555176,12162000,0.0,0.0,0.008877733221432482,4.420020604133606,3.1275558746050276
2014-03-07 00:00:00-05:00,4.745689306570457,4.745689306570457,4.634375178236928,4.656638145446777,15133000,0.0,0.0,-0.01398479390431484,4.44803466796875,3.135957707488348
2014-03-10 00:00:00-04:00,4.6699965972508295,4.706359036087809,4.63586027852599,4.660349369049072,13519000,0.0,0.0,0.0007969748746579075,4.4711510181427006,3.14428781990021
2014-03-11 00:00:00-04:00,4.673704968791508,4.723425170421395,4.586880302804853,4.602464199066162,16191000,0.0,0.0,-0.012420779087367273,4.4923378229141235,3.1523911082555376
2014-03-12 00:00:00-04:00,4.583912558349954,4.698194837280874,4.485956218164071,4.688547611236572,23598000,0.0,0.0,0.018703765732251965,4.511298394203186,3.1607812501135326
2014-03-13 00:00:00-04:00,4.704873766224712,4.786503811420097,4.603948915647254,4.651443004608154,35377000,0.0,0.0,-0.007913880737713597,4.525175595283509,3.1688685455019514
2014-03-14 00:00:00-04:00,4.658121717113541,4.693742106905306,4.616564654666119,4.651443004608154,13939000,0.0,0.0,0.0,4.538533306121826,3.176762774823204
2014-03-17 00:00:00-04:00,4.677417780670508,4.748658938664525,4.657381282391116,4.705617427825928,13968000,0.0,0.0,0.011646799318857148,4.558310174942017,3.1850621662442644
2014-03-18 00:00:00-04:00,4.713813437011357,4.770453885864378,4.679531153592682,4.756293773651123,13109000,0.027,0.0,0.010769329764363844,4.5795448303222654,3.193775889419374
2014-03-19 00:00:00-04:00,4.7704532354162055,4.835291373278697,4.754057486580557,4.80026388168335,17558000,0.0,0.0,0.009244615687073798,4.605464005470276,3.2026525716932994
2014-03-20 00:00:00-04:00,4.793556775192613,4.873300238925882,4.79206599406843,4.867338180541992,19966000,0.0,0.0,0.013973044089218067,4.629913258552551,3.2116138840478565
2014-03-21 00:00:00-04:00,4.891931333308604,4.906091442198552,4.742877761260723,4.76225471496582,23267000,0.0,0.0,-0.02158951395575115,4.650778079032898,3.2202103402879505
2014-03-24 00:00:00-04:00,4.771944259425751,4.796538063448268,4.646739600479744,4.707106113433838,24811000,0.0,0.0,-0.011580355279752874,4.665100884437561,3.228518431148832
2014-03-25 00:00:00-04:00,4.7466052552271325,4.842744832742397,4.716049392195654,4.769708633422852,16145000,0.0,0.0,0.013299576954585612,4.684668660163879,3.23715605243804
2014-03-26 00:00:00-04:00,4.798774348472225,4.835292272561366,4.629598561839958,4.6810221672058105,28414000,0.0,0.0,-0.018593686330352965,4.6890418291091915,3.245363528766329
2014-03-27 00:00:00-04:00,4.678042018287072,4.703381042522655,4.608732219375569,4.6787872314453125,25247000,0.0,0.0,-0.0004774460963153926,4.695232725143432,3.253605590926276
2014-03-28 00:00:00-04:00,4.694435588007203,4.820385792751647,4.685492678901332,4.777905464172363,14330000,0.0,0.0,0.021184599304044927,4.705192112922669,3.262159865999979
2014-03-31 00:00:00-04:00,4.806971152713629,4.868828439171967,4.787594197102893,4.80026388168335,14819000,0.0,0.0,0.004679543720285562,4.716120982170105,3.2709708838235763
2014-04-01 00:00:00-04:00,4.810698883777818,4.863612919706648,4.786105076134393,4.847962379455566,21962000,0.0,0.0,0.009936640765567661,4.723460960388183,3.280104440356058
2014-04-02 00:00:00-04:00,4.824858662916234,4.867339002394806,4.757784517501857,4.817406177520752,20979000,0.0,0.0,-0.006302895844304324,4.730274963378906,3.2892818649609885
2014-04-03 00:00:00-04:00,4.82485661964935,4.887459105166659,4.7302078563719565,4.764490127563477,21592000,0.0,0.0,-0.010984344688267145,4.732365274429322,3.2981652967513555
2014-04-04 00:00:00-04:00,4.811442803497505,4.824857700980043,4.474582428322898,4.605749130249023,38830000,0.0,0.0,-0.033317520461655814,4.729820823669433,3.3064970165964156
2014-04-07 00:00:00-04:00,4.546127424095236,4.616182401182173,4.3844045222696675,4.498430252075195,43274000,0.0,0.0,-0.023301068976812833,4.72172486782074,3.3143072686498125
2014-04-08 00:00:00-04:00,4.517805839608206,4.5446356240190235,4.475325880680606,4.484269142150879,22055000,0.0,0.0,-0.0031480114463892095,4.715815114974975,3.322026566853599
2014-04-09 00:00:00-04:00,4.549109767413173,4.662390312740903,4.549109767413173,4.6556830406188965,19256000,0.0,0.0,0.038225604448398176,4.714171886444092,3.330252264227186
2014-04-10 00:00:00-04:00,4.661644652898262,4.661644652898262,4.443281281242028,4.461167812347412,20396000,0.0,0.0,-0.04178016986431854,4.704658126831054,3.3376336580231074
2014-04-11 00:00:00-04:00,4.417196373867083,4.468619609834111,4.3568298737220745,4.362046718597412,21903000,0.0,0.0,-0.02221864272302365,4.690188312530518,3.344830284042964
2014-04-14 00:00:00-04:00,4.35608435714616,4.43955423151085,4.3307453452557745,4.383659362792969,19419000,0.0,0.0,0.004954702594864857,4.67409040927887,3.3524400298557584
2014-04-15 00:00:00-04:00,4.401544751989604,4.423902551540919,4.268142101171539,4.392601490020752,25014000,0.0,0.0,0.002039877300613391,4.655905795097351,3.3598535051421514
2014-04-16 00:00:00-04:00,4.431357318034864,4.431357318034864,4.330746110128192,4.420178413391113,17916000,0.0,0.0,0.006278038978270839,4.63690152168274,3.3680079361749073
2014-04-17 00:00:00-04:00,4.422414423177322,4.5953162746810605,4.391113345400517,4.537930965423584,19092000,0.0,0.0,0.026639773561115687,4.6204311609268185,3.3769280153607566
2014-04-21 00:00:00-04:00,4.5438917704325235,4.6340689139243025,4.532712512565824,4.612456321716309,12560000,0.0,0.0,0.016422761135099773,4.612941241264343,3.3861757034347173
2014-04-22 00:00:00-04:00,4.591590006051885,4.754058525701687,4.591590006051885,4.727973937988281,22830000,0.0,0.0,0.025044706814478346,4.613984632492065,3.395789088710906
2014-04-23 00:00:00-04:00,4.7682182315398105,4.815170204613437,4.753312905311375,4.814424991607666,26984000,0.0,0.0,0.018285010609886854,4.616220450401306,3.405516683109223
2014-04-24 00:00:00-04:00,4.876282630223371,4.8800086955115,4.73542705657214,4.872556209564209,27519000,0.0,0.0,0.01207438438814079,4.625797152519226,3.4154025325699457
2014-04-25 00:00:00-04:00,4.833055139390963,4.846469679799124,4.634813975225729,4.645993232727051,19266000,0.0,0.0,-0.046497765668140234,4.624157452583313,3.4243864265699235
2014-04-28 00:00:00-04:00,4.68847492902767,4.689220142061263,4.495450893857345,4.529733180999756,30708000,0.0,0.0,-0.025023723863466296,4.611748838424683,3.433059609125531
2014-04-29 00:00:00-04:00,4.544637533798319,4.587117865948097,4.472346554467592,4.540165901184082,21656000,0.0,0.0,0.0023031643956616943,4.59874393939972,3.4416525174701023
2014-04-30 00:00:00-04:00,4.5535804182188135,4.745113970255721,4.499175973894784,4.7324442863464355,25375000,0.0,0.0,0.04235051963898662,4.5929680347442625,3.451173563798269
2014-05-01 00:00:00-04:00,4.6892205522468915,4.83678340693681,4.663881530033126,4.731700897216797,18863000,0.0,0.0,-0.0001570835459772102,4.588682770729065,3.4608770608901978
2014-05-02 00:00:00-04:00,4.823368234187271,4.843490406726018,4.708596902971001,4.789831161499023,13407000,0.0,0.0,0.012285278707371061,4.589949822425842,3.4705881703467596
2014-05-05 00:00:00-04:00,4.7600212912607445,4.803246850819288,4.696673555857392,4.788341522216797,13529000,0.0,0.0,-0.0003110003739171807,4.599079442024231,3.4803542078487455
2014-05-06 00:00:00-04:00,5.062599365711973,5.073778272245519,4.93739433320054,5.0186285972595215,127802000,0.0,0.0,0.048093285321075374,4.625089359283447,3.4907675678767855
2014-05-07 00:00:00-04:00,5.049184798039804,5.113277744633021,4.944847500971717,4.979129791259766,560280000,0.0,0.0,-0.007870438155420545,4.649832391738892,3.5010995051217457
2014-05-08 00:00:00-04:00,4.979128977206102,5.137125500866348,4.971676136662771,5.064089298248291,53700000,0.0,0.0,0.017063123587913065,4.670252704620362,3.5114904812404086
2014-05-09 00:00:00-04:00,5.061853066735812,5.109550248939223,4.969440264851801,5.0238447189331055,38700000,0.0,0.0,-0.007947051670101124,4.698386549949646,3.5216145733046154
2014-05-12 00:00:00-04:00,5.062598519917772,5.155756887999357,5.02384460468022,5.1520304679870605,27394000,0.0,0.0,0.025515467978313167,4.737885737419129,3.5321922926675704
2014-05-13 00:00:00-04:00,5.1624636738602785,5.1676805192381225,5.109549651852771,5.124454975128174,23021000,0.0,0.0,-0.005352354383428293,4.7749255180358885,3.5427880514235723
2014-05-14 00:00:00-04:00,5.108059987961668,5.187058248640336,5.034278573438892,5.105823993682861,30243000,0.0,0.0,-0.0036357000960568486,4.810586643218994,3.553286701913864
2014-05-15 00:00:00-04:00,5.117747409020211,5.138614789328682,5.001485680951445,5.062597751617432,32093000,0.0,0.0,-0.008466065833626635,4.84270761013031,3.563474766791813
2014-05-16 00:00:00-04:00,5.0745231417687995,5.13712565378652,5.017137476138306,5.103588581085205,52044000,0.0,0.0,0.008096797628189378,4.870990490913391,3.573816804658799
2014-05-19 00:00:00-04:00,5.149795195269947,5.17289857613759,5.078249768940053,5.0916643142700195,37789000,0.0,0.0,-0.002336447506638528,4.894950890541077,3.5840477933959356
2014-05-20 00:00:00-04:00,5.094646459963745,5.096136886303536,4.987327945334906,5.032043933868408,29085000,0.0,0.0,-0.011709409089385114,4.910154390335083,3.594039295400892
2014-05-21 00:00:00-04:00,5.032042105682142,5.100606667597605,5.020863201452935,5.0983710289001465,16896000,0.0,0.0,0.0131809451394731,4.924351692199707,3.6041057015222218
2014-05-22 00:00:00-04:00,5.099860386405077,5.158736457556572,5.0588708425702995,5.118492126464844,15679000,0.0,0.0,0.003946573807720233,4.936648488044739,3.6144054882110113
2014-05-23 00:00:00-04:00,5.151285362609809,5.26232990940111,5.122219925574803,5.2578582763671875,32017000,0.0,0.0,0.027227969968295795,4.967241740226745,3.6254292319691372
2014-05-27 00:00:00-04:00,5.2936304741531535,5.3122618608120185,5.240716454722093,5.286177635192871,31637000,0.0,0.0,0.005386101590636683,5.0050639629364015,3.6365276944069636
2014-05-28 00:00:00-04:00,5.257858078794196,5.272763403223518,5.20494440806123,5.224321365356445,34927000,0.0,0.0,-0.01170151177376555,5.03927173614502,3.6472822020924283
2014-05-29 00:00:00-04:00,5.252641536428702,5.280216548132739,5.202708714474676,5.275744915008545,27566000,0.0,0.0,0.009843106129171053,5.066436767578125,3.658243669403924
2014-05-30 00:00:00-04:00,5.354741908628227,5.365920811110329,5.1728968409293214,5.266800403594971,38938000,0.0,0.0,-0.0016954025559743346,5.093191742897034,3.668187591764662
2014-06-02 00:00:00-04:00,5.307046086076538,5.3659221753281034,5.261584896436605,5.33909273147583,26599000,0.0,0.0,0.013726042823174911,5.120654821395874,3.678444458378686
2014-06-03 00:00:00-04:00,5.315988832855106,5.371884064754415,5.279470913192496,5.324932098388672,22308000,0.0,0.0,-0.0026522545682108323,5.147484350204468,3.688769700035216
2014-06-04 00:00:00-04:00,5.3107730851550015,5.355489066696596,5.301829817772476,5.336857318878174,19379000,0.0,0.0,0.0022395065832125916,5.163395786285401,3.6989974171396285
2014-06-05 00:00:00-04:00,5.329403678997434,5.36592159830265,5.308536296537312,5.3562331199646,27288000,0.0,0.0,0.0036305638185019085,5.182250952720642,3.7095337784479536
2014-06-06 00:00:00-04:00,5.386788868810949,5.3920057139734,5.309281048830618,5.338346481323242,15866000,0.0,0.0,-0.003339406303039305,5.19596381187439,3.720071584459335
2014-06-09 00:00:00-04:00,5.356978851950595,5.403185251006048,5.3264226348475905,5.350271224975586,17420000,0.0,0.0,0.002233789750077708,5.212285137176513,3.7305002732882424
2014-06-10 00:00:00-04:00,5.347289174216683,5.384552299196718,5.328657434041222,5.355486869812012,16409000,0.0,0.0,0.0009748374647025049,5.222457957267761,3.7410829228068154
2014-06-11 00:00:00-04:00,5.3413285779859185,5.394987823146955,5.317480340466353,5.347290992736816,24943000,0.0,0.0,-0.0015303701184282703,5.233599758148193,3.7517894780825056
2014-06-12 00:00:00-04:00,5.316734855082814,5.368903675055929,5.306301162162393,5.348036289215088,13604000,0.0,0.0,0.00013937832807009443,5.245710372924805,3.7625887952153643
2014-06-13 00:00:00-04:00,5.379335813802064,5.399457980816553,5.284687036480037,5.322695732116699,13508000,0.0,0.0,-0.004738291912770087,5.258715271949768,3.7728970921228804
2014-06-16 00:00:00-04:00,5.326423830330204,5.361451332783632,5.2615856723687076,5.2824530601501465,15668000,0.0,0.0,-0.007560580952191587,5.2676584959030155,3.7829058255468095
2014-06-17 00:00:00-04:00,5.282452316827596,5.359530295854123,5.282452316827596,5.349053382873535,13817000,0.029,0.0,0.012607839949551058,5.280527949333191,3.7930331532917325
2014-06-18 00:00:00-04:00,5.356537139482393,5.378987158789737,5.279459156163289,5.329597473144531,13833000,0.0,0.0,-0.00363726221003835,5.295405626296997,3.8028909554557195
2014-06-19 00:00:00-04:00,5.3228617426217095,5.3370800272519,5.263743780816088,5.307895183563232,12734000,0.0,0.0,-0.004072031647916252,5.305881834030151,3.812860782184298
2014-06-20 00:00:00-04:00,5.3251087352562925,5.38422671718403,5.3034069852947345,5.355790138244629,21834000,0.0,0.0,0.009023342214765417,5.31774673461914,3.8233149742323254
2014-06-23 00:00:00-04:00,5.358780289833483,5.384972030319401,5.297417517604204,5.331092357635498,13349000,0.0,0.0,-0.004611416797825729,5.321408438682556,3.8335779148434836
2014-06-24 00:00:00-04:00,5.371504296078658,5.410417429308407,5.285446652318939,5.288439750671387,15304000,0.0,0.0,-0.008000725574191514,5.321521544456482,3.8438726597362094
2014-06-25 00:00:00-04:00,5.281704077932303,5.365516884524899,5.242790950925284,5.360278606414795,12827000,0.0,0.0,0.01358413050546492,5.328319406509399,3.8543330090386525
2014-06-26 00:00:00-04:00,5.367012912122248,5.378237741720554,5.266737006471464,5.310140132904053,8126000,0.0,0.0,-0.009353706624640745,5.330039167404175,3.8645506879640004
2014-06-27 00:00:00-04:00,5.293677257828446,5.325855558242767,5.257009310540021,5.308643817901611,16935000,0.0,0.0,-0.0002817844661329172,5.332131338119507,3.874742028259096
2014-06-30 00:00:00-04:00,5.3071475304102815,5.393205165863037,5.3071475304102815,5.393205165863037,17773000,0.0,0.0,0.015928992575518386,5.334836959838867,3.885251448267982
2014-07-01 00:00:00-04:00,5.423888063658707,5.547362305615127,5.414159779236957,5.539878845214844,21429000,0.0,0.0,0.027196013287274168,5.345584297180176,3.8962758874136303
2014-07-02 00:00:00-04:00,5.506202161138828,5.582531861853138,5.506202161138828,5.561578750610352,16081000,0.0,0.0,0.003917036094435833,5.356820368766785,3.9071329283335854
2014-07-03 00:00:00-04:00,5.587770226715512,5.640153362469465,5.568313664020979,5.625935077667236,7994000,0.0,0.0,0.011571593236870292,5.370305466651916,3.918213298396459
2014-07-07 00:00:00-04:00,5.644644535455481,5.653624187395009,5.569811366921803,5.577294826507568,19066000,0.0,0.0,-0.008645718531795854,5.382252883911133,3.9290365425367204
2014-07-08 00:00:00-04:00,5.562326194844464,5.575047571844208,5.395448890572904,5.491983413696289,19169000,0.0,0.0,-0.015296199226516483,5.389338493347168,3.93996999188075
2014-07-09 00:00:00-04:00,5.512189403100628,5.554843902587891,5.469534546782429,5.554843902587891,9798000,0.0,0.0,0.011445862843437515,5.399306344985962,3.9510625572431657
2014-07-10 00:00:00-04:00,5.393205060383131,5.503209619178407,5.391708511380636,5.474024772644043,15479000,0.0,0.0,-0.014549307120258703,5.405643033981323,3.9616158699232433
2014-07-11 00:00:00-04:00,5.483003837589177,5.4987186699062685,5.438104163755678,5.4777655601501465,12517000,0.0,0.0,0.0006833705840714188,5.412129497528076,3.9721082657102555
2014-07-14 00:00:00-04:00,5.580286973486638,5.604981814979817,5.493481069443573,5.54062557220459,12242000,0.0,0.0,0.011475484184964024,5.423025989532471,3.982745203706953
2014-07-15 00:00:00-04:00,5.538380721394674,5.566069017440941,5.439601355910922,5.494229316711426,14556000,0.0,0.0,-0.008373829793862697,5.433614802360535,3.9934719356279524
2014-07-16 00:00:00-04:00,5.471031551334095,5.566069553668175,5.4440918839845285,5.511441230773926,15180000,0.0,0.0,0.0031327258238289524,5.441734194755554,4.004016374784802
2014-07-17 00:00:00-04:00,5.482256937795358,5.512938335749766,5.362524087387584,5.380484104156494,17816000,0.0,0.0,-0.02376095854677973,5.444278526306152,4.014026568995582
2014-07-18 00:00:00-04:00,5.443344141997537,5.63192290238688,5.433615858452413,5.612466335296631,33949000,0.0,0.0,0.04311549419148508,5.459507083892822,4.025341965849438
2014-07-21 00:00:00-04:00,5.576546277268176,5.649882536174267,5.5743010967706255,5.643895626068115,15368000,0.0,0.0,0.005599907223287293,5.473912358283997,4.036709234828041
2014-07-22 00:00:00-04:00,5.655866095225069,5.720222311732626,5.634912991439071,5.641647815704346,23997000,0.0,0.0,-0.000398272844272185,5.489440131187439,4.048085070791698
2014-07-23 00:00:00-04:00,5.664846718098721,5.665594992339912,5.506949434620928,5.509942531585693,24450000,0.0,0.0,-0.02334518006459596,5.500515270233154,4.058990715041993
2014-07-24 00:00:00-04:00,5.515180876727292,5.529399157979314,5.408170165458115,5.4261298179626465,20676000,0.0,0.0,-0.015211177456496361,5.503807830810547,4.0697735699396285
2014-07-25 00:00:00-04:00,5.408919227722671,5.410415776441703,5.2165988009226005,5.232313632965088,36838000,0.0,0.0,-0.03571904681601057,5.499916505813599,4.079784398987179
2014-07-28 00:00:00-04:00,5.239798062067427,5.294426029304043,5.173945262929978,5.276466369628906,31813000,0.0,0.0,0.00843847287472288,5.498307633399963,4.090005402527158
2014-07-29 00:00:00-04:00,5.2682322088938776,5.3258536046128,5.22632599879343,5.229319095611572,19111000,0.0,0.0,-0.008935387949918772,5.49011332988739,4.100094679802183
2014-07-30 00:00:00-04:00,5.309392590782145,5.316127775387422,5.217348398265762,5.276466369628906,17545000,0.0,0.0,0.009015948951537567,5.476942706108093,4.110295290984805
2014-07-31 00:00:00-04:00,5.239049046241898,5.260750789254684,5.148501415635674,5.191904544830322,18476000,0.0,0.0,-0.016026222641220222,5.458458995819091,4.120209873668731
2014-08-01 00:00:00-04:00,5.232313287326056,5.291431239793177,5.141765316019302,5.271226406097412,19141000,0.0,0.0,0.01527798914293843,5.440723562240601,4.130229423916529
2014-08-04 00:00:00-04:00,5.262246976391572,5.358032878347674,5.233062134120305,5.338576316833496,15452000,0.0,0.0,0.01277689583930175,5.428787636756897,4.1404900087250605
2014-08-05 00:00:00-04:00,5.2996628936277785,5.34456292291032,5.226327011738341,5.247280120849609,15388000,0.0,0.0,-0.0171012252266608,5.416552472114563,4.150525261485387
2014-08-06 00:00:00-04:00,5.223334190839752,5.3108887233104,5.220340736247667,5.260002136230469,10354000,0.0,0.0,0.002424497089513089,5.4018103837966915,4.160657621565319
2014-08-07 00:00:00-04:00,5.304902010297642,5.304902010297642,5.197142643878951,5.2106122970581055,11222000,0.0,0.0,-0.009389699451292977,5.388639760017395,4.170468691795591
2014-08-08 00:00:00-04:00,5.218095120589747,5.27571652571375,5.18741373221107,5.270478248596191,12822000,0.0,0.0,0.011489235453554292,5.378275394439697,4.18050858141884
2014-08-11 00:00:00-04:00,5.276466083445608,5.346808882894354,5.276466083445608,5.29966402053833,14173000,0.0,0.0,0.00553759461011194,5.366227316856384,4.190807073835343
2014-08-12 00:00:00-04:00,5.304903207220745,5.342319434360665,5.272724902186043,5.32435941696167,9421000,0.0,0.0,0.004659804155062508,5.357733821868896,4.200950053003099
2014-08-13 00:00:00-04:00,5.360278093019854,5.397694310675396,5.319119789718589,5.385721206665039,10836000,0.0,0.0,0.01152472718274633,5.351447820663452,4.2112432850731745
2014-08-14 00:00:00-04:00,5.438853179147414,5.554843929812779,5.438853179147414,5.525659084320068,18997000,0.0,0.0,0.02598312691749638,5.3587065696716305,4.222324936162858
2014-08-15 00:00:00-04:00,5.5780424462993,5.60423383811291,5.494229635664793,5.596750736236572,21143000,0.0,0.0,0.01286573254550527,5.357920789718628,4.234038367157891
2014-08-18 00:00:00-04:00,5.635663404559288,5.6423982313807,5.563823705530229,5.640153408050537,12531000,0.0,0.0,0.007754976746230824,5.357733678817749,4.245857008865902
2014-08-19 00:00:00-04:00,5.655868062599631,5.7336943115401215,5.644643232642726,5.65886116027832,18734000,0.0,0.0,0.0033168871259920962,5.358594346046448,4.257749887685927
2014-08-20 00:00:00-04:00,5.662602126358165,5.724713533625336,5.660357303401565,5.715733528137207,11375000,0.0,0.0,0.010050143703488557,5.368883895874023,4.2697111008659245
2014-08-21 00:00:00-04:00,5.697025333981682,5.735190179501349,5.668588768424642,5.7075018882751465,15550000,0.0,0.0,-0.0014401720831697107,5.382952499389648,4.281697928905487
2014-08-22 00:00:00-04:00,5.725462961511377,5.725462961511377,5.650630162084419,5.703012943267822,15837000,0.0,0.0,-0.0007864990840468211,5.406487464904785,4.293661112823184
2014-08-25 00:00:00-04:00,5.762131045570091,5.777846237130317,5.643895112610322,5.670086860656738,17100000,0.0,0.0,-0.00577345395120521,5.426168489456177,4.305455761296408
2014-08-26 00:00:00-04:00,5.676824113491877,5.6985255102243695,5.632672688388621,5.68430757522583,13544000,0.0,0.0,0.0025080241129578074,5.4489179134368895,4.317091210493966
2014-08-27 00:00:00-04:00,5.687297740855399,5.72546259098411,5.6506297964000085,5.699271202087402,13434000,0.0,0.0,0.002632444965995351,5.470058155059815,4.329057033099826
2014-08-28 00:00:00-04:00,5.652874077677537,5.723965493339517,5.608722679581427,5.714237213134766,18587000,0.0,0.0,0.0026259517255262654,5.496174788475036,4.340578135043856
2014-08-29 00:00:00-04:00,6.122826635736733,6.345828165672028,5.724715647776321,6.143031120300293,62934000,0.0,0.0,0.0750395706674376,5.539765024185181,4.353605571247282
2014-09-02 00:00:00-04:00,6.208883524127844,6.371270866933197,6.16622866591709,6.362290859222412,41604000,0.0,0.0,0.03569243499313424,5.590950751304627,4.3676312953706775
2014-09-03 00:00:00-04:00,6.380998162980134,6.449844398498258,6.323376399491669,6.38997745513916,32681000,0.0,0.0,0.004351670888578685,5.648085618019104,4.381813511015877
2014-09-04 00:00:00-04:00,6.400453712876341,6.529166157771999,6.395963353843968,6.442359924316406,28061000,0.0,0.0,0.00819759843364043,5.707203507423401,4.39602001697298
2014-09-05 00:00:00-04:00,6.462565325318111,6.589781239991925,6.454333950794399,6.5763115882873535,26594000,0.0,0.0,0.02079232851696977,5.775488471984863,4.410813442298344
2014-09-08 00:00:00-04:00,6.590531615315751,6.710264104657409,6.549373304481332,6.599511623382568,28949000,0.0,0.0,0.0035278187147542717,5.841940140724182,4.425765953366718
2014-09-09 00:00:00-04:00,6.613729482807096,6.668357445382119,6.582299099772495,6.615973949432373,21896000,0.0,0.0,0.002494476408144708,5.907755637168885,4.440722597023798
2014-09-10 00:00:00-04:00,6.6062468710939894,6.667609668734226,6.564340639892069,6.660126209259033,18855000,0.0,0.0,0.006673584292218759,5.974543976783752,4.455595110143934
2014-09-11 00:00:00-04:00,6.653390682898234,6.668357600277787,6.571822695968233,6.665363788604736,17888000,0.0,0.0,0.0007864084224742385,6.038526105880737,4.470607877723754
2014-09-12 00:00:00-04:00,6.660874337288898,6.665363984437532,6.540393218026525,6.574068069458008,18244000,0.0,0.0,-0.013697034706914302,6.090946555137634,4.485322467864505
2014-09-15 00:00:00-04:00,6.595767608162559,6.6032510645685525,6.455829970749557,6.48875617980957,15998000,0.0,0.0,-0.012977031686784879,6.1355468273162845,4.499710173833938
2014-09-16 00:00:00-04:00,6.463314434247111,6.605496559806898,6.41093165856642,6.579305171966553,21146000,0.0,0.0,0.013954753368409012,6.182504415512085,4.514372697898319
2014-09-17 00:00:00-04:00,6.607094639297525,6.641643864202867,6.562031304878645,6.589820384979248,15653000,0.032,0.0,0.0015982254566180298,6.2290523767471315,4.52876332354924
2014-09-18 00:00:00-04:00,6.622867097451886,6.724260677657714,6.611601621608223,6.723509311676025,18165000,0.0,0.0,0.020287188251975063,6.279441165924072,4.543523253902556
2014-09-19 00:00:00-04:00,6.769322357157777,6.8256525876676655,6.67694232626181,6.691963195800781,41834000,0.0,0.0,-0.004691912275701204,6.328664231300354,4.558134551086123
2014-09-22 00:00:00-04:00,6.6574159824833385,6.697221903291204,6.490680072357414,6.547760963439941,23869000,0.0,0.0,-0.02154856925264126,6.37090163230896,4.571918615273067
2014-09-23 00:00:00-04:00,6.53499315889945,6.605592911158969,6.487675724550728,6.576301097869873,20829000,0.0,0.0,0.004358762421122098,6.416212344169617,4.585742656200651
2014-09-24 00:00:00-04:00,6.5860653876890085,6.688209620425647,6.5605289713704344,6.685956954956055,14503000,0.0,0.0,0.016674397272001373,6.466294813156128,4.599843559757112
2014-09-25 00:00:00-04:00,6.672438028283505,6.672438028283505,6.441861758114261,6.493685245513916,17940000,0.0,0.0,-0.02875754521566498,6.506015515327453,4.61324010292689
2014-09-26 00:00:00-04:00,6.500444812490969,6.5838127839761,6.493685382745753,6.57179594039917,9834000,0.0,0.0,0.012028715888133812,6.548893451690674,4.626929022016979
2014-09-29 00:00:00-04:00,6.489928514260586,6.557524228933916,6.464392816979413,6.542503356933594,9826000,0.0,0.0,-0.00445731786732817,6.5688670635223385,4.6403756690403775
2014-09-30 00:00:00-04:00,6.580055897702418,6.603338929767551,6.474156278930566,6.534241199493408,14885000,0.0,0.0,-0.0012628434391904753,6.577464580535889,4.65367814567354
2014-10-01 00:00:00-04:00,6.543257037578718,6.543257037578718,6.3720150063466345,6.424589157104492,22257000,0.0,0.0,-0.01678114398308672,6.579195165634156,4.666445838080512
2014-10-02 00:00:00-04:00,6.390038298927332,6.414071982985425,6.071587329410251,6.249589443206787,34278000,0.0,0.0,-0.02723905134138971,6.569556641578674,4.678522020105332
2014-10-03 00:00:00-04:00,6.2803825927566,6.342720177870226,6.237571926158993,6.269116401672363,20650000,0.0,0.0,0.0031245186012660575,6.554196882247925,4.690707931442867
2014-10-06 00:00:00-04:00,6.314181876193546,6.347229094747738,6.199269409959939,6.22480583190918,19536000,0.0,0.0,-0.0070680725837796166,6.535461592674255,4.702659387437124
2014-10-07 00:00:00-04:00,6.190255486963416,6.209783124872294,6.081351820801236,6.08585786819458,15266000,0.0,0.0,-0.022321654275918812,6.508955788612366,4.7142060200373335
2014-10-08 00:00:00-04:00,6.08360324177589,6.2908963967014095,5.955922270488773,6.256347179412842,27681000,0.0,0.0,0.02801401460741615,6.488766837120056,4.7265464341829695
2014-10-09 00:00:00-04:00,6.227807175785506,6.256347617549535,6.0520584789448035,6.053561210632324,18880000,0.0,0.0,-0.032412838189000426,6.458176708221435,4.738199383493454
2014-10-10 00:00:00-04:00,5.839507706533987,5.8417607294504315,5.163551767200834,5.359579086303711,105981000,0.0,0.0,-0.11464030843691153,6.397452259063721,4.746714466147953
2014-10-13 00:00:00-04:00,5.31751979819419,5.417410983659339,5.167307516151434,5.185332775115967,65240000,0.0,0.0,-0.032511193207882094,6.33228108882904,4.754602575112903
2014-10-14 00:00:00-04:00,5.412154154680036,5.47599447095853,5.186835707345089,5.409150123596191,69034000,0.0,0.0,0.043163545752416876,6.273773336410523,4.763103329946125
2014-10-15 00:00:00-04:00,5.2769631724997605,5.516551845800734,5.246920712364235,5.448956489562988,31955000,0.0,0.0,0.007359079533243218,6.21673014163971,4.771905673874749
2014-10-16 00:00:00-04:00,5.307758120895889,5.714834178105226,5.2949902687508965,5.678031921386719,33985000,0.0,0.0,0.0420402387617711,6.1644562721252445,4.781394282976787
2014-10-17 00:00:00-04:00,5.814724158677572,5.985966120917988,5.77041147338649,5.794445514678955,41607000,0.0,0.0,0.020502454882959764,6.119580388069153,4.791168986804902
2014-10-20 00:00:00-04:00,5.7583946818811045,5.862792656871238,5.693052340127448,5.857534885406494,14370000,0.0,0.0,0.010887904730092934,6.085069084167481,4.800912663104042
2014-10-21 00:00:00-04:00,5.9326407062024495,6.193259392809308,5.930387324677712,6.18725061416626,24112000,0.0,0.0,0.05628916177370491,6.0656165599823,4.81167455514272
2014-10-22 00:00:00-04:00,6.194762431686537,6.233066342590521,6.063326375909435,6.073090553283691,17307000,0.0,0.0,-0.018450854507362058,6.034973239898681,4.822036196315099
2014-10-23 00:00:00-04:00,6.16922488250973,6.2263057716417745,6.092617074746984,6.1121439933776855,18205000,0.0,0.0,0.006430571016741826,6.01589617729187,4.832986609330253
2014-10-24 00:00:00-04:00,6.136178057661528,6.189503546844485,6.0663289656100075,6.147444248199463,11269000,0.0,0.0,0.005775429188190628,5.994678592681884,4.84404779048193
2014-10-27 00:00:00-04:00,6.121908728737452,6.155706589010324,6.017511116511544,6.126414775848389,14977000,0.0,0.0,-0.0034208479982935636,5.973874163627625,4.854984487806048
2014-10-28 00:00:00-04:00,6.170727970773491,6.3269490771260095,6.1271666467031345,6.323945045471191,18230000,0.0,0.0,0.03224239246769711,5.963359355926514,4.866740202146863
2014-10-29 00:00:00-04:00,6.351732704849408,6.39454336954206,6.275875550556382,6.375015735626221,14214000,0.0,0.0,0.008075764382488249,5.9608806848526,4.878613580786992
2014-10-30 00:00:00-04:00,6.296906733619575,6.35173425185975,6.097124299330807,6.188003063201904,19976000,0.0,0.0,-0.029335248755420706,5.957801365852356,4.890023299625942
2014-10-31 00:00:00-04:00,6.3922887292858865,6.603337263935616,6.346474042634603,6.477910041809082,25461000,0.0,0.0,0.04684984406862425,5.968241047859192,4.902413441075219
2014-11-03 00:00:00-05:00,6.49218334219464,6.600336366514403,6.4658962731358285,6.484672546386719,15941000,0.0,0.0,0.0010439330793405865,5.981234383583069,4.915038518489353
2014-11-04 00:00:00-05:00,6.451626211940148,6.501196319504787,6.373515652593574,6.411068916320801,18288000,0.0,0.0,-0.0113504004310796,5.99749493598938,4.927277725840372
2014-11-05 00:00:00-05:00,6.4433622737022125,6.518468055835565,6.369757790665263,6.5124592781066895,14789000,0.0,0.0,0.015814891886090532,6.010300540924073,4.939922210716066
2014-11-06 00:00:00-05:00,6.492183149072082,6.601086819971739,6.484672353487584,6.581559181213379,17114000,0.0,0.0,0.010610416150928836,6.036700439453125,4.952741238805983
2014-11-07 00:00:00-05:00,6.597331418322112,6.604090847102784,6.364501794499236,6.387033462524414,19751000,0.0,0.0,-0.029556175570710552,6.0880731582641605,4.965289557737018
2014-11-10 00:00:00-05:00,6.378022152716234,6.465145530186277,6.271371850293765,6.4523773193359375,14364000,0.0,0.0,0.010230705255409367,6.151425385475159,4.977894929666368
2014-11-11 00:00:00-05:00,6.447118857534182,6.480916720167257,6.412570345131271,6.471153259277344,7927000,0.0,0.0,0.002909925909809985,6.2045255422592165,4.990615843780457
2014-11-12 00:00:00-05:00,6.452375903163344,6.55602286700113,6.429844234782061,6.537997245788574,10396000,0.0,0.0,0.01032953228474387,6.258977580070495,5.003332356611888
2014-11-13 00:00:00-05:00,6.53949944575815,6.637137633186375,6.4989421550216315,6.568039894104004,12281000,0.0,0.0,0.004595084272141836,6.3034779787063595,5.0160948104328575
2014-11-14 00:00:00-05:00,6.576301211001732,6.688209620425647,6.482418422947536,6.685956954956055,12955000,0.0,0.0,0.017953158438928307,6.3480535507202145,5.030037437166486
2014-11-17 00:00:00-05:00,6.6679322379904375,6.6882105275801935,6.578555485021653,6.648404598236084,11200000,0.0,0.0,-0.005616601628303131,6.3875970363616945,5.043344489165714
2014-11-18 00:00:00-05:00,6.6356350522860374,6.892498349253683,6.634883686332993,6.86545991897583,20025000,0.0,0.0,0.03264773037389057,6.421507501602173,5.057703391900138
2014-11-19 00:00:00-05:00,6.8729727593091265,6.909774660318681,6.691966570161178,6.703232765197754,18763000,0.0,0.0,-0.023629466298344726,6.453014612197876,5.071714573436314
2014-11-20 00:00:00-05:00,6.672437507896013,6.828658607717628,6.610850563933673,6.754303455352783,15121000,0.0,0.0,0.007618814972408794,6.485122585296631,5.086001697040739
2014-11-21 00:00:00-05:00,6.887242305697891,6.889495687736254,6.718252978199133,6.775333881378174,17461000,0.0,0.0,0.0031136335766384082,6.516517066955567,5.100269684715877
2014-11-24 00:00:00-05:00,6.800867360477537,6.860952269548409,6.7880991561395385,6.845180034637451,11876000,0.0,0.0,0.010308887278787537,6.55245532989502,5.114741562850892
2014-11-25 00:00:00-05:00,6.89775596415638,6.951832110027212,6.839924420947894,6.845932483673096,25923000,0.0,0.0,0.00010992392191844225,6.578554701805115,5.12909625163154
2014-11-26 00:00:00-05:00,6.878230702093862,7.049472725443688,6.878230702093862,7.043464660644531,16143000,0.0,0.0,0.028853947572888172,6.61197714805603,5.143929971588983
2014-11-28 00:00:00-05:00,7.06974965668453,7.092281325596361,6.9600946273730875,7.014922142028809,8700000,0.0,0.0,-0.0040523407145356405,6.653323101997375,5.15867387113117
2014-12-01 00:00:00-05:00,6.9886352316319,7.011918267077163,6.7610630068539095,6.830912113189697,17168000,0.0,0.0,-0.026231228959284425,6.670973205566407,5.172669984045482
2014-12-02 00:00:00-05:00,6.811382841242613,6.940565479841627,6.738529720801357,6.924793243408203,19794000,0.0,0.0,0.013743571672841792,6.692979240417481,5.186959503188966
2014-12-03 00:00:00-05:00,6.987132633404544,7.173395468902377,6.987132633404544,7.14485502243042,31727000,0.0,0.0,0.031778823032975856,6.729668545722961,5.202186768017118
2014-12-04 00:00:00-05:00,7.627037699277554,7.794524992901456,7.473821346188831,7.741199493408203,61855000,0.0,0.0,0.08346488054769918,6.791105556488037,5.219862550024002
2014-12-05 00:00:00-05:00,7.799029867632458,7.886153215906396,7.640556125023337,7.810296058654785,29596000,0.0,0.0,0.008925821548122936,6.852542400360107,5.236906825550019
2014-12-08 00:00:00-05:00,7.8110477713481385,7.823815979657398,7.485086715935013,7.563948631286621,34818000,0.0,0.0,-0.03154136866491508,6.911388158798218,5.253158187109326
2014-12-09 00:00:00-05:00,7.502361933127925,7.738195604615266,7.3040815217852435,7.708903789520264,22903000,0.0,0.0,0.019163953286788216,6.974214482307434,5.26986459134117
2014-12-10 00:00:00-05:00,7.660834110843719,7.773493867871085,7.448283519131752,7.454292297363281,22194000,0.0,0.0,-0.033028235804824724,7.023371434211731,5.285786333538237
2014-12-11 00:00:00-05:00,7.516631505979941,7.720919962822277,7.499356535073655,7.551931381225586,15685000,0.0,0.0,0.013098370706075224,7.074068140983582,5.302239149335831
2014-12-12 00:00:00-05:00,7.434015504251089,7.59924943384406,7.4227500265924515,7.4505391120910645,13177000,0.0,0.0,-0.01342600508614089,7.118193101882935,5.318395133056338
2014-12-15 00:00:00-05:00,7.508370701212117,7.57446441662073,7.303330841373752,7.376183986663818,16749000,0.0,0.0,-0.009979831567702213,7.152704453468322,5.334285368995061
2014-12-16 00:00:00-05:00,7.341634068843682,7.486589696041041,7.2109493824509645,7.310089588165283,22113000,0.0,0.0,-0.008960513812837911,7.185788702964783,5.348608998079149
2014-12-17 00:00:00-05:00,7.33647087560073,7.526421521326304,7.198530739673168,7.461597442626953,27875000,0.035,0.0,0.020725854674469968,7.2155955791473385,5.362519700375814
2014-12-18 00:00:00-05:00,7.605567500105411,7.688482247498417,7.5377278345776135,7.662100315093994,33281000,0.0,0.0,0.026871306581295773,7.263538956642151,5.377273158421592
2014-12-19 00:00:00-05:00,7.668884046825765,7.714864088306672,7.49627001245337,7.549034595489502,65173000,0.0,0.0,-0.014756491686980122,7.303275513648987,5.392081510452997
2014-12-22 00:00:00-05:00,7.613105349049775,7.6583313131937105,7.5377277836715635,7.644009590148926,15924000,0.0,0.0,0.012581078210473606,7.346709299087524,5.40720491276847
2014-12-23 00:00:00-05:00,7.714112928442465,7.726173140999867,7.5806950748197215,7.596524238586426,13011000,0.0,0.0,-0.006212099946040883,7.384276509284973,5.4220191325460165
2014-12-24 00:00:00-05:00,7.607075810079804,7.630442872565642,7.558834248633851,7.5920000076293945,6358000,0.0,0.0,-0.0005955659213262576,7.421579885482788,5.436650495680552
2014-12-26 00:00:00-05:00,7.610844098973152,7.637980109712272,7.553557204808485,7.5844621658325195,5761000,0.0,0.0,-0.0009928664106032548,7.448629760742188,5.451222502049946
2014-12-29 00:00:00-05:00,7.5844635351490695,7.6425037985371835,7.476673550330424,7.634965896606445,13677000,0.0,0.0,0.006658841414153516,7.479631948471069,5.465977248691377
2014-12-30 00:00:00-05:00,7.6183827271342714,7.683960886876512,7.582955453697129,7.601799488067627,11730000,0.0,0.0,-0.004344015282839675,7.518176317214966,5.48062393873457
2014-12-31 00:00:00-05:00,7.620642190044279,7.766120927856034,7.57013984171134,7.582200050354004,15121000,0.0,0.0,-0.0025782629158250803,7.551046657562256,5.49513984672607
2015-01-02 00:00:00-05:00,7.60783203785792,7.7043144691637195,7.472152652874037,7.5445146560668945,13500000,0.0,0.0,-0.0049702453162456806,7.571029639244079,5.50957394308514
2015-01-05 00:00:00-05:00,7.5430082052820335,7.599541050131315,7.417128221974589,7.423912048339844,15596000,0.0,0.0,-0.015985469340969338,7.555165266990661,5.5234705626018465
2015-01-06 00:00:00-05:00,7.458582053982649,7.468380749388805,7.174409104397939,7.255063056945801,22194000,0.0,0.0,-0.022743937467820774,7.527403616905213,5.536803166071574
2015-01-07 00:00:00-05:00,7.315367093347037,7.491750135100705,7.2761708618462215,7.451046466827393,30907000,0.0,0.0,0.027013329635221073,7.521758508682251,5.550766232467833
2015-01-08 00:00:00-05:00,7.577678737596549,7.8618509904274765,7.5648644497310755,7.823408126831055,33265000,0.0,0.0,0.049974411200016444,7.527483725547791,5.565974281893836
2015-01-09 00:00:00-05:00,7.8746658617278635,7.974917948317737,7.732203391787299,7.907078266143799,23432000,0.0,0.0,0.010694845258780505,7.550123023986816,5.581676318531945
2015-01-12 00:00:00-05:00,7.919891473708831,7.962856647803825,7.742755109128228,7.775920867919922,18692000,0.0,0.0,-0.01658734033093634,7.561322498321533,5.596837280288575
2015-01-13 00:00:00-05:00,7.822653260110948,8.09401117276801,7.668129914435634,7.732200622558594,24337000,0.0,0.0,-0.005622516754472007,7.575405573844909,5.6120191065091936
2015-01-14 00:00:00-05:00,7.621395865040772,7.800793705542911,7.538481126291375,7.793255805969238,20984000,0.0,0.0,0.007896223389822099,7.5962591648101805,5.626668726641034
2015-01-15 00:00:00-05:00,7.80607412157062,7.955321159684556,7.6168767701737226,7.637228965759277,18372000,0.0,0.0,-0.02002075180060847,7.6126161336898805,5.640198572287484
2015-01-16 00:00:00-05:00,7.589738143727521,7.8324526344041026,7.561094698187735,7.825668811798096,15375000,0.0,0.0,0.024673850539727038,7.630819702148438,5.6549297050824245
2015-01-20 00:00:00-05:00,7.815870460768807,7.932705043037887,7.7322016342857625,7.904815673828125,12840000,0.0,0.0,0.010113750521962617,7.642955470085144,5.669765827201662
2015-01-21 00:00:00-05:00,7.864111291262234,8.056323440599678,7.847528772811763,7.943257808685303,16451000,0.0,0.0,0.004863128559019492,7.662666630744934,5.684763326531365
2015-01-22 00:00:00-05:00,7.988481091277143,8.026923939547295,7.652299181082076,7.9296875,20639000,0.0,0.0,-0.0017084059226258885,7.676950526237488,5.699400721088288
2015-01-23 00:00:00-05:00,7.916874499862083,8.103056152679175,7.858080180206112,8.063859939575195,15088000,0.0,0.0,0.016920268241995107,7.700317311286926,5.714894469768282
2015-01-26 00:00:00-05:00,8.045769647398421,8.06989078213315,7.885969915338794,8.045016288757324,9611000,0.0,0.0,-0.0023368028412040776,7.722968125343323,5.730772840598273
2015-01-27 00:00:00-05:00,7.91989591956252,7.988488989775228,7.750296642101983,7.89879035949707,15242000,0.0,0.0,-0.01817596435007851,7.73868453502655,5.746082721248506
2015-01-28 00:00:00-05:00,8.07441735490734,8.166377477444863,7.9040647610742045,7.914617538452148,23302000,0.0,0.0,0.0020037471859279954,7.752667117118835,5.761375901244936
2015-01-29 00:00:00-05:00,7.886724106246238,8.035216991141787,7.708833700290881,8.029940605163574,15842000,0.0,0.0,0.014570895706727871,7.7740741729736325,5.777318122841063
2015-01-30 00:00:00-05:00,7.93647302532269,8.045016335120337,7.735215563525629,7.7548136711120605,16938000,0.0,0.0,-0.03426263624846693,7.782704854011536,5.7918799879058955
2015-02-02 00:00:00-05:00,7.782707580926248,7.800798262930546,7.47441478433015,7.720144271850586,21581000,0.0,0.0,-0.004470694040093259,7.79148633480072,5.806425012293316
2015-02-03 00:00:00-05:00,7.726173458392815,7.8181335713449185,7.640243092540146,7.778937339782715,15390000,0.0,0.0,0.007615540054931591,7.809237599372864,5.821609722243415
2015-02-04 00:00:00-05:00,7.758584921670691,7.935721301122942,7.722403568057516,7.899539947509766,16658000,0.0,0.0,0.015503738166172232,7.841461443901062,5.8370521522703624
2015-02-05 00:00:00-05:00,7.895017054864954,8.00657526179766,7.8203935576874635,8.005067825317383,16585000,0.0,0.0,0.013358737155431788,7.869162511825562,5.852922180342296
2015-02-06 00:00:00-05:00,8.010343822168737,8.073661183232462,7.8588353210477795,7.895016670227051,10682000,0.0,0.0,-0.013747685527694897,7.872742938995361,5.867996227173578
2015-02-09 00:00:00-05:00,7.835469973684944,7.865620862212694,7.674916114876387,7.706574440002441,20346000,0.0,0.0,-0.02386850314518585,7.8627177476882935,5.88191905286577
2015-02-10 00:00:00-05:00,7.766880136301958,8.100048233679289,7.755573277828293,8.068389892578125,20398000,0.0,0.0,0.04694893371789299,7.877341198921203,5.897354218694899
2015-02-11 00:00:00-05:00,8.04954008889764,8.16335980506505,8.0148668947863,8.136223793029785,17169000,0.0,0.0,0.008407365206044126,7.897542357444763,5.9125402806297185
2015-02-12 00:00:00-05:00,8.201051638660806,8.294519200824162,8.175423053516269,8.268891334533691,21072000,0.0,0.0,0.01630578814923478,7.921324133872986,5.927996599485004
2015-02-13 00:00:00-05:00,8.291500956921022,8.306576758256144,8.147530360897962,8.302807807922363,14614000,0.0,0.0,0.004101695380495096,7.95460307598114,5.943546278136117
2015-02-17 00:00:00-05:00,8.306577150541038,8.393260855750379,8.222908318199591,8.35707950592041,15312000,0.0,0.0,0.006536547545549887,7.9811736106872555,5.9596057997809515
2015-02-18 00:00:00-05:00,8.315623377892816,8.33597557082298,8.237984995120975,8.291502952575684,16681000,0.0,0.0,-0.007846826549666064,8.000507974624634,5.9753196977433705
2015-02-19 00:00:00-05:00,8.29150005314434,8.374414794888452,8.26511812253729,8.359339714050293,13196000,0.0,0.0,0.00818147950529724,8.021312069892883,5.991500091931177
2015-02-20 00:00:00-05:00,8.399289150587853,8.45431452461776,8.326173104767957,8.44677734375,19283000,0.0,0.0,0.010459872751999999,8.047166562080383,6.0076446325059925
2015-02-23 00:00:00-05:00,8.517633527189254,8.534970124826659,8.439241080137204,8.506326675415039,23854000,0.0,0.0,0.007049946889993608,8.069289898872375,6.024157999053834
2015-02-24 00:00:00-05:00,8.555321546785963,8.56285872843882,8.412858390167473,8.531200408935547,23213000,0.0,0.0,0.0029241451063004575,8.093599104881287,6.040469707004608
2015-02-25 00:00:00-05:00,8.539492918263983,8.585472964048677,8.465622782640564,8.493512153625488,38216000,0.0,0.0,-0.0044176966315999655,8.123335194587707,6.056799703174168
2015-02-26 00:00:00-05:00,9.28949632694723,9.790755213941027,9.275174603384336,9.742513656616211,89263000,0.0,0.0,0.14705359577987798,8.21473000049591,6.077232063762725
2015-02-27 00:00:00-05:00,9.701057211389811,9.701057211389811,9.508091675302246,9.619649887084961,33825000,0.0,0.0,-0.012611095438168851,8.29421546459198,6.097330002557664
2015-03-02 00:00:00-05:00,9.58874246177083,9.864623406781503,9.58874246177083,9.725175857543945,27893000,0.0,0.0,0.01096983483782088,8.392733573913574,6.117752455529713
2015-03-03 00:00:00-05:00,9.666382231964858,9.719146095608936,9.615879163295721,9.664874076843262,18682000,0.0,0.0,-0.006200585118870339,8.489970064163208,6.137923834815858
2015-03-04 00:00:00-05:00,9.624925617764958,9.790001769358044,9.374673196886679,9.753820419311523,36143000,0.0,0.0,0.00920305238961916,8.588714218139648,6.157974063404023
2015-03-05 00:00:00-05:00,9.750805670325692,9.915128465212192,9.707087137508804,9.842012405395508,21688000,0.0,0.0,0.009041788990637345,8.685837841033935,6.178453770894853
2015-03-06 00:00:00-05:00,9.799047712650589,9.835982423775008,9.610604487407308,9.64000129699707,22329000,0.0,0.0,-0.020525386483733032,8.76758451461792,6.197966935142638
2015-03-09 00:00:00-04:00,9.632461836466744,9.692763596776345,9.567637048764396,9.581958770751953,17835000,0.0,0.0,-0.006021008136502859,8.851931619644166,6.217511858258929
2015-03-10 00:00:00-04:00,9.476434591674995,9.5676413506654,9.3852285515386,9.431208610534668,17688000,0.0,0.0,-0.015732708084430058,8.938163328170777,6.2364438393759345
2015-03-11 00:00:00-04:00,9.444773618929528,9.532965479533297,9.385979284811617,9.39653205871582,17742000,0.0,0.0,-0.0036767877003710536,9.00457043647766,6.255467918184069
2015-03-12 00:00:00-04:00,9.262359619193989,9.513366082602998,9.162107561797479,9.506582260131836,22305000,0.0,0.0,0.011711789065194322,9.073088359832763,6.274587103298733
2015-03-13 00:00:00-04:00,9.475679052116757,9.55407150149782,9.342261216403276,9.422161102294922,18414000,0.0,0.0,-0.008880284788672643,9.130751848220825,6.293518524321299
2015-03-16 00:00:00-04:00,9.56311926004983,9.83296987280305,9.55030496818553,9.789251327514648,23077000,0.0,0.0,0.03896030021502339,9.205074024200439,6.313906652586801
2015-03-17 00:00:00-04:00,9.709348221110702,9.768896635682838,9.610604300797895,9.731207847595215,19006000,0.0,0.0,-0.005929307357375846,9.27378044128418,6.3338494717128695
2015-03-18 00:00:00-04:00,9.726672145819764,9.924743720803658,9.653340234377636,9.861239433288574,21250000,0.038,0.0,0.013362327444839561,9.352267265319824,6.354107192584446
2015-03-19 00:00:00-04:00,9.865775743423189,10.050995198807284,9.829487579389603,9.982199668884277,24461000,0.0,0.0,0.012266230468695127,9.433410263061523,6.374670429835244
2015-03-20 00:00:00-04:00,10.087283184390198,10.14398289895762,9.994295306431152,10.076699256896973,55522000,0.0,0.0,0.009466810036595552,9.514906358718871,6.395342497598557
2015-03-23 00:00:00-04:00,10.205974779414937,10.302742736391899,10.122058940641727,10.163639068603516,23849000,0.0,0.0,0.008627806535660643,9.597771978378296,6.416776562493945
2015-03-24 00:00:00-04:00,10.203710662986493,10.233950571493791,10.04570726720671,10.063851356506348,25819000,0.0,0.0,-0.009818108595121444,9.674404525756836,6.438033488061693
2015-03-25 00:00:00-04:00,10.026046819010256,10.079722758842086,9.404616003025497,9.40688419342041,48853000,0.0,0.0,-0.06527989532170542,9.720073127746582,6.456434978379144
2015-03-26 00:00:00-04:00,9.091632110222854,9.460559076657626,8.842152823924257,9.428050994873047,45058000,0.0,0.0,0.00225013947417807,9.704349994659424,6.47527239436195
2015-03-27 00:00:00-04:00,9.449219049215952,9.752374275841623,9.438635122963118,9.69265079498291,24297000,0.0,0.0,0.028065164290451028,9.708000040054321,6.495168678344242
2015-03-30 00:00:00-04:00,9.815124177607117,9.896016247828868,9.69945654886315,9.869556427001953,19523000,0.0,0.0,0.01825152228847582,9.715219068527222,6.515373642482455
2015-03-31 00:00:00-04:00,9.775813082198013,9.790177089169891,9.580765974126143,9.599665641784668,16402000,0.0,0.0,-0.027345786734538136,9.711958646774292,6.534418887562222
2015-04-01 00:00:00-04:00,9.575471701088395,9.598151441006307,9.344892062165828,9.497603416442871,21830000,0.0,0.0,-0.010631852103009543,9.699147796630859,6.552869844058203
2015-04-02 00:00:00-04:00,9.53389148463836,9.594371271150253,9.42200395168895,9.45148754119873,14508000,0.0,0.0,-0.0048555275707029555,9.67962155342102,6.57125905581883
2015-04-06 00:00:00-04:00,9.326749112004004,9.580764825378177,9.260977353589054,9.512724876403809,14227000,0.0,0.0,0.00647912140159379,9.673257732391358,6.590101257203117
2015-04-07 00:00:00-04:00,9.564133076164753,9.6140289449457,9.480217231308064,9.499116897583008,16132000,0.0,0.0,-0.0014305027211031218,9.66911563873291,6.609519383263966
2015-04-08 00:00:00-04:00,9.485509656816268,9.636709157296695,9.472657537055811,9.585301399230957,13607000,0.0,0.0,0.009072896204685987,9.676820278167725,6.629705379879664
2015-04-09 00:00:00-04:00,9.513482117127042,9.672241785407934,9.499118109374306,9.617810249328613,13961000,0.0,0.0,0.0033915313398766855,9.687884187698364,6.650076574749416
2015-04-10 00:00:00-04:00,9.643513612574061,9.674509818528529,9.530870464320708,9.587570190429688,11669000,0.0,0.0,-0.003144172957772473,9.691933584213256,6.669647555502634
2015-04-13 00:00:00-04:00,9.620076666025659,9.63670814068954,9.45753694979,9.476436614990234,10483000,0.0,0.0,-0.011591422355414549,9.694647359848023,6.689549415830582
2015-04-14 00:00:00-04:00,9.454510448070367,9.475679020288535,9.233759175428172,9.372862815856934,16047000,0.0,0.0,-0.010929614510317487,9.673827934265137,6.7094336066927225
2015-04-15 00:00:00-04:00,9.432590977988731,9.54825862572747,9.423518934933128,9.51801872253418,16893000,0.0,0.0,0.015486827187065177,9.663168478012086,6.729808048596458
2015-04-16 00:00:00-04:00,9.455268119816013,9.53767206762923,9.434855848321304,9.474924087524414,15456000,0.0,0.0,-0.004527689665890011,9.643852710723877,6.7499759954119485
2015-04-17 00:00:00-04:00,9.350939503442671,9.395543396561758,9.143039622798586,9.211835861206055,26817000,0.0,0.0,-0.02776678988539516,9.605334520339966,6.768990509093753
2015-04-20 00:00:00-04:00,9.260978125798653,9.360769867021737,9.238298381241428,9.301046371459961,13295000,0.0,0.0,0.009684335630598895,9.566551876068115,6.787891760705009
2015-04-21 00:00:00-04:00,9.398569896032834,9.453757730921506,9.294241773600175,9.3063383102417,20616000,0.0,0.0,0.0005689616598383296,9.523686838150024,6.806518276532491
2015-04-22 00:00:00-04:00,9.367572772057544,9.676776310419964,9.279876855391548,9.66921615600586,22580000,0.0,0.0,0.03899254826840015,9.503955078125,6.826126380572243
2015-04-23 00:00:00-04:00,9.466607603823896,9.48475096252814,9.26475597909004,9.379667282104492,28053000,0.0,0.0,-0.029945433965866908,9.502594232559204,6.844242421407548
2015-04-24 00:00:00-04:00,9.353965252512216,9.353965252512216,8.759750514179867,9.034177780151367,55059000,0.0,0.0,-0.03683387603868271,9.48290057182312,6.860756792719402
2015-04-27 00:00:00-04:00,9.071978477678664,9.218642314304343,8.9752105111446,9.083318710327148,27320000,0.0,0.0,0.0054394468840037735,9.452433967590332,6.878365227154323
2015-04-28 00:00:00-04:00,9.10070471932541,9.147576806646802,8.660714016044286,8.879197120666504,31023000,0.0,0.0,-0.02247213779128676,9.40291600227356,6.8956250046926835
2015-04-29 00:00:00-04:00,8.771088864156722,8.884488274335864,8.67507722895622,8.847444534301758,20903000,0.0,0.0,-0.0035760650352993917,9.365304946899414,6.912717380220928
2015-04-30 00:00:00-04:00,8.821743247040747,8.991843140057782,8.789235876310647,8.83610725402832,21339000,0.0,0.0,-0.0012814186321804533,9.332230138778687,6.929001757076809
2015-05-01 00:00:00-04:00,8.914728208913253,9.331283553593977,8.911704436113206,9.283655166625977,25334000,0.0,0.0,0.05064989590225055,9.32383852005005,6.947065067669702
2015-05-04 00:00:00-04:00,9.285924276223515,9.363036258067403,9.136992996923711,9.159672737121582,14207000,0.0,0.0,-0.01335491541630085,9.306185913085937,6.964405708842808
2015-05-05 00:00:00-04:00,9.079539417439062,9.122631440056063,8.817207924837009,8.829303741455078,22090000,0.0,0.0,-0.03606777285040008,9.27269525527954,6.980441273204864
2015-05-06 00:00:00-04:00,8.908682285649322,8.948749805962056,8.72346210888713,8.828546524047852,14475000,0.0,0.0,-8.576184820452415e-05,9.234857511520385,6.9955599951365635
2015-05-07 00:00:00-04:00,9.071979440252047,9.347163058854346,9.071979440252047,9.259467124938965,23542000,0.0,0.0,0.04880991448788774,9.216940355300903,7.012545460746402
2015-05-08 00:00:00-04:00,9.313898307559265,9.44468625997281,9.278366441344644,9.323726654052734,14846000,0.0,0.0,0.00693987334764623,9.203748178482055,7.029448783586895
2015-05-11 00:00:00-04:00,9.341865520015567,9.3637889496815,9.268533637676004,9.284409523010254,12418000,0.0,0.0,-0.004216890145035568,9.194146823883056,7.046355786777678
2015-05-12 00:00:00-04:00,9.224688130129834,9.342623932023676,9.170256609781259,9.29499626159668,10264000,0.0,0.0,0.0011402705320342488,9.190253496170044,7.06279612722851
2015-05-13 00:00:00-04:00,9.346406204068082,9.437882210543142,9.246614459177508,9.308606147766113,11857000,0.0,0.0,0.0014642164220834974,9.17978286743164,7.079399901723105
2015-05-14 00:00:00-04:00,9.384961520899271,9.72818506864085,9.347162186872048,9.596641540527344,23279000,0.0,0.0,0.03094291327712395,9.185868740081787,7.097220606274075
2015-05-15 00:00:00-04:00,9.660900771510137,9.79017610022227,9.56866847043735,9.666948318481445,22627000,0.0,0.0,0.007326185692900111,9.208624362945557,7.115491838682265
2015-05-18 00:00:00-04:00,9.672999743693754,9.858219268202303,9.622347555908,9.84158706665039,17984000,0.0,0.0,0.018065551031763327,9.235651397705078,7.134293419974191
2015-05-19 00:00:00-04:00,9.892993944760107,9.967837758070504,9.771278029888812,9.787909507751465,16053000,0.0,0.0,-0.005454156787457531,9.259729957580566,7.152929313599118
2015-05-20 00:00:00-04:00,9.823441542991702,9.908869281393395,9.685093437075531,9.760693550109863,18721000,0.0,0.0,-0.0027805689887149265,9.264303827285767,7.17169379620325
2015-05-21 00:00:00-04:00,9.790933310318058,9.830245253174361,9.664681743405895,9.796980857849121,21309000,0.0,0.0,0.0037176976772157477,9.285169506072998,7.190339073302254
2015-05-22 00:00:00-04:00,9.814367183029937,10.117522425568456,9.814367183029937,10.027558326721191,22856000,0.0,0.0,0.023535563886228905,9.33483853340149,7.209819494731843
2015-05-26 00:00:00-04:00,10.15758851038394,10.170440625689533,9.876357464874422,9.926253318786621,26781000,0.0,0.0,-0.010102659554182325,9.376985263824462,7.228344871884301
2015-05-27 00:00:00-04:00,9.985979406829186,10.948365605550187,9.950447545261289,10.69661808013916,114248000,0.0,0.0,0.07760881539206044,9.467856311798096,7.24981487364996
2015-05-28 00:00:00-04:00,10.962730566500815,10.997506127246934,10.281576148467297,10.76390266418457,249123000,0.0,0.0,0.0062902670303186525,9.563679218292236,7.271797339121501
2015-05-29 00:00:00-04:00,10.895445468916812,11.282516597812121,10.894689886024306,11.19406509399414,118244000,0.0,0.0,0.03996342620608018,9.681577110290528,7.295282736657158
2015-06-01 00:00:00-04:00,11.206917199886181,11.377772660279113,10.973313752638276,11.084444999694824,83579000,0.0,0.0,-0.009792697592774458,9.77161660194397,7.318368627911522
2015-06-02 00:00:00-04:00,11.068566175372547,11.088222139988902,10.821355091797205,10.898467063903809,41264000,0.0,0.0,-0.016778281257756822,9.858556318283082,7.340429637167189
2015-06-03 00:00:00-04:00,11.03757248392389,11.03757248392389,10.796408906862592,10.815308570861816,30450000,0.0,0.0,-0.007630292641560232,9.957856559753418,7.362216845391289
2015-06-04 00:00:00-04:00,10.772219530691522,10.84403957146278,10.62026443102709,10.67469596862793,28017000,0.0,0.0,-0.0130012566273624,10.050164031982423,7.383398744795057
2015-06-05 00:00:00-04:00,10.65730621962768,10.88939777730512,10.531810247437782,10.87200927734375,38593000,0.0,0.0,0.0184842087583299,10.13079113960266,7.405286745419578
2015-06-08 00:00:00-04:00,10.853865397072134,10.868984984735839,10.397242458207481,10.480401992797852,54422000,0.0,0.0,-0.03601977100607989,10.188624906539918,7.425691727607969
2015-06-09 00:00:00-04:00,10.504596242133344,10.639163552677779,10.320132336639924,10.599851608276367,44071000,0.0,0.0,0.01139742688883505,10.254397010803222,7.446523395795671
2015-06-10 00:00:00-04:00,10.578680474156636,10.884859474933963,10.571876624535077,10.800188064575195,42617000,0.0,0.0,0.018899930272835652,10.329656600952148,7.468129352917747
2015-06-11 00:00:00-04:00,10.748782875402137,10.830430532226677,10.66108695026701,10.734418869018555,31517000,0.0,0.0,-0.00608963428816256,10.40094723701477,7.489506844490293
2015-06-12 00:00:00-04:00,10.681497562836302,10.695861567954271,10.574901980208864,10.619505882263184,19145000,0.0,0.0,-0.010705096210380849,10.452090454101562,7.510425374621437
2015-06-15 00:00:00-04:00,10.520471870661007,10.887887064445747,10.509131637416946,10.819847106933594,34565000,0.0,0.0,0.01886539984925495,10.50973539352417,7.532239467378647
2015-06-16 00:00:00-04:00,10.788094816980779,10.847818312277516,10.68830235522447,10.734418869018555,20998000,0.0,0.0,-0.00789551248467224,10.554376983642578,7.553874252334474
2015-06-17 00:00:00-04:00,10.727592787752611,10.803406455593443,10.572933859734105,10.666184425354004,25429000,0.04,0.0,-0.006356603417208451,10.598290729522706,7.5749739786935235
2015-06-18 00:00:00-04:00,10.669214935087595,10.89817133452447,10.669214935087595,10.84131145477295,25298000,0.0,0.0,0.01641890130857493,10.65232162475586,7.596845859573001
2015-06-19 00:00:00-04:00,10.842071149405642,10.91030330675702,10.735174440294424,10.83297348022461,26881000,0.0,0.0,-0.0007690927968561079,10.704121255874634,7.618770773448642
2015-06-22 00:00:00-04:00,10.929258158612264,11.003554954037684,10.765500820287143,10.862542152404785,22846000,0.0,0.0,0.0027295065601473656,10.745870447158813,7.640622963981023
2015-06-23 00:00:00-04:00,10.914097079869341,10.914097079869341,10.679075942920214,10.73820972442627,21497000,0.0,0.0,-0.011445978872541396,10.786468267440796,7.6620797789286055
2015-06-24 00:00:00-04:00,10.770048415640785,10.782178399598918,10.600984188491589,10.611598014831543,22402000,0.0,0.0,-0.01179076520611455,10.782217264175415,7.683203422834003
2015-06-25 00:00:00-04:00,10.623725724760872,10.693474021356245,10.525168993561193,10.55549430847168,17538000,0.0,0.0,-0.005287017683995199,10.77179684638977,7.703819358159626
2015-06-26 00:00:00-04:00,10.526690007453924,10.541094592908053,10.215855205461397,10.246180534362793,71798000,0.0,0.0,-0.029303580208520974,10.724402618408202,7.723406820070176
2015-06-29 00:00:00-04:00,10.071809231886531,10.250728887194068,9.934587174455437,10.008126258850098,40473000,0.0,0.0,-0.023233464871551757,10.670586681365966,7.74205555991521
2015-06-30 00:00:00-04:00,10.143828872774234,10.187800331864958,10.016462244941872,10.077871322631836,28695000,0.0,0.0,0.006968843315706907,10.629556894302368,7.760645504981753
2015-07-01 00:00:00-04:00,10.19007786258972,10.439504277345591,10.183254790440879,10.272714614868164,43059000,0.0,0.0,0.019333774563956796,10.602427196502685,7.779426599305774
2015-07-02 00:00:00-04:00,10.280292878024666,10.443291009660026,10.261339102476873,10.434951782226562,32797000,0.0,0.0,0.01579301805226696,10.590439987182616,7.798765381177266
2015-07-06 00:00:00-04:00,10.322749529170892,10.432678549681944,10.149136826703852,10.174155235290527,30188000,0.0,0.0,-0.02499259722313618,10.555547285079957,7.816813873866248
2015-07-07 00:00:00-04:00,10.15520451152441,10.193110630256623,9.564617956032306,10.071051597595215,59268000,0.0,0.0,-0.010133876996262337,10.535079765319825,7.834646242005484
2015-07-08 00:00:00-04:00,9.863321238307673,9.957329526064889,9.617685607116657,9.707903861999512,51371000,0.0,0.0,-0.03605857164731596,10.490482378005982,7.851376085054307
2015-07-09 00:00:00-04:00,9.869385620163815,9.958845432405726,9.379631250910709,9.452412605285645,73469000,0.0,0.0,-0.026317860203988963,10.423093605041505,7.86684262752533
2015-07-10 00:00:00-04:00,9.598732617366096,9.917906601343393,9.590392665151398,9.843609809875488,50948000,0.0,0.0,0.041385963660864,10.37855315208435,7.884182250688946
2015-07-13 00:00:00-04:00,9.96036327820452,9.96036327820452,9.738988308158461,9.793574333190918,25304000,0.0,0.0,-0.005083041450339998,10.337256574630738,7.901308475978791
2015-07-14 00:00:00-04:00,9.806461541495903,10.0437572252601,9.742777853540746,10.030110359191895,26289000,0.0,0.0,0.024152165282428584,10.297769737243652,7.919123891800169
2015-07-15 00:00:00-04:00,9.982346634743939,10.12032709438796,9.917905239091997,9.986137390136719,23100000,0.0,0.0,-0.00438409623428293,10.26035566329956,7.936948923837571
2015-07-16 00:00:00-04:00,10.130942250266258,10.217369749337408,9.923213454752432,10.21206283569336,33977000,0.0,0.0,0.022623907195567616,10.237649583816529,7.955602184174553
2015-07-17 00:00:00-04:00,10.231775305065412,10.23480762086088,10.004334991110383,10.133217811584473,29000000,0.0,0.0,-0.007720773498700595,10.202244901657105,7.974462238569108
2015-07-20 00:00:00-04:00,10.200687878582405,10.281808442621845,10.140037246351774,10.207510948181152,23563000,0.0,0.0,0.007331643114563802,10.170971775054932,7.992696542588491
2015-07-21 00:00:00-04:00,10.242388447363364,10.339429053434307,10.169607089044185,10.19765853881836,31532000,0.0,0.0,-0.0009652117360254842,10.13772759437561,8.010767030337501
2015-07-22 00:00:00-04:00,9.631333921946188,9.855741209328832,9.50548341040551,9.824657440185547,61346000,0.0,0.0,-0.03657713162418097,10.092049980163575,8.027366274879093
2015-07-23 00:00:00-04:00,9.945198511912684,10.23480558000303,9.893645538605465,10.005090713500977,30608000,0.0,0.0,0.018365350081053,10.061724615097045,8.045204164489867
2015-07-24 00:00:00-04:00,10.121845822647394,10.147622676659935,9.729890436241165,9.740504264831543,36311000,0.0,0.0,-0.02644518238224447,10.020975112915039,8.062324698009188
2015-07-27 00:00:00-04:00,9.654832871194722,9.66620513752343,9.408439551507445,9.4501371383667,34893000,0.0,0.0,-0.02981027661095792,9.981172943115235,8.079062092871894
2015-07-28 00:00:00-04:00,9.52064398426821,9.821623340612533,9.364468895455229,9.735954284667969,27869000,0.0,0.0,0.030244761754925076,9.967564344406128,8.096758473487128
2015-07-29 00:00:00-04:00,9.732163328204344,9.789023217541866,9.51078840154946,9.74808406829834,33407000,0.0,0.0,0.0012458751628972031,9.951074981689453,8.1146900805216
2015-07-30 00:00:00-04:00,9.532776310653668,9.76400666772723,9.48198104233854,9.677579879760742,39169000,0.0,0.0,-0.007232620076275675,9.921318244934081,8.132154816672916
2015-07-31 00:00:00-04:00,9.72988915848049,9.72988915848049,9.473640425010373,9.487286567687988,30593000,0.0,0.0,-0.0196633160807822,9.873934984207153,8.149199983430288
2015-08-03 00:00:00-04:00,9.5843313346425,9.665451225484652,9.41905779036228,9.53732681274414,27273000,0.0,0.0,0.005274452784696182,9.842093563079834,8.166128953297934
2015-08-04 00:00:00-04:00,9.5183706513021,9.5183706513021,9.003597845958756,9.360678672790527,47467000,0.0,0.0,-0.018521766467892165,9.8065749168396,8.182089676932684
2015-08-05 00:00:00-04:00,9.32504247703829,9.528980435203836,9.173415917048333,9.45771598815918,34158000,0.0,0.0,0.01036648289730513,9.794065523147584,8.198797755771214
2015-08-06 00:00:00-04:00,9.479709807501365,9.507002829549469,9.143098760960548,9.34552001953125,46052000,0.0,0.0,-0.011862903133102787,9.788720893859864,8.215010128323994
2015-08-07 00:00:00-04:00,9.17493729913608,9.399344591114101,9.159774272995815,9.290931701660156,30527000,0.0,0.0,-0.005841121495327117,9.761086988449097,8.231201871993049
2015-08-10 00:00:00-04:00,9.36219688665274,9.65862712885153,9.325048482060042,9.649529457092285,28907000,0.0,0.0,0.038596533366836994,9.753884744644164,8.248579059328351
2015-08-11 00:00:00-04:00,9.525191178553065,9.569921075009294,9.31897859073471,9.416777610778809,26744000,0.0,0.0,-0.024120538451997464,9.723218107223511,8.264916811670576
2015-08-12 00:00:00-04:00,9.218150601530049,9.604040632414193,9.144611519003863,9.532017707824707,27205000,0.0,0.0,0.012237742230844395,9.70051212310791,8.281613868380349
2015-08-13 00:00:00-04:00,9.523679657540114,9.614655652128466,9.40161989085358,9.415266036987305,14571000,0.0,0.0,-0.012248369066872655,9.660672283172607,8.297604125643533
2015-08-14 00:00:00-04:00,9.40085853376408,9.438765367168916,9.18630668092719,9.246199607849121,26496000,0.0,0.0,-0.017956627935314495,9.61632137298584,8.312368175340078
2015-08-17 00:00:00-04:00,9.197680762195239,9.516097068786621,9.158257763359625,9.516097068786621,21293000,0.0,0.0,0.029190096729945436,9.581750679016114,8.32792113697718
2015-08-18 00:00:00-04:00,9.53505039797919,9.53505039797919,9.232555548855146,9.26742935180664,19502000,0.0,0.0,-0.026131271589864946,9.535239219665527,8.342315089134942
2015-08-19 00:00:00-04:00,9.217388266621395,9.308364211500674,9.044534043652018,9.20753288269043,30891000,0.0,0.0,-0.006463115805089403,9.504382991790772,8.356397119779436
2015-08-20 00:00:00-04:00,9.103671426876735,9.146126736791588,8.720813751220703,8.720813751220703,41756000,0.0,0.0,-0.052860971301522786,9.440169143676759,8.368322041299608
2015-08-21 00:00:00-04:00,8.54796054640004,8.755689389300498,8.440306091207566,8.449403762817383,56472000,0.0,0.0,-0.031122094353331353,9.375614118576049,8.379202604293823
2015-08-24 00:00:00-04:00,7.663976877895943,8.71929957221788,7.581340114477346,8.334925651550293,69040000,0.0,0.0,-0.013548661477258861,9.31985354423523,8.389646702342564
2015-08-25 00:00:00-04:00,8.652582470934002,8.718540040699246,8.203008746059005,8.226511001586914,43921000,0.0,0.0,-0.013007272589553809,9.244381380081176,8.39979124258435
2015-08-26 00:00:00-04:00,8.536589853831295,8.850457025249142,8.428934664847455,8.809517860412598,59354000,0.0,0.0,0.07086927358551165,9.19745306968689,8.41219287070017
2015-08-27 00:00:00-04:00,9.135511761852394,9.628298406357896,9.126414093297237,9.572196960449219,91882000,0.0,0.0,0.08657444279259341,9.192183923721313,8.427561623709542
2015-08-28 00:00:00-04:00,9.516853775225588,9.682884970565116,9.453170091703258,9.67530345916748,36322000,0.0,0.0,0.010771456035044036,9.201584768295287,8.443280140558878
2015-08-31 00:00:00-04:00,9.601007403539462,9.707146410149289,9.476673779036457,9.550212860107422,30087000,0.0,0.0,-0.01292885536748034,9.202229070663453,8.45680070301843
2015-09-01 00:00:00-04:00,9.212841707350186,9.478188087581758,8.953559957562081,9.049842834472656,49749000,0.0,0.0,-0.052393599280376346,9.18668727874756,8.467465591809106
2015-09-02 00:00:00-04:00,9.260606998974678,9.406168300103065,9.109738059927775,9.403894424438477,36700000,0.0,0.0,0.03912240206174267,9.183996200561523,8.479425579782516
2015-09-03 00:00:00-04:00,9.506999720274772,9.620719523763345,9.34096848905579,9.383423805236816,29954000,0.0,0.0,-0.0021768235879447984,9.185891389846802,8.491096468198867
2015-09-04 00:00:00-04:00,9.191616545430838,9.386456965296816,9.146886626714222,9.184793472290039,24923000,0.0,0.0,-0.021168215042778216,9.180584478378297,8.50144758678618
2015-09-08 00:00:00-04:00,9.506999330472631,9.804945695045172,9.46302785808988,9.792057991027832,35477000,0.0,0.0,0.06611629543656838,9.187710905075074,8.514116421578423
2015-09-09 00:00:00-04:00,9.869387625304626,9.991447383741184,9.575232001652132,9.641189575195312,31502000,0.0,0.0,-0.015407222462403225,9.1989315032959,8.526121245490181
2015-09-10 00:00:00-04:00,9.745051368227424,9.792055869323192,9.46150892705156,9.758697509765625,36224000,0.0,0.0,0.012188115756237794,9.210265493392944,8.538417163349333
2015-09-11 00:00:00-04:00,9.716242380027007,9.948231128442943,9.623750256791439,9.937617301940918,39606000,0.0,0.0,0.01833439267855641,9.236383056640625,8.551402296338763
2015-09-14 00:00:00-04:00,10.045271414073104,10.138521968041287,9.901226330789312,9.945956230163574,34643000,0.0,0.0,0.0008391275261754316,9.271370887756348,8.56478280491299
2015-09-15 00:00:00-04:00,10.017225448002337,10.231018938182725,9.931556363808383,10.18780517578125,30804000,0.0,0.0,0.024316309062793584,9.304956293106079,8.579461570770022
2015-09-16 00:00:00-04:00,10.182481452924334,10.182481452924334,9.906416031330982,9.999958992004395,27317000,0.042,0.0,-0.018438336868024208,9.341582775115967,8.59303559386541
2015-09-17 00:00:00-04:00,10.001480048330851,10.119359048719412,9.901853439354154,9.93303394317627,19918000,0.0,0.0,-0.006692532327546075,9.37785782814026,8.606302314334446
2015-09-18 00:00:00-04:00,9.775603547253077,9.847852258995898,9.628064301782294,9.703354835510254,44021000,0.0,0.0,-0.023122754737367912,9.426984882354736,8.618127098159185
2015-09-21 00:00:00-04:00,9.76267755271511,9.839489019755348,9.599167606390822,9.678260803222656,16515000,0.0,0.0,-0.0025861192044388526,9.488427734375,8.629977485490224
2015-09-22 00:00:00-04:00,9.505626313775476,9.570269775286066,9.407520619055557,9.483572006225586,22483000,0.0,0.0,-0.020116093268766178,9.545860052108765,8.641627529310801
2015-09-23 00:00:00-04:00,9.492694592555823,9.71932630564189,9.415882416100729,9.54745101928711,21879000,0.0,0.0,0.006735754525783122,9.611907052993775,8.653417806776742
2015-09-24 00:00:00-04:00,9.437936782836914,9.533000611391323,9.084299224569804,9.437936782836914,44995000,0.0,0.0,-0.011470520899134473,9.643327999114991,8.664338361649286
2015-09-25 00:00:00-04:00,9.579393941311684,9.805265599502025,9.521595682609494,9.638713836669922,35087000,0.0,0.0,0.021273405242353993,9.646653842926025,8.676818633836413
2015-09-28 00:00:00-04:00,9.579394777805003,9.74746819196969,9.187732140909759,9.190773963928223,39887000,0.0,0.0,-0.04647299217843137,9.622427368164063,8.687211403771052
2015-09-29 00:00:00-04:00,9.271388592708664,9.314737836895569,8.978591715117572,9.101034164428711,47991000,0.0,0.0,-0.00976411778286801,9.599968433380127,8.697364303800795
2015-09-30 00:00:00-04:00,9.262262877693018,9.523878542681587,9.202182877580302,9.507147789001465,43955000,0.0,0.0,0.04462279969896654,9.622833681106567,8.709161552171858
2015-10-01 00:00:00-04:00,9.362650001574279,9.498781383211062,9.088105508224634,9.288880348205566,45674000,0.0,0.0,-0.022958246325822884,9.617082977294922,8.720527787057181
2015-10-02 00:00:00-04:00,9.125370089435084,9.38166290981262,8.989999530582814,9.37938117980957,35207000,0.0,0.0,0.009742921451398212,9.616880846023559,8.732947595535762
2015-10-05 00:00:00-04:00,9.4272912453911,9.496498147630286,9.199137873931072,9.218911170959473,39085000,0.0,0.0,-0.01710880555697336,9.61858673095703,8.744653130334521
2015-10-06 00:00:00-04:00,9.18392878029699,9.202941260593041,8.481977041538713,8.906342506408691,115846000,0.0,0.0,-0.033905160680515634,9.574300956726074,8.755294148884122
2015-10-07 00:00:00-04:00,9.02346326405084,9.091149280030635,8.80823864676101,9.022703170776367,37284000,0.0,0.0,0.01306492135059334,9.543376636505126,8.76694829691024
2015-10-08 00:00:00-04:00,8.937522673535277,8.970984898723081,8.653852039267155,8.87440013885498,41409000,0.0,0.0,-0.01643665197828137,9.499161767959595,8.777337395955646
2015-10-09 00:00:00-04:00,8.8645126893357,8.980109913630011,8.786940419241661,8.891130447387695,34479000,0.0,0.0,0.0018852326096345795,9.446837425231934,8.788597591339595
2015-10-12 00:00:00-04:00,8.942845402099758,8.97250570886018,8.803672236579516,8.949689865112305,24184000,0.0,0.0,0.006586273598293113,9.39702410697937,8.802844062684075
2015-10-13 00:00:00-04:00,8.847782358847141,8.872879209005523,8.60974269149512,8.625713348388672,32475000,0.0,0.0,-0.036199747880265476,9.31891951560974,8.816496366546268
2015-10-14 00:00:00-04:00,8.593769849196013,8.955772763951321,8.546617983531762,8.932957649230957,33530000,0.0,0.0,0.03561958164302781,9.26556944847107,8.830479729743232
2015-10-15 00:00:00-04:00,8.974028996774814,9.277472981359287,8.95045305382578,9.268346786499023,49316000,0.0,0.0,0.037545139072381106,9.232335090637207,8.845636040445358
2015-10-16 00:00:00-04:00,9.270629921969675,9.276714295034829,9.1185278481398,9.207508087158203,19866000,0.0,0.0,-0.006564137137104353,9.207542753219604,8.85964189824604
2015-10-19 00:00:00-04:00,9.20217975981886,9.221953055424938,8.926114439552247,9.047035217285156,18593000,0.0,0.0,-0.01742847992681751,9.175981473922729,8.872549000240507
2015-10-20 00:00:00-04:00,9.009770843186303,9.13145244572485,8.943606489937956,9.11776351928711,21920000,0.0,0.0,0.007817843116916467,9.157691049575806,8.88548641545432
2015-10-21 00:00:00-04:00,9.259979910180292,9.329946914736263,9.13449564794837,9.164155960083008,28197000,0.0,0.0,0.005088138192854252,9.1385262966156,8.89729953190637
2015-10-22 00:00:00-04:00,9.249331300842508,9.553536028959746,9.218150807587389,9.532241821289062,34344000,0.0,0.0,0.040165822451009525,9.143241548538208,8.911026322652424
2015-10-23 00:00:00-04:00,9.69423008055097,9.874471477544187,9.434896223269929,9.854698181152344,35498000,0.0,0.0,0.033827966800329845,9.154040765762328,8.925877728159465
2015-10-26 00:00:00-04:00,9.739099945733512,9.739099945733512,9.334508562200645,9.400672912597656,58129000,0.0,0.0,-0.04607196082605913,9.1645357131958,8.938787365716601
2015-10-27 00:00:00-04:00,9.361127296313422,9.517792768057559,9.197617360932231,9.239445686340332,32280000,0.0,0.0,-0.017150604829710314,9.171456289291381,8.951140662980459
2015-10-28 00:00:00-04:00,9.490414698101315,9.723130825941482,9.407518861137705,9.665331840515137,30966000,0.0,0.0,0.04609434035685034,9.179365491867065,8.964400134389363
2015-10-29 00:00:00-04:00,9.202181535247304,9.442502951201737,9.028784574810537,9.132974624633789,61582000,0.0,0.0,-0.05507904174068945,9.171570205688477,8.975344415694948
2015-10-30 00:00:00-04:00,9.19077477110165,9.431857035840173,9.139060148847518,9.364171028137207,25516000,0.0,0.0,0.025314469053688837,9.170809698104858,8.987948256825645
2015-11-02 00:00:00-05:00,9.404476834564147,9.522355807344857,9.313215624158472,9.41512393951416,26068000,0.0,0.0,0.0054412623630912815,9.180620336532593,8.999603867530823
2015-11-03 00:00:00-05:00,9.238686638210334,9.502584024911275,9.238686638210334,9.288880348205566,26222000,0.0,0.0,-0.013408595799654255,9.199747228622437,9.010731676268199
2015-11-04 00:00:00-05:00,9.31625729211979,9.49573788718587,9.130692326349244,9.438699722290039,43098000,0.0,0.0,0.016128894814907868,9.22054705619812,9.022746084228395
2015-11-05 00:00:00-05:00,9.499541041676176,9.506385505788888,9.171761055108167,9.206744194030762,28308000,0.0,0.0,-0.024574945181432217,9.23716425895691,9.033437691037618
2015-11-06 00:00:00-05:00,9.373297378604796,9.870671758031959,9.371776466936788,9.86154556274414,45287000,0.0,0.0,0.07112192485351354,9.28568501472473,9.046453510011945
2015-11-09 00:00:00-05:00,9.762678162162349,9.806027404510502,9.560382423150667,9.620462417602539,28250000,0.0,0.0,-0.02444679118579418,9.319223642349243,9.059284577294001
2015-11-10 00:00:00-05:00,9.362649170328355,9.436418817147562,9.108638819655768,9.115483283996582,44759000,0.0,0.0,-0.05249011031756623,9.34371213912964,9.069852458106148
2015-11-11 00:00:00-05:00,9.142101104605038,9.331468729119628,9.112441517185468,9.12232780456543,25953000,0.0,0.0,0.0007508675465253134,9.353180646896362,9.08037299201602
2015-11-12 00:00:00-05:00,9.142103703509878,9.233364946879455,9.043997993811567,9.114725112915039,26588000,0.0,0.0,-0.0008334157479613635,9.345499563217164,9.090598102599856
2015-11-13 00:00:00-05:00,9.050079474839924,9.11776547915678,8.761846062474813,8.939044952392578,39824000,0.0,0.0,-0.01927432350905811,9.332076406478881,9.100006852831159
2015-11-16 00:00:00-05:00,8.93371983215305,9.260739695863743,8.904060248605507,9.237924575805664,27796000,0.0,0.0,0.033435297059680735,9.341620874404907,9.110133708469451
2015-11-17 00:00:00-05:00,9.23716493485517,9.405998440419028,9.20218179465925,9.282795906066895,19868000,0.0,0.0,0.004857295585498633,9.349872493743897,9.120587642230685
2015-11-18 00:00:00-05:00,9.272148085744323,9.590041047114498,9.247811327880429,9.5763521194458,20270000,0.0,0.0,0.031623684970500054,9.370482301712036,9.131345150962709
2015-11-19 00:00:00-05:00,9.59004514753736,9.59232687821762,9.355047195308838,9.522359848022461,32780000,0.0,0.0,-0.005638083348428968,9.369988203048706,9.14253216319614
2015-11-20 00:00:00-05:00,9.598406166734723,9.633389300659601,9.409799395001864,9.612855911254883,28057000,0.0,0.0,0.009503533228815808,9.357896089553833,9.153875625322735
2015-11-23 00:00:00-05:00,9.639475121319476,9.639475121319476,9.446304861576435,9.461515426635742,16003000,0.0,0.0,-0.015743550721690203,9.360938215255738,9.164535075899154
2015-11-24 00:00:00-05:00,9.385466881304628,9.77941207680208,9.385466881304628,9.760398864746094,35659000,0.0,0.0,0.03158938337393025,9.386985874176025,9.176103404590062
2015-11-25 00:00:00-05:00,9.81058840676376,9.82351724040074,9.708680099487967,9.76419734954834,21396000,0.0,0.0,0.0003891731121732356,9.391929149627686,9.187683820724487
2015-11-27 00:00:00-05:00,9.78244901103649,9.920862079445273,9.723889942789494,9.889680862426758,13262000,0.0,0.0,0.01285139048159678,9.429764461517333,9.198978329461719
2015-11-30 00:00:00-05:00,9.843293711020126,9.939878497383802,9.667615711352065,9.920866012573242,32615000,0.0,0.0,0.003153301970032718,9.457599210739136,9.21050985275753
2015-12-01 00:00:00-05:00,9.975621276337623,10.173354286096476,9.955847975361738,10.106429100036621,43255000,0.0,0.0,0.01870432351653628,9.492164468765258,9.223507936038668
2015-12-02 00:00:00-05:00,10.120119435443847,10.266897928425447,10.003761351757502,10.054715156555176,54364000,0.0,0.0,-0.005116935266607503,9.53045620918274,9.235928261090839
2015-12-03 00:00:00-05:00,11.016759801176438,11.168861820344706,10.866178693407905,11.010675430297852,120661000,0.0,0.0,0.09507581854463942,9.60905499458313,9.251268818264915
2015-12-04 00:00:00-05:00,11.012195456021834,11.247193292452565,10.893556398308093,11.22209644317627,60329000,0.0,0.0,0.01920145718732713,9.709822607040405,9.265081901398917
2015-12-07 00:00:00-05:00,11.155931883470746,11.38636698183849,11.069234140013211,11.318681716918945,44769000,0.0,0.0,0.008606705015568261,9.782679414749145,9.279004066709488
2015-12-08 00:00:00-05:00,11.167341694955173,11.300431243074742,11.08596676446477,11.238829612731934,34560000,0.0,0.0,-0.007054894393545008,9.863597774505616,9.29358692774697
2015-12-09 00:00:00-05:00,11.190156646934314,11.255560917683406,10.983298179582077,11.0768404006958,30803000,0.0,0.0,-0.014413352423514159,9.961665630340576,9.306951755569095
2015-12-10 00:00:00-05:00,11.111826768329893,11.365077081999932,11.041859747373598,11.204608917236328,33078000,0.0,0.0,0.011534743836563832,10.065779685974121,9.321833964378115
2015-12-11 00:00:00-05:00,10.9985062319908,11.23426488032822,10.974170201650727,10.983296394348145,27777000,0.0,0.0,-0.019751918565201643,10.159208250045776,9.335450492207967
2015-12-14 00:00:00-05:00,10.962004904630122,11.05478777198593,10.741456749935445,10.838042259216309,36993000,0.0,0.0,-0.013225003670717772,10.254158115386963,9.348892965014018
2015-12-15 00:00:00-05:00,10.850967635801688,10.968847329920527,10.746777594217725,10.895837783813477,35398000,0.0,0.0,0.005332653556321176,10.337053775787354,9.362859845161438
2015-12-16 00:00:00-05:00,10.921774937638476,11.006451731082805,10.710464171291427,10.975936889648438,29644000,0.044,0.0,0.007351348966846194,10.42171082496643,9.377406858262562
2015-12-17 00:00:00-05:00,11.056035656131044,11.09951842729233,10.711226134664768,10.71656608581543,24378000,0.0,0.0,-0.02363085779744456,10.478721523284912,9.390323400497437
2015-12-18 00:00:00-05:00,10.697494673068533,10.82565423252325,10.569335113613816,10.695206642150879,51964000,0.0,0.0,-0.001993123869484914,10.537363862991333,9.402359536715917
2015-12-21 00:00:00-05:00,10.916434965485115,11.137662472873723,10.821840703248663,11.122405052185059,26627000,0.0,0.0,0.039942978600389756,10.612841320037841,9.41653957821074
2015-12-22 00:00:00-05:00,11.23149425094667,11.23149425094667,10.890499004041724,11.06900691986084,21684000,0.0,0.0,-0.004800951959012534,10.693215894699097,9.430130837455629
2015-12-23 00:00:00-05:00,11.139191219595217,11.188013961086574,11.014845970370525,11.176570892333984,16170000,0.0,0.0,0.009717581102975492,10.764024496078491,9.444337371795896
2015-12-24 00:00:00-05:00,11.168941546255393,11.23607290293713,11.116304451499099,11.162075996398926,7436000,0.0,0.0,-0.0012969001024276672,10.83391842842102,9.4585043400053
2015-12-28 00:00:00-05:00,11.130032534812061,11.168175354812453,10.979750013164104,11.164361000061035,13873000,0.0,0.0,0.00020471135144095598,10.897652435302735,9.472710287760174
2015-12-29 00:00:00-05:00,11.213949736506267,11.349738044450541,11.06214229751448,11.28565788269043,22533000,0.0,0.0,0.010864650706720269,10.965892028808593,9.487197160720825
2015-12-30 00:00:00-05:00,11.252855007254787,11.358128460677085,11.223103323615161,11.242175102233887,17396000,0.0,0.0,-0.0038529238533125953,11.022679328918457,9.501643095697675
2015-12-31 00:00:00-05:00,11.181911353652941,11.252093911326753,11.070534765117772,11.072823524475098,19673000,0.0,0.0,-0.015063951256651165,11.073584747314452,9.515494776150536
2016-01-04 00:00:00-05:00,10.83786102635679,10.85922083423198,10.670796191178223,10.853880882263184,30970000,0.0,0.0,-0.019772973147090145,11.06574501991272,9.528627181810046
2016-01-05 00:00:00-05:00,10.919488633248074,10.931694136056763,10.467116047001447,10.490764617919922,38173000,0.0,0.0,-0.03345497046467927,11.029178428649903,9.540797231689332
2016-01-06 00:00:00-05:00,10.265720288528252,10.379385598122257,10.091026751738545,10.168075561523438,50824000,0.0,0.0,-0.030759345781648628,10.971648120880127,9.552356805120196
2016-01-07 00:00:00-05:00,10.01702928765672,10.204691475645468,9.779019506259324,9.844624519348145,50056000,0.0,0.0,-0.03181044832114055,10.901937866210938,9.561855130725437
2016-01-08 00:00:00-05:00,9.919385893096011,10.181044273489412,9.769103344702204,9.779783248901367,64641000,0.0,0.0,-0.006586464554269367,10.837085008621216,9.569618524066986
2016-01-11 00:00:00-05:00,9.87895372426318,9.914807790173997,9.567709469167113,9.767577171325684,38941000,0.0,0.0,-0.0012480928528814106,10.765233421325684,9.577001456230406
2016-01-12 00:00:00-05:00,9.906416786246917,10.044493100071373,9.677560563283352,9.910993576049805,41112000,0.0,0.0,0.014682904696688093,10.711618280410766,9.585473966976952
2016-01-13 00:00:00-05:00,9.745453280849247,9.915570014845757,9.38920068653159,9.406746864318848,48470000,0.0,0.0,-0.05087751372874294,10.640053510665894,9.592118991745842
2016-01-14 00:00:00-05:00,9.473878572002677,9.663829536726219,9.176366134746251,9.550164222717285,63942000,0.0,0.0,0.015246222787437924,10.572769832611083,9.599090850542462
2016-01-15 00:00:00-05:00,9.170266132487049,9.443367661592823,9.100846734241829,9.151957511901855,75916000,0.0,0.0,-0.04169632076778351,10.481570863723755,9.60510167810652
2016-01-19 00:00:00-05:00,9.3647926996084,9.520414498724824,9.078722541918149,9.159584999084473,54773000,0.0,0.0,0.0008334268567897762,10.403721809387207,9.610394996310037
2016-01-20 00:00:00-05:00,8.988706197421795,9.579917593381497,8.938357858946262,9.446418762207031,103988000,0.0,0.0,0.03131514835565463,10.341282415390015,9.61651246888297
2016-01-21 00:00:00-05:00,9.520413542227898,9.611956623703977,9.409800137341405,9.49981689453125,48475000,0.0,0.0,0.005652738214174002,10.260153007507324,9.622689290652199
2016-01-22 00:00:00-05:00,9.648570904655879,9.648570904655879,9.476929303360324,9.498289108276367,58428000,0.0,0.0,-0.00016082270551576183,10.1816171169281,9.628913900208852
2016-01-25 00:00:00-05:00,9.492188572374586,9.534145759145376,9.45938569412677,9.496766090393066,61359000,0.0,0.0,-0.00016034654935626058,10.097626876831054,9.63460003572797
2016-01-26 00:00:00-05:00,9.535671628139548,9.65086255886781,9.459385964108828,9.489137649536133,119134000,0.0,0.0,-0.0008032672158421184,10.013979959487916,9.64033067604852
2016-01-27 00:00:00-05:00,9.43268913131263,9.566951883529894,9.161113159687385,9.333518028259277,58156000,0.0,0.0,-0.016399764343650647,9.922437810897828,9.646024039813451
2016-01-28 00:00:00-05:00,9.378519644489245,9.653909774180606,9.30681152815907,9.640178680419922,49969000,0.0,0.0,0.03285584826987664,9.840163850784302,9.65287150466253
2016-01-29 00:00:00-05:00,9.874381313891627,10.248179559602463,9.772921457477915,10.200119972229004,259449000,0.0,0.0,0.058084119638401877,9.788061094284057,9.661483327547709
2016-02-01 00:00:00-05:00,10.171888445098041,10.58001568494729,10.142899930173447,10.50296688079834,45619000,0.0,0.0,0.02969052416970297,9.75956826210022,9.672388697427417
2016-02-02 00:00:00-05:00,10.29928790876044,10.496103717144933,10.046783088782469,10.164262771606445,59005000,0.0,0.0,-0.03224842209215362,9.725087356567382,9.682087580362955
2016-02-03 00:00:00-05:00,10.470167749932486,10.49762994880067,9.939221477446758,10.020846366882324,56234000,0.0,0.0,-0.014109867872045823,9.701591444015502,9.690984044756208
2016-02-04 00:00:00-05:00,10.023897512258605,10.471692536253265,9.955240565374499,10.383964538574219,60833000,0.0,0.0,0.03623627769526094,9.712385892868042,9.700842872498528
2016-02-05 00:00:00-05:00,10.451096401610826,10.451096401610826,9.686717042104796,9.791991233825684,70953000,0.0,0.0,-0.05700840970223664,9.709754228591919,9.707933838405307
2016-02-08 00:00:00-05:00,9.687478269580112,9.687478269580112,9.094740688522057,9.296133995056152,91242000,0.0,0.0,-0.050639060731246355,9.685571765899658,9.713493827789549
2016-02-09 00:00:00-05:00,9.141274439569463,9.590595013093349,9.060411999576319,9.132120132446289,63400000,0.0,0.0,-0.0176432334879304,9.653798913955688,9.719150755140516
2016-02-10 00:00:00-05:00,9.344192476955984,9.434209215778901,9.051256858544708,9.09321403503418,45473000,0.0,0.0,-0.0042603576001892796,9.612909936904908,9.72321751761058
2016-02-11 00:00:00-05:00,8.887242631605023,8.974208171601372,8.715601037419086,8.872748374938965,66673000,0.0,0.0,-0.024245075420616824,9.586210012435913,9.726140234205458
2016-02-12 00:00:00-05:00,8.983363026374041,9.331986914577385,8.828503710167515,9.280876159667969,39965000,0.0,0.0,0.04599789912692209,9.572745609283448,9.730156047003609
2016-02-16 00:00:00-05:00,9.403699591609657,9.67222433976161,9.379288581556823,9.630267143249512,38521000,0.0,0.0,0.037646336140104486,9.59666109085083,9.735423742778718
2016-02-17 00:00:00-05:00,9.688241089439789,9.979651156848167,9.667644442732716,9.968971252441406,32742000,0.0,0.0,0.03517079060774697,9.637130403518677,9.741820138598245
2016-02-18 00:00:00-05:00,10.051359853681374,10.068906035480907,9.618059083958917,9.693581581115723,39202000,0.0,0.0,-0.027624683064287114,9.649488544464111,9.747383942679754
2016-02-19 00:00:00-05:00,9.692054583032562,9.824790941720355,9.535669658828876,9.81563663482666,31118000,0.0,0.0,0.012591326816572712,9.665279531478882,9.75316289871458
2016-02-22 00:00:00-05:00,9.917094867452485,10.102468279409152,9.878189614979185,9.965917587280273,24204000,0.0,0.0,0.015310362235741781,9.688660955429077,9.759191233014304
2016-02-23 00:00:00-05:00,9.929301093363957,9.955238415256565,9.769101827738632,9.77673053741455,22352000,0.0,0.0,-0.018983405011013366,9.702659177780152,9.764232518180968
2016-02-24 00:00:00-05:00,9.650859105389479,10.012451626675368,9.566945486994673,9.943032264709473,25680000,0.0,0.0,0.017009953036805303,9.725353908538818,9.76983502554515
2016-02-25 00:00:00-05:00,9.976601080019638,10.107048706305756,9.817164930666827,10.105523109436035,25652000,0.0,0.0,0.016342182183526344,9.763954162597656,9.776231894417414
2016-02-26 00:00:00-05:00,10.23749576143652,10.296235234796416,10.088739536556107,10.15434455871582,27142000,0.0,0.0,0.004831164972963986,9.78966245651245,9.777866144028922
2016-02-29 00:00:00-05:00,10.171890377609245,10.521277492010261,10.138325066984068,10.219950675964355,35911000,0.0,0.0,0.006460891381927958,9.79065399169922,9.780248290016537
2016-03-01 00:00:00-05:00,10.32675442692265,10.576208157702391,10.269540522115758,10.560188293457031,44906000,0.0,0.0,0.033291512677537494,9.793515062332153,9.78356183142889
2016-03-02 00:00:00-05:00,10.515939074934543,10.545690761832535,10.30234022360951,10.448807716369629,43834000,0.0,0.0,-0.010547215067785554,9.807742309570312,9.78667267920479
2016-03-03 00:00:00-05:00,10.508310394327408,10.59222477466501,10.245126367397784,10.47627067565918,59437000,0.0,0.0,0.002628334259278775,9.830513525009156,9.789539545301407
2016-03-04 00:00:00-05:00,11.1376665939232,11.279557312265021,10.811164800012646,11.142243385314941,72399000,0.0,0.0,0.06356963563409046,9.86842746734619,9.79469919204712
2016-03-07 00:00:00-05:00,11.043068645094175,11.15520836352331,10.723433235235698,10.947711944580078,41363000,0.0,0.0,-0.017458911460437876,9.926213502883911,9.799888520013718
2016-03-08 00:00:00-05:00,10.854644683316387,10.895075542741926,10.634942750075686,10.651725769042969,33216000,0.0,0.0,-0.027036350338359494,9.993993091583253,9.804133627149794
2016-03-09 00:00:00-05:00,10.737164174878318,10.872952457805034,10.71580436739827,10.829469680786133,31152000,0.0,0.0,0.01668686517068818,10.078860569000245,9.809682282190474
2016-03-10 00:00:00-05:00,10.943896401529052,11.122404282661183,10.832519857257491,11.017130851745605,54546000,0.0,0.0,0.017328749836423185,10.175056409835815,9.816113229781863
2016-03-11 00:00:00-05:00,11.136901330372027,11.444331283361368,11.118592713231134,11.352788925170898,55822000,0.0,0.0,0.030466922644574845,10.299058437347412,9.82343944670662
2016-03-14 00:00:00-04:00,11.222340125207511,11.381013092935326,11.21394825218082,11.30091381072998,28444000,0.0,0.0,-0.004569371877063855,10.400060319900513,9.830894814597237
2016-03-15 00:00:00-04:00,11.328376710436755,11.441278867392146,11.143765689421267,11.326087951660156,30891000,0.0,0.0,0.002227619938687919,10.484851360321045,9.836993372629559
2016-03-16 00:00:00-04:00,11.286290088200607,11.424823636983948,11.239602022418968,11.375839233398438,34906000,0.049,0.0,0.0043926271763579106,10.555194759368897,9.843519687652588
2016-03-17 00:00:00-04:00,11.279397135507821,11.612336782325364,11.279397135507821,11.599325180053711,44708000,0.0,0.0,0.019645666756535896,10.650481939315796,9.850416853314353
2016-03-18 00:00:00-04:00,11.629179750248921,11.710309960374893,11.547283850909174,11.67127513885498,70568000,0.0,0.0,0.006202943506144143,10.743263864517212,9.857119533750746
2016-03-21 00:00:00-04:00,11.678924997735917,11.710305835757008,11.544218487781638,11.701886177062988,28207000,0.0,0.0,0.002622767250692215,10.830062294006348,9.86356868819585
2016-03-22 00:00:00-04:00,11.664386817923262,11.910073785225451,11.599329512189998,11.845016479492188,33945000,0.0,0.0,0.0122313873390556,10.93347659111023,9.87024082077874
2016-03-23 00:00:00-04:00,11.849608137724555,11.887876536698997,11.659793871528887,11.709543228149414,27577000,0.0,0.0,-0.011437151782551336,11.021802139282226,9.87677134407891
2016-03-24 00:00:00-04:00,11.615401529663902,11.732505254983106,11.56641786172326,11.710309028625488,25651000,0.0,0.0,6.53996881989638e-05,11.102041435241699,9.885911918821789
2016-03-28 00:00:00-04:00,11.731738829517937,11.748577420517535,11.639127673904484,11.717962265014648,17224000,0.0,0.0,0.0006535469192530119,11.180222320556641,9.894998868306478
2016-03-29 00:00:00-04:00,11.730975705871007,11.858029030450973,11.647549881579122,11.796798706054688,26765000,0.0,0.0,0.006727828547068659,11.259064722061158,9.903348661604381
2016-03-30 00:00:00-04:00,11.863387353001034,12.037893714649762,11.828180242898496,12.01110553741455,26794000,0.0,0.0,0.018166524385117455,11.331610584259034,9.911846872359988
2016-03-31 00:00:00-04:00,12.017991729980608,12.04478063247661,11.821289171460881,11.825116157531738,24968000,0.0,0.0,-0.015484784419174114,11.400426006317138,9.920678025200253
2016-04-01 00:00:00-04:00,11.789909671508559,12.086876652927218,11.569480225749784,12.077692031860352,25671000,0.0,0.0,0.02135927215968536,11.480497074127197,9.93091647208683
2016-04-04 00:00:00-04:00,12.092998962403898,12.11825648573805,11.913899961510031,11.940688133239746,17760000,0.0,0.0,-0.011343549600304148,11.520419311523437,9.940794252213978
2016-04-05 00:00:00-04:00,11.821288243580964,12.020287124107922,11.821288243580964,11.865680694580078,56915000,0.0,0.0,-0.006281668009640695,11.566317749023437,9.950131378476582
2016-04-06 00:00:00-04:00,11.840425235369535,12.075396947170118,11.764652655727499,12.057792663574219,28149000,0.0,0.0,0.016190556103695908,11.63662109375,9.960284853738452
2016-04-07 00:00:00-04:00,12.053198393608318,12.089171183274154,11.839657263094567,11.861087799072266,22975000,0.0,0.0,-0.016313505298211406,11.688201999664306,9.96931575215052
2016-04-08 00:00:00-04:00,11.961354881962544,12.00880790656068,11.835832212244068,11.951404571533203,18526000,0.0,0.0,0.007614543791506279,11.734915685653686,9.978576047079903
2016-04-11 00:00:00-04:00,12.049372506816548,12.077691327666496,11.909308321078584,11.910073280334473,18568000,0.0,0.0,-0.0034582789789558976,11.762779903411865,9.987792329182701
2016-04-12 00:00:00-04:00,11.940686310196643,11.968240166878825,11.710307338571246,11.896294593811035,16537000,0.0,0.0,-0.0011568935135091163,11.792548942565919,9.997394940209768
2016-04-13 00:00:00-04:00,11.97589597921496,12.219286592528116,11.910072988672672,12.20627498626709,21730000,0.0,0.0,0.026056886033851256,11.836558294296264,10.008638639298697
2016-04-14 00:00:00-04:00,12.038656816132464,12.177956037734841,11.939923061282787,12.155759811401367,27549000,0.0,0.0,-0.004138459515499626,11.875554323196411,10.01910586584182
2016-04-15 00:00:00-04:00,12.102945721556841,12.119018620849161,11.826643677664105,11.900885581970215,27685000,0.0,0.0,-0.020967363076069945,11.890632343292236,10.028732697168985
2016-04-18 00:00:00-04:00,11.890172030906456,11.970537268883334,11.772303355837705,11.932268142700195,15297000,0.0,0.0,0.0026369937357875184,11.903681993484497,10.039528063365392
2016-04-19 00:00:00-04:00,11.974363943374904,11.998855774738956,11.541159110461482,11.562589645385742,24560000,0.0,0.0,-0.030981410482349148,11.896717166900634,10.048502441436526
2016-04-20 00:00:00-04:00,11.592440663266414,11.794500853815409,11.511310457361832,11.727912902832031,19435000,0.0,0.0,0.014298116816094497,11.890861988067627,10.058111864422996
2016-04-21 00:00:00-04:00,11.702655213667727,11.731739723099205,11.51513728068936,11.58402156829834,16117000,0.0,0.0,-0.012269133964914136,11.884585905075074,10.06571029859876
2016-04-22 00:00:00-04:00,11.511310469537385,11.705716688244433,11.383492201884145,11.505952835083008,25699000,0.0,0.0,-0.006739346327615636,11.87436809539795,10.074147939682007
2016-04-25 00:00:00-04:00,11.499826479581698,11.546515258858228,11.386550496729695,11.411808013916016,10870000,0.0,0.0,-0.00818227073553901,11.859060382843017,10.083582980292183
2016-04-26 00:00:00-04:00,11.59473298377333,11.795262456422291,11.483752617302473,11.538860321044922,26309000,0.0,0.0,0.0111334073421121,11.846163463592529,10.093327193033128
2016-04-27 00:00:00-04:00,11.267155125299414,11.737864228029105,11.21281308693675,11.597799301147461,38930000,0.0,0.0,0.005107868408376959,11.825498151779176,10.104115296923926
2016-04-28 00:00:00-04:00,11.510544700662633,11.788378190960572,11.276338704795322,11.32685375213623,25520000,0.0,0.0,-0.02336180700975088,11.8005850315094,10.113954222391522
2016-04-29 00:00:00-04:00,11.198268977784394,11.311545711360944,10.964062999033791,11.155407905578613,35067000,0.0,0.0,-0.015136228498163762,11.754470825195312,10.12315779640561
2016-05-02 00:00:00-04:00,11.186789293284923,11.238069298612503,11.059735988884603,11.180665969848633,19525000,0.0,0.0,0.0022641990758032193,11.716469717025756,10.13068561705332
2016-05-03 00:00:00-04:00,11.105656195237387,11.173774774817934,10.893645756753331,10.960233688354492,23986000,0.0,0.0,-0.01971548761841102,11.671197366714477,10.137830700193133
2016-05-04 00:00:00-04:00,10.90742309365108,11.053610560168604,10.812515619308044,10.873745918273926,20888000,0.0,0.0,-0.007891051645409819,11.611995029449464,10.145943565974159
2016-05-05 00:00:00-04:00,11.007692316286157,11.090353183283014,10.875281353279094,10.912785530090332,16841000,0.0,0.0,0.003590263383917991,11.564579916000366,10.154214355680677
2016-05-06 00:00:00-04:00,10.850024549310046,10.906662933027384,10.65255699052638,10.85997486114502,30027000,0.0,0.0,-0.0048393390303231865,11.510008430480957,10.160565576856099
2016-05-09 00:00:00-04:00,10.868393586499819,11.015346813649078,10.811755933788461,10.899008750915527,17300000,0.0,0.0,0.0035942891461162585,11.459455204010009,10.166816696288093
2016-05-10 00:00:00-04:00,10.906661725841163,11.108721938467989,10.830123456848504,11.068157196044922,18461000,0.0,0.0,0.015519617333565883,11.418048334121703,10.173895060069977
2016-05-11 00:00:00-04:00,11.02835420770607,11.191379549197732,10.983961761820135,11.009984970092773,16716000,0.0,0.0,-0.005255818554233738,11.358233833312989,10.180700570817978
2016-05-12 00:00:00-04:00,11.026821937064925,11.07733697145112,10.678574329404873,10.794912338256836,26452000,0.0,0.0,-0.019534325652592166,11.290191459655762,10.186598611256432
2016-05-13 00:00:00-04:00,10.787256716556493,10.954874693180619,10.686226663253041,10.719138145446777,21716000,0.0,0.0,-0.007019435678186747,11.23110408782959,10.191052962863257
2016-05-16 00:00:00-04:00,10.781903437898432,10.992383287217548,10.768126872311615,10.91814136505127,20373000,0.0,0.0,0.018565225758287562,11.180397748947144,10.196018014635358
2016-05-17 00:00:00-04:00,10.907427321041366,10.9441650767057,10.706132069484928,10.804865837097168,21248000,0.0,0.0,-0.01037498271607784,11.142511558532714,10.199840549438719
2016-05-18 00:00:00-04:00,10.755879019024926,11.101830314136118,10.74057107786357,11.012280464172363,22620000,0.0,0.0,0.01919640930321065,11.10672993659973,10.20469916434515
2016-05-19 00:00:00-04:00,10.94722311473026,11.071979322571135,10.801035644824077,10.925026893615723,17478000,0.0,0.0,-0.007923297162700682,11.073780202865601,10.209319534755888
2016-05-20 00:00:00-04:00,11.03141740599595,11.302361882700245,10.999271599591633,11.230416297912598,25889000,0.0,0.0,0.027953194739990694,11.06000337600708,10.215007770629157
2016-05-23 00:00:00-04:00,11.342160117201457,11.506716842736218,11.318433245249961,11.335271835327148,17609000,0.0,0.0,0.009336745373725863,11.056176567077637,10.220197109949021
2016-05-24 00:00:00-04:00,11.373540889514722,11.609278244570145,11.354406690985412,11.589378356933594,19907000,0.0,0.0,0.02241732931490059,11.05870246887207,10.22679681248135
2016-05-25 00:00:00-04:00,11.621525817520194,11.786847535346267,11.518199378917405,11.753936767578125,21737000,0.0,0.0,0.014199071389025875,11.066509342193603,10.23099252155849
2016-05-26 00:00:00-04:00,11.769242046479658,11.805980524363054,11.619993257443385,11.711838722229004,18431000,0.0,0.0,-0.003581612372226095,11.085758590698243,10.234754172582475
2016-05-27 00:00:00-04:00,11.710306603286634,11.781486482842725,11.66897618581989,11.733267784118652,18693000,0.0,0.0,0.0018296923649552266,11.114651584625244,10.236893865797255
2016-05-31 00:00:00-04:00,11.786844908758741,11.85955617119357,11.733268573239828,11.814398765563965,32058000,0.0,0.0,0.006914610911303409,11.14633822441101,10.239790507725306
2016-06-01 00:00:00-04:00,11.741690151863533,11.88787766883366,11.736332517103047,11.845782279968262,30777000,0.0,0.0,0.0026563784604742846,11.1906156539917,10.243549695090643
2016-06-02 00:00:00-04:00,11.879457041517517,11.903183914905473,11.740157827703731,11.85649585723877,46746000,0.0,0.0,0.0009044212545274988,11.239753150939942,10.247681390671502
2016-06-03 00:00:00-04:00,12.687699016289404,12.705303298272494,12.337921393031564,12.442012786865234,82985000,0.0,0.0,0.04938364055253208,11.316214513778686,10.254694552648635
2016-06-06 00:00:00-04:00,12.506302919971635,12.547632612996752,12.324141907454692,12.463441848754883,34010000,0.0,0.0,0.001722314729676988,11.39638786315918,10.261009761265345
2016-06-07 00:00:00-04:00,12.501711361074344,12.701475211473241,12.46114662360159,12.616518020629883,32340000,0.0,0.0,0.012282014369112026,11.482263326644897,10.26948641216944
2016-06-08 00:00:00-04:00,12.559113915207114,12.59967864781703,12.501709862387917,12.529264450073242,25620000,0.0,0.0,-0.006915820229794645,11.555318689346313,10.277142812335303
2016-06-09 00:00:00-04:00,12.4098646091721,12.632588879532763,12.408333231091595,12.562939643859863,29143000,0.0,0.0,0.0026877231237962818,11.632966423034668,10.284137858284844
2016-06-10 00:00:00-04:00,12.412161912130186,12.474158649053003,12.246075240760947,12.308836936950684,26657000,0.0,0.0,-0.020226373294197297,11.70866265296936,10.290385549030606
2016-06-13 00:00:00-04:00,12.25678983261929,12.418285279617473,12.218520703621921,12.24683952331543,21568000,0.0,0.0,-0.005036821427793825,11.785047721862792,10.296843222209386
2016-06-14 00:00:00-04:00,12.190202281530429,12.286639701432492,12.102948752161272,12.168771743774414,25669000,0.0,0.0,-0.006374524577740348,11.84757924079895,10.302196097752404
2016-06-15 00:00:00-04:00,12.194107682401679,12.293920285855641,12.144968753126681,12.161860466003418,30884000,0.05,0.0,-0.0005679519606842653,11.915428972244262,10.30786054853409
2016-06-16 00:00:00-04:00,12.05820911653484,12.195644216591278,11.946879326620985,12.179520606994629,22804000,0.0,0.0,0.001452092057837362,11.973790979385376,10.313865850842188
2016-06-17 00:00:00-04:00,12.205626371664845,12.265514380493583,11.895437254056443,11.977591514587402,43333000,0.0,0.0,-0.01657939576794676,12.02641921043396,10.318374898698595
2016-06-20 00:00:00-04:00,12.161861012698411,12.253996234646047,12.030567827170712,12.048995018005371,20265000,0.0,0.0,0.005961424158688944,12.067348146438599,10.323200380991375
2016-06-21 00:00:00-04:00,12.101203704329725,12.16185980712901,11.947645016305488,11.963001251220703,16126000,0.0,0.0,-0.007137007414822816,12.098734617233276,10.327567282177153
2016-06-22 00:00:00-04:00,11.956861846083642,12.067424277822068,11.885456652413204,11.911561965942383,16039000,0.0,0.0,-0.00429986457395648,12.114843797683715,10.33222344186571
2016-06-23 00:00:00-04:00,12.081241461266215,12.179519317932884,11.975286219098717,12.178751945495605,24435000,0.0,0.0,0.02243114549688574,12.13608455657959,10.338442306669931
2016-06-24 00:00:00-04:00,11.67047192363224,11.890829367147694,11.394066269784265,11.418635368347168,64177000,0.0,0.0,-0.06241333927731174,12.121424388885497,10.341867469605946
2016-06-27 00:00:00-04:00,11.248183954492218,11.30576910126609,10.92340750497146,11.027827262878418,37864000,0.0,0.0,-0.03422546502816637,12.086152362823487,10.34496924233815
2016-06-28 00:00:00-04:00,11.263543146133156,11.511540685443054,11.25432954951933,11.499256134033203,37233000,0.0,0.0,0.04274902570714878,12.070395231246948,10.350886424382528
2016-06-29 00:00:00-04:00,11.671241807739623,11.95071845846131,11.576802993581126,11.900812149047852,47860000,0.0,0.0,0.03492017312547757,12.073146724700928,10.358120316550846
2016-06-30 00:00:00-04:00,11.900810629307834,12.072796520183772,11.837083567286154,11.931522369384766,42626000,0.0,0.0,0.0025805146701161075,12.076898050308227,10.364702887005276
2016-07-01 00:00:00-04:00,11.86011787339681,11.967609335979153,11.79485606266637,11.840923309326172,19779000,0.0,0.0,-0.007593252332247502,12.046843576431275,10.370282139096942
2016-07-05 00:00:00-04:00,11.63822484088757,11.648205808472907,11.480827083554365,11.575265884399414,26321000,0.0,0.0,-0.022435532938341107,12.002434778213502,10.37584210199023
2016-07-06 00:00:00-04:00,11.467774969269518,11.61442366123299,11.298860027024354,11.565284729003906,20603000,0.0,0.0,-0.0008622830348078425,11.949873113632203,10.38177159854344
2016-07-07 00:00:00-04:00,11.527662532818063,11.747251876104892,11.527662532818063,11.592925071716309,19248000,0.0,0.0,0.0023899405297895804,11.903056144714355,10.38925184143914
2016-07-08 00:00:00-04:00,11.720381475762283,11.920007458095574,11.665867998624005,11.911561965942383,26741000,0.0,0.0,0.02748546137018204,11.870487260818482,10.399010370648096
2016-07-11 00:00:00-04:00,12.062050457545524,12.16723835830674,11.999091484511856,12.082013130187988,25201000,0.0,0.0,0.01430972400873709,11.859146070480346,10.407892923506479
2016-07-12 00:00:00-04:00,12.175680717329687,12.354576620180268,12.150343513659314,12.176448822021484,20306000,0.0,0.0,0.007816221586247174,11.855626535415649,10.417348774652632
2016-07-13 00:00:00-04:00,12.20101860979335,12.313884607869687,12.080475225493812,12.08584976196289,15734000,0.0,0.0,-0.007440515817283444,11.851480436325073,10.425506470695375
2016-07-14 00:00:00-04:00,12.250157658295214,12.366095344180046,12.19717966561421,12.345364570617676,23550000,0.0,0.0,0.02147261580824389,11.860655641555786,10.43486848331633
2016-07-15 00:00:00-04:00,12.369935247305083,12.405253425441957,12.25860471123835,12.373773574829102,19259000,0.0,0.0,0.0023011879518763934,11.87036828994751,10.443446700535123
2016-07-18 00:00:00-04:00,12.470512810764886,12.56879065940648,12.434425806842517,12.463602066040039,14626000,0.0,0.0,0.007259587438521509,11.894668817520142,10.452694257100424
2016-07-19 00:00:00-04:00,12.397569067417434,12.438263226732897,12.268580239415929,12.325396537780762,14797000,0.0,0.0,-0.011088730812086056,11.908488893508911,10.461098564995659
2016-07-20 00:00:00-04:00,12.407553700923865,12.574165774311915,12.35534308802224,12.489707946777344,18064000,0.0,0.0,0.013331125574168823,11.934824228286743,10.470193999154228
2016-07-21 00:00:00-04:00,12.51581550866088,12.551901056297723,12.27088893623417,12.31618881225586,19530000,0.0,0.0,-0.013892969736434613,11.955055570602417,10.480081028408474
2016-07-22 00:00:00-04:00,12.253227209599958,12.30774140552292,12.030566923560665,12.259369850158691,19664000,0.0,0.0,-0.004613355881701642,11.959086465835572,10.489026580538068
2016-07-25 00:00:00-04:00,12.257069376393552,12.338455540249115,12.228661212585473,12.267818450927734,9627000,0.0,0.0,0.0006891545709368785,12.001545619964599,10.499055605086069
2016-07-26 00:00:00-04:00,12.392965642241688,12.55343433444227,12.313114982325931,12.548827171325684,28631000,0.0,0.0,0.022906168812491634,12.077595615386963,10.511351994105748
2016-07-27 00:00:00-04:00,12.740774568248746,12.868228663803974,12.492777121197086,12.719276428222656,30493000,0.0,0.0,0.01358288344957459,12.138596630096435,10.52319057404049
2016-07-28 00:00:00-04:00,12.668605527606092,12.819861386278124,12.585683898273793,12.609485626220703,19512000,0.0,0.0,-0.00863184337737477,12.174030303955078,10.534545342127482
2016-07-29 00:00:00-04:00,12.586450984288858,12.641732557402504,12.369165947662959,12.436731338500977,26030000,0.0,0.0,-0.013700343760295386,12.199290752410889,10.545494355852641
2016-08-01 00:00:00-04:00,12.498152192276413,12.582610011402037,12.430586815646524,12.554201126098633,17876000,0.0,0.0,0.009445390786403829,12.234954643249512,10.557664651719351
2016-08-02 00:00:00-04:00,12.522724944037908,12.591059177408125,12.458997874916603,12.506601333618164,22689000,0.0,0.0,-0.003791542926735114,12.281521415710449,10.569447487119644
2016-08-03 00:00:00-04:00,12.429053430817314,12.603343643910069,12.382986184667628,12.600271224975586,15019000,0.0,0.0,0.007489635981730247,12.333270740509032,10.582303013120379
2016-08-04 00:00:00-04:00,12.612554451351809,12.82216280350877,12.607179915769608,12.821393966674805,19978000,0.0,0.0,0.01754904618726938,12.394694185256958,10.595650941606552
2016-08-05 00:00:00-04:00,12.895102616972661,13.067856591056021,12.839821052375765,13.061713218688965,25594000,0.0,0.0,0.018743613419788474,12.452201747894287,10.610397740015907
2016-08-08 00:00:00-04:00,13.052501374288102,13.146939439774753,12.888192876893722,12.925814628601074,19084000,0.0,0.0,-0.010404346490584748,12.494391822814942,10.62482187861488
2016-08-09 00:00:00-04:00,12.971114738523578,13.219112234086321,12.952689012997757,13.142333984375,32743000,0.0,0.0,0.016750925337798872,12.542686080932617,10.638682214040605
2016-08-10 00:00:00-04:00,13.146177762294451,13.21988655276691,13.040221742103254,13.194548606872559,19523000,0.0,0.0,0.003973009859560506,12.5981210231781,10.65367336878701
2016-08-11 00:00:00-04:00,13.211437895820735,13.295126905608155,13.121605511996913,13.212972640991211,15745000,0.0,0.0,0.0013963368257294828,12.641501426696777,10.66828033280751
2016-08-12 00:00:00-04:00,13.216044991531591,13.25366675450248,13.158461288075834,13.24215030670166,16530000,0.0,0.0,0.0022082589969141253,12.684920263290405,10.683466381496853
2016-08-15 00:00:00-04:00,13.311251191874401,13.498592623781079,13.244453162282612,13.477863311767578,25807000,0.0,0.0,0.017800206130164975,12.735633325576782,10.700258697782244
2016-08-16 00:00:00-04:00,13.421815684265031,13.43563571512482,13.21374199086125,13.236776351928711,19069000,0.0,0.0,-0.017887624637680788,12.78120231628418,10.715023298112174
2016-08-17 00:00:00-04:00,13.225259426872677,13.304341281228597,13.18763766360156,13.285146713256836,16613000,0.0,0.0,0.0036542402804196072,12.820974254608155,10.730966620975071
2016-08-18 00:00:00-04:00,13.269018081648237,13.373437839215166,13.255198056513823,13.354243278503418,21120000,0.0,0.0,0.005201038930013002,12.872876977920532,10.747421820958456
2016-08-19 00:00:00-04:00,13.373435599750968,13.441002433795347,13.315851927258466,13.431020736694336,15349000,0.0,0.0,0.005749293059121419,12.931459522247314,10.76611311851986
2016-08-22 00:00:00-04:00,13.436401584639908,13.536983046261463,13.364229018711496,13.507806777954102,15393000,0.0,0.0,0.005717066689501893,12.993458938598632,10.786186146357704
2016-08-23 00:00:00-04:00,13.56845637473294,13.626040046602384,13.522387679896363,13.616058349609375,19741000,0.0,0.0,0.008014000602373894,13.046820497512817,10.807143022143652
2016-08-24 00:00:00-04:00,13.633720365417638,13.642933227203105,13.38802647772544,13.459431648254395,21802000,0.0,0.0,-0.01150308682097223,13.083828258514405,10.827908580265348
2016-08-25 00:00:00-04:00,13.476320518255127,13.600703651827017,13.412593474745215,13.51624584197998,18735000,0.0,0.0,0.004221143597319399,13.129166269302369,10.846586072255695
2016-08-26 00:00:00-04:00,13.57690599791649,13.716643940575356,13.446380918360402,13.602242469787598,22586000,0.0,0.0,0.006362464016488989,13.1874418258667,10.86257831634037
2016-08-29 00:00:00-04:00,13.612992200087877,13.71894818537179,13.582281190476685,13.620670318603516,16726000,0.0,0.0,0.0013547654996481917,13.240765285491943,10.878234534036546
2016-08-30 00:00:00-04:00,13.679021722359483,13.775763371684944,13.508571312909151,13.589958190917969,27838000,0.0,0.0,-0.002254817638717821,13.294933128356934,10.89426526947627
2016-08-31 00:00:00-04:00,13.597634565346885,13.691306722938245,13.46327116626291,13.545425415039062,32753000,0.0,0.0,-0.0032768883651655978,13.342190837860107,10.912104882891215
2016-09-01 00:00:00-04:00,13.58074204792652,13.64139814598407,13.422576941127481,13.5968656539917,39128000,0.0,0.0,0.003797609700432414,13.380964422225953,10.928743657611665
2016-09-02 00:00:00-04:00,13.589959350427776,13.616063196118901,12.960366810288019,13.291287422180176,80668000,0.0,0.0,-0.02247416717850803,13.392443132400512,10.944251052916997
2016-09-06 00:00:00-04:00,13.330443336245624,13.359619599629365,13.02486213987802,13.13696002960205,36132000,0.0,0.0,-0.01161116960879105,13.403000402450562,10.95993425354125
2016-09-07 00:00:00-04:00,13.161531954660537,13.206064464006655,12.876680005388202,12.968047142028809,31437000,0.0,0.0,-0.012857836759236796,13.394286060333252,10.972537385092842
2016-09-08 00:00:00-04:00,12.928888496397756,12.962670460806478,12.788381708848126,12.928119659423828,18680000,0.0,0.0,-0.0030789125122453465,13.380964612960815,10.985580758442955
2016-09-09 00:00:00-04:00,12.7707219741739,12.826003549642216,12.336150417960589,12.344595909118652,45022000,0.0,0.0,-0.04513601093410535,13.337545776367188,10.995842260027688
2016-09-12 00:00:00-04:00,12.217909485616094,12.649410047457108,12.188733223292799,12.628679275512695,35673000,0.0,0.0,0.023012771619701056,13.306872224807739,11.006521077383132
2016-09-13 00:00:00-04:00,12.62867732293756,12.849802105769308,12.614857298595146,12.687029838562012,36003000,0.0,0.0,0.004620480239961422,13.267330551147461,11.017398353606936
2016-09-14 00:00:00-04:00,12.686261764895228,13.04712444478016,12.67244027686587,13.022555351257324,40324000,0.0,0.0,0.026446340630136067,13.256619501113892,11.028647362239777
2016-09-15 00:00:00-04:00,13.040271858279763,13.322901179798174,12.953248766527343,13.301338195800781,36322000,0.051,0.0,0.021407691272860685,13.257429075241088,11.041748073365953
2016-09-16 00:00:00-04:00,13.278232784069226,13.322128428862905,13.080314601403261,13.187359809875488,83067000,0.0,0.0,-0.008568941278500497,13.249084901809692,11.054662064900475
2016-09-19 00:00:00-04:00,13.211237083202372,13.367568725783068,13.045663321904044,13.148087501525879,28306000,0.0,0.0,-0.002978026603945416,13.23493824005127,11.068331638971964
2016-09-20 00:00:00-04:00,13.262060139798425,13.262060139798425,12.950934857933586,12.95555591583252,18722000,0.0,0.0,-0.014643314905762206,13.20732569694519,11.081336778307717
2016-09-21 00:00:00-04:00,12.967882172168348,13.093410178051954,12.907812807904666,13.078777313232422,17977000,0.0,0.0,0.009511085298108846,13.180461645126343,11.095603466033936
2016-09-22 00:00:00-04:00,13.166569684947724,13.18813266917297,12.943237098194075,13.00253677368164,20619000,0.0,0.0,-0.00582933233931926,13.157616901397706,11.109314123789469
2016-09-23 00:00:00-04:00,12.991757700573118,13.017170592912576,12.746092396949635,12.833885192871094,26875000,0.0,0.0,-0.012970667474051178,13.12349886894226,11.122790109543573
2016-09-26 00:00:00-04:00,12.714513028296624,12.87854591110316,12.534306441259137,12.836960792541504,32033000,0.0,0.0,0.00023964681187260695,13.085234785079956,11.135481565717667
2016-09-27 00:00:00-04:00,12.852361749177119,13.159635687000465,12.785362279190664,13.158096313476562,25353000,0.0,0.0,0.025016475949793726,13.062106084823608,11.151224908374605
2016-09-28 00:00:00-04:00,13.228945592238542,13.30056612002406,13.074924515473104,13.145773887634277,20843000,0.0,0.0,-0.0009364900171512369,13.039896869659424,11.16727546283177
2016-09-29 00:00:00-04:00,13.091865721154395,13.399139639987736,13.052589665704184,13.281312942504883,38570000,0.0,0.0,0.01031046601205432,13.026691246032716,11.182252308679006
2016-09-30 00:00:00-04:00,13.322898507059325,13.449967324867908,13.279772547716144,13.285934448242188,34220000,0.0,0.0,0.00034797054758906043,13.01114468574524,11.1981136344728
2016-10-03 00:00:00-04:00,13.323670381775269,13.391439540276801,13.070303888091502,13.097257614135742,22807000,0.0,0.0,-0.014201246802885481,13.001443195343018,11.212867112386794
2016-10-04 00:00:00-04:00,13.138844515279214,13.161177183428551,12.944006527468849,13.018707275390625,19596000,0.0,0.0,-0.005997464588337831,12.995530557632446,11.227945668356758
2016-10-05 00:00:00-04:00,13.20738441816924,13.408382854187575,13.144236311541276,13.35986614227295,26149000,0.0,0.0,0.026205279807405946,13.015121507644654,11.24561838119749
2016-10-06 00:00:00-04:00,13.346000941182552,13.449965926159397,13.188898199293028,13.414541244506836,21014000,0.0,0.0,0.004092488775833347,13.039442586898804,11.263046310061501
2016-10-07 00:00:00-04:00,13.46767694321144,13.47306768674489,13.275919235635154,13.416078567504883,21842000,0.0,0.0,0.0001146012353330228,13.093016719818115,11.281068843508523
2016-10-10 00:00:00-04:00,13.45613113288532,13.546234445617305,13.381430372031453,13.459211349487305,16336000,0.0,0.0,0.003215006662743658,13.134543323516846,11.299196148675586
2016-10-11 00:00:00-04:00,13.499256840519013,13.515429079016068,13.055673343359597,13.18197250366211,26181000,0.0,0.0,-0.020598446567655415,13.159290456771851,11.315990921050783
2016-10-12 00:00:00-04:00,13.149627138785386,13.17350065145975,12.968650842127342,13.128064155578613,21740000,0.0,0.0,-0.004089550943041309,13.164565896987915,11.333857392507886
2016-10-13 00:00:00-04:00,12.997144281700932,13.084165893815051,12.845432256732886,13.010234832763672,22373000,0.0,0.0,-0.008975376827730641,13.15001072883606,11.350037063871111
2016-10-14 00:00:00-04:00,13.090327274625439,13.295177080961492,13.041040876264606,13.098799705505371,19570000,0.0,0.0,0.006807323148285249,13.145582723617554,11.365237273867168
2016-10-17 00:00:00-04:00,13.06876621076625,13.16502996105764,12.994065446532565,13.00561809539795,12741000,0.0,0.0,-0.007113751809508018,13.138459253311158,11.38030913897923
2016-10-18 00:00:00-04:00,13.141923301473,13.312887760064315,13.133452340988635,13.258978843688965,14167000,0.0,0.0,0.01948086945446037,13.15363039970398,11.39702320098877
2016-10-19 00:00:00-04:00,13.181967687737508,13.267449908239746,13.100335369289299,13.235875129699707,20440000,0.0,0.0,-0.001742495727735105,13.161485290527343,11.413364913728502
2016-10-20 00:00:00-04:00,13.219703548790296,13.44457544284227,13.17041569308971,13.354472160339355,18961000,0.0,0.0,0.008960271193064528,13.17908205986023,11.429993152618408
2016-10-21 00:00:00-04:00,13.268219523807371,13.353701743851735,13.145771781224749,13.316736221313477,15842000,0.0,0.0,-0.0028257155036010007,13.203224611282348,11.44501098753914
2016-10-24 00:00:00-04:00,13.412235960082144,13.630947504270548,13.366029771647547,13.596292495727539,19772000,0.0,0.0,0.020992852134942286,13.241191196441651,11.45985858402555
2016-10-25 00:00:00-04:00,13.556241141572354,13.59243550908845,13.362172880114048,13.372954368591309,21622000,0.0,0.0,-0.016426399123614877,13.251934099197388,11.475621605676318
2016-10-26 00:00:00-04:00,13.257440237233597,13.459979489330424,13.176579061294209,13.322898864746094,21075000,0.0,0.0,-0.0037430400542439735,13.260790348052979,11.491825784955706
2016-10-27 00:00:00-04:00,13.423783695244198,13.496173910467087,13.22894571666659,13.264371871948242,19840000,0.0,0.0,-0.004392962326894234,13.259943294525147,11.506107689842345
2016-10-28 00:00:00-04:00,13.283619537325709,13.31288378135068,13.017930812774368,13.041804313659668,20651000,0.0,0.0,-0.016779351516769903,13.24773678779602,11.521618918767052
2016-10-31 00:00:00-04:00,13.091867042072787,13.219705555212139,12.990982255334151,13.11343002319336,20317000,0.0,0.0,0.005492009219818739,13.248545408248901,11.536496930652195
2016-11-01 00:00:00-04:00,13.147315669022987,13.211234927205298,12.770731707836156,12.9994535446167,28452000,0.0,0.0,-0.00869158400014891,13.247582721710206,11.550720460831172
2016-11-02 00:00:00-04:00,13.315967585573771,13.411461614856037,13.077233981235844,13.289013862609863,43501000,0.0,0.0,0.022274806937025105,13.24404010772705,11.566594006523253
2016-11-03 00:00:00-04:00,13.280546983330368,13.503108422280475,13.257443155604166,13.322132110595703,20654000,0.0,0.0,0.002492152414636406,13.239419651031493,11.582004452508594
2016-11-04 00:00:00-04:00,13.12267085148712,13.440724791781795,13.109578832968456,13.258978843688965,21753000,0.0,0.0,-0.004740477453793579,13.231564664840699,11.598084748737396
2016-11-07 00:00:00-05:00,13.429941907485013,13.698710899260618,13.408378930721453,13.627860069274902,26126000,0.0,0.0,0.027821239473620363,13.239997100830077,11.613030441223628
2016-11-08 00:00:00-05:00,13.636334997193137,13.709494900498116,13.485392663313904,13.63094425201416,18923000,0.0,0.0,0.00022631452946986208,13.26244568824768,11.628945051677643
2016-11-09 00:00:00-05:00,13.205070618056963,13.59243599943684,13.18119711144356,13.355241775512695,32506000,0.0,0.0,-0.020226219945160828,13.273804569244385,11.64576949013604
2016-11-10 00:00:00-05:00,13.37834845478319,13.438417811924603,12.575894111679833,12.933225631713867,51217000,0.0,0.0,-0.031599288945304616,13.269954109191895,11.660892100561233
2016-11-11 00:00:00-05:00,12.887787697689234,13.09186632029136,12.763029407464154,12.902419090270996,29793000,0.0,0.0,-0.0023819689163490088,13.260135078430176,11.675922632217407
2016-11-14 00:00:00-05:00,12.820019558251497,12.920134672085315,12.55433216021829,12.612860679626465,28187000,0.0,0.0,-0.02244217992135067,13.240497207641601,11.690501266055637
2016-11-15 00:00:00-05:00,12.693719341062152,12.899338804923788,12.599766147741569,12.818477630615234,25380000,0.0,0.0,0.016302166194613,13.218472146987915,11.704709809923928
2016-11-16 00:00:00-05:00,12.806927852619378,12.950938625128472,12.764573039118023,12.924756050109863,13333000,0.0,0.0,0.008291032879036875,13.202916193008424,11.719162032717751
2016-11-17 00:00:00-05:00,12.887788954797522,13.01639716018326,12.78536332126295,12.86391544342041,18100000,0.0,0.0,-0.004707292459027568,13.178388357162476,11.732207918923999
2016-11-18 00:00:00-05:00,12.841583479047937,13.027180855967226,12.841583479047937,12.950169563293457,19524000,0.0,0.0,0.006705121800000935,13.160060024261474,11.745810338429042
2016-11-21 00:00:00-05:00,13.024867637733617,13.304416706974207,13.024867637733617,13.290555000305176,21384000,0.0,0.0,0.026284245572855136,13.144773149490357,11.76040438243321
2016-11-22 00:00:00-05:00,13.378349177765068,13.663290491214534,13.346774389382807,13.632485389709473,31024000,0.0,0.0,0.025727322101781747,13.157749700546265,11.776955850540645
2016-11-23 00:00:00-05:00,13.5816576424454,13.689472555969102,13.495405711626438,13.637105941772461,22123000,0.0,0.0,0.00033893687987940346,13.173460054397584,11.792339608782815
2016-11-25 00:00:00-05:00,13.614003911981706,13.632486680861655,13.520820380631864,13.611693382263184,8198000,0.0,0.0,-0.0018634862571123012,13.19082612991333,11.807607450182475
2016-11-28 00:00:00-05:00,13.558553438784605,13.636334397067879,13.441496423553916,13.449967384338379,26570000,0.0,0.0,-0.011881401775883593,13.211234283447265,11.821735571301172
2016-11-29 00:00:00-05:00,13.389128887417849,13.62940335925155,13.356014729688699,13.511576652526855,18514000,0.0,0.0,0.004580625843020103,13.231141614913941,11.83598442304702
2016-11-30 00:00:00-05:00,13.48616474025091,13.546234103511265,13.125754436161404,13.12960433959961,31249000,0.0,0.0,-0.028270003031497626,13.237649154663085,11.847981150188144
2016-12-01 00:00:00-05:00,13.092638656653525,13.129604192265372,12.41494255628619,12.536619186401367,46389000,0.0,0.0,-0.04516397736447897,13.200029420852662,11.857829975703407
2016-12-02 00:00:00-05:00,12.596688126099316,12.700653140691832,12.369505642849322,12.646745681762695,26945000,0.0,0.0,0.008784385465005151,13.16626009941101,11.864322317971123
2016-12-05 00:00:00-05:00,12.784594475651641,12.83080065892883,12.506584751377021,12.79383659362793,21372000,0.0,0.0,0.011630732171466596,13.143002986907959,11.870559382060218
2016-12-06 00:00:00-05:00,12.846203121910866,12.93553674035382,12.58744585336325,12.68833065032959,39184000,0.0,0.0,-0.008246622701972628,13.096026515960693,11.87599449687534
2016-12-07 00:00:00-05:00,12.688330298897807,12.980201721191406,12.604388897474529,12.980201721191406,32659000,0.0,0.0,0.023003110409503202,13.063489389419555,11.88290470365494
2016-12-08 00:00:00-05:00,13.057211366902148,13.198141892568493,12.900108606230472,13.146543502807617,38361000,0.0,0.0,0.012815038255117539,13.053054475784302,11.891117811203003
2016-12-09 00:00:00-05:00,13.935134482497936,14.008295844019653,13.623240994301765,13.791894912719727,75744000,0.0,0.0,0.04908905597690261,13.095987939834595,11.901384819121589
2016-12-12 00:00:00-05:00,13.71180587115058,13.921275253096928,13.59705937627472,13.720276832580566,37194000,0.0,0.0,-0.005192765794141185,13.136880826950073,11.912245852606636
2016-12-13 00:00:00-05:00,13.76494591584938,14.011380869243858,13.70795676794747,13.818853378295898,69076000,0.0,0.0,0.007184734456760378,13.197180461883544,11.92407446815854
2016-12-14 00:00:00-05:00,13.84440896323967,13.880811730999637,13.649231214712177,13.756888389587402,46795000,0.102,0.0,-0.004484090467724244,13.244100999832153,11.935427843578278
2016-12-15 00:00:00-05:00,13.810329414040478,14.034164620740384,13.675564428781728,13.941996574401855,38103000,0.0,0.0,0.013455672501825555,13.294963026046753,11.947197921692378
2016-12-16 00:00:00-05:00,13.999316141667343,14.025648400648157,13.746049298668893,13.818853378295898,41541000,0.0,0.0,-0.008832536677856662,13.342709922790528,11.95950858555143
2016-12-19 00:00:00-05:00,13.869193332502611,14.050430133649208,13.795615185762134,13.976850509643555,22219000,0.0,0.0,0.011433447263852425,13.394043970108033,11.972530981851003
2016-12-20 00:00:00-05:00,14.018674146078308,14.19526198495011,13.952065739753147,14.101547241210938,27352000,0.0,0.0,0.008921661677739667,13.43459358215332,11.984352974664597
2016-12-21 00:00:00-05:00,14.230115627997785,14.250253706657297,14.079085947112082,14.118586540222168,21013000,0.0,0.0,0.0012083283287831481,13.458898639678955,11.996454481094602
2016-12-22 00:00:00-05:00,14.161961306378005,14.173578521450091,13.893205367462112,13.987695693969727,17557000,0.0,0.0,-0.00927081800147267,13.476428127288818,12.00760973824395
2016-12-23 00:00:00-05:00,13.94509844480408,14.094579988271644,13.914892796710618,14.091482162475586,8977000,0.0,0.0,0.007419840320847415,13.500417566299438,12.019234365887112
2016-12-27 00:00:00-05:00,14.104643753187275,14.227791515417668,14.099996277599155,14.120134353637695,8283000,0.0,0.0,0.0020332986148474674,13.533925914764405,12.030963625226702
2016-12-28 00:00:00-05:00,14.145696461884507,14.173578368663115,13.928832426862446,13.955940246582031,14039000,0.0,0.0,-0.011628367191376165,13.556144094467163,12.041559983813574
2016-12-29 00:00:00-05:00,13.91799119766939,13.993119016074157,13.835119553087226,13.931158065795898,13671000,0.0,0.0,-0.0017757442600259132,13.596221780776977,12.052230551129295
2016-12-30 00:00:00-05:00,13.96987827957762,14.01092703976453,13.632964379524063,13.69105339050293,25421000,0.0,0.0,-0.017235083699357334,13.653943490982055,12.062620352184961
2017-01-03 00:00:00-05:00,13.808782583057294,14.01093008060322,13.67324202044476,13.812654495239258,32098000,0.0,0.0,0.008881793187708986,13.712238931655884,12.074361517315818
2017-01-04 00:00:00-05:00,13.806455265690987,13.86376871017073,13.684081599845355,13.714288711547852,23965000,0.0,0.0,-0.007121425047249885,13.75826153755188,12.08715327959212
2017-01-05 00:00:00-05:00,13.65697924374368,13.708872624203574,13.467224497670074,13.498204231262207,24861000,0.0,0.0,-0.01575615657731444,13.798755216598511,12.100368075900608
2017-01-06 00:00:00-05:00,13.4927826882625,13.701127342989952,13.423076440989007,13.677117347717285,23142000,0.0,0.0,0.013254586564982462,13.833600997924805,12.115576380775089
2017-01-09 00:00:00-05:00,13.681762704921681,13.809556486945448,13.680987140683381,13.706546783447266,20265000,0.0,0.0,0.002151727954201821,13.861601161956788,12.131158775753445
2017-01-10 00:00:00-05:00,13.746820904982036,13.998536546644079,13.701124661923155,13.985369682312012,30181000,0.0,0.0,0.020342315483975026,13.8712749004364,12.147896047622439
2017-01-11 00:00:00-05:00,13.945095338798625,13.9776261955754,13.767731925405357,13.89630126953125,18787000,0.0,0.0,-0.0063686849045836436,13.880076122283935,12.16371076069181
2017-01-12 00:00:00-05:00,13.793290968441028,13.871516588715092,13.584947835774093,13.852928161621094,23137000,0.0,0.0,-0.003121198012974502,13.881779861450195,12.181354337268406
2017-01-13 00:00:00-05:00,13.856029010371422,14.001637156662644,13.81652988678383,13.976078987121582,20902000,0.0,0.0,0.008889876859512702,13.892739391326904,12.198917491095406
2017-01-17 00:00:00-05:00,13.900950944267525,13.912568159568877,13.752244974801595,13.872293472290039,26316000,0.0,0.0,-0.007425939344445465,13.889254236221314,12.217648983001709
2017-01-18 00:00:00-05:00,13.969107387532302,14.333903307595106,13.941225480205562,14.330031394958496,35642000,0.0,0.0,0.03299655702806392,13.914813137054443,12.23816662742978
2017-01-19 00:00:00-05:00,14.336224717004207,14.474087534357492,14.303695337985966,14.371851921081543,45718000,0.0,0.0,0.0029183834264145947,13.934563207626343,12.257711997107855
2017-01-20 00:00:00-05:00,14.607304709708044,14.835010368400093,14.5685782023601,14.799383163452148,57623000,0.0,0.0,0.02974781849397412,13.969455003738403,12.278742021984524
2017-01-23 00:00:00-05:00,14.7939612283664,14.834235908637005,14.59336191396132,14.793187141418457,33394000,0.0,0.0,-0.0004186675867000611,14.003185033798218,12.29975352211604
2017-01-24 00:00:00-05:00,14.926402870217801,15.462366505151932,14.892325316440981,15.315982818603516,62008000,0.0,0.0,0.03534030038201297,14.069599390029907,12.32284565198989
2017-01-25 00:00:00-05:00,15.484056927635828,15.69085195320883,15.337673201671944,15.682331085205078,60888000,0.0,0.0,0.023919344317661295,14.149141836166383,12.34742181641715
2017-01-26 00:00:00-05:00,15.834136010213069,15.89842069875103,15.5777728204854,15.813223838806152,38820000,0.0,0.0,0.008346511299239134,14.233796310424804,12.37313493471297
2017-01-27 00:00:00-05:00,15.90693790275088,15.938693199075527,15.764427590081436,15.932496070861816,25780000,0.0,0.0,0.007542562684970333,14.332624101638794,12.398104448167105
2017-01-30 00:00:00-05:00,15.83490558724528,15.867434965828487,15.537493703837344,15.739641189575195,33234000,0.0,0.0,-0.01210449890769616,14.423048257827759,12.420086675220066
2017-01-31 00:00:00-05:00,15.681551248122341,15.681551248122341,15.40195224430815,15.451521873474121,26749000,0.0,0.0,-0.01830532936747653,14.511071681976318,12.439723798206874
2017-02-01 00:00:00-05:00,15.664510060302879,15.8372259557274,15.506509199897721,15.776039123535156,31184000,0.0,0.0,0.021002283963894808,14.609240913391114,12.461992751984369
2017-02-02 00:00:00-05:00,15.642826798704137,15.879827395922272,15.56769900392426,15.803925514221191,22712000,0.0,0.0,0.0017676420847887453,14.713722753524781,12.484941478759524
2017-02-03 00:00:00-05:00,15.873633344836374,16.001427131166782,15.724925914141007,15.967348098754883,24367000,0.0,0.0,0.010340632419877815,14.837179946899415,12.507097762728494
2017-02-06 00:00:00-05:00,15.96657196517027,16.006072556043726,15.823287593630988,15.998327255249023,18716000,0.0,0.0,0.0019401566435792716,14.953240442276002,12.531726080273826
2017-02-07 00:00:00-05:00,16.048674055194198,16.06338909544576,15.872084708583298,15.947986602783203,22840000,0.0,0.0,-0.0031466197473428714,15.065312433242799,12.558122320780678
2017-02-08 00:00:00-05:00,15.952633220736436,16.167947589903708,15.889898196068325,16.023887634277344,21069000,0.0,0.0,0.004759286133391605,15.167238330841064,12.585470604518104
2017-02-09 00:00:00-05:00,16.0579637407311,16.085845640554734,15.771395010245412,15.903836250305176,27519000,0.0,0.0,-0.007492026074581326,15.26761507987976,12.612496883150131
2017-02-10 00:00:00-05:00,15.954953912413181,15.993678937082327,15.788433647258854,15.917777061462402,23842000,0.0,0.0,0.0008765690829444228,15.370857524871827,12.64045334619189
2017-02-13 00:00:00-05:00,16.01537029474203,16.040929941896326,15.890674316456622,16.00994873046875,12463000,0.0,0.0,0.00579048623752243,15.472551012039185,12.66715601512364
2017-02-14 00:00:00-05:00,16.031634522483195,16.032410086832215,15.862016383454623,15.903066635131836,17357000,0.0,0.0,-0.006675979863289938,15.574089670181275,12.692048076599363
2017-02-15 00:00:00-05:00,15.941014806688319,16.027759817431516,15.862013619962761,15.954181671142578,17088000,0.0,0.0,0.0032141622231414146,15.655297183990479,12.71579891159421
2017-02-16 00:00:00-05:00,15.990581563573002,16.12689619515047,15.891443783995303,16.123798370361328,17188000,0.0,0.0,0.010631488515988607,15.742894506454467,12.741315644884866
2017-02-17 00:00:00-05:00,16.187311480668193,16.296518325805664,16.018467431091093,16.296518325805664,30945000,0.0,0.0,0.010712113329439,15.817751264572143,12.767033429372878
2017-02-21 00:00:00-05:00,16.342213592707996,16.545135188453248,16.335242377676863,16.477752685546875,30333000,0.0,0.0,0.01112104782861656,15.901979541778564,12.79287404484219
2017-02-22 00:00:00-05:00,16.497113618092882,16.646595126641618,16.380937052919162,16.586957931518555,23949000,0.0,0.0,0.006627435673765669,15.965528297424317,12.819898756723555
2017-02-23 00:00:00-05:00,16.658210597791104,16.726368651316488,16.236876886705197,16.309680938720703,29364000,0.0,0.0,-0.016716566952338474,15.996895790100098,12.845163235588679
2017-02-24 00:00:00-05:00,16.139291780001596,16.315107048173658,15.692398304983497,16.293420791625977,27651000,0.0,0.0,-0.0009969629176572736,16.020905637741087,12.869718385121178
2017-02-27 00:00:00-05:00,16.316657003598266,16.531971418407306,16.279480137667885,16.5188045501709,26991000,0.0,0.0,0.013832807820243431,16.050221061706544,12.894974178738064
2017-02-28 00:00:00-05:00,16.585413708175157,16.600904315871897,16.288001722179118,16.336795806884766,27548000,0.0,0.0,-0.011018275731354277,16.08007879257202,12.919247373702033
2017-03-01 00:00:00-05:00,16.502538114280725,16.682225295802684,16.308135891733237,16.66286277770996,51155000,0.0,0.0,0.019959052844853664,16.140645837783815,12.943464335941133
2017-03-02 00:00:00-05:00,17.357598845653147,17.42498134946272,16.73101823029511,16.829381942749023,71171000,0.0,0.0,0.009993430736392916,16.19331297874451,12.968784074934701
2017-03-03 00:00:00-05:00,16.88437695577794,17.039280092984118,16.861142519283074,16.909162521362305,30747000,0.0,0.0,0.004740553092483335,16.248574829101564,12.994311423528762
2017-03-06 00:00:00-05:00,16.758126785631468,16.925422660584815,16.665186110145008,16.87972640991211,22771000,0.0,0.0,-0.001740837928135508,16.294193744659424,13.017079213308909
2017-03-07 00:00:00-05:00,16.833250256448284,17.14537862821054,16.813887743817716,16.981182098388672,29129000,0.0,0.0,0.00601050550303861,16.343336486816405,13.041021555189102
2017-03-08 00:00:00-05:00,16.978866293487123,17.135317582289733,16.926972908097646,17.0106201171875,24532000,0.0,0.0,0.0017335671114215856,16.39646816253662,13.066255262919835
2017-03-09 00:00:00-05:00,16.944784511490184,17.26078486388224,16.89366669880431,17.1949520111084,25675000,0.0,0.0,0.010836283019138637,16.455021381378174,13.091515113436987
2017-03-10 00:00:00-05:00,17.250720402890945,17.535741075018983,17.250720402890945,17.53109359741211,39430000,0.0,0.0,0.01954885283114227,16.53638424873352,13.117364171951536
2017-03-13 00:00:00-04:00,17.493137374835516,17.639519579970024,17.454410868552326,17.538833618164062,26669000,0.0,0.0,0.0004415024487174346,16.617437076568603,13.141911968352302
2017-03-14 00:00:00-04:00,17.407939754043053,17.52566596421607,17.31112570859434,17.376184463500977,22165000,0.0,0.0,-0.009273658568414667,16.685748863220216,13.166020185228378
2017-03-15 00:00:00-04:00,17.374645654391273,17.554332891409995,17.290222863080004,17.498567581176758,20727000,0.0,0.0,0.007043152536326369,16.76552391052246,13.190514152012174
2017-03-16 00:00:00-04:00,17.542913075548174,17.569366241924897,17.238704630146565,17.300168991088867,27835000,0.102,0.0,-0.011337990333637804,16.832823276519775,13.214023397082375
2017-03-17 00:00:00-04:00,17.39041412435363,17.405197382787076,17.182681296426942,17.208356857299805,51635000,0.0,0.0,-0.005307007916301454,16.8870512008667,13.236281459293668
2017-03-20 00:00:00-04:00,17.20835367931097,17.32194523633426,17.177231972965867,17.213022232055664,17215000,0.0,0.0,0.0002711109953463797,16.9328763961792,13.258272519187322
2017-03-21 00:00:00-04:00,17.290827100259104,17.34840048318677,16.76799364870768,16.806894302368164,30557000,0.0,0.0,-0.023594225593409845,16.949333477020264,13.278530487938532
2017-03-22 00:00:00-04:00,16.806900349559204,16.98973675227135,16.75788497408373,16.91582489013672,19131000,0.0,0.0,0.00648130379169487,16.96577682495117,13.298652743536328
2017-03-23 00:00:00-04:00,16.903377472885534,16.996741161475057,16.83880123077059,16.872257232666016,19223000,0.0,0.0,-0.002575556187987438,16.99390563964844,13.319139703871711
2017-03-24 00:00:00-04:00,16.96172565217715,17.22547522296365,16.940718642088683,17.036415100097656,23794000,0.0,0.0,0.009729454996324938,17.03105535507202,13.340275045425173
2017-03-27 00:00:00-04:00,16.869924679507825,17.130562468356608,16.803014152842433,17.042646408081055,15358000,0.0,0.0,0.0003657640381962146,17.05724744796753,13.361404744405595
2017-03-28 00:00:00-04:00,17.00062818563609,17.255042159935094,16.988179200962588,17.190465927124023,17929000,0.0,0.0,0.008673507359331145,17.09993095397949,13.382808185759044
2017-03-29 00:00:00-04:00,17.1787898864986,17.22158149381621,17.09165147681314,17.218469619750977,15927000,0.0,0.0,0.0016290246434080835,17.127711296081543,13.40347232894292
2017-03-30 00:00:00-04:00,17.26438423501509,17.462780061293874,17.02786384594747,17.119670867919922,34168000,0.0,0.0,-0.005737951979061129,17.142225742340088,13.424482466682555
2017-03-31 00:00:00-04:00,17.1157797318305,17.1935825619408,16.96328594737982,17.035642623901367,25897000,0.0,0.0,-0.004908286185338562,17.14854974746704,13.44415687379383
2017-04-03 00:00:00-04:00,17.038754221936525,17.115779452840208,16.85669687865637,17.023193359375,19210000,0.0,0.0,-0.0007307775116683901,17.155723094940186,13.464325545326112
2017-04-04 00:00:00-04:00,16.97417825455733,17.148456653363024,16.95161604225122,17.035642623901367,12634000,0.0,0.0,0.0007313119379868116,17.15844612121582,13.484841267267862
2017-04-05 00:00:00-04:00,17.080765910833335,17.155455369744423,16.86758687167511,16.893260955810547,15690000,0.0,0.0,-0.008357868924243284,17.152578163146973,13.504029633506896
2017-04-06 00:00:00-04:00,16.85980661036015,16.997517110189776,16.773445763281142,16.922048568725586,14615000,0.0,0.0,0.0017040885706047781,17.138932991027833,13.524112811164251
2017-04-07 00:00:00-04:00,16.922038099604407,17.10409530709989,16.886249329577847,16.980390548706055,16412000,0.0,0.0,0.003447690138905113,17.11139783859253,13.54406910472446
2017-04-10 00:00:00-04:00,16.8885915822255,17.042640517930735,16.825570551278958,16.96250343322754,17994000,0.0,0.0,-0.0010533983554270598,17.082581329345704,13.564118430728005
2017-04-11 00:00:00-04:00,16.84891201854721,16.992068651759585,16.65207146238456,16.925935745239258,22219000,0.0,0.0,-0.0021557954657005496,17.060068893432618,13.584077324186053
2017-04-12 00:00:00-04:00,16.779666913219703,16.816234781524788,16.217155097631494,16.27628517150879,61026000,0.0,0.0,-0.038381959113439,16.99895477294922,13.600228158254472
2017-04-13 00:00:00-04:00,16.277063313159505,16.64740314300473,16.260724856723623,16.441226959228516,42579000,0.0,0.0,0.01013387182527703,16.9560076713562,13.61723398026966
2017-04-17 00:00:00-04:00,16.523697350898697,16.6777462813582,16.50891409082262,16.63962173461914,14507000,0.0,0.0,0.012066908137854382,16.92757091522217,13.636038488811916
2017-04-18 00:00:00-04:00,16.576601946694716,16.627173991740356,16.49879914292413,16.579713821411133,8486000,0.0,0.0,-0.0036003170122171912,16.89590549468994,13.654480733568706
2017-04-19 00:00:00-04:00,16.632618691663087,16.714310960707202,16.592161355951013,16.620948791503906,12081000,0.0,0.0,0.0024870736936075666,16.88660821914673,13.674553587323143
2017-04-20 00:00:00-04:00,16.727538108514253,17.048084930659034,16.666852844866366,16.977283477783203,16916000,0.0,0.0,0.021438889605474465,16.889681148529053,13.695384422938028
2017-04-21 00:00:00-04:00,16.915823191792352,16.98662317148196,16.817790966718466,16.93449592590332,14683000,0.0,0.0,-0.0025202825844238275,16.892793083190917,13.716616464039635
2017-04-24 00:00:00-04:00,17.170230627813464,17.26437186035338,17.091650248446104,17.213022232055664,17531000,0.0,0.0,0.016447274685413182,16.901623439788818,13.739263564821274
2017-04-25 00:00:00-04:00,17.27370969466946,17.427758599296524,17.26826354375787,17.365516662597656,14848000,0.0,0.0,0.008859247869790199,16.917766952514647,13.762889392792232
2017-04-26 00:00:00-04:00,17.38807527967152,17.422307370301127,17.18423199472071,17.247251510620117,14726000,0.0,0.0,-0.0068103445624662085,16.920606231689455,13.78554173878261
2017-04-27 00:00:00-04:00,17.341395628700127,17.434759264136275,17.276819423349426,17.356956481933594,11850000,0.0,0.0,0.006360721953055926,16.927530574798585,13.808395537119063
2017-04-28 00:00:00-04:00,17.336733439280888,17.360850839426504,17.098656472903723,17.1795711517334,16490000,0.0,0.0,-0.010219840695275706,16.93052558898926,13.831620606165083
2017-05-01 00:00:00-04:00,17.279159304710895,17.29238588585329,17.109549510963575,17.21925163269043,15339000,0.0,0.0,0.002309748049387661,16.93970603942871,13.855683478098067
2017-05-02 00:00:00-04:00,17.3857503941205,17.544466407590647,17.233256646713148,17.540576934814453,27277000,0.0,0.0,0.018660816914597644,16.965575218200684,13.880921220022534
2017-05-03 00:00:00-04:00,17.467435315289748,17.598142914573287,17.39274441057654,17.497777938842773,18002000,0.0,0.0,-0.0024399993301663647,16.988681983947753,13.906863855937171
2017-05-04 00:00:00-04:00,17.525792451273617,17.572475025123442,17.26126528595005,17.381080627441406,16245000,0.0,0.0,-0.006669264623727744,17.013072967529297,13.932686612719582
2017-05-05 00:00:00-04:00,17.50244992723464,17.621487652511412,17.43164996372418,17.618375778198242,23128000,0.0,0.0,0.013652496978938888,17.04788932800293,13.959296097831121
2017-05-08 00:00:00-04:00,17.623821885990576,17.66894628936813,17.416866663041453,17.51178550720215,17448000,0.0,0.0,-0.006049948777230307,17.074459075927734,13.98569217182341
2017-05-09 00:00:00-04:00,17.553803655935045,17.847897364587407,17.483003675917768,17.774763107299805,19261000,0.0,0.0,0.015017178002180387,17.11507205963135,14.012976911332872
2017-05-10 00:00:00-04:00,17.85489597942207,18.160659543658266,17.792654036279753,17.9980525970459,24433000,0.0,0.0,0.01256216402987631,17.16867790222168,14.04047649625748
2017-05-11 00:00:00-04:00,17.94748563499785,18.03851354905706,17.75764640900132,17.97938346862793,14823000,0.0,0.0,-0.001037286023990891,17.253832817077637,14.068132839505635
2017-05-12 00:00:00-04:00,18.009724984093037,18.36528152904857,17.959930536428466,18.358280181884766,25852000,0.0,0.0,0.02107395472809004,17.34968547821045,14.098146203964475
2017-05-15 00:00:00-04:00,18.33104791160851,18.66481982193059,18.283587744899958,18.597131729125977,29172000,0.0,0.0,0.013010562257182556,17.44756097793579,14.12940808326479
2017-05-16 00:00:00-04:00,18.667927156423143,18.772960685361955,18.570674053772162,18.725502014160156,18128000,0.0,0.0,0.006902692678846467,17.554850387573243,14.160389673142205
2017-05-17 00:00:00-04:00,18.516990023130163,18.592458525239252,17.979374887264452,17.986377716064453,31447000,0.0,0.0,-0.03947153446336338,17.62312183380127,14.188887736153982
2017-05-18 00:00:00-04:00,18.01750430359743,18.565232806429233,17.714073534101182,18.490543365478516,30699000,0.0,0.0,0.028030415983301138,17.698784828186035,14.218563382587735
2017-05-19 00:00:00-04:00,18.416626252632412,18.438410853927454,18.054066973395177,18.21356201171875,35812000,0.0,0.0,-0.01497962219308735,17.762738132476805,14.247486140992907
2017-05-22 00:00:00-04:00,18.324821386509882,18.593240945915163,18.22290119765808,18.546558380126953,20419000,0.0,0.0,0.018282879987667977,17.829414939880373,14.276518450842964
2017-05-23 00:00:00-04:00,18.544224659724193,18.589350547753867,18.34894081740275,18.40340232849121,13696000,0.0,0.0,-0.00771873943950363,17.881309223175048,14.304566587720599
2017-05-24 00:00:00-04:00,18.552789667662967,18.67338262539487,18.436863780861206,18.641483306884766,16392000,0.0,0.0,0.012936791477137444,17.951020812988283,14.332551131172785
2017-05-25 00:00:00-04:00,18.75896372843686,18.79397491821904,18.57379307306408,18.739513397216797,19010000,0.0,0.0,0.005258706548090242,18.02014865875244,14.36027167335389
2017-05-26 00:00:00-04:00,18.742625727479776,18.797087249805138,18.54189569263339,18.76674461364746,13120000,0.0,0.0,0.001453144265459283,18.099507331848145,14.388267331653172
2017-05-30 00:00:00-04:00,18.711498960037883,18.780743724859274,18.59479551741115,18.658594131469727,29364000,0.0,0.0,-0.005762879199575521,18.17147445678711,14.4157487854125
2017-05-31 00:00:00-04:00,18.868665221529326,18.897451176545502,18.482764549084116,18.632144927978516,44830000,0.0,0.0,-0.0014175346387218513,18.226052856445314,14.44280333367605
2017-06-01 00:00:00-04:00,18.797085653513868,18.818092662902597,18.191004643726853,18.251689910888672,63774000,0.0,0.0,-0.02041928176065988,18.263748455047608,14.468223602052719
2017-06-02 00:00:00-04:00,19.33703570544681,19.9034384709662,18.995483331173265,19.803071975708008,108613000,0.0,0.0,0.08499936566935684,18.384848022460936,14.499757634268867
2017-06-05 00:00:00-04:00,19.76183762160836,19.978128508576148,19.466188730891897,19.62257194519043,39532000,0.0,0.0,-0.009114749001518208,18.485057830810547,14.528251916643173
2017-06-06 00:00:00-04:00,19.51053814782464,19.86609624260708,19.498868244413252,19.750947952270508,29653000,0.0,0.0,0.006542262015328815,18.597015953063966,14.557170591657124
2017-06-07 00:00:00-04:00,19.736937843411678,19.9057685291117,19.68169873429242,19.783618927001953,29290000,0.0,0.0,0.0016541471736140068,18.697458744049072,14.585611468269711
2017-06-08 00:00:00-04:00,19.83963814466717,19.92522137231688,19.6311277109414,19.83574867248535,28273000,0.0,0.0,0.002634995431106235,18.789343547821044,14.614605453279284
2017-06-09 00:00:00-04:00,19.879315991091346,19.917439047496053,18.785412802859607,18.932458877563477,58191000,0.0,0.0,-0.04553847751533824,18.836997318267823,14.639881323254297
2017-06-12 00:00:00-04:00,18.703718049635864,18.914562712116762,18.341936376764792,18.880329132080078,54872000,0.0,0.0,-0.002753458799014008,18.863099765777587,14.66595867323497
2017-06-13 00:00:00-04:00,19.058501278828295,19.28801872105403,18.802530677031125,18.90134048461914,30853000,0.0,0.0,0.0011128700348428389,18.878310203552246,14.692365423081414
2017-06-14 00:00:00-04:00,18.950357993521447,19.05772583925489,18.488211182193094,18.714616775512695,34509000,0.0,0.0,-0.009878860669082723,18.877765941619874,14.718340998604184
2017-06-15 00:00:00-04:00,18.388006283757488,18.712260734403458,18.382536942351052,18.595060348510742,27527000,0.102,0.0,-0.006388398353867841,18.908200073242188,14.743869569566515
2017-06-16 00:00:00-04:00,18.66851628585269,18.707584096191493,18.371608378700717,18.459117889404297,35819000,0.0,0.0,-0.007310675876205597,18.906628799438476,14.768788606401474
2017-06-19 00:00:00-04:00,19.127939169807746,19.127939169807746,18.779461546549513,18.841968536376953,28519000,0.0,0.0,0.020740462749436972,18.938049125671387,14.796028197757781
2017-06-20 00:00:00-04:00,18.908388129545486,19.037308178689077,18.740400269839753,18.751338958740234,24429000,0.0,0.0,-0.004809984554519642,18.94828815460205,14.822624800697206
2017-06-21 00:00:00-04:00,19.031835090296397,19.21388672987747,18.902132667257405,19.15216064453125,34998000,0.0,0.0,0.021375630117559608,18.985726070404052,14.851153210988121
2017-06-22 00:00:00-04:00,19.182639180661326,19.252959754627792,18.99277392900881,19.067781448364258,18666000,0.0,0.0,-0.004405727256213576,19.007040977478027,14.879550907346937
2017-06-23 00:00:00-04:00,19.02871560399822,19.28890143616429,18.970114627456677,19.163105010986328,34985000,0.0,0.0,0.004999195259302036,19.028220558166502,14.907266594114757
2017-06-26 00:00:00-04:00,19.22014225339396,19.369377862086008,18.845881122832747,18.96698760986328,32103000,0.0,0.0,-0.010234113991997251,19.038232707977294,14.937220372850932
2017-06-27 00:00:00-04:00,18.858383620691413,18.90760772593946,18.37942398589093,18.387237548828125,33582000,0.0,0.0,-0.030566269824190306,19.024664878845215,14.966424381922161
2017-06-28 00:00:00-04:00,18.485681755848358,18.887289564077797,18.32238234959586,18.834157943725586,24533000,0.0,0.0,0.02430601082466266,19.03476552963257,14.995531135135227
2017-06-29 00:00:00-04:00,18.650544700777832,18.671639677086958,18.015315427246513,18.286439895629883,34513000,0.0,0.0,-0.029081100930141157,19.036503028869628,15.020870927780393
2017-06-30 00:00:00-04:00,18.460678670944517,18.493494732966337,18.194241158844275,18.209087371826172,26534000,0.0,0.0,-0.004230048289617927,18.956803798675537,15.045781900012305
2017-07-03 00:00:00-04:00,18.323162310557215,18.38019996343847,17.898896239868773,17.9520263671875,21123000,0.0,0.0,-0.014117182228276182,18.87327651977539,15.07003230897207
2017-07-05 00:00:00-04:00,18.048913996231498,18.152831531144212,17.901240219492138,18.096574783325195,29699000,0.0,0.0,0.008051927575256856,18.790557861328125,15.095910518888443
2017-07-06 00:00:00-04:00,17.780135886189193,18.41848887659243,17.775447450734873,18.36457633972168,26334000,0.0,0.0,0.01480951835390587,18.719605731964112,15.12289183480399
2017-07-07 00:00:00-04:00,18.384893604545482,18.766966852952947,18.38254938660096,18.722431182861328,24731000,0.0,0.0,0.019486147489589767,18.66393985748291,15.151183525721232
2017-07-10 00:00:00-04:00,18.791966999863718,18.903698097090817,18.659139435743914,18.89041519165039,22499000,0.0,0.0,0.008972339497385073,18.661837673187257,15.17887738772801
2017-07-11 00:00:00-04:00,18.908387688188345,18.95526756948406,18.70445714946864,18.821659088134766,20502000,0.0,0.0,-0.003639734903551295,18.65890417098999,15.20562201454526
2017-07-12 00:00:00-04:00,18.986518074686717,19.31311836736834,18.834939760135054,19.25373649597168,27710000,0.0,0.0,0.02295639326021459,18.676523971557618,15.233706489441888
2017-07-13 00:00:00-04:00,19.30843411826304,19.523301876432736,19.26389845020359,19.323280334472656,20400000,0.0,0.0,0.003611965839229514,18.706957149505616,15.262426452031212
2017-07-14 00:00:00-04:00,19.426417043065417,19.56471397366951,19.36547184993775,19.55611801147461,14417000,0.0,0.0,0.01204959370105363,18.755010032653807,15.291040552986992
2017-07-17 00:00:00-04:00,19.595183203606343,19.717852992352864,19.444384294762266,19.456886291503906,18746000,0.0,0.0,-0.005074203372697927,18.80489845275879,15.319148143132528
2017-07-18 00:00:00-04:00,19.319365089863172,19.60611661611629,19.225605355526334,19.602209091186523,13003000,0.0,0.0,0.007468964843880155,18.842910480499267,15.34747594878787
2017-07-19 00:00:00-04:00,19.689725842698977,19.88818554524845,19.57643143103248,19.877246856689453,25526000,0.0,0.0,0.01403095764479878,18.899205875396728,15.37744360878354
2017-07-20 00:00:00-04:00,19.885059922008356,19.924126240090807,19.71707207174169,19.801456451416016,12135000,0.0,0.0,-0.0038129226758549795,18.931670665740967,15.406458483801948
2017-07-21 00:00:00-04:00,19.653000835952877,19.80848668217305,19.56939736929223,19.776453018188477,15504000,0.0,0.0,-0.0012627067755791588,18.96710424423218,15.436062706841362
2017-07-24 00:00:00-04:00,19.79051819557038,19.820990043563295,19.665504186633456,19.77020263671875,13638000,0.0,0.0,-0.0003160516935962754,18.997459125518798,15.465867598851522
2017-07-25 00:00:00-04:00,19.75223390296751,19.878028828118754,19.547522445812255,19.869434356689453,16123000,0.0,0.0,0.00501925659509439,19.042581462860106,15.496032741334703
2017-07-26 00:00:00-04:00,19.89990031909782,20.17336895706747,19.89443097614411,20.0811710357666,19971000,0.0,0.0,0.01065640195267381,19.127278137207032,15.525922994765024
2017-07-27 00:00:00-04:00,20.174934629795207,20.196813496074707,19.451416423267386,19.607683181762695,32010000,0.0,0.0,-0.023578697335955967,19.165954399108887,15.553257942199707
2017-07-28 00:00:00-04:00,19.449073976776948,19.620967873859307,19.338123778291695,19.562368392944336,31919000,0.0,0.0,-0.0023110730828468373,19.22975082397461,15.580848746829563
2017-07-31 00:00:00-04:00,19.610028992298993,19.724886715888125,19.178730200136446,19.272491455078125,18902000,0.0,0.0,-0.014818090123012051,19.282921028137206,15.607974779038202
2017-08-01 00:00:00-04:00,19.39516134785373,19.533458268159126,19.29593074797081,19.407663345336914,17582000,0.0,0.0,0.007013721633959857,19.355702877044678,15.635171057685973
2017-08-02 00:00:00-04:00,19.8928729737847,20.102272860268723,19.61628062639466,19.795988082885742,36970000,0.0,0.0,0.020008835202828923,19.440673542022704,15.664097195579892
2017-08-03 00:00:00-04:00,19.753015917360912,19.76786064333584,19.31702865522427,19.55611801147461,23447000,0.0,0.0,-0.012117105264298877,19.500250625610352,15.691699762192984
2017-08-04 00:00:00-04:00,19.59127290554455,19.609244243889442,19.386562983571775,19.468603134155273,13454000,0.0,0.0,-0.0044750638786279495,19.537559223175048,15.718077576349652
2017-08-07 00:00:00-04:00,19.48579550418992,19.759264211236665,19.447510093843213,19.724103927612305,18730000,0.0,0.0,0.013123735262176472,19.579243659973145,15.744515634718395
2017-08-08 00:00:00-04:00,19.688162197986124,19.868652046411803,19.566273317431197,19.639719009399414,20439000,0.0,0.0,-0.004278263718472841,19.620146656036376,15.771158112419975
2017-08-09 00:00:00-04:00,19.496730759988388,19.56158197148324,19.339683110421817,19.468603134155273,21256000,0.0,0.0,-0.008712745592859394,19.630889987945558,15.796262355077834
2017-08-10 00:00:00-04:00,19.272489605584102,19.299055416125228,18.788059233729104,18.807592391967773,29033000,0.0,0.0,-0.03395265380020196,19.605105590820312,15.818536338352022
2017-08-11 00:00:00-04:00,18.75602054602101,19.16153580919624,18.650541213345445,19.077932357788086,16976000,0.0,0.0,0.01437398047480909,19.581196308135986,15.84180998802185
2017-08-14 00:00:00-04:00,19.288117887478474,19.631124756839842,19.22092244803741,19.60455894470215,16736000,0.0,0.0,0.027603965515638373,19.5885799407959,15.86705764134725
2017-08-15 00:00:00-04:00,19.777234053939182,19.85067974234421,19.632686894564372,19.82176971435547,20942000,0.0,0.0,0.011079605017690008,19.599557971954347,15.892231873103551
2017-08-16 00:00:00-04:00,19.870996918747384,19.903814477691128,19.674881415965448,19.800676345825195,15394000,0.0,0.0,-0.001064151628953569,19.595729446411134,15.918279095301552
2017-08-17 00:00:00-04:00,19.76785815767038,19.865525444003307,19.271709654549493,19.295148849487305,22793000,0.0,0.0,-0.025530819630031343,19.570414066314697,15.942128310127863
2017-08-18 00:00:00-04:00,19.32483479445657,19.64909081663079,19.231075058363786,19.484228134155273,20126000,0.0,0.0,0.009799317234756355,19.555802822113037,15.96645364685664
2017-08-21 00:00:00-04:00,19.681126402029566,19.681126402029566,19.234982977288567,19.50376319885254,20693000,0.0,0.0,0.001002609113523123,19.542480850219725,15.990551831230285
2017-08-22 00:00:00-04:00,19.676445816650148,20.01710852033039,19.611594584905184,19.938974380493164,26917000,0.0,0.0,0.022314215836368945,19.545957851409913,16.016072337589566
2017-08-23 00:00:00-04:00,19.839743455494197,20.229631719721052,19.798332916551946,20.07414436340332,27928000,0.0,0.0,0.006779184341717981,19.545606517791747,16.04169966304113
2017-08-24 00:00:00-04:00,20.21087361506858,20.26478613613692,19.619400681722468,19.928028106689453,52119000,0.0,0.0,-0.007278828629938894,19.561623764038085,16.067368696606348
2017-08-25 00:00:00-04:00,19.709262136118483,19.877250017291047,19.047468392500885,19.18889045715332,69099000,0.0,0.0,-0.03709035563272911,19.542949867248534,16.089879191111006
2017-08-28 00:00:00-04:00,19.302186712175086,19.34906660498902,18.947458662875338,19.006059646606445,34174000,0.0,0.0,-0.009527951131677814,19.52962827682495,16.111322910066637
2017-08-29 00:00:00-04:00,18.85290777288407,19.109968390798358,18.754459596344898,18.887287139892578,33536000,0.0,0.0,-0.006249191516931485,19.503609466552735,16.132222183166988
2017-08-30 00:00:00-04:00,18.874008369170266,19.247488582986428,18.82087674400378,19.222484588623047,21924000,0.0,0.0,0.017747252225677412,19.4749342918396,16.154573478395978
2017-08-31 00:00:00-04:00,19.269368562000377,19.731139256690735,19.185765077128682,19.69519805908203,29491000,0.0,0.0,0.024591694600122782,19.48188829421997,16.17897733809456
2017-09-01 00:00:00-04:00,19.715508982329318,19.9506922733724,19.713164764772806,19.746763229370117,23242000,0.0,0.0,0.0026181595195640117,19.495796298980714,16.203381693552412
2017-09-05 00:00:00-04:00,19.54282857187439,19.746759063135283,19.300614169549473,19.459226608276367,24306000,0.0,0.0,-0.014561202651484972,19.482552433013915,16.227857642703587
2017-09-06 00:00:00-04:00,19.581117512618285,19.635810948839282,19.353747807512963,19.48501205444336,13996000,0.0,0.0,0.0013251012841397625,19.474817085266114,16.253048325341844
2017-09-07 00:00:00-04:00,19.517050094506168,19.533458127799857,19.23108087555129,19.263896942138672,16088000,0.0,0.0,-0.011347958712412676,19.464581775665284,16.278031856294664
2017-09-08 00:00:00-04:00,19.21467570975438,19.252180220155658,18.994338574003034,19.073253631591797,18094000,0.0,0.0,-0.009896404196902298,19.477864837646486,16.302417308565172
2017-09-11 00:00:00-04:00,19.30530995648916,19.39594460579298,19.221706470764857,19.35687828063965,16878000,0.0,0.0,0.014870281417433295,19.49181213378906,16.330243825912476
2017-09-12 00:00:00-04:00,19.506892048077543,19.513143791831038,19.18185502314007,19.309995651245117,18396000,0.0,0.0,-0.0024220139588014833,19.47708396911621,16.356756986133636
2017-09-13 00:00:00-04:00,19.206863263155306,19.370162720832955,19.15451253535633,19.23967933654785,29664000,0.0,0.0,-0.0036414464284321157,19.44797945022583,16.382759563506596
2017-09-14 00:00:00-04:00,19.11309718275232,19.338903603008035,19.005272117127934,19.295148849487305,28645000,0.0,0.0,0.0028830788688916087,19.422703075408936,16.407650807547192
2017-09-15 00:00:00-04:00,19.348276864463937,19.62643245718965,19.151379020060556,19.576427459716797,50066000,0.0,0.0,0.014577685428789344,19.43676700592041,16.432551955419875
2017-09-18 00:00:00-04:00,19.695678947328357,19.835326769097467,19.50425351284596,19.59918212890625,25743000,0.102,0.0,0.0011623504460287482,19.44251470565796,16.457995694781108
2017-09-19 00:00:00-04:00,19.705094411903787,19.758441724072348,19.482286970674252,19.59447479248047,22088000,0.0,0.0,-0.00024018024807470617,19.447050285339355,16.48357659672934
2017-09-20 00:00:00-04:00,19.59290565270018,19.603889054360245,18.660880224773493,19.057069778442383,57010000,0.0,0.0,-0.027426354609122683,19.402955055236816,16.507788953326997
2017-09-21 00:00:00-04:00,19.02176050567224,19.04058940278585,18.685981250501836,18.858577728271484,28620000,0.0,0.0,-0.010415664762661203,19.342176723480225,16.53072466925969
2017-09-22 00:00:00-04:00,18.698539856389466,18.887612999298508,18.6812806510591,18.769147872924805,23100000,0.0,0.0,-0.004742131492377233,19.284232711791994,16.553608046637642
2017-09-25 00:00:00-04:00,18.608319468269237,18.656960680994903,18.16427424730375,18.476518630981445,38692000,0.0,0.0,-0.015590971093870865,19.2486141204834,16.575999449169824
2017-09-26 00:00:00-04:00,18.662450612789502,18.82484934022722,18.460825876938728,18.614593505859375,39010000,0.0,0.0,0.00747299194375306,19.229040813446044,16.59892656311156
2017-09-27 00:00:00-04:00,18.78954588959641,19.038242142170535,18.717368176475915,18.87427520751953,26489000,0.0,0.0,0.013950436337941907,19.228390216827393,16.621609812691098
2017-09-28 00:00:00-04:00,18.790330491885026,19.092375562054006,18.78954639065804,19.059425354003906,21932000,0.0,0.0,0.009809655970821618,19.220237255096436,16.64507668358939
2017-09-29 00:00:00-04:00,19.059421932213006,19.164548340058346,18.947232629087257,19.028039932250977,17319000,0.0,0.0,-0.0016467139575294665,19.186879348754882,16.66788115577092
2017-10-02 00:00:00-04:00,19.24535546612184,19.24535546612184,18.809155846021245,18.865642547607422,19431000,0.0,0.0,-0.008534635475948571,19.14282331466675,16.690022854577926
2017-10-03 00:00:00-04:00,18.83505069310237,18.903304918280462,18.663238229972933,18.789548873901367,25611000,0.0,0.0,-0.004033452532243853,19.109339427947997,16.71261131195795
2017-10-04 00:00:00-04:00,18.73305233796415,19.011560794803984,18.63341615525238,18.985671997070312,23271000,0.0,0.0,0.01043788355351949,19.084372425079344,16.736289743393186
2017-10-05 00:00:00-04:00,19.085311495492324,19.27909071420891,19.014703489141997,19.1166934967041,22811000,0.0,0.0,0.006901072537964792,19.077012252807616,16.75913429638696
2017-10-06 00:00:00-04:00,18.85230643507596,19.279876478848088,18.85230643507596,19.279090881347656,17489000,0.0,0.0,0.008495056149304903,19.08730411529541,16.782406318755378
2017-10-09 00:00:00-04:00,19.29948921932287,19.397555728062947,19.251632116623203,19.332439422607422,16551000,0.0,0.0,0.002767171003451141,19.086082172393798,16.80588394119626
2017-10-10 00:00:00-04:00,19.419521553304207,19.468946855744573,19.067267138500263,19.298704147338867,15348000,0.0,0.0,-0.001745008714684193,19.085517597198486,16.829056531663927
2017-10-11 00:00:00-04:00,19.237512769489545,19.705094457399284,19.23202106838409,19.644685745239258,26603000,0.0,0.0,0.017927711376833466,19.105767917633056,16.854702219130502
2017-10-12 00:00:00-04:00,19.64625663988058,19.713726761154774,19.47836618618407,19.514455795288086,20067000,0.0,0.0,-0.006629271225819022,19.116733264923095,16.880045043097603
2017-10-13 00:00:00-04:00,19.625065172230148,19.679198065342266,19.41481089651446,19.4532527923584,15257000,0.0,0.0,-0.0031362905310670097,19.110574531555176,16.905612574683296
2017-10-16 00:00:00-04:00,19.501905992492908,19.571729925860602,19.269684776184167,19.352060317993164,14899000,0.0,0.0,-0.005201827963958072,19.09821844100952,16.930427100923325
2017-10-17 00:00:00-04:00,19.28693867903098,19.294784180336435,19.012352118845463,19.034318923950195,26965000,0.0,0.0,-0.01641899564293625,19.070210647583007,16.954350516909646
2017-10-18 00:00:00-04:00,19.09001873467333,19.190439041729192,18.81307841507302,19.142581939697266,19905000,0.0,0.0,0.00568777985593405,19.074486255645752,16.97769814824301
2017-10-19 00:00:00-04:00,18.89310573666878,19.171614319176637,18.700110580647728,19.16533851623535,25844000,0.0,0.0,0.0011887934767511599,19.089824295043947,17.001227764856246
2017-10-20 00:00:00-04:00,19.374801579020463,19.37794097594368,19.123751578733508,19.161409378051758,23548000,0.0,0.0,-0.0002050127202430918,19.10943737030029,17.024271166513838
2017-10-23 00:00:00-04:00,19.23515706090025,19.27203076259309,19.041377842674407,19.16376495361328,23418000,0.0,0.0,0.0001229333143011324,19.143799686431883,17.04747366148328
2017-10-24 00:00:00-04:00,19.226527057782956,19.467377776298747,19.15121145374001,19.431289672851562,22887000,0.0,0.0,0.013959924883541142,19.184634494781495,17.070628412186153
2017-10-25 00:00:00-04:00,19.29007597658177,19.529358521592403,19.16062895003379,19.285369873046875,20955000,0.0,0.0,-0.007509527275925465,19.20518922805786,17.094090378473677
2017-10-26 00:00:00-04:00,19.39912707823757,19.444630388604256,19.123756408691406,19.123756408691406,24446000,0.0,0.0,-0.008380107066618403,19.208405780792237,17.117109654441713
2017-10-27 00:00:00-04:00,19.187299304234298,19.847874492454377,19.047651509771843,19.8408145904541,44753000,0.0,0.0,0.0374956763952925,19.249044513702394,17.14320664935642
2017-10-30 00:00:00-04:00,19.87219613136172,20.57042915469993,19.86984233177981,20.49432945251465,50202000,0.0,0.0,0.032937904796256134,19.330478858947753,17.17278016181219
2017-10-31 00:00:00-04:00,20.593972114305043,20.923475727988983,20.49982758337682,20.704591751098633,32845000,0.0,0.0,0.010259535403251974,19.42623100280762,17.20290381946261
2017-11-01 00:00:00-04:00,20.730478989791628,20.840313020564928,20.153847335478925,20.34213638305664,27333000,0.0,0.0,-0.01750603790691785,19.494054222106932,17.23204144977388
2017-11-02 00:00:00-04:00,20.56808082616553,20.761861580734738,19.52465301532868,20.358612060546875,67196000,0.0,0.0,0.0008099285728886407,19.55615015029907,17.260095410876804
2017-11-03 00:00:00-04:00,20.71400191948443,21.809992812199013,20.17110612355431,21.467153549194336,120503000,0.0,0.0,0.05445073983190207,19.665553283691406,17.292416924522037
2017-11-06 00:00:00-05:00,21.833527860787925,22.108114389751453,21.184720090000955,21.772335052490234,78088000,0.0,0.0,0.014216207220791643,19.787548065185547,17.32620008408077
2017-11-07 00:00:00-05:00,21.381633792333794,21.535402882363467,20.98936781266507,21.285921096801758,36789000,0.0,0.0,-0.022340918165910884,19.88690891265869,17.356589215142385
2017-11-08 00:00:00-05:00,21.129806204044606,21.48206069528386,20.965839261405183,21.370656967163086,30254000,0.0,0.0,0.003980841137950941,19.973207473754883,17.38730236083742
2017-11-09 00:00:00-05:00,21.07567158944903,21.213749712493918,20.59396860571834,20.84031105041504,30980000,0.0,0.0,-0.024816547173207915,20.03950023651123,17.417005016690208
2017-11-10 00:00:00-05:00,20.852080729679418,20.918765245268016,20.680268293736336,20.786964416503906,20338000,0.0,0.0,-0.0025597810791826436,20.106185817718504,17.448170646788583
2017-11-13 00:00:00-05:00,20.593972566595625,20.866989467718707,20.519442537907327,20.790889739990234,28064000,0.0,0.0,0.0001888358207420282,20.17812728881836,17.479474101747787
2017-11-14 00:00:00-05:00,20.65673287207,20.835606717369718,20.496687931347957,20.653594970703125,19718000,0.0,0.0,-0.006603602395285124,20.259091091156005,17.511381777506028
2017-11-15 00:00:00-05:00,20.578277912556132,20.947008980328196,20.243282648964485,20.837173461914062,29032000,0.0,0.0,0.008888452178487105,20.343820667266847,17.543201999058798
2017-11-16 00:00:00-05:00,20.931317535211907,21.547175139534655,20.877184626531452,21.347904205322266,31000000,0.0,0.0,0.024510557746313832,20.45294895172119,17.576627190150912
2017-11-17 00:00:00-05:00,21.32122763298638,21.347902034025473,21.059194214678406,21.328289031982422,24069000,0.0,0.0,-0.0009188336780597828,20.561292934417725,17.610215974232506
2017-11-20 00:00:00-05:00,21.38791425301468,21.711926106612378,21.29141743545528,21.56521987915039,28639000,0.0,0.0,0.011108760145395857,20.68136568069458,17.644402681835114
2017-11-21 00:00:00-05:00,21.660933244646927,21.82646837987703,21.567572828985394,21.69937515258789,20903000,0.0,0.0,0.006220909139313058,20.794769954681396,17.677771015772745
2017-11-22 00:00:00-05:00,21.733115274778815,21.787248199407653,21.509523670845525,21.603668212890625,18642000,0.0,0.0,-0.004410585052531002,20.910684871673585,17.70940269364251
2017-11-24 00:00:00-05:00,21.705649209110444,22.201473466476333,21.693096109080134,22.15361785888672,11572000,0.0,0.0,0.025456308649840498,21.06217794418335,17.743198375853282
2017-11-27 00:00:00-05:00,21.98730043470378,22.412518273241165,21.94885852147722,22.329357147216797,26230000,0.0,0.0,0.007932757956262249,21.186605072021486,17.777792279682462
2017-11-28 00:00:00-05:00,22.348185473801397,22.351323375317403,21.71899058035885,21.762924194335938,26796000,0.0,0.0,-0.025367185859690555,21.25003480911255,17.81078020353166
2017-11-29 00:00:00-05:00,21.80999055036823,21.820973951264225,20.77990017669063,21.300045013427734,47231000,0.0,0.0,-0.021269162947719744,21.279807472229002,17.841686824011425
2017-11-30 00:00:00-05:00,21.32201559692921,21.837452925736557,21.189430661562398,21.805288314819336,31452000,0.0,0.0,0.023720292660090347,21.352965068817138,17.876114141373407
2017-12-01 00:00:00-05:00,21.59110443410597,21.61464093207526,20.715567359637,21.304750442504883,47729000,0.0,0.0,-0.02295488438803517,21.40027198791504,17.910908313024613
2017-12-04 00:00:00-05:00,21.489113930596115,21.53696952671301,20.40881286625757,20.681045532226562,48439000,0.0,0.0,-0.02927539151240055,21.36096658706665,17.942790455288357
2017-12-05 00:00:00-05:00,20.606520323718918,20.87796745537873,20.433138206272353,20.52728271484375,38117000,0.0,0.0,-0.007434963437569442,21.298713970184327,17.97347873354715
2017-12-06 00:00:00-05:00,20.306042655633192,20.744596084858273,19.942804830156465,20.70301628112793,48751000,0.0,0.0,0.00856097559162583,21.269568729400635,18.005283041605875
2017-12-07 00:00:00-05:00,21.56600183796931,21.6295484433969,20.528850069741964,20.70301628112793,79282000,0.0,0.0,0.0,21.236186695098876,18.035929131129432
2017-12-08 00:00:00-05:00,20.850507993510725,20.942298698100686,20.342916260818946,20.390771865844727,41848000,0.0,0.0,-0.015082073599479995,21.21370973587036,18.06467606907799
2017-12-11 00:00:00-05:00,20.346054260060743,20.6763418830385,20.302904757756124,20.393911361694336,34941000,0.0,0.0,0.00015396650358634467,21.194057083129884,18.090874547050113
2017-12-12 00:00:00-05:00,20.34762604789383,20.46687377092166,20.062056100091016,20.295846939086914,28541000,0.0,0.0,-0.004808514701677868,21.169304943084718,18.11696807921879
2017-12-13 00:00:00-05:00,20.430005142479587,20.655950520170553,20.41196033762131,20.557098388671875,26943000,0.0,0.0,0.012872162978418311,21.164480113983153,18.14370714672028
2017-12-14 00:00:00-05:00,20.58141695104028,20.633196063773198,20.138941440914024,20.346057891845703,37595000,0.0,0.0,-0.010266064443339329,21.139924335479737,18.169854644745115
2017-12-15 00:00:00-05:00,20.527281825187412,20.868552848262603,20.261324909329016,20.847370147705078,45091000,0.0,0.0,0.02463928189550124,21.114897632598876,18.197256920829652
2017-12-18 00:00:00-05:00,20.85527278414601,21.047176448307415,20.737602417817453,20.87975311279297,29786000,0.175,0.0,0.001553335737719097,21.092470836639404,18.225276364220512
2017-12-19 00:00:00-05:00,20.793673927802804,20.95083035581107,20.633358796129023,20.82526397705078,19094000,0.0,0.0,-0.00260966379476979,21.055473041534423,18.252452608138796
2017-12-20 00:00:00-05:00,21.01795358634417,21.03453790646696,20.752602958083433,20.978466033935547,19845000,0.0,0.0,0.007356548135648788,21.019427585601807,18.279741968427384
2017-12-21 00:00:00-05:00,21.002946391243672,21.026638921026883,20.61755754706452,20.653884887695312,17758000,0.0,0.0,-0.015472110578303444,20.97193841934204,18.30567569202847
2017-12-22 00:00:00-05:00,20.67678623599129,20.799195378200725,20.430390859689158,20.718643188476562,14617000,0.0,0.0,0.0031354053309278207,20.900189685821534,18.332385801133654
2017-12-26 00:00:00-05:00,20.31430226807523,20.718646396368253,20.01104567815167,20.38300895690918,22256000,0.0,0.0,-0.016199624102511634,20.802872276306154,18.357352177302044
2017-12-27 00:00:00-05:00,20.441455299987144,20.660210233243667,20.41460405717258,20.46356773376465,35615000,0.0,0.0,0.003952251457366884,20.737904453277586,18.382524531985087
2017-12-28 00:00:00-05:00,20.54569844687259,20.596240718308493,20.418550456344597,20.56623077392578,13641000,0.0,0.0,0.005016869076634123,20.70121374130249,18.40875584360153
2017-12-29 00:00:00-05:00,20.514894735786253,20.68705686489069,20.267708509702032,20.28824234008789,17980000,0.0,0.0,-0.01351674192970398,20.625361442565918,18.433982368499514
2018-01-02 00:00:00-05:00,20.514891119147133,21.12535522144631,20.341150422209267,21.086658477783203,33135000,0.0,0.0,0.03935363765434263,20.614456844329833,18.463330007734754
2018-01-03 00:00:00-05:00,21.108780742896425,21.380448880568412,21.009274784233725,21.317270278930664,31161000,0.0,0.0,0.010936384320466619,20.64626808166504,18.49311022909861
2018-01-04 00:00:00-05:00,21.44836293176401,21.46178855196734,21.198807268442255,21.32437515258789,19067000,0.0,0.0,0.00033329190671516074,20.686122703552247,18.52330898481702
2018-01-05 00:00:00-05:00,21.478373725651306,21.659222696439016,21.27936032532945,21.450733184814453,28633000,0.0,0.0,0.005925520974115361,20.72350854873657,18.554866639394607
2018-01-08 00:00:00-05:00,21.395447698104494,21.524174273545675,21.24855820188645,21.50206184387207,20971000,0.0,0.0,0.00239286268750738,20.76346082687378,18.585918006442842
2018-01-09 00:00:00-05:00,21.564454002092965,21.6268432968219,21.179854329369128,21.204336166381836,26027000,0.0,0.0,-0.013846378066068254,20.804139041900633,18.615671138914806
2018-01-10 00:00:00-05:00,21.00532039613543,21.01795671604704,20.590710825031678,20.756555557250977,31607000,0.0,0.0,-0.02111740757255054,20.822271251678465,18.642540924132817
2018-01-11 00:00:00-05:00,20.814991607517115,20.83710403367933,20.655465816976534,20.809463500976562,17726000,0.0,0.0,0.002548975121602126,20.84795207977295,18.66997410759093
2018-01-12 00:00:00-05:00,20.800780590239782,20.953198198240045,20.691797037273147,20.871856689453125,19881000,0.0,0.0,0.002998308364539737,20.863689994812013,18.697826998574392
2018-01-16 00:00:00-05:00,20.942138115127445,21.08587039187034,20.66415268277372,20.78972053527832,33528000,0.0,0.0,-0.003935258630647365,20.885873126983643,18.724865258686126
2018-01-17 00:00:00-05:00,20.965837146720467,21.04875877076638,20.56939044376833,20.991897583007812,37365000,0.0,0.0,0.00972485644462684,20.89309949874878,18.75311765595088
2018-01-18 00:00:00-05:00,20.964253143899114,21.32753112969075,20.88685964251225,21.306997299194336,30319000,0.0,0.0,0.015010539897145181,20.91446170806885,18.780804028586736
2018-01-19 00:00:00-05:00,21.255665839528064,21.278567567843407,21.012427613397463,21.03769874572754,29963000,0.0,0.0,-0.012638972525564673,20.925083446502686,18.80725580170041
2018-01-22 00:00:00-05:00,20.979257323521768,21.067707032884435,20.58202142427119,20.699691772460938,27230000,0.0,0.0,-0.01606672751387539,20.911144733428955,18.83066972475203
2018-01-23 00:00:00-05:00,20.670475025025986,20.881333929931987,20.383802714806386,20.7620849609375,35398000,0.0,0.0,0.003014208576746613,20.916554737091065,18.85435582721044
2018-01-24 00:00:00-05:00,20.609661562080703,20.791299784970366,20.217164478036263,20.28508186340332,45405000,0.0,0.0,-0.022974720430613327,20.8948766708374,18.874074474213614
2018-01-25 00:00:00-05:00,20.35457940194444,20.362476913059805,19.5064065912646,19.529308319091797,59520000,0.0,0.0,-0.037257603858874666,20.852191638946532,18.88934025688777
2018-01-26 00:00:00-05:00,19.697523210422904,19.81835228246721,19.367415341710267,19.80571746826172,49014000,0.0,0.0,0.01415355549995101,20.819299125671385,18.905183485576085
2018-01-29 00:00:00-05:00,19.607485960361647,19.703043861534386,19.22920536963333,19.38557243347168,50401000,0.0,0.0,-0.02121332062134651,20.76026620864868,18.918886169554696
2018-01-30 00:00:00-05:00,19.052309915743596,19.35082921482377,18.71746326976379,19.030986785888672,46002000,0.0,0.0,-0.018291213674493823,20.69740343093872,18.93194706477816
2018-01-31 00:00:00-05:00,19.74332729797142,19.991302838113924,19.33740453692661,19.587749481201172,80482000,0.0,0.0,0.029255587299620966,20.62245798110962,18.948360666396127
2018-02-01 00:00:00-05:00,19.089430692979615,19.419538576315716,18.803546167618187,18.8580379486084,66851000,0.0,0.0,-0.03725346463579671,20.499496364593504,18.960590820463878
2018-02-02 00:00:00-05:00,18.698511162243317,18.7924889940311,18.486862962745487,18.596635818481445,58352000,0.0,0.0,-0.013861576206354087,20.363109397888184,18.971673004210942
2018-02-05 00:00:00-05:00,18.53345818696044,19.269488867951967,17.974326963183785,18.013813018798828,70776000,0.0,0.0,-0.031340227628881334,20.1912633895874,18.9797938967508
2018-02-06 00:00:00-05:00,17.81795492217731,18.985180721014622,17.761093752474576,18.983600616455078,77744000,0.0,0.0,0.053835775726338575,20.065340328216553,18.991640219612727
2018-02-07 00:00:00-05:00,18.855665156832796,19.198409299656344,18.716673181606794,18.74668312072754,40475000,0.0,0.0,-0.012480113784219538,19.942457675933838,19.002746158176
2018-02-08 00:00:00-05:00,18.747474767102233,18.83671379013401,18.125164984907812,18.12990379333496,43200000,0.0,0.0,-0.032900717605378826,19.811125087738038,19.011103365156387
2018-02-09 00:00:00-05:00,18.384197491535037,18.72615239177476,17.867712541007997,18.598215103149414,43282000,0.0,0.0,0.02583087671908202,19.70056266784668,19.021795344731164
2018-02-12 00:00:00-05:00,18.784592335159154,19.38636982076541,18.756162495798407,19.30107879638672,35063000,0.0,0.0,0.037791997207209604,19.62202377319336,19.03522114526658
2018-02-13 00:00:00-05:00,19.033355122410097,19.42980173170297,18.958331028801794,19.4163761138916,23719000,0.0,0.0,0.005973620372270005,19.553356552124022,19.048738714248415
2018-02-14 00:00:00-05:00,19.34846498333361,19.63671744416645,19.22842518970003,19.558534622192383,25491000,0.0,0.0,0.0073215777994264375,19.48168840408325,19.063244539593892
2018-02-15 00:00:00-05:00,19.68645946443894,19.888631477356547,19.303440068585353,19.887842178344727,25540000,0.0,0.0,0.016837026010051437,19.410730648040772,19.078854303511363
2018-02-16 00:00:00-05:00,19.84362543463113,19.930495056568986,19.588541664156082,19.655668258666992,32639000,0.0,0.0,-0.011674163420833161,19.341629123687746,19.092869660210987
2018-02-20 00:00:00-05:00,19.644609273953627,20.196632196250253,19.54747274917815,19.713315963745117,41693000,0.0,0.0,0.0029328794279332993,19.292310333251955,19.106428380996462
2018-02-21 00:00:00-05:00,19.939971632480187,20.01736513947827,19.620918481491778,19.63434410095215,28156000,0.0,0.0,-0.00400601618409635,19.235923290252686,19.1189545374068
2018-02-22 00:00:00-05:00,19.673834603844572,19.988147487217528,19.606706496498305,19.691997528076172,19342000,0.0,0.0,0.002936356153665942,19.20626907348633,19.131276123107426
2018-02-23 00:00:00-05:00,19.91233195499178,20.1405644830909,19.766230239494412,20.036319732666016,18280000,0.0,0.0,0.01748538735590044,19.23161964416504,19.14606437228975
2018-02-26 00:00:00-05:00,19.89811307222768,20.093967734475207,19.82229967619633,19.97629737854004,28878000,0.0,0.0,-0.0029956775958270843,19.240148639678956,19.16067896192036
2018-02-27 00:00:00-05:00,19.90837913622479,20.19110339681404,19.8759997936444,19.886266708374023,21176000,0.0,0.0,-0.0045068747456039615,19.26518335342407,19.174041906992596
2018-02-28 00:00:00-05:00,20.065537770163882,20.0979156076241,19.42585292505664,19.463760375976562,28834000,0.0,0.0,-0.021246136270491878,19.286822032928466,19.18645049655248
2018-03-01 00:00:00-05:00,19.416375275370733,19.673828393959845,19.057046831950203,19.21499252319336,26044000,0.0,0.0,-0.012781078680471625,19.268184185028076,19.196577995542494
2018-03-02 00:00:00-05:00,18.98755273934015,19.83651644199553,18.97175922179727,19.812034606933594,27402000,0.0,0.0,0.031071679211926773,19.315884017944335,19.20841391881307
2018-03-05 00:00:00-05:00,19.735425553469064,19.84914788963883,19.22367805329714,19.504823684692383,25900000,0.0,0.0,-0.015506278296813392,19.361293411254884,19.218714161524698
2018-03-06 00:00:00-05:00,19.688838499739116,19.84599493883626,19.531682060641973,19.81914520263672,30030000,0.0,0.0,0.016115065843482546,19.451560020446777,19.230378521813286
2018-03-07 00:00:00-05:00,19.63987278684697,19.695944670514297,19.295549997978437,19.510356903076172,31549000,0.0,0.0,-0.01558030361064544,19.47789783477783,19.240414929768395
2018-03-08 00:00:00-05:00,19.605910182783777,19.60906888559413,19.42111175856561,19.50245475769043,33554000,0.0,0.0,-0.0004050231077267208,19.515686416625975,19.250303162468803
2018-03-09 00:00:00-05:00,19.63118191051036,20.08132946008486,19.55615782101331,20.04184341430664,30782000,0.0,0.0,0.027657475088027628,19.611283397674562,19.261600350576735
2018-03-12 00:00:00-04:00,20.58439564987927,20.872648078303143,20.503052626652735,20.757347106933594,53881000,0.0,0.0,0.03570049310515011,19.71923999786377,19.274402943868484
2018-03-13 00:00:00-04:00,21.040856811081966,21.626839176419143,20.551223176707115,20.629405975341797,66855000,0.0,0.0,-0.006163655255784661,19.785656356811522,19.28666711988903
2018-03-14 00:00:00-04:00,20.69100573257559,20.717855462276862,20.150037529183965,20.579652786254883,39619000,0.0,0.0,-0.002411760626863657,19.84382019042969,19.299379295772976
2018-03-15 00:00:00-04:00,20.82763262745479,21.235924840325694,20.809469704147894,21.14589500427246,57990000,0.0,0.0,0.027514663337554923,19.92318820953369,19.3138528172932
2018-03-16 00:00:00-04:00,20.76997665777242,20.81736172084621,20.09159662213442,20.1279239654541,113955000,0.0,0.0,-0.048140361929002395,19.93519229888916,19.325074067191473
2018-03-19 00:00:00-04:00,19.98814236034965,20.2558624090616,19.17234890798906,19.344511032104492,71267000,0.0,0.0,-0.03892169578413518,19.919634437561037,19.333550869472443
2018-03-20 00:00:00-04:00,19.356359702593124,19.589331042279586,19.054681663154824,19.139972686767578,61918000,0.0,0.0,-0.010573456470285514,19.890967273712157,19.341197498260982
2018-03-21 00:00:00-04:00,19.277795735895985,20.07990158381241,19.236127840093783,19.71210289001465,54912000,0.35,0.0,0.029891902805201598,19.894855213165282,19.352726103767516
2018-03-22 00:00:00-04:00,19.393981631437637,19.76979504487684,19.351512875564183,19.517383575439453,43078000,0.0,0.0,-0.009878160420613069,19.886124515533446,19.363049749344114
2018-03-23 00:00:00-04:00,19.502156007567628,19.649596105345232,19.26416929737841,19.430038452148438,59070000,0.0,0.0,-0.004475247563455742,19.85581045150757,19.373199674818252
2018-03-26 00:00:00-04:00,19.845922649903024,19.938873413616374,19.272188542821876,19.850730895996094,48713000,0.0,0.0,0.021651652665727994,19.84953212738037,19.384367594643244
2018-03-27 00:00:00-04:00,19.878775872303216,20.373180017930295,19.359529632041074,19.581491470336914,63917000,0.0,0.0,-0.01356319961566177,19.834293365478516,19.394442376636324
2018-03-28 00:00:00-04:00,19.558247402077868,19.786619137131563,18.878739777433125,18.965280532836914,41744000,0.0,0.0,-0.03146905017084467,19.809369373321534,19.401485291738357
2018-03-29 00:00:00-04:00,19.07826752869234,19.2986260607284,18.811432862124317,18.882749557495117,46874000,0.0,0.0,-0.004351687558689199,19.79275722503662,19.408089577205597
2018-04-02 00:00:00-04:00,18.746532859214945,18.920415304856764,18.064622365327587,18.24411392211914,53088000,0.0,0.0,-0.03382111452738534,19.7143611907959,19.4125516528175
2018-04-03 00:00:00-04:00,18.49892723356107,18.989325492993473,18.206451097515014,18.973299026489258,45569000,0.0,0.0,0.039968238933547395,19.687784957885743,19.42024076552618
2018-04-04 00:00:00-04:00,18.434016118609126,19.06464351742077,18.389945638755673,18.990121841430664,37720000,0.0,0.0,0.0008866573450363457,19.64633378982544,19.42804603728037
2018-04-05 00:00:00-04:00,19.29221695658736,19.365936249366644,18.830665162698907,18.935636520385742,35798000,0.0,0.0,-0.0028691401508573744,19.617597770690917,19.43558569559975
2018-04-06 00:00:00-04:00,18.728898410248327,18.95406519274944,18.25051929656872,18.33946418762207,30248000,0.0,0.0,-0.03148414536378774,19.5594482421875,19.44132459731329
2018-04-09 00:00:00-04:00,18.428409100071885,19.204072559000117,18.370716273221582,18.809831619262695,37494000,0.0,0.0,0.025647828465898748,19.497847652435304,19.44881579989479
2018-04-10 00:00:00-04:00,19.196059037884726,19.3563206238452,19.04381221242681,19.211284637451172,33244000,0.0,0.0,0.021342722588614693,19.42054452896118,19.457668554215203
2018-04-11 00:00:00-04:00,19.080675269127873,19.28901475677994,18.997339474067047,19.256961822509766,19922000,0.0,0.0,0.0023776226275649126,19.35192232131958,19.46677354782347
2018-04-12 00:00:00-04:00,19.345906138490342,19.44286427482352,18.998940624595907,19.185646057128906,41036000,0.0,0.0,-0.003703375747336035,19.28222198486328,19.47574065223573
2018-04-13 00:00:00-04:00,20.032621268875754,20.19288285037384,19.623955611586563,19.78742218017578,48312000,0.0,0.0,0.031365955634486964,19.21429834365845,19.489673735603454
2018-04-16 00:00:00-04:00,19.959703149055354,20.02380747695643,19.686458508690805,19.982139587402344,25172000,0.0,0.0,0.009840463575980118,19.20700912475586,19.503724976191446
2018-04-17 00:00:00-04:00,20.103940289494716,20.26099537370865,20.00377717155929,20.17205047607422,25084000,0.0,0.0,0.009504031729995699,19.248386096954345,19.5177425505623
2018-04-18 00:00:00-04:00,20.112755721813226,20.166442704192452,19.829093679634298,19.999771118164062,20511000,0.0,0.0,-0.008540498057671098,19.29137601852417,19.531314206501794
2018-04-19 00:00:00-04:00,19.51498629012464,19.734544042400188,19.284210314315608,19.46049690246582,50141000,0.0,0.0,-0.026964019363624914,19.27879571914673,19.542582254561168
2018-04-20 00:00:00-04:00,19.32907463313394,19.35952430183992,18.831464108298384,19.000539779663086,41530000,0.0,0.0,-0.02363542540090302,19.25295352935791,19.5506110494099
2018-04-23 00:00:00-04:00,19.070257618293486,19.096701441495007,18.599891666551983,18.706464767456055,31337000,0.0,0.0,-0.01547719252280344,19.21677484512329,19.557642671797012
2018-04-24 00:00:00-04:00,18.889962511784628,18.920412185630127,18.164782506453406,18.30100440979004,44889000,0.0,0.0,-0.021674878856394186,19.13928852081299,19.561960061391193
2018-04-25 00:00:00-04:00,18.349882125854492,18.51815695163724,18.098273044471846,18.349882125854492,34023000,0.0,0.0,0.002670766859020457,19.077708053588868,19.565866273546977
2018-04-26 00:00:00-04:00,18.510146875674355,18.580661193991926,18.293794146359513,18.46367073059082,32751000,0.0,0.0,0.006201053715544136,19.052627563476562,19.570693333943684
2018-04-27 00:00:00-04:00,18.716085930334494,18.766567938099524,18.486110811036536,18.652782440185547,27211000,0.0,0.0,0.010242367964318433,19.041129207611085,19.575835500444686
2018-04-30 00:00:00-04:00,18.63675157231593,18.76015353499563,18.295396687478487,18.3835391998291,39682000,0.0,0.0,-0.014434481355252826,19.048100471496582,19.58061315142919
2018-05-01 00:00:00-04:00,18.49812308169004,18.49812308169004,18.138337654574038,18.46046257019043,44947000,0.0,0.0,0.004184361320481944,19.022458648681642,19.585538591657365
2018-05-02 00:00:00-04:00,18.694440733177505,18.705658951355915,18.173592924135942,18.32904624938965,52950000,0.0,0.0,-0.007118798908809065,18.98940486907959,19.588667438143776
2018-05-03 00:00:00-04:00,18.14876070224531,18.260142070570826,17.843463020587485,18.04939842224121,58011000,0.0,0.0,-0.015257085575729246,18.945092964172364,19.590856408315993
2018-05-04 00:00:00-04:00,17.92118672906655,18.59748806119375,17.787368936403226,18.471683502197266,51303000,0.0,0.0,0.023396075042351416,18.95170392990112,19.59518419750153
2018-05-07 00:00:00-04:00,18.534181791356378,18.982913638852082,18.510143622347268,18.90839195251465,36953000,0.0,0.0,0.02364204920820745,18.95663194656372,19.600303309304373
2018-05-08 00:00:00-04:00,18.88996130063365,19.147981882809017,18.816242007650867,19.13916778564453,40149000,0.0,0.0,0.012204942319232526,18.95302610397339,19.606761175488668
2018-05-09 00:00:00-04:00,18.894775462242368,19.16161022513555,18.75454767169863,19.075069427490234,35031000,0.0,0.0,-0.003349067152354168,18.94393148422241,19.61192112120371
2018-05-10 00:00:00-04:00,19.209685450173545,19.530207161644686,19.11993967663524,19.5125789642334,25747000,0.0,0.0,0.022936196295707534,18.960278129577638,19.617931146470326
2018-05-11 00:00:00-04:00,19.478119043592027,19.591904492979562,19.35952534931506,19.50215721130371,24052000,0.0,0.0,-0.0005341043307904858,18.946014881134033,19.623973899417454
2018-05-14 00:00:00-04:00,19.734542094523253,19.906020418985435,19.535817550552643,19.612743377685547,27580000,0.0,0.0,0.005670458154123592,18.927545070648193,19.628951927972217
2018-05-15 00:00:00-04:00,19.416418725613557,19.58709613452138,19.11112115915636,19.35792350769043,24984000,0.0,0.0,-0.0129925663681012,18.886838722229005,19.63197094296652
2018-05-16 00:00:00-04:00,19.402797154509972,19.40840626428193,19.150385686404185,19.272184371948242,29330000,0.0,0.0,-0.004429149423393786,18.850459384918214,19.63414031740219
2018-05-17 00:00:00-04:00,19.080667541200377,19.364329475458824,19.07105105346692,19.187240600585938,22825000,0.0,0.0,-0.00440758399374519,18.83679656982422,19.63890564630902
2018-05-18 00:00:00-04:00,19.220102286314358,19.281001639099305,18.901182313228574,18.909997940063477,25262000,0.0,0.0,-0.01444932423029055,18.83226947784424,19.64057014858912
2018-05-21 00:00:00-04:00,19.18805132522793,19.27138712936023,18.96448773931926,19.15519905090332,25720000,0.0,0.0,0.012966744450053636,18.8547061920166,19.644306803506517
2018-05-22 00:00:00-04:00,19.250552631848183,19.34109927095377,19.037404889691945,19.11032485961914,19218000,0.0,0.0,-0.002342663794039912,18.895172214508058,19.646543972075932
2018-05-23 00:00:00-04:00,18.92922621514147,19.281800821630583,18.913201277676254,19.27619171142578,23454000,0.0,0.0,0.008679436536273899,18.94148769378662,19.650007422008212
2018-05-24 00:00:00-04:00,19.30023065715216,19.580687684817747,19.23131807945278,19.514179229736328,22799000,0.0,0.0,0.012346189635034754,18.994013118743897,19.653470501067147
2018-05-25 00:00:00-04:00,19.55504603273472,20.08711370885527,19.55504603273472,20.0350284576416,32214000,0.0,0.0,0.026690808861260518,19.0631254196167,19.65861143384661
2018-05-29 00:00:00-04:00,19.92365103252716,20.121573192011947,19.910028686350834,20.007787704467773,28281000,0.0,0.0,-0.0013596563254911764,19.144337844848632,19.66353620801653
2018-05-30 00:00:00-04:00,20.12717662359628,20.195286806889,19.9789356441485,19.98454475402832,26844000,0.0,0.0,-0.0011616951750373916,19.220541954040527,19.66879791683621
2018-05-31 00:00:00-04:00,19.973327162145747,20.456513020102268,19.952492451441284,20.19849395751953,34698000,0.0,0.0,0.010705733161526565,19.31401433944702,19.675013587588357
2018-06-01 00:00:00-04:00,20.382793845772763,20.649628535773747,20.236154590313372,20.540651321411133,26360000,0.0,0.0,0.01693974633015749,19.43857698440552,19.68409676778884
2018-06-04 00:00:00-04:00,20.673666926202042,20.782645670095082,20.531835914554303,20.70331573486328,25886000,0.0,0.0,0.007919145839479391,19.55015859603882,19.687669163658505
2018-06-05 00:00:00-04:00,20.7906640721077,20.942111623294952,20.676880102919895,20.774639129638672,42374000,0.0,0.0,0.0034450228016029705,19.64347095489502,19.692240858834886
2018-06-06 00:00:00-04:00,20.893226983382515,21.136824398470747,20.810693579702225,21.115989685058594,37465000,0.0,0.0,0.016431118407872924,19.742312049865724,19.697657691107857
2018-06-07 00:00:00-04:00,21.074318432845523,21.353173726363856,21.067908458216355,21.208938598632812,46077000,0.0,0.0,0.004401826055067115,19.849005508422852,19.703313721550835
2018-06-08 00:00:00-04:00,20.57271085157768,20.82832742238446,20.3323198875248,20.67127227783203,73694000,0.0,0.0,-0.02535093014204115,19.906940174102782,19.70662929141332
2018-06-11 00:00:00-04:00,20.66244813066522,20.978163076520477,20.539047710815517,20.900436401367188,31859000,0.0,0.0,0.01108611605783505,19.976854133605958,19.71443872603159
2018-06-12 00:00:00-04:00,20.860376232162725,20.9725584560405,20.705723713501357,20.948518753051758,27594000,0.0,0.0,0.0023005429533244914,20.043642902374266,19.722645827702113
2018-06-13 00:00:00-04:00,20.974961229306324,21.320323506333686,20.890823038444637,21.120798110961914,34868000,0.0,0.0,0.008223939837515237,20.131786632537843,19.73145319923522
2018-06-14 00:00:00-04:00,21.234581140680564,21.560711924676003,21.16246357302769,21.51183319091797,37042000,0.0,0.0,0.018514218918323166,20.243769073486327,19.74255326437572
2018-06-15 00:00:00-04:00,21.638441846664826,21.78027288053048,21.341157433812935,21.653667449951172,60969000,0.0,0.0,0.0065933134463447285,20.36709041595459,19.754690594143337
2018-06-18 00:00:00-04:00,21.555103456252386,21.555103456252386,21.172881559006516,21.194517135620117,30191000,0.0,0.0,-0.021204274767417708,20.481316375732423,19.765545353056893
2018-06-19 00:00:00-04:00,20.788492276359168,21.20507456266736,20.638263373563618,21.19045639038086,36221000,0.35,0.0,-0.00019159413792135815,20.583079242706297,19.77486474930294
2018-06-20 00:00:00-04:00,21.23512058547932,21.43975797128359,21.173404573075864,21.212383270263672,24951000,0.0,0.0,0.0010347526017782105,20.688182163238526,19.78463079815819
2018-06-21 00:00:00-04:00,21.241616749062974,21.322008951767167,20.986632024290646,21.084890365600586,18186000,0.0,0.0,-0.0060103055389258975,20.778617095947265,19.792300360543386
2018-06-22 00:00:00-04:00,21.20913454195258,21.235119822856756,21.02885923558082,21.089763641357422,52412000,0.0,0.0,0.00023112644516221081,20.85739631652832,19.80032409940447
2018-06-25 00:00:00-04:00,20.82259780921413,20.82259780921413,20.336178833603164,20.497777938842773,29705000,0.0,0.0,-0.02806981209375692,20.88053379058838,19.80562042054676
2018-06-26 00:00:00-04:00,20.54487267378185,20.675613755439038,20.3459212108343,20.426313400268555,24233000,0.0,0.0,-0.0034864529602887107,20.901460075378417,19.81141139590551
2018-06-27 00:00:00-04:00,20.470982247804365,20.72028267399452,20.045467618518632,20.06658172607422,24720000,0.0,0.0,-0.017611189407757077,20.905561923980713,19.818075460100932
2018-06-28 00:00:00-04:00,19.9991769198389,20.083630233495526,19.673543925246054,19.887113571166992,33238000,0.0,0.0,-0.00894363361718098,20.889992904663085,19.822253855447922
2018-06-29 00:00:00-04:00,20.053585850216944,20.053585850216944,19.697907971980158,19.70359230041504,42794000,0.0,0.0,-0.009228150183545392,20.84813995361328,19.82787747610183
2018-07-02 00:00:00-04:00,19.496518519604113,19.669484720523073,19.27970090356764,19.65567970275879,33369000,0.0,0.0,-0.00243166814080098,20.795758152008055,19.8336179218595
2018-07-03 00:00:00-04:00,19.7620589738977,19.764495335752983,19.40800432895263,19.431554794311523,11591000,0.0,0.0,-0.011402551925782989,20.7286039352417,19.839489066411577
2018-07-05 00:00:00-04:00,19.63457072863661,19.944774010578517,19.544433069004043,19.92772102355957,25299000,0.0,0.0,0.025534046786276576,20.66919050216675,19.84675551974584
2018-07-06 00:00:00-04:00,19.88710986210125,20.187569127420723,19.84813117862746,20.11285972595215,23112000,0.0,0.0,0.009290510549284425,20.614386558532715,19.853693152230882
2018-07-09 00:00:00-04:00,20.220057130382454,20.238734874246003,19.938275507892392,20.092565536499023,17955000,0.0,0.0,-0.0010090156113871096,20.585451221466066,19.859130193316748
2018-07-10 00:00:00-04:00,20.16646159979679,20.44743161493404,20.061707321865885,20.346736907958984,16413000,0.0,0.0,0.012650020775009985,20.557766246795655,19.864909247746542
2018-07-11 00:00:00-04:00,19.891173170878837,20.101493285784898,19.70115245523604,19.768552780151367,35761000,0.0,0.0,-0.028416553004204315,20.498767948150636,19.868666762397403
2018-07-12 00:00:00-04:00,16.815935991722522,17.07579181256248,16.03474377205569,17.051429748535156,435083000,0.0,0.0,-0.13744673481330105,20.295299530029297,19.859927449907577
2018-07-13 00:00:00-04:00,17.256071395093706,17.377878648109952,16.395298385067214,16.440773010253906,161678000,0.0,0.0,-0.035812641361274156,20.041746520996092,19.848488928779723
2018-07-16 00:00:00-04:00,16.370937608409736,16.759098259584203,16.28404792176421,16.504926681518555,102277000,0.0,0.0,0.0039021079619940835,19.784309482574464,19.836381026676722
2018-07-17 00:00:00-04:00,16.420471393420176,16.979161835710794,16.40423001398002,16.915821075439453,110827000,0.0,0.0,0.024895257146522187,19.57037467956543,19.826297434549485
2018-07-18 00:00:00-04:00,16.82730905077526,17.043315071554716,16.7793980631818,16.953989028930664,80834000,0.0,0.0,0.002256346488946237,19.35855131149292,19.815788624778627
2018-07-19 00:00:00-04:00,16.914194675545303,17.173238897947112,16.893893729506964,17.083101272583008,63247000,0.0,0.0,0.007615449286419995,19.152087211608887,19.804700745476616
2018-07-20 00:00:00-04:00,17.06117722567821,17.151314859792965,16.9523618520317,17.07985496520996,62893000,0.0,0.0,-0.00019003033004649783,18.951835441589356,19.793900739578973
2018-07-23 00:00:00-04:00,17.086350720400844,17.75466808250311,17.085539116170512,17.5987548828125,82211000,0.0,0.0,0.030380815215321766,18.777285003662108,19.785259080311608
2018-07-24 00:00:00-04:00,17.68646438277552,17.896784592143987,17.54029501243513,17.64910888671875,81158000,0.0,0.0,0.0028612253674507038,18.63485155105591,19.776842041621133
2018-07-25 00:00:00-04:00,17.679149298475593,18.567532330307134,17.679149298475593,18.349903106689453,92271000,0.0,0.0,0.039707059686059365,18.53103103637695,19.770812155708434
2018-07-26 00:00:00-04:00,18.39294230824656,18.658482531721333,17.992601413235896,18.123342514038086,85069000,0.0,0.0,-0.012346691496631146,18.433869075775146,19.763042994907924
2018-07-27 00:00:00-04:00,18.1907411493773,18.619505231404652,17.870794007102187,17.950374603271484,79443000,0.0,0.0,-0.009543929914287208,18.337032127380372,19.756466373564706
2018-07-30 00:00:00-04:00,17.9552499336735,18.51637685674096,17.95037720903566,18.28656578063965,75275000,0.0,0.0,0.018728922643591606,18.266180801391602,19.75140366478572
2018-07-31 00:00:00-04:00,18.407556648873967,18.58296075031441,17.990162820582036,18.008840560913086,63860000,0.0,0.0,-0.01518739073580433,18.183838844299316,19.74638917711046
2018-08-01 00:00:00-04:00,18.12984360513775,18.18506214668899,17.556536334666653,17.60525894165039,42669000,0.0,0.0,-0.02241019447629744,18.09252405166626,19.739236778683132
2018-08-02 00:00:00-04:00,17.39980369778333,17.723811938838207,17.316975140594483,17.568710327148438,40312000,0.0,0.0,-0.0020760055062574168,17.9745735168457,19.730398374890523
2018-08-03 00:00:00-04:00,17.519993010642217,17.702703163810696,17.41036598942293,17.687274932861328,24832000,0.0,0.0,0.006748623177517787,17.85329427719116,19.722982330927774
2018-08-06 00:00:00-04:00,17.591452078256285,17.72787598308069,17.528924455211765,17.6174373626709,22638000,0.0,0.0,-0.003948464105156035,17.729537868499754,19.715636435009184
2018-08-07 00:00:00-04:00,17.801772590565943,18.014529124975557,17.632865930181143,17.89028549194336,29798000,0.0,0.0,0.015487390342626695,17.606715297698976,19.708359377724783
2018-08-08 00:00:00-04:00,17.90895754814366,17.96498766678985,17.7798412316106,17.82125473022461,15801000,0.0,0.0,-0.0038585612146792014,17.509350395202638,19.70114324963282
2018-08-09 00:00:00-04:00,17.87728391576573,17.885404603292404,17.535411179865523,17.587383270263672,27563000,0.0,0.0,-0.013123175865069392,17.536148071289062,19.693678091442774
2018-08-10 00:00:00-04:00,17.281243589523466,17.416855849122953,17.090411261861927,17.23414421081543,37017000,0.0,0.0,-0.020084799086939276,17.57581663131714,19.687434249454075
2018-08-13 00:00:00-04:00,17.187052026085063,17.376259658476098,17.08960527069347,17.140764236450195,29842000,0.0,0.0,-0.005418312230823341,17.60760850906372,19.6797470743694
2018-08-14 00:00:00-04:00,17.18136380910019,17.18136380910019,16.796451148473288,16.833805084228516,36327000,0.0,0.0,-0.017908136882772374,17.603507709503173,19.66875201936752
2018-08-15 00:00:00-04:00,16.657593332431638,16.856544849863134,16.4659493530246,16.775341033935547,41132000,0.0,0.0,-0.0034730145680339497,17.594575309753417,19.65666301666744
2018-08-16 00:00:00-04:00,16.87197029841209,16.960483178513364,16.784269022580038,16.946678161621094,29239000,0.0,0.0,0.010213630073984348,17.58775415420532,19.645337627047585
2018-08-17 00:00:00-04:00,16.888214257047196,17.1496933670889,16.688449607019777,16.9937801361084,39093000,0.0,0.0,0.00277942225833816,17.583450412750246,19.636205211518302
2018-08-20 00:00:00-04:00,17.010828217863562,17.053054867088107,16.716866430473136,16.78670310974121,54489000,0.0,0.0,-0.012185459898188866,17.54284782409668,19.625500747135707
2018-08-21 00:00:00-04:00,16.85166623656458,17.169988523961784,16.81837188131988,17.09446907043457,29952000,0.0,0.0,0.018333913376639366,17.515115833282472,19.61594005614992
2018-08-22 00:00:00-04:00,17.089601344842716,17.191919252851534,16.844362078046228,16.853294372558594,26890000,0.0,0.0,-0.014108346792302329,17.440285396575927,19.603695294213672
2018-08-23 00:00:00-04:00,16.868721812130413,16.978348790754648,16.669768803027978,16.694942474365234,35578000,0.0,0.0,-0.009395901756228509,17.368865394592284,19.590285762907968
2018-08-24 00:00:00-04:00,16.75666039324988,16.993778964237073,16.621048123494738,16.971853256225586,20541000,0.0,0.0,0.016586507098514502,17.31993932723999,19.578554910326762
2018-08-27 00:00:00-04:00,17.07335841173693,17.407923690955453,16.941807270222323,17.29423713684082,28213000,0.0,0.0,0.018995207874365594,17.27032289505005,19.571036444769966
2018-08-28 00:00:00-04:00,17.429041577494246,17.53704538581457,17.261759661129652,17.41280174255371,24340000,0.0,0.0,0.0068557291527082675,17.24052095413208,19.564713992769757
2018-08-29 00:00:00-04:00,17.44365059371001,17.524042768263694,17.333210480917625,17.458267211914062,18125000,0.0,0.0,0.0026110369848892923,17.233171367645262,19.559043278769842
2018-08-30 00:00:00-04:00,17.456643683022055,17.616617988142377,17.427410444557214,17.593069076538086,26529000,0.0,0.0,0.007721377098182547,17.234389305114746,19.552577344198074
2018-08-31 00:00:00-04:00,17.54272808192387,17.809891540968543,17.528109908543016,17.78634262084961,27623000,0.0,0.0,0.01098577760768693,17.23934268951416,19.545002521030487
2018-09-04 00:00:00-04:00,17.750613174623176,17.888661836371956,17.63205386326299,17.81882667541504,36663000,0.0,0.0,0.0018263481851155117,17.24941215515137,19.53735197914971
2018-09-05 00:00:00-04:00,17.861048276919973,18.011277159226143,17.831001880913483,17.980419158935547,37194000,0.0,0.0,0.009068637709095606,17.253918838500976,19.531483695620583
2018-09-06 00:00:00-04:00,17.98691085142715,18.094101448463782,17.37137729699072,17.5378475189209,62509000,0.0,0.0,-0.024614089143450757,17.23974847793579,19.523756852225652
2018-09-07 00:00:00-04:00,18.20617508239511,19.116484068844414,18.18993369816075,18.886672973632812,104703000,0.0,0.0,0.07690940711262995,17.304712963104247,19.52225993171571
2018-09-10 00:00:00-04:00,19.055576747766608,19.56635627782927,18.843631827064904,19.538747787475586,60880000,0.0,0.0,0.03452565810575092,17.419943141937257,19.524107130746994
2018-09-11 00:00:00-04:00,19.30243858096993,19.464847733345238,18.709642154516747,18.884231567382812,60755000,0.0,0.0,-0.03349837088906593,17.507116508483886,19.522231548551527
2018-09-12 00:00:00-04:00,18.52286853174286,18.746182074030365,18.09491918807634,18.66822624206543,53077000,0.0,0.0,-0.011438396343882551,17.59883756637573,19.51968484454685
2018-09-13 00:00:00-04:00,18.976805504080357,19.42587051826725,18.76810857465701,19.117290496826172,43757000,0.0,0.0,0.02405500388402504,17.715935039520264,19.519199174547953
2018-09-14 00:00:00-04:00,19.096177465191033,19.252902284995848,18.976805030123515,19.191999435424805,28095000,0.0,0.0,0.003907925059308814,17.82820110321045,19.518789851476274
2018-09-17 00:00:00-04:00,19.489206135062506,19.513568200321995,19.027149341355944,19.06937599182129,36739000,0.0,0.0,-0.006389300083928462,17.931980895996094,19.51677774247669
2018-09-18 00:00:00-04:00,19.226461950570126,19.75007573412178,19.215825635962542,19.613445281982422,50511000,0.175,0.0,0.028531048440939122,18.073318004608154,19.516834342290483
2018-09-19 00:00:00-04:00,19.67399270411702,19.839258216469553,19.616721071075926,19.7819881439209,31160000,0.0,0.0,0.00859323079221097,18.20769395828247,19.517578442891438
2018-09-20 00:00:00-04:00,19.88016053022978,20.12969569965939,19.77625672478352,20.038881301879883,39986000,0.0,0.0,0.012986215343472995,18.366973304748534,19.5214745203654
2018-09-21 00:00:00-04:00,20.153420930121705,20.353049997094065,20.05933418271917,20.298233032226562,135321000,0.0,0.0,0.012942425599494323,18.547137832641603,19.527187438238236
2018-09-24 00:00:00-04:00,20.29414555294452,20.46186569964273,20.23360313506335,20.4086856842041,45326000,0.0,0.0,0.005441490981120234,18.71897945404053,19.533693540663947
2018-09-25 00:00:00-04:00,20.370232065938808,20.400502492361603,20.110060575325626,20.261417388916016,47037000,0.0,0.0,-0.007215961751131705,18.867338466644288,19.540776472243053
2018-09-26 00:00:00-04:00,20.09697686200443,20.294151356334307,20.028252763596086,20.079795837402344,33428000,0.0,0.0,-0.008963911459275664,19.00068817138672,19.54659076720949
2018-09-27 00:00:00-04:00,20.101064866561078,20.280239045468317,20.037248529139468,20.163244247436523,29572000,0.0,0.0,0.004155839566791997,19.135937023162843,19.5517057237171
2018-09-28 00:00:00-04:00,20.088794284447555,20.20578908906185,19.95052684599839,20.186153411865234,26739000,0.0,0.0,0.001136184442720456,19.2655912399292,19.55617686680385
2018-10-01 00:00:00-04:00,20.280244670467077,20.628776067151716,20.263063644182875,20.413602828979492,27709000,0.0,0.0,0.011267595785761086,19.396954250335693,19.56167513226706
2018-10-02 00:00:00-04:00,20.38332042195457,20.593584242273888,20.283506668714416,20.298233032226562,24888000,0.0,0.0,-0.00565161366758582,19.52092456817627,19.567360015142533
2018-10-03 00:00:00-04:00,20.356332434807353,20.562504747112918,20.21152026095295,20.406238555908203,19607000,0.0,0.0,0.005320932295444836,19.642215538024903,19.57377545038859
2018-10-04 00:00:00-04:00,20.180419425363663,20.431589970215263,20.14278504062382,20.303958892822266,25660000,0.0,0.0,-0.005012176193359474,19.78052110671997,19.579006747593954
2018-10-05 00:00:00-04:00,20.321966638716095,20.457777864922928,19.83189551717285,19.981616973876953,33860000,0.0,0.0,-0.015875816171951773,19.83526830673218,19.582438983614484
2018-10-08 00:00:00-04:00,19.9063423191723,20.078971769092064,19.666625748967785,19.747621536254883,33397000,0.0,0.0,-0.011710535635228392,19.845711994171143,19.584298232245068
2018-10-09 00:00:00-04:00,19.683809192731665,20.104336925274286,19.665810473449085,20.02006721496582,24675000,0.0,0.0,0.013796379387297497,19.902503776550294,19.587026913960774
2018-10-10 00:00:00-04:00,19.875254138063568,20.05033825547629,18.951565963024283,18.967111587524414,56327000,0.0,0.0,-0.05259500960387775,19.917448043823242,19.585711070469447
2018-10-11 00:00:00-04:00,18.978566275411488,19.275552942494034,18.587491280994012,18.727394104003906,37424000,0.0,0.0,-0.012638586661670836,19.897953224182128,19.582071024274068
2018-10-12 00:00:00-04:00,19.206825071185232,19.281276147777454,18.74457142915258,19.058740615844727,32589000,0.0,0.0,0.017693145666752397,19.891290283203126,19.580262630704848
2018-10-15 00:00:00-04:00,18.901663425906015,19.253467123088605,18.82066605670452,19.01947593688965,30099000,0.0,0.0,-0.0020601927350034632,19.88879528045654,19.578541293976798
2018-10-16 00:00:00-04:00,19.308282136135848,19.534090094252512,19.159378373453315,19.498092651367188,30355000,0.0,0.0,0.025164558480248456,19.883027648925783,19.579120787363205
2018-10-17 00:00:00-04:00,19.614272438682917,19.614272438682917,19.138109909191378,19.404006958007812,20262000,0.0,0.0,-0.004825379335387292,19.864128589630127,19.58058780337137
2018-10-18 00:00:00-04:00,19.26164401367377,19.375366454550296,18.53349331286637,18.655397415161133,37442000,0.0,0.0,-0.038580152257559175,19.79495439529419,19.578654531448606
2018-10-19 00:00:00-04:00,18.81738832259426,18.90656576858406,18.56621774501829,18.676666259765625,32231000,0.0,0.0,0.0011400906735552496,19.713876056671143,19.576715355827695
2018-10-22 00:00:00-04:00,18.86320573050786,19.016199514767543,18.65703349028032,18.704484939575195,25619000,0.0,0.0,0.0014894885105645184,19.6286660194397,19.57490216361152
2018-10-23 00:00:00-04:00,18.229145289936238,18.7797588541351,17.902704287038873,18.739669799804688,35990000,0.0,0.0,0.0018810921735163966,19.55257863998413,19.5732192463345
2018-10-24 00:00:00-04:00,18.522854176480905,18.523673434842628,17.822520919037455,17.893699645996094,37810000,0.0,0.0,-0.04514327962264364,19.44327383041382,19.567117698608882
2018-10-25 00:00:00-04:00,17.989423746371305,18.276593314578747,17.929699030251193,18.182506561279297,35193000,0.0,0.0,0.016140145470018963,19.34423694610596,19.56274125689552
2018-10-26 00:00:00-04:00,17.636800911415975,17.781613022728845,17.115641786562584,17.438810348510742,53324000,0.0,0.0,-0.04090174312667638,19.20686979293823,19.556054963005913
2018-10-29 00:00:00-04:00,17.687528779489085,17.892065636003526,17.036283815349204,17.303817749023438,28636000,0.0,0.0,-0.007740929386208517,19.05138053894043,19.545987515222457
2018-10-30 00:00:00-04:00,17.490360184607095,18.126878938627957,17.26291524414176,18.081880569458008,29697000,0.0,0.0,0.04496480671026948,18.940562915802,19.53641430536906
2018-10-31 00:00:00-04:00,18.408314261127956,18.46312966835542,18.13914341226319,18.284774780273438,28146000,0.0,0.0,0.011220857810450235,18.834489727020262,19.526811857072133
2018-11-01 00:00:00-04:00,18.421407642202446,19.163467003868288,18.303593591561903,18.807573318481445,36830000,0.0,0.0,0.02859201409316947,18.759670448303222,19.520722321101598
2018-11-02 00:00:00-04:00,18.43531687862062,18.487677640190896,17.815160038410642,18.062240600585938,40241000,0.0,0.0,-0.039629393185089956,18.663701629638673,19.511609735943022
2018-11-05 00:00:00-05:00,17.919063097236258,18.08923789098099,17.484626754444275,18.00660514831543,27609000,0.0,0.0,-0.0030802076830215297,18.5766508102417,19.4978774010189
2018-11-06 00:00:00-05:00,18.023786220421208,18.74866449178365,17.976333213431484,18.674213409423828,29464000,0.0,0.0,0.03707574279601822,18.5093581199646,19.485583267514667
2018-11-07 00:00:00-05:00,18.980197567679745,19.250186097785715,18.752752732029627,19.177371978759766,29004000,0.0,0.0,0.026944030160971577,18.519871139526366,19.47721600910974
2018-11-08 00:00:00-05:00,19.03910955735398,19.84989305739118,19.03910955735398,19.65599250793457,29796000,0.0,0.0,0.0249575661203687,18.5663010597229,19.47041178506518
2018-11-09 00:00:00-05:00,19.22646506664547,19.555360690952856,19.025200556838076,19.552906036376953,33611000,0.0,0.0,-0.005244531484024706,18.59100933074951,19.465303035009477
2018-11-12 00:00:00-05:00,18.89921043797605,18.970389193919683,18.022155772545325,18.296236038208008,50306000,0.0,0.0,-0.06427024176513663,18.55484733581543,19.45541919223846
2018-11-13 00:00:00-05:00,18.44840498661228,18.80266326194124,18.189052730607674,18.394407272338867,26697000,0.0,0.0,0.005365651925666404,18.499663066864013,19.44590934117635
2018-11-14 00:00:00-05:00,18.552316312090802,18.860757072539023,18.459047219266754,18.506500244140625,25411000,0.0,0.0,0.006093861582064708,18.454787731170654,19.437389124007453
2018-11-15 00:00:00-05:00,18.508131638387784,19.579086676618992,18.4786789040723,19.336097717285156,36694000,0.0,0.0,0.04482735591280651,18.488822746276856,19.43143247422718
2018-11-16 00:00:00-05:00,19.129922899876355,19.57008629808277,18.95238568420085,19.440000534057617,36005000,0.0,0.0,0.005373515292052877,18.526989459991455,19.423861427912637
2018-11-19 00:00:00-05:00,19.351640911861516,19.723897927205257,18.697941295135596,18.746212005615234,35326000,0.0,0.0,-0.035688709330378376,18.529075813293456,19.41361509050642
2018-11-20 00:00:00-05:00,18.321595027660987,18.742124368118915,18.210327225881027,18.630037307739258,32123000,0.0,0.0,-0.006197235891772568,18.523594188690186,19.401967540619864
2018-11-21 00:00:00-05:00,18.83538343308148,19.08819091854077,18.61366562715557,18.817384719848633,19926000,0.0,0.0,0.010056201660505915,18.569778442382812,19.390531070648677
2018-11-23 00:00:00-05:00,18.61939743861086,19.037470484012236,18.61939743861086,18.809207916259766,8066000,0.0,0.0,-0.0004345345387046784,18.601113510131835,19.379441942487443
2018-11-26 00:00:00-05:00,19.16264978205418,19.48418143411701,18.94420425649416,19.251827239990234,28714000,0.0,0.0,0.023532055453958867,18.69176435470581,19.367926900348966
2018-11-27 00:00:00-05:00,19.110289059793942,19.502181785497257,19.015384586886654,19.29437255859375,30406000,0.0,0.0,0.0022099366503320894,18.791292095184325,19.355883310711572
2018-11-28 00:00:00-05:00,19.34918604824204,19.471907848365603,18.949930958720866,19.244462966918945,31080000,0.0,0.0,-0.002586743441552075,18.849421215057372,19.34588941695198
2018-11-29 00:00:00-05:00,19.16673988796706,19.523452841726897,19.04319882701401,19.290279388427734,17920000,0.0,0.0,0.002380758641462144,18.89969644546509,19.337914156535316
2018-11-30 00:00:00-05:00,19.259194925746105,19.494819957436782,19.094747086165544,19.423641204833984,40083000,0.0,0.0,0.0069134206778909135,18.930499839782716,19.328463175940136
2018-12-03 00:00:00-05:00,20.0609675933679,20.21150667470454,19.75579782125257,19.804887771606445,35241000,0.0,0.0,0.019627965876839903,19.01763219833374,19.322511339944505
2018-12-04 00:00:00-05:00,19.67562896396127,19.727991290084795,18.946660493529347,18.984294891357422,36455000,0.0,0.0,-0.04143385661722754,19.06651668548584,19.31577820248074
2018-12-06 00:00:00-05:00,18.50977009452862,18.592402857406643,17.80370806736201,18.591585159301758,57859000,0.0,0.0,-0.020686032022945722,19.062385272979736,19.308096862974622
2018-12-07 00:00:00-05:00,19.148738117091405,19.494813139124453,18.367407508059472,18.699575424194336,78396000,0.0,0.0,0.0058085560734744135,19.038495445251463,19.300146700843932
2018-12-10 00:00:00-05:00,18.649670871972624,19.661718851140527,18.53185681721116,19.574176788330078,43344000,0.0,0.0,0.04677118834495797,19.03440465927124,19.295667179047115
2018-12-11 00:00:00-05:00,19.918615210548392,20.481500342238714,19.915341297969626,20.195148468017578,57730000,0.0,0.0,0.031724025301422376,19.06651678085327,19.294890895722403
2018-12-12 00:00:00-05:00,20.65331103673096,21.287374913446424,20.617313602403904,20.861120223999023,68703000,0.0,0.0,0.03297681901354288,19.19476099014282,19.296744899144247
2018-12-13 00:00:00-05:00,21.14583862048903,21.394554573058542,20.828397024236605,21.132747650146484,54355000,0.0,0.0,0.01302074975987999,19.331678009033205,19.300065933711945
2018-12-14 00:00:00-05:00,20.89221165092826,21.40191838530964,20.83248692755462,20.84885025024414,42727000,0.0,0.0,-0.013434003216348245,19.448795509338378,19.301223679194376
2018-12-17 00:00:00-05:00,20.780122373804957,21.37982415250914,20.70567129779989,20.791576385498047,56238000,0.0,0.0,-0.002747099435155831,19.521569442749023,19.302991609724742
2018-12-18 00:00:00-05:00,21.08921366391494,21.131379355907544,20.57083064295882,20.641931533813477,51849000,0.265,0.0,-0.0071973788283290485,19.581665992736816,19.302176377129932
2018-12-19 00:00:00-05:00,20.586539108677805,21.159490440220434,20.05079400646927,20.164060592651367,59728000,0.0,0.0,-0.023150495406852323,19.652558422088624,19.29933632744683
2018-12-20 00:00:00-05:00,20.206226878030606,20.545201908952652,19.714298506692046,19.998706817626953,75365000,0.0,0.0,-0.008200420459194446,19.72099189758301,19.29605633871896
2018-12-21 00:00:00-05:00,19.998706029654475,20.81307364784743,19.998706029654475,20.248390197753906,102138000,0.0,0.0,0.012484976273909876,19.79254217147827,19.293159212384904
2018-12-24 00:00:00-05:00,20.007806744944812,20.148357512130076,19.305879223708487,19.32985496520996,28494000,0.0,0.0,-0.04536337079506869,19.818574523925783,19.287905125390914
2018-12-26 00:00:00-05:00,19.65890444924112,20.54520083988888,19.305047890723788,20.51543617248535,36741000,0.0,0.0,0.06133420087265051,19.88175497055054,19.287098748343332
2018-12-27 00:00:00-05:00,20.25583161315851,20.770907805557947,20.01937636321124,20.739490509033203,37507000,0.0,0.0,0.010921256300089999,19.95401086807251,19.288513357677157
2018-12-28 00:00:00-05:00,20.91724503857985,21.335590380893517,20.765119602914513,20.96602439880371,28702000,0.0,0.0,0.010922828102833071,20.04008893966675,19.290507233332075
2018-12-31 00:00:00-05:00,21.31657727094502,21.371970304724577,20.747759079592026,21.023073196411133,26590000,0.0,0.0,0.0027210116959834885,20.12672863006592,19.292320100087966
2019-01-02 00:00:00-05:00,20.57413589117099,21.057794743871426,20.37901845973024,20.959409713745117,30346000,0.0,0.0,-0.003028267183928346,20.203517055511476,19.294983462681845
2019-01-03 00:00:00-05:00,20.219453173074868,20.383153324575858,19.04296270761445,19.095048904418945,68580000,0.0,0.0,-0.08895101697942998,20.1680251121521,19.28708025008913
2019-01-04 00:00:00-05:00,19.37036643008027,19.54894815834541,19.153752152124206,19.28272819519043,54248000,0.0,0.0,0.00982868866746145,20.18294677734375,19.279006670391748
2019-01-07 00:00:00-05:00,19.317457919708147,19.86229903066806,19.078522039313786,19.67544937133789,53433000,0.0,0.0,0.0203664736738558,20.237139987945557,19.272463314116948
2019-01-08 00:00:00-05:00,19.851546405811305,19.999538735037635,19.29430438276651,19.517532348632812,36795000,0.0,0.0,-0.008026094841580789,20.27803783416748,19.26479188222734
2019-01-09 00:00:00-05:00,19.71181880100019,20.394729932054197,19.664693640537216,20.36166000366211,52971000,0.0,0.0,0.043249712102484406,20.317411994934083,19.26026647809952
2019-01-10 00:00:00-05:00,20.30296160704927,20.716346024181956,20.20292391534523,20.629535675048828,29594000,0.0,0.0,0.013155885686065849,20.339131355285645,19.257985523768834
2019-01-11 00:00:00-05:00,20.622092605025486,20.910634077640903,20.612996837197763,20.71634292602539,20158000,0.0,0.0,0.004207911042881873,20.331892490386963,19.2578259498354
2019-01-14 00:00:00-05:00,20.51295681183746,20.799845622499728,20.330240392628674,20.74114418029785,25498000,0.0,0.0,0.0011971830337536016,20.31231231689453,19.257554841420006
2019-01-15 00:00:00-05:00,20.897405826182514,21.679529921827683,20.835399117071276,21.205791473388672,39247000,0.0,0.0,0.02240220158790418,20.330159378051757,19.258879979451496
2019-01-16 00:00:00-05:00,21.26449278950855,21.276895393720977,20.781660117140042,20.809770584106445,24484000,0.0,0.0,-0.01867512890425227,20.33106908798218,19.258959543137323
2019-01-17 00:00:00-05:00,20.674182443749547,21.276897015515672,20.563394773646436,21.10988998413086,35154000,0.0,0.0,0.014422042703999383,20.35446701049805,19.259427766951305
2019-01-18 00:00:00-05:00,21.424055416408645,21.656377513014302,21.24795424217315,21.563779830932617,34634000,0.0,0.0,0.02150128907080817,20.42445297241211,19.26044674525185
2019-01-22 00:00:00-05:00,21.330623601466094,21.451331709412997,21.074325844868724,21.35460090637207,37156000,0.0,0.0,-0.009700475807144282,20.492247676849367,19.261704293508377
2019-01-23 00:00:00-05:00,21.45795779496194,21.571224401313653,20.970990392160104,21.290950775146484,31771000,0.0,0.0,-0.002980628460567125,20.544375705718995,19.26405055939205
2019-01-24 00:00:00-05:00,21.58610628607402,22.054057420871143,21.495989103759623,21.789491653442383,35999000,0.0,0.0,0.02341562307672329,20.667357540130617,19.268127570076594
2019-01-25 00:00:00-05:00,21.923429517323083,22.1830342521194,21.571225499108753,22.15244483947754,30333000,0.0,0.0,0.0166572580860469,20.749207973480225,19.27553774061657
2019-01-28 00:00:00-05:00,21.624961306384236,22.227675738614252,21.384371322196472,22.1259822845459,31320000,0.0,0.0,-0.0011945658875756049,20.81853256225586,19.285842002384246
2019-01-29 00:00:00-05:00,22.103662806653034,22.12433170980145,21.812639225662753,22.018505096435547,27870000,0.0,0.0,-0.004857510357197614,20.87115659713745,19.29462290567065
2019-01-30 00:00:00-05:00,22.322754974234382,22.632793237765416,22.10531440171563,22.39055061340332,28727000,0.0,0.0,0.016896947151421315,20.939530467987062,19.30654742225768
2019-01-31 00:00:00-05:00,22.369054721116612,22.405433062738535,22.020985474313587,22.178071975708008,21063000,0.0,0.0,-0.009489656657577616,21.000463581085206,19.319035855550613
2019-02-01 00:00:00-05:00,22.252480106793747,22.289683184082893,21.90027615192353,22.05901527404785,22878000,0.0,0.0,-0.005368216939261483,21.14866189956665,19.32884246583969
2019-02-04 00:00:00-05:00,22.116062658912135,22.49968391487829,21.905237334894036,22.498029708862305,20761000,0.0,0.0,0.019901814716586586,21.309426975250243,19.343286877586728
2019-02-05 00:00:00-05:00,22.48480370015777,22.705551134955183,22.31531615831692,22.322757720947266,22619000,0.0,0.0,-0.007790548336150338,21.44179239273071,19.358073075612385
2019-02-06 00:00:00-05:00,22.59310543104643,23.14952098073116,22.55011342566432,22.8361759185791,27064000,0.0,0.0,0.022999765712192977,21.607724571228026,19.3772094363258
2019-02-07 00:00:00-05:00,22.559211354760638,22.70058999575476,22.01685094548686,22.247520446777344,28646000,0.0,0.0,-0.025777322521098545,21.70201759338379,19.39016149914454
2019-02-08 00:00:00-05:00,22.10201059408235,22.677442560486078,22.07968748281665,22.65842628479004,23903000,0.0,0.0,0.01846973639132976,21.80346212387085,19.40568428947812
2019-02-11 00:00:00-05:00,22.686534202103477,22.818817071636985,22.593934931881066,22.79566764831543,18012000,0.0,0.0,0.0060569680259532355,21.907428359985353,19.424199225410582
2019-02-12 00:00:00-05:00,23.037910182924232,23.181767763520917,22.906453628502234,23.099090576171875,19809000,0.0,0.0,0.013310552361859296,22.02532567977905,19.44205984236702
2019-02-13 00:00:00-05:00,23.149527807138927,23.328109550791222,22.981694462235676,23.2586612701416,19190000,0.0,0.0,0.00690809421451144,22.127969169616698,19.45776453472319
2019-02-14 00:00:00-05:00,23.19913498407466,23.38433198795106,23.06271893504293,23.273544311523438,16015000,0.0,0.0,0.0006398924344344081,22.25115785598755,19.473070757729666
2019-02-15 00:00:00-05:00,23.48767328649096,23.48767328649096,23.049485289880593,23.309091567993164,17352000,0.0,0.0,0.0015273675549334342,22.361117935180665,19.487953920213002
2019-02-19 00:00:00-05:00,23.244602263071076,23.383500378763497,23.16192507607686,23.286767959594727,15152000,0.0,0.0,-0.0009577210820644888,22.44726734161377,19.50144172093225
2019-02-20 00:00:00-05:00,23.418224024498418,23.697671302229338,23.338027359790175,23.43227767944336,16150000,0.0,0.0,0.006248600926548109,22.551151180267333,19.51642826625279
2019-02-21 00:00:00-05:00,23.41739987611807,23.426494068333316,23.061062711821997,23.227243423461914,13254000,0.0,0.0,-0.008750077938915801,22.647965812683104,19.53037242283897
2019-02-22 00:00:00-05:00,23.145397120577528,23.149530271416747,22.708035330380486,22.86016082763672,27225000,0.0,0.0,-0.015803967312556955,22.701499271392823,19.543173282865492
2019-02-25 00:00:00-05:00,23.214013505364843,23.218148232426156,23.02385706088902,23.03377914428711,19245000,0.0,0.0,0.007594798565043082,22.745565986633302,19.556434321025062
2019-02-26 00:00:00-05:00,22.97838770455935,22.985002953385596,22.69067247718234,22.73614501953125,27211000,0.0,0.0,-0.012921636649002921,22.776074123382568,19.567147913433256
2019-02-27 00:00:00-05:00,22.58897701618072,22.744409319691727,22.28803291543255,22.445945739746094,29146000,0.0,0.0,-0.01276378557296598,22.797446155548094,19.576948105342804
2019-02-28 00:00:00-05:00,22.320273617316793,22.79483834290883,22.209487548845757,22.765901565551758,31460000,0.0,0.0,0.014254504110250199,22.81621370315552,19.58837522779192
2019-03-01 00:00:00-05:00,22.96185312561093,22.997403582570648,22.4161857807843,22.550121307373047,19035000,0.0,0.0,-0.009478221521664665,22.83481616973877,19.600622691805402
2019-03-04 00:00:00-05:00,22.736133525643254,22.866763729514357,22.393851735869937,22.727039337158203,17382000,0.0,0.0,0.007845546699001948,22.868217372894286,19.614559385511612
2019-03-05 00:00:00-05:00,22.777477975674653,23.185902878006754,22.697281307606435,22.902320861816406,21699000,0.0,0.0,0.0077124662855501125,22.88843193054199,19.62682242620559
2019-03-06 00:00:00-05:00,22.87338435716862,22.89570746647364,22.36244124852778,22.434370040893555,19973000,0.0,0.0,-0.020432462882093105,22.894012546539308,19.638447610158767
2019-03-07 00:00:00-05:00,22.337636378148066,22.350038980926726,21.83330854500659,21.951536178588867,25411000,0.0,0.0,-0.021522060188210013,22.849780559539795,19.64690947911096
2019-03-08 00:00:00-05:00,21.624964722364737,21.889530484538184,21.429847236221374,21.842405319213867,22167000,0.0,0.0,-0.004971445209444814,22.829524803161622,19.65616363949246
2019-03-11 00:00:00-04:00,21.900274708332272,22.368225744641556,21.83082644553918,22.245037078857422,27161000,0.0,0.0,0.018433489982413898,22.80885534286499,19.667046902671693
2019-03-12 00:00:00-04:00,22.30290842910386,22.325231533350713,21.849012668451884,22.292160034179688,23324000,0.0,0.0,0.0021183581378272365,22.783679962158203,19.675976730528333
2019-03-13 00:00:00-04:00,22.364918882435582,22.577398396827572,22.24173021680209,22.422792434692383,32089000,0.0,0.0,0.005860015373674088,22.74986505508423,19.68258564055912
2019-03-14 00:00:00-04:00,22.495551760877063,22.509606994343766,22.148308805126874,22.173938751220703,43094000,0.0,0.0,-0.011098246759250863,22.695628929138184,19.6887147388761
2019-03-15 00:00:00-04:00,23.683616991585502,24.76585727303669,23.43889383829947,24.000268936157227,144066000,0.0,0.0,0.08236381481102373,22.731965160369874,19.702288612486825
2019-03-18 00:00:00-04:00,23.995313849033227,24.553382213464875,23.993659642648577,24.293777465820312,56746000,0.0,0.0,0.012229385030802842,22.78119945526123,19.71478020955646
2019-03-19 00:00:00-04:00,24.320228267481422,24.88408386222157,24.316093540916643,24.746013641357422,51556000,0.0,0.0,0.01861530905077946,22.854161739349365,19.733105962238614
2019-03-20 00:00:00-04:00,24.857792425673484,24.94120815683804,24.21465966812091,24.27638816833496,41263000,0.265,0.0,-0.018977823249785475,22.896367263793945,19.752676903255402
2019-03-21 00:00:00-04:00,24.347288062779807,24.97206990137746,24.273883054051897,24.757692337036133,27379000,0.0,0.0,0.01982602046745008,22.972889709472657,19.77496944155012
2019-03-22 00:00:00-04:00,24.684286194972486,24.727662244348373,24.30724883925233,24.411518096923828,23307000,0.0,0.0,-0.013982492204834718,23.050457572937013,19.79361791459341
2019-03-25 00:00:00-04:00,24.373981897590447,24.53914436895864,24.10705284378601,24.37064552307129,23878000,0.0,0.0,-0.001674315120028913,23.11730089187622,19.812876890576074
2019-03-26 00:00:00-04:00,24.55499244463566,24.98041119145467,24.543314339112012,24.77687644958496,28009000,0.0,0.0,0.016668861976967264,23.219337463378906,19.834094501677015
2019-03-27 00:00:00-04:00,24.821923927225768,24.914515084726784,24.39567144256609,24.688459396362305,21862000,0.0,0.0,-0.0035685310617165067,23.331463146209718,19.853291836995925
2019-03-28 00:00:00-04:00,24.78354899968398,25.29988987493708,24.66342998780893,24.94704246520996,33030000,0.0,0.0,0.01047384385944139,23.440520191192626,19.874583706023202
2019-03-29 00:00:00-04:00,25.126387490504616,25.247340206773313,24.881145683680632,25.083845138549805,24493000,0.0,0.0,0.005483723111892935,23.567206382751465,19.89886372429984
2019-04-01 00:00:00-04:00,25.28404397800364,25.587674727045385,25.003767849404063,25.507596969604492,27040000,0.0,0.0,0.01689341600995009,23.70623426437378,19.92515280133202
2019-04-02 00:00:00-04:00,25.538456541538817,25.637722019299147,25.242332272786793,25.279035568237305,22857000,0.0,0.0,-0.008960522688183703,23.825069999694826,19.953069157070583
2019-04-03 00:00:00-04:00,25.543466421855005,25.64189663029457,25.176438175414344,25.374967575073242,22266000,0.0,0.0,0.0037949235277185966,23.97209987640381,19.978472603691948
2019-04-04 00:00:00-04:00,25.420842138817967,25.525111383365193,25.16392224931097,25.191450119018555,15228000,0.0,0.0,-0.00723222425848391,24.13409557342529,20.00308104923793
2019-04-05 00:00:00-04:00,25.35827945739935,25.394982752614116,25.174766163370272,25.381635665893555,18875000,0.0,0.0,0.007549606949042609,24.311057090759277,20.028660410926456
2019-04-08 00:00:00-04:00,25.369963395017216,25.466726216189837,25.19145541634142,25.398324966430664,13899000,0.0,0.0,0.0006575344771628799,24.46872148513794,20.056671763223314
2019-04-09 00:00:00-04:00,25.239833317715576,25.367458788354007,25.048811959684862,25.31240463256836,11621000,0.0,0.0,-0.003382913399835097,24.61973371505737,20.082475624387225
2019-04-10 00:00:00-04:00,25.32492015498602,25.672762278016055,25.274869761137662,25.651073455810547,14992000,0.0,0.0,0.013379559475216185,24.781147766113282,20.108030341920397
2019-04-11 00:00:00-04:00,25.704459721919378,25.87462596640465,25.544301010371747,25.80956268310547,16669000,0.0,0.0,0.006178658665804138,24.96292896270752,20.134032726287842
2019-04-12 00:00:00-04:00,25.97138427041202,26.479383418833645,25.906319407403974,26.44518280029297,30087000,0.0,0.0,0.02462731062094159,25.085174655914308,20.16284041177659
2019-04-15 00:00:00-04:00,26.445188736058167,26.486063702942513,26.12320549588771,26.392637252807617,16216000,0.0,0.0,-0.0019869610235694335,25.190117645263673,20.18905158269973
2019-04-16 00:00:00-04:00,26.69292903052255,26.693762726340257,26.367609467090272,26.567806243896484,21116000,0.0,0.0,0.006637040073372402,25.281207275390624,20.21518518054296
2019-04-17 00:00:00-04:00,26.712947566315826,26.771341276685593,26.512752378358567,26.737140655517578,18138000,0.0,0.0,0.006373669322434106,25.404244899749756,20.24123712569948
2019-04-18 00:00:00-04:00,26.779677930196556,26.89729266735875,26.53944150849582,26.57781219482422,26548000,0.0,0.0,-0.005959068800443279,25.49525089263916,20.267340463305278
2019-04-22 00:00:00-04:00,26.4693762329802,26.51692235129234,26.209119943953866,26.27585220336914,13504000,0.0,0.0,-0.011361356203498318,25.588467597961426,20.29438552402315
2019-04-23 00:00:00-04:00,26.422663418867643,26.533605420633346,26.208285859683443,26.32923698425293,19777000,0.0,0.0,0.002031705022185415,25.68639717102051,20.323467655787393
2019-04-24 00:00:00-04:00,26.24081660546297,26.44351605230696,26.124869250725975,26.21996307373047,23335000,0.0,0.0,-0.0041502877803795135,25.758551502227782,20.353283125256734
2019-04-25 00:00:00-04:00,26.104853556483125,26.104853556483125,25.57266281435359,26.01059341430664,26732000,0.0,0.0,-0.007985124114594733,25.824658203125,20.383876732417516
2019-04-26 00:00:00-04:00,25.787871906780108,25.938018291678347,25.450872656751493,25.892974853515625,16404000,0.0,0.0,-0.004521948381474461,25.871954822540282,20.413809640066965
2019-04-29 00:00:00-04:00,25.962212841659927,26.248326452527213,25.895480576850908,26.08566665649414,13404000,0.0,0.0,0.00744185649075213,25.9220458984375,20.444055655645947
2019-04-30 00:00:00-04:00,26.135717506263603,26.561134707485216,26.069818936191133,26.559467315673828,18953000,0.0,0.0,0.01816325668110652,25.974639415740967,20.475431389278835
2019-05-01 00:00:00-04:00,26.734636010978015,26.959857980804536,26.583654335278606,26.601171493530273,18158000,0.0,0.0,0.0015702189114250586,26.040746212005615,20.508041041237966
2019-05-02 00:00:00-04:00,26.691258403158564,26.875608583978508,26.211620818809994,26.34425163269043,20428000,0.0,0.0,-0.009658216026400601,26.089210414886473,20.53932591847011
2019-05-03 00:00:00-04:00,26.271681086867535,26.413487331354887,25.916330984347407,26.33507537841797,19214000,0.0,0.0,-0.000348320931655266,26.146391677856446,20.571095875331334
2019-05-06 00:00:00-04:00,25.591013868445703,26.01976901692061,25.47089484023045,25.98973846435547,14371000,0.0,0.0,-0.013113192542653973,26.17679681777954,20.60260516121274
2019-05-07 00:00:00-04:00,25.746163719712403,25.827076761739743,25.33575945687316,25.632719039916992,21734000,0.0,0.0,-0.01373693794295483,26.188516521453856,20.631021968902104
2019-05-08 00:00:00-04:00,25.46672123770403,25.663581625234006,25.28404163310858,25.307397842407227,15099000,0.0,0.0,-0.012691638253560011,26.1882661819458,20.65641484941755
2019-05-09 00:00:00-04:00,25.024622210919787,25.512601580341858,24.76186323221879,25.36328887939453,22282000,0.0,0.0,0.0022084861247033682,26.173876953125,20.681113742646716
2019-05-10 00:00:00-04:00,25.294052929707924,25.47506515835613,24.746014068807728,25.35494613647461,21025000,0.0,0.0,-0.00032892985446775214,26.151146125793456,20.70603388831729
2019-05-13 00:00:00-04:00,24.509117321346082,24.66427068127378,24.040322457806052,24.472414016723633,37864000,0.0,0.0,-0.034807098977875595,26.05250768661499,20.72571577344622
2019-05-14 00:00:00-04:00,24.665098539786065,25.408328747577063,24.64758138307121,25.191450119018555,34277000,0.0,0.0,0.02938149468228013,25.992448329925537,20.748292332603818
2019-05-15 00:00:00-04:00,25.047143774880155,25.672759306364096,24.908673898435374,25.38914680480957,18166000,0.0,0.0,0.007847769177914854,25.933515357971192,20.771214568425737
2019-05-16 00:00:00-04:00,25.003768964559935,25.28320981876828,24.58252026153022,24.798566818237305,34233000,0.0,0.0,-0.02326111984434187,25.836586666107177,20.79280442283267
2019-05-17 00:00:00-04:00,24.422363653484663,24.48826222200014,24.057838082445894,24.181293487548828,39094000,0.0,0.0,-0.02489149212584829,25.71676073074341,20.812285014561244
2019-05-20 00:00:00-04:00,23.189480992862293,23.352142362332287,22.408713738109924,22.738204956054688,65162000,0.0,0.0,-0.05967788829150933,25.539878368377686,20.82637614295596
2019-05-21 00:00:00-04:00,23.113572550001766,23.337960812852913,22.91003940967039,22.96676254272461,25060000,0.0,0.0,0.010051698764772743,25.37175464630127,20.842474415188743
2019-05-22 00:00:00-04:00,22.562197135792463,22.944239811450753,22.436239070182545,22.457094192504883,31809000,0.0,0.0,-0.022191562666771247,25.18361120223999,20.855577173687163
2019-05-23 00:00:00-04:00,22.070047433921268,22.14595511956533,21.535354078089913,21.695512771606445,46607000,0.0,0.0,-0.0339127321803111,24.96785717010498,20.865835855877588
2019-05-24 00:00:00-04:00,21.91322912052341,22.16681109483152,21.332656974592542,21.349340438842773,27963000,0.0,0.0,-0.01595594150771662,24.740675449371338,20.874062636541943
2019-05-28 00:00:00-04:00,21.401897998509156,21.498660845827768,20.861366967854902,21.22756004333496,61965000,0.0,0.0,-0.005704176007528816,24.49777011871338,20.880861766754634
2019-05-29 00:00:00-04:00,21.082405657690504,21.385202655706784,20.985644455120273,21.197519302368164,28132000,0.0,0.0,-0.0014151763511901505,24.229672718048096,20.88547482566228
2019-05-30 00:00:00-04:00,21.242566105068825,21.466119091392713,21.197522665888307,21.40606117248535,17310000,0.0,0.0,0.009838031853750318,23.969917201995848,20.891023529900444
2019-05-31 00:00:00-04:00,21.10743665086833,21.33265705500454,20.937268815124508,20.99065399169922,22192000,0.0,0.0,-0.019406054081546054,23.70223731994629,20.89501602687533
2019-06-03 00:00:00-04:00,21.066557047305043,21.54869887724493,20.953947665543996,21.119110107421875,28911000,0.0,0.0,0.006119681443629732,23.441439056396483,20.898669265565417
2019-06-04 00:00:00-04:00,21.434423866908784,22.188500233353736,21.334326262023705,22.163475036621094,36805000,0.0,0.0,0.04945118065520182,23.250125885009766,20.905109042213077
2019-06-05 00:00:00-04:00,22.439573686155917,22.648112164860937,21.888198533956068,22.165138244628906,23651000,0.0,0.0,7.504274510483633e-05,23.07674684524536,20.91090992518834
2019-06-06 00:00:00-04:00,22.273580044537663,22.939235223029534,22.128437425321014,22.754886627197266,32687000,0.0,0.0,0.026607024781867494,22.949121284484864,20.91876805017865
2019-06-07 00:00:00-04:00,22.92088787229212,23.178641512917235,22.795763479135605,22.928394317626953,25963000,0.0,0.0,0.007625073825782369,22.827376556396484,20.92596013205392
2019-06-10 00:00:00-04:00,23.083545539338665,23.754204524083104,23.08271184349473,23.373830795288086,23280000,0.0,0.0,0.019427286162759794,22.728320789337157,20.93455097410414
2019-06-11 00:00:00-04:00,24.23134489621949,24.336447865984397,23.307102218818617,23.646602630615234,37105000,0.0,0.0,0.011669967054871222,22.687030220031737,20.94635784058344
2019-06-12 00:00:00-04:00,23.49561590744713,23.61990499526723,23.140265801872868,23.333789825439453,27057000,0.0,0.0,-0.01322865741274748,22.594147205352783,20.956014004964675
2019-06-13 00:00:00-04:00,23.483101771854265,23.597380134651523,23.140263501417785,23.49060821533203,37735000,0.0,0.0,0.006720656655680113,22.499220275878905,20.966101661561027
2019-06-14 00:00:00-04:00,21.53035102120639,22.362836094286934,21.47696425793527,22.182659149169922,100797000,0.0,0.0,-0.05567965946954179,22.368424892425537,20.97031539583963
2019-06-17 00:00:00-04:00,22.09173686915498,22.413721679981272,21.799784202897,22.185997009277344,35785000,0.0,0.0,0.00015047159517611597,22.268660068511963,20.972990649087087
2019-06-18 00:00:00-04:00,22.367844485078567,23.6082313269609,22.22687190867559,23.19365692138672,54920000,0.0,0.0,0.04541873469504254,22.291432666778565,20.979101718418182
2019-06-19 00:00:00-04:00,23.254551606119946,23.278741518506255,22.83163544122555,23.14694595336914,28920000,0.0,0.0,-0.0020139544262425257,22.300441837310792,20.986849451821946
2019-06-20 00:00:00-04:00,23.565685359061302,23.81092716902258,23.119413074313705,23.277069091796875,57291000,0.0,0.0,0.005621611537430349,22.34144058227539,20.99512966095455
2019-06-21 00:00:00-04:00,23.29475107507927,23.6644564804654,23.07158145093148,23.074108123779297,45399000,0.265,0.0,-0.00871935238999244,22.410370349884033,21.00251745799231
2019-06-24 00:00:00-04:00,23.202962764162763,23.53392807368788,23.159170838934863,23.512874603271484,20506000,0.0,0.0,0.019015533650898142,22.51854705810547,21.012152316078307
2019-06-25 00:00:00-04:00,23.50950820140465,23.822788429153725,23.24507164358863,23.28633689880371,24436000,0.0,0.0,-0.009634623936464748,22.621485900878906,21.02086887662373
2019-06-26 00:00:00-04:00,23.460656641861522,23.919629279910353,23.420233086602185,23.70151138305664,24774000,0.0,0.0,0.017829102364067317,22.74668550491333,21.033582104576958
2019-06-27 00:00:00-04:00,23.826993419812794,24.291861118499014,23.768043067741893,24.061111450195312,21813000,0.0,0.0,0.01517203107122267,22.87943801879883,21.04800590636238
2019-06-28 00:00:00-04:00,24.24217414855957,24.363444820981012,23.986160961686455,24.24217414855957,49265000,0.0,0.0,0.007525117812576587,23.042014026641844,21.06457571756272
2019-07-01 00:00:00-04:00,25.406027273980342,25.74878421321209,24.955476324466925,25.294021606445312,44832000,0.0,0.0,0.043389155256449596,23.250759601593018,21.086031701829697
2019-07-02 00:00:00-04:00,25.170225000290174,25.320969235461906,24.750832618792643,24.871261596679688,19011000,0.0,0.0,-0.016713831289600023,23.386148929595947,21.106538326021226
2019-07-03 00:00:00-04:00,23.89184029492063,24.31965279606565,23.834573321034732,23.992055892944336,49411000,0.0,0.0,-0.035350265619526366,23.47749481201172,21.12374616804577
2019-07-05 00:00:00-04:00,23.88762479252808,24.038370616048415,23.746143971032993,23.80425262451172,24565000,0.0,0.0,-0.007827727197311507,23.529963111877443,21.141098143562438
2019-07-08 00:00:00-04:00,23.580242071507122,23.680457663403814,23.10779438466297,23.155797958374023,34291000,0.0,0.0,-0.027241126884612554,23.541333293914796,21.153907972668843
2019-07-09 00:00:00-04:00,23.028632532601687,23.241697083732127,22.941048698194525,23.203800201416016,26131000,0.0,0.0,0.002073011827460336,23.532831764221193,21.166173609476242
2019-07-10 00:00:00-04:00,23.400023313491904,23.47918544670749,23.074953072039385,23.117061614990234,30134000,0.0,0.0,-0.0037381198628183565,23.50635471343994,21.17817557804168
2019-07-11 00:00:00-04:00,23.179377029933836,23.365493068834514,22.9865242676311,23.24843406677246,20712000,0.0,0.0,0.005682921729855073,23.502086925506593,21.189690249306814
2019-07-12 00:00:00-04:00,23.275388458983155,24.079643246227352,23.275388458983155,24.03416633605957,21971000,0.0,0.0,0.03379721262216573,23.529264831542967,21.206617287227086
2019-07-15 00:00:00-04:00,24.515037006587992,24.80052542360869,24.192491780867346,24.282602310180664,30334000,0.0,0.0,0.01033678350425471,23.634261989593504,21.235312416439964
2019-07-16 00:00:00-04:00,24.16890380959197,24.236275860914976,23.781514916053787,23.928049087524414,14617000,0.0,0.0,-0.014601121334825051,23.72136459350586,21.265023829445006
2019-07-17 00:00:00-04:00,24.04848019897824,24.194172704332907,23.848890686670362,24.008056640625,15453000,0.0,0.0,0.003343672223670824,23.762084579467775,21.294798154679555
2019-07-18 00:00:00-04:00,24.100692654941426,24.447659639929366,23.900259857144224,24.403867721557617,19357000,0.0,0.0,0.01648659393209062,23.824930667877197,21.324512625497483
2019-07-19 00:00:00-04:00,24.576511839441082,24.68851751949842,24.382815741046215,24.42239761352539,22047000,0.0,0.0,0.0007593014426727773,23.882197093963622,21.354149167499845
2019-07-22 00:00:00-04:00,24.67503708744119,25.263702061953104,24.611035002979293,24.94031524658203,33905000,0.0,0.0,0.021206666161630805,23.97550745010376,21.385328588031587
2019-07-23 00:00:00-04:00,25.222442412191416,25.463297191569996,25.198018973617188,25.330236434936523,19692000,0.0,0.0,0.015634172403170776,24.066375541687012,21.418068197038437
2019-07-24 00:00:00-04:00,25.36560406076166,25.67551584058798,25.306652106085,25.5820369720459,19006000,0.0,0.0,0.009940710097837036,24.181160545349123,21.449747887868728
2019-07-25 00:00:00-04:00,25.443924173617038,25.443924173617038,25.21401780327134,25.29738998413086,15741000,0.0,0.0,-0.011126830448493163,24.260954475402833,21.480098209683856
2019-07-26 00:00:00-04:00,25.398449134609365,25.518876511671994,25.30918031142961,25.342023849487305,14996000,0.0,0.0,0.0017643664182132035,24.325000095367432,21.507844720567977
2019-07-29 00:00:00-04:00,25.368129178698624,25.479293151985296,25.00853044645488,25.41107940673828,12068000,0.0,0.0,0.0027249424774089537,24.38344535827637,21.536764311412025
2019-07-30 00:00:00-04:00,25.187911116782587,25.34286701528637,25.020321852723733,25.22749137878418,11164000,0.0,0.0,-0.007224723712658143,24.38011884689331,21.5656417589339
2019-07-31 00:00:00-04:00,25.26707254925083,25.334444607336327,24.141957733574134,24.421552658081055,20819000,0.0,0.0,-0.03194684356847721,24.35763339996338,21.58998694495549
2019-08-01 00:00:00-04:00,24.34913206612215,25.08096145272994,23.775626966991656,24.029956817626953,21911000,0.0,0.0,-0.01603484618429951,24.35952844619751,21.613880263434517
2019-08-02 00:00:00-04:00,23.754569326350193,23.903630188866106,23.235803021973364,23.45644760131836,20080000,0.0,0.0,-0.02386642725416388,24.34213819503784,21.637099266052246
2019-08-05 00:00:00-04:00,22.902314979914603,22.926738419821202,22.2395426528102,22.541032791137695,27765000,0.0,0.0,-0.03902614861976006,24.311399936676025,21.65683070440141
2019-08-06 00:00:00-04:00,22.749040928478877,22.921681937268225,22.27996156268886,22.43828582763672,22199000,0.0,0.0,-0.004558218980160178,24.27312421798706,21.67568392223782
2019-08-07 00:00:00-04:00,22.235327310887854,22.967156572215522,22.148585161376616,22.74230194091797,22244000,0.0,0.0,0.013548990133051886,24.254386234283448,21.696020686437212
2019-08-08 00:00:00-04:00,22.770092849121585,22.95368222712618,22.10647736253477,22.820621490478516,29163000,0.0,0.0,0.0034437828573383733,24.23299560546875,21.715585511828227
2019-08-09 00:00:00-04:00,22.702722866053463,23.626563269133396,22.702722866053463,23.220645904541016,30735000,0.0,0.0,0.017529076244895636,24.19231958389282,21.737011667281863
2019-08-12 00:00:00-04:00,23.022743763487654,23.429502887701606,22.95200332558557,23.213069915771484,20040000,0.0,0.0,-0.0003262608973357839,24.138842964172362,21.75933582063705
2019-08-13 00:00:00-04:00,23.18443255647452,24.043425909543004,22.909047678348436,23.8918399810791,22340000,0.0,0.0,0.029240857317473834,24.137032508850098,21.78575524829683
2019-08-14 00:00:00-04:00,23.47833805421374,23.592870371919066,22.77008907848287,22.869462966918945,27108000,0.0,0.0,-0.042791891079540845,24.080102825164794,21.808488179766943
2019-08-15 00:00:00-04:00,22.906521319571077,22.972208390906232,22.304382871800637,22.623558044433594,20010000,0.0,0.0,-0.010752544685507348,23.991087341308592,21.831463389926487
2019-08-16 00:00:00-04:00,22.919152407556595,23.222327451069365,22.904835665499473,23.05642318725586,17458000,0.0,0.0,0.01913338043344459,23.922788619995117,21.85638831910633
2019-08-19 00:00:00-04:00,23.538134338357377,23.586136304159364,23.210537466406365,23.47749900817871,17489000,0.0,0.0,0.018262842310926786,23.849647808074952,21.882304274846636
2019-08-20 00:00:00-04:00,23.42529024652865,23.997953624627904,23.32844299968492,23.611406326293945,17920000,0.0,0.0,0.005703644926939866,23.763706302642824,21.90856469623626
2019-08-21 00:00:00-04:00,23.971003980418594,24.275862451551895,23.92131702265659,24.21185874938965,19381000,0.0,0.0,0.025430608189865866,23.69519739151001,21.9380295995682
2019-08-22 00:00:00-04:00,24.28680896755498,24.372707821079544,23.963422119311055,24.221961975097656,12294000,0.0,0.0,0.00041728418344844087,23.641425991058348,21.966313301570832
2019-08-23 00:00:00-04:00,23.916261432771705,24.04174215204656,22.826516826505383,22.917469024658203,25742000,0.0,0.0,-0.053855792184819284,23.520198249816893,21.99037748669821
2019-08-26 00:00:00-04:00,23.32339000907779,23.407605496486187,23.15917069208367,23.346128463745117,14249000,0.0,0.0,0.018704484279031597,23.416950702667236,22.016771081894163
2019-08-27 00:00:00-04:00,23.508662192153345,23.598771100742418,23.15158849486569,23.207170486450195,14298000,0.0,0.0,-0.005952077986322801,23.315934658050537,22.041514404236324
2019-08-28 00:00:00-04:00,23.102741580837005,23.277909239502012,22.77767138567937,23.24843406677246,17202000,0.0,0.0,0.0017780530524544869,23.257278728485108,22.06514216983129
2019-08-29 00:00:00-04:00,23.70572374656368,24.042584039969082,23.668668552092285,23.86404800415039,16429000,0.0,0.0,0.02647980227871738,23.248983287811278,22.090742353409055
2019-08-30 00:00:00-04:00,24.031636940846912,24.07711384586416,23.57182257566104,23.80257225036621,16720000,0.0,0.0,-0.002576082388599299,23.266289520263673,22.115918167053707
2019-09-03 00:00:00-04:00,23.58024021665197,23.651822317725568,22.816409210875406,23.079160690307617,22210000,0.0,0.0,-0.030392158983887252,23.293195915222167,22.137688371870254
2019-09-04 00:00:00-04:00,23.478341470474348,23.94657749979091,23.428654519026516,23.834571838378906,19865000,0.0,0.0,0.032731309349067095,23.363010215759278,22.161689281463623
2019-09-05 00:00:00-04:00,24.284279932218638,24.732304163071472,24.284279932218638,24.508291244506836,20938000,0.0,0.0,0.028266478235748904,23.45130968093872,22.188234775785414
2019-09-06 00:00:00-04:00,24.578190977843796,24.70030333035383,24.36344305297831,24.58324432373047,13748000,0.0,0.0,0.0030582743805296353,23.539440822601318,22.2144364629473
2019-09-09 00:00:00-04:00,24.84347499486839,25.0287477894518,24.456085986300295,24.642200469970703,21686000,0.0,0.0,0.00239822480157037,23.610518550872804,22.24262833973718
2019-09-10 00:00:00-04:00,24.536087470535822,24.797154021159756,24.323022893706387,24.79631233215332,20850000,0.0,0.0,0.006253981350830218,23.689680671691896,22.26607928957258
2019-09-11 00:00:00-04:00,24.954637818525235,25.161807369836424,24.805576937020085,25.096961975097656,19260000,0.0,0.0,0.012124772382161142,23.74993677139282,22.288135695079017
2019-09-12 00:00:00-04:00,25.384974752368354,25.460768522986836,24.967267324995312,25.313392639160156,33109000,0.0,0.0,0.008623779415104282,23.872133255004883,22.31364823901464
2019-09-13 00:00:00-04:00,25.066639628453995,25.095273114410475,23.907839592622928,24.449342727661133,62557000,0.0,0.0,-0.034134101414850515,23.96342248916626,22.336589177449543
2019-09-16 00:00:00-04:00,24.152904349002586,24.445131011076366,24.060267173553402,24.30954360961914,22176000,0.0,0.0,-0.005717909049711478,24.026078510284425,22.357193356468564
2019-09-17 00:00:00-04:00,24.25565023094964,24.363445853355326,23.896051462027692,24.323863983154297,21912000,0.0,0.0,0.0005890844256528638,24.068396759033202,22.377557898324632
2019-09-18 00:00:00-04:00,24.295231024718284,24.48639882398453,23.906998784717164,24.23206901550293,16510000,0.0,0.0,-0.00377386453545947,24.099429893493653,22.398044775402735
2019-09-19 00:00:00-04:00,24.296066562246622,24.586608197267672,24.189112660644575,24.476285934448242,19421000,0.0,0.0,0.010078252863553239,24.11265125274658,22.41734176211887
2019-09-20 00:00:00-04:00,24.449096614162034,24.511139333991558,23.951903800528566,24.15928077697754,35524000,0.265,0.0,-0.012951522069961863,24.109517192840578,22.434711970980207
2019-09-23 00:00:00-04:00,24.104886850520437,24.405751821215706,23.97400269371952,24.261268615722656,14850000,0.0,0.0,0.004221476611270036,24.176707172393797,22.451467476193866
2019-09-24 00:00:00-04:00,24.419347223636823,24.553630717295405,23.775972419332216,23.993547439575195,20292000,0.0,0.0,-0.011034920736748388,24.209078121185303,22.466131422254776
2019-09-25 00:00:00-04:00,23.096051265392745,23.560098274489896,22.947319288795562,23.437711715698242,55588000,0.0,0.0,-0.023166050175646435,24.220605182647706,22.478151366824196
2019-09-26 00:00:00-04:00,23.39436681233453,23.683333191570767,23.17509291577017,23.53460121154785,27477000,0.0,0.0,0.004133914480427547,24.234913539886474,22.49114019151718
2019-09-27 00:00:00-04:00,23.510804833421755,23.906008816821707,23.19889076145149,23.299179077148438,28660000,0.0,0.0,-0.01000323448369711,24.206670093536378,22.503915521833633
2019-09-30 00:00:00-04:00,23.439410130722877,23.518451240317436,23.15979241840155,23.463207244873047,19826000,0.0,0.0,0.007040083566098199,24.18970184326172,22.5170106130933
2019-10-01 00:00:00-04:00,23.65018517767901,23.76747188274366,23.23458348616585,23.359519958496094,19429000,0.0,0.0,-0.0044191437809343315,24.203719806671142,22.529603337484694
2019-10-02 00:00:00-04:00,23.241386914682327,23.270282256845444,22.804537972887896,22.953269958496094,19543000,0.0,0.0,-0.017391196425346145,24.159654712677003,22.53968138164944
2019-10-03 00:00:00-04:00,22.947321024217622,23.329777023044084,22.7110487114937,23.323827743530273,17096000,0.0,0.0,0.016144008487863237,24.100431537628175,22.5516877098689
2019-10-04 00:00:00-04:00,23.668886754086294,23.94170416832911,23.389269005594603,23.91875648498535,25884000,0.0,0.0,0.025507337303162236,24.06720714569092,22.565626273079523
2019-10-07 00:00:00-04:00,23.798070527501338,23.88391036093599,23.431763510305675,23.464059829711914,18658000,0.0,0.0,-0.019010045758811378,24.00830011367798,22.57816635616242
2019-10-08 00:00:00-04:00,23.292376934793293,23.36376827693718,22.85467862621958,22.975364685058594,22757000,0.0,0.0,-0.020827390835174153,23.91725273132324,22.590046307397266
2019-10-09 00:00:00-04:00,23.260086431237355,23.364623548200672,23.11900257924313,23.215042114257812,16329000,0.0,0.0,0.01043193143981247,23.82315673828125,22.603805912865532
2019-10-10 00:00:00-04:00,23.334873919509242,23.69353277986781,23.257533290231468,23.325525283813477,17340000,0.0,0.0,0.004759119928014588,23.723763370513915,22.616922809964134
2019-10-11 00:00:00-04:00,23.753879031762416,24.14398484290866,23.719883839737733,23.87456512451172,23697000,0.0,0.0,0.023538155476363176,23.695024490356445,22.636396831936306
2019-10-14 00:00:00-04:00,23.832920538873882,24.022448073726967,23.787026785758606,23.938308715820312,13312000,0.0,0.0,0.002669937273251044,23.676462745666505,22.65707506452288
2019-10-15 00:00:00-04:00,24.021596690391476,24.69981782909153,23.984200522657993,24.674320220947266,21230000,0.0,0.0,0.03074617818093972,23.693985557556154,22.679359110574875
2019-10-16 00:00:00-04:00,24.56213349565625,24.655623105058403,24.35305764649821,24.5179386138916,20046000,0.0,0.0,-0.006337828384139432,23.708279037475585,22.701178406912184
2019-10-17 00:00:00-04:00,24.65902272915546,24.79245680985503,24.504341451831674,24.59868049621582,13125000,0.0,0.0,0.0032931758087717533,23.714398765563963,22.721418834867933
2019-10-18 00:00:00-04:00,24.604628355234095,24.64202290039494,24.13718195120964,24.369205474853516,16981000,0.0,0.0,-0.00932875327998206,23.724895000457764,22.741122003585573
2019-10-21 00:00:00-04:00,24.514540905538933,24.80860718110534,24.39725416891912,24.610580444335938,13031000,0.0,0.0,0.009904917488241294,23.742360591888428,22.764753682272776
2019-10-22 00:00:00-04:00,24.612276017032006,24.720214101842533,24.41255043897011,24.43124771118164,13046000,0.0,0.0,-0.007286814447952983,23.76424560546875,22.787589322952996
2019-10-23 00:00:00-04:00,24.048788931685728,24.098083650328117,23.691830585808773,23.82441520690918,20957000,0.0,0.0,-0.02483837548725465,23.783580780029297,22.80790650655353
2019-10-24 00:00:00-04:00,24.042840538977277,24.094685182001395,23.68673323483851,23.993547439575195,16896000,0.0,0.0,0.007099113711591443,23.806528091430664,22.828755227346267
2019-10-25 00:00:00-04:00,24.074287605607804,24.76355615815481,24.070888249180804,24.63182258605957,20869000,0.0,0.0,0.026601949882225417,23.87316026687622,22.855493810441757
2019-10-28 00:00:00-04:00,24.74570890414346,24.8578957741624,24.504338381570125,24.77885627746582,12999000,0.0,0.0,0.005969257487647761,23.93894271850586,22.881669801379008
2019-10-29 00:00:00-04:00,24.840901421124933,24.961587504743473,24.483091961054466,24.490741729736328,13272000,0.0,0.0,-0.011627435282051568,23.99550380706787,22.90965365606641
2019-10-30 00:00:00-04:00,24.647974101338644,24.72956515360823,24.351359534461114,24.667522430419922,17281000,0.0,0.0,0.0072182665039071114,24.081216430664064,22.938874706389413
2019-10-31 00:00:00-04:00,24.630123274353107,24.993881987393735,24.46014409748141,24.88934326171875,27881000,0.0,0.0,0.008992424428700518,24.159492206573486,22.965888447231716
2019-11-01 00:00:00-04:00,24.901245705188586,25.207210540771484,24.824754496292865,25.207210540771484,21234000,0.0,0.0,0.012771220024179186,24.223914909362794,22.993358430408296
2019-11-04 00:00:00-05:00,25.456224516179645,25.961065396127626,25.42052884375415,25.92197036743164,34075000,0.0,0.0,0.028355371789515083,24.34681043624878,23.021590164729528
2019-11-05 00:00:00-05:00,25.92197866471016,26.9231615438667,25.876934342858505,26.690288543701172,38711000,0.0,0.0,0.029639651823491153,24.53255662918091,23.05582845021808
2019-11-06 00:00:00-05:00,26.521998464553892,26.710676507709646,26.237282532293044,26.615488052368164,18076000,0.0,0.0,-0.0028025358815635393,24.702578926086424,23.08999068396432
2019-11-07 00:00:00-05:00,26.82117270679558,27.1543340235245,26.402171543020632,26.494810104370117,23981000,0.0,0.0,-0.004534124933595174,24.861043167114257,23.121024797833154
2019-11-08 00:00:00-05:00,26.3358785516537,26.65289251841457,25.93302635842565,26.636743545532227,17830000,0.0,0.0,0.005357028059570723,24.999152088165282,23.15062547865368
2019-11-11 00:00:00-05:00,26.448907238056197,26.622285740456537,26.41830979211863,26.58064079284668,9154000,0.0,0.0,-0.0021062166473032606,25.1312686920166,23.178104241689045
2019-11-12 00:00:00-05:00,26.686888405239706,26.890864430300986,26.62399624330325,26.816923141479492,16875000,0.0,0.0,0.008889264576962264,25.238398838043214,23.206929706391833
2019-11-13 00:00:00-05:00,26.55769699898326,26.83221489251128,26.516903100193023,26.658836364746094,12625000,0.0,0.0,-0.005895037842312156,25.345443725585938,23.24011462832254
2019-11-14 00:00:00-05:00,26.41066768894146,26.503306239566445,26.016313125962814,26.259384155273438,17268000,0.0,0.0,-0.014983857660077593,25.428478908538818,23.271324854048473
2019-11-15 00:00:00-05:00,26.539849435918562,26.60699199548351,26.353721293117246,26.5942440032959,18120000,0.0,0.0,0.012752006903224089,25.539730834960938,23.30341907531496
2019-11-18 00:00:00-05:00,26.501602066625438,26.636736610585352,26.179489958499968,26.4378604888916,15850000,0.0,0.0,-0.005880351943259421,25.63109483718872,23.331600673614986
2019-11-19 00:00:00-05:00,26.912109301560236,27.678720177487843,26.912109301560236,27.0013484954834,31743000,0.0,0.0,0.021313676529481462,25.759599876403808,23.361606022668262
2019-11-20 00:00:00-05:00,26.84836364878228,26.92740476522612,26.2619317030162,26.488855361938477,19927000,0.0,0.0,-0.018980279212004847,25.892821884155275,23.39233079789177
2019-11-21 00:00:00-05:00,26.443816484395832,26.831370757365345,26.32992910408642,26.79312515258789,19317000,0.0,0.0,0.01148670965551113,26.03280076980591,23.424724003625293
2019-11-22 00:00:00-05:00,26.91125583015651,27.15262797009573,26.662235543457545,26.765073776245117,13216000,0.0,0.0,-0.001046961718090711,26.139463329315184,23.45626245226179
2019-11-25 00:00:00-05:00,26.908707259546855,27.212123749000195,26.879811917698152,27.164527893066406,19636000,0.0,0.0,0.014924454165929468,26.258746910095216,23.489418483915784
2019-11-26 00:00:00-05:00,27.11183029078688,27.212120214036734,26.861109535304344,26.87980842590332,30793000,0.0,0.0,-0.010481296353976322,26.378200244903564,23.51968825052655
2019-11-27 00:00:00-05:00,27.021741303955228,27.19172045821457,26.89680483430683,27.06423568725586,20182000,0.0,0.0,0.006861182134572541,26.49803590774536,23.55052104071965
2019-11-29 00:00:00-05:00,26.929110671946297,27.009001243121254,26.771879452865218,26.874717712402344,9229000,0.0,0.0,-0.007002524550979938,26.59730463027954,23.580799829392205
2019-12-02 00:00:00-05:00,27.00304881416972,27.02089665391329,26.394520152831017,26.408119201660156,23158000,0.0,0.0,-0.017361987416405822,26.657350063323975,23.60904522547646
2019-12-03 00:00:00-05:00,25.991666110179,26.261933609792777,25.76304194590335,26.051158905029297,18736000,0.0,0.0,-0.01351706624409732,26.663809490203857,23.635344898889937
2019-12-04 00:00:00-05:00,26.32567766945212,26.463360535979852,26.103002777445205,26.32312774658203,14439000,0.0,0.0,0.010439798188794924,26.6454514503479,23.661210930536665
2019-12-05 00:00:00-05:00,26.397069301964233,26.556000987054347,26.267034581628167,26.448062896728516,15494000,0.0,0.0,0.0047462122035519805,26.637080192565918,23.690829057542103
2019-12-06 00:00:00-05:00,26.741273777760238,26.8857569483998,26.521998288941766,26.861108779907227,16937000,0.0,0.0,0.015617245194535778,26.655395126342775,23.72364462746514
2019-12-09 00:00:00-05:00,26.856865547745187,26.95460394501284,26.681784893962902,26.719181060791016,24694000,0.0,0.0,-0.005283762493913713,26.659517002105712,23.7554684593564
2019-12-10 00:00:00-05:00,26.780376896178346,26.84921833568177,26.623145687433777,26.7769775390625,14563000,0.0,0.0,0.0021631081484116965,26.669333839416502,23.784051002018035
2019-12-11 00:00:00-05:00,26.787175454368143,27.31156316548599,26.787175454368143,27.173030853271484,20829000,0.0,0.0,0.014790814744913616,26.687139225006103,23.811741011483328
2019-12-12 00:00:00-05:00,27.17387766798498,28.060323571831862,27.148381681693568,27.8597469329834,38935000,0.0,0.0,0.025271972177856483,26.74718475341797,23.839513339693585
2019-12-13 00:00:00-05:00,27.03194132829589,27.1772739452834,26.39961565142709,26.807567596435547,70952000,0.0,0.0,-0.03776700983963954,26.774593925476076,23.862032466464573
2019-12-16 00:00:00-05:00,27.02429513605489,27.842747386755754,26.986898971021418,27.46284294128418,37921000,0.0,0.0,0.024443670336422585,26.818023872375488,23.888278469206796
2019-12-17 00:00:00-05:00,27.514686989355642,27.617523604111213,27.345555627019063,27.519786834716797,20248000,0.0,0.0,0.002073488660819356,26.87212018966675,23.914977717021156
2019-12-18 00:00:00-05:00,27.570784365275234,28.148717243696716,27.49854356600122,27.82915496826172,35155000,0.0,0.0,0.011241661696109073,26.913510513305663,23.94349844493563
2019-12-19 00:00:00-05:00,27.979584920449483,27.983832090045947,27.51213689570263,27.545284271240234,31787000,0.0,0.0,-0.010200478503398003,26.966331958770752,23.97278901508876
2019-12-20 00:00:00-05:00,27.684362033363968,27.684362033363968,27.20702924120399,27.386457443237305,50540000,0.325,0.0,-0.005766026098658172,26.995998573303222,24.00210548582531
2019-12-23 00:00:00-05:00,27.518670123619074,27.672344090528142,27.26712577771218,27.43195915222168,20254000,0.0,0.0,0.0016614675000841128,27.02934284210205,24.030611711835103
2019-12-24 00:00:00-05:00,27.47230916545015,27.530688503617256,27.38731590988065,27.515233993530273,7024000,0.0,0.0,0.0030356869827086186,27.046878147125245,24.0630933746459
2019-12-26 00:00:00-05:00,27.581339520579892,27.6216902352919,27.199302975330752,27.298891067504883,15848000,0.0,0.0,-0.007862659866031296,27.067832279205323,24.09001184645153
2019-12-27 00:00:00-05:00,27.412215517314632,27.416507345408274,27.06194274069838,27.174407958984375,14487000,0.0,0.0,-0.004560006053457855,27.073340892791748,24.115547233157688
2019-12-30 00:00:00-05:00,27.173546627391293,27.243085368925996,26.84988780912004,26.910842895507812,13104000,0.0,0.0,-0.009699017688789113,27.07514715194702,24.139137782747785
2019-12-31 00:00:00-05:00,26.881655902807765,27.159812534100322,26.854183946163555,27.13062286376953,12487000,0.0,0.0,0.008166967088883315,27.11127233505249,24.163374090951585
2020-01-02 00:00:00-05:00,27.413932241000897,27.686939018560544,27.242231276085395,27.677494049072266,20329000,0.0,0.0,0.020156971258961764,27.19258909225464,24.190033155774312
2020-01-03 00:00:00-05:00,27.258540672384683,27.472310056606105,26.964073132747625,26.9735164642334,22870000,0.0,0.0,-0.025435018921536545,27.225108528137206,24.221296915932307
2020-01-06 00:00:00-05:00,26.686773652888206,26.95033709116742,26.582035690558808,26.93316650390625,20789000,0.0,0.0,-0.0014959102711228356,27.249363708496094,24.251655798109752
2020-01-07 00:00:00-05:00,27.064521069168837,27.17870401204925,26.80696878461981,26.840450286865234,18565000,0.0,0.0,-0.0034424551241521995,27.248330783843993,24.280088341425337
2020-01-08 00:00:00-05:00,26.869634576682177,26.913419078523763,26.477295048605427,26.505626678466797,31979000,0.0,0.0,-0.012474589838095573,27.237653064727784,24.307818874480233
2020-01-09 00:00:00-05:00,26.81297461878934,26.870494282638337,26.017136106375244,26.29271697998047,42397000,0.0,0.0,-0.008032622698156966,27.213440036773683,24.331354814862447
2020-01-10 00:00:00-05:00,26.223178633663057,26.231763927088853,25.652268901927386,25.68832778930664,40705000,0.0,0.0,-0.022986943157453643,27.139204883575438,24.351429386744424
2020-01-13 00:00:00-05:00,25.757013332770864,26.081528642786754,25.726963981402907,25.856599807739258,22054000,0.0,0.0,0.006550524417656467,27.039047527313233,24.37182723151313
2020-01-14 00:00:00-05:00,25.9269929486045,26.54082749979916,25.89179373738641,26.457551956176758,28911000,0.0,0.0,0.02324173143050401,27.02154674530029,24.39451138935392
2020-01-15 00:00:00-05:00,26.382862313934403,26.43179668555175,25.81538636841679,26.02486228942871,22733000,0.0,0.0,-0.016354108175417603,26.94964771270752,24.413634686242965
2020-01-16 00:00:00-05:00,26.184547860846852,26.430081051310967,26.116725183244025,26.36054229736328,21508000,0.0,0.0,0.012898435511450312,26.891685485839844,24.43566155812097
2020-01-17 00:00:00-05:00,26.498760981767358,26.52279914970243,26.10470532527968,26.50992202758789,26896000,0.0,0.0,0.005666792759402073,26.82572383880615,24.457090256706117
2020-01-21 00:00:00-05:00,26.42493018097859,26.571734939281352,26.29872816289607,26.448108673095703,21967000,0.0,0.0,-0.002331706386305532,26.770865058898927,24.476472514016287
2020-01-22 00:00:00-05:00,26.682482696937917,27.293741541109686,26.656726815204326,26.8687801361084,29264000,0.0,0.0,0.01590554047596693,26.74498119354248,24.498354177626354
2020-01-23 00:00:00-05:00,27.058508381928927,27.455139771023706,26.684199083388393,27.442262649536133,30266000,0.0,0.0,0.021343823966799347,26.745496368408205,24.522764145381867
2020-01-24 00:00:00-05:00,28.37375097067036,28.466471505189865,27.53842122152682,27.81572151184082,55782000,0.0,0.0,0.013608894684600692,26.76052074432373,24.546677755931068
2020-01-27 00:00:00-05:00,27.164104161181676,27.46200711106077,26.497041804105542,26.5305233001709,38843000,0.0,0.0,-0.0462040221075275,26.72210235595703,24.56405108315604
2020-01-28 00:00:00-05:00,26.91685813696224,27.40620845782741,26.85161120918322,27.327224731445312,23166000,0.0,0.0,0.03002961616174682,26.729743194580077,24.5846909341358
2020-01-29 00:00:00-05:00,27.542712773708303,27.938484544577854,27.226781132605307,27.258544921875,23668000,0.0,0.0,-0.0025132376318947047,26.747128295898438,24.605484742966908
2020-01-30 00:00:00-05:00,26.984684119891302,27.087706034582652,26.492757956880382,27.06023406982422,21128000,0.0,0.0,-0.007275181144817289,26.74360885620117,24.62401523287334
2020-01-31 00:00:00-05:00,26.97094063237332,27.00699788201772,26.06607068898122,26.19828224182129,22123000,0.0,0.0,-0.031853081011007256,26.669648265838624,24.63996844821506
2020-02-03 00:00:00-05:00,26.238631834017365,26.321907380060946,26.067788913902433,26.20429229736328,21288000,0.0,0.0,0.00022940647354352528,26.63118705749512,24.656417960212345
2020-02-04 00:00:00-05:00,26.767472215360932,27.006137785277186,26.58375055381623,26.75115966796875,22559000,0.0,0.0,0.02086938141277317,26.62208671569824,24.673295460050067
2020-02-05 00:00:00-05:00,27.257682579888176,27.45599909060278,27.116887371023797,27.24738121032715,24825000,0.0,0.0,0.018549533871331958,26.64243326187134,24.692837616753955
2020-02-06 00:00:00-05:00,27.37272334017108,27.462008425604026,26.976949997290877,27.445695877075195,22683000,0.0,0.0,0.007278301911556984,26.68943672180176,24.711129362621005
2020-02-07 00:00:00-05:00,27.328078940265854,27.345247888238276,27.03189207243068,27.06279945373535,15883000,0.0,0.0,-0.013951055387874778,26.727940845489503,24.730237612648615
2020-02-10 00:00:00-05:00,26.817267011723153,27.008714307542913,26.639556512959675,26.974374771118164,19218000,0.0,0.0,-0.003267388607315125,26.792243194580077,24.747364392356268
2020-02-11 00:00:00-05:00,27.184708824794214,27.5401298021504,27.129763277164653,27.48604393005371,15527000,0.0,0.0,0.01896871246422349,26.8737154006958,24.76597699664888
2020-02-12 00:00:00-05:00,27.647450441914284,27.909296212554217,27.612251223077976,27.875816345214844,15310000,0.0,0.0,0.014180739001691922,26.944628620147704,24.784932257637145
2020-02-13 00:00:00-05:00,27.599367676359986,27.941056776046704,27.553868733906445,27.81313705444336,13857000,0.0,0.0,-0.002248518572344649,27.034042358398438,24.803005574241517
2020-02-14 00:00:00-05:00,27.887833687914796,27.961664274056368,27.223345312820538,27.280866622924805,19137000,0.0,0.0,-0.01913737492022749,27.080058574676514,24.818907646905807
2020-02-18 00:00:00-05:00,27.0430523408369,27.043910378841616,26.446388432138583,26.678186416625977,26693000,0.0,0.0,-0.02209168112688842,27.088471794128417,24.83227707090832
2020-02-19 00:00:00-05:00,26.871351148812682,27.200161481495424,26.75974561580442,27.102291107177734,20525000,0.0,0.0,0.015897058515471407,27.121180915832518,24.84741803577968
2020-02-20 00:00:00-05:00,26.953762399380317,27.102284821245824,26.280690655334517,26.548545837402344,25521000,0.0,0.0,-0.020431677439577745,27.105169200897215,24.859784179263645
2020-02-21 00:00:00-05:00,26.485022251042388,26.56658007590189,25.951887525175916,26.141618728637695,24522000,0.0,0.0,-0.015327660929411735,27.040137004852294,24.87134916063339
2020-02-24 00:00:00-05:00,25.25735424849912,25.652267905888024,24.90193162935366,25.034141540527344,36849000,0.0,0.0,-0.04236452224349552,26.901058006286622,24.879976068224227
2020-02-25 00:00:00-05:00,25.24963080349495,25.38870995261516,24.130134942446368,24.268354415893555,31892000,0.0,0.0,-0.03058970979268727,26.787949562072754,24.884875176444886
2020-02-26 00:00:00-05:00,24.411725574967637,24.742252042711026,24.381677863125283,24.54307746887207,23074000,0.0,0.0,0.011320217608104421,26.648742198944092,24.89204554330735
2020-02-27 00:00:00-05:00,24.064029012780527,24.49414192827471,23.483675907733346,23.518875122070312,34837000,0.0,0.0,-0.04173080364924697,26.46175870895386,24.896303199586413
2020-02-28 00:00:00-05:00,22.60713521227564,23.53432558688911,22.556483128836337,23.40468978881836,44586000,0.0,0.0,-0.00485505079045212,26.278981494903565,24.898838073488267
2020-03-02 00:00:00-05:00,23.76011854014677,24.501871307556748,23.278493818649974,24.464954376220703,31976000,0.0,0.0,0.04530137322772321,26.192315101623535,24.906436617412265
2020-03-03 00:00:00-05:00,24.437477048080076,24.766285742601866,23.314545953601368,23.544626235961914,29930000,0.0,0.0,-0.03761822426095851,26.059331798553465,24.909681009867835
2020-03-04 00:00:00-05:00,23.82707550441598,24.529337047687957,23.589267975278105,24.50615692138672,23477000,0.0,0.0,0.0408386472475053,25.947081661224367,24.916045438675653
2020-03-05 00:00:00-05:00,23.803036587745943,24.30354783253896,23.39009434232818,23.526596069335938,24374000,0.0,0.0,-0.03997203050617504,25.761042404174805,24.920379668947252
2020-03-06 00:00:00-05:00,22.92049567074107,23.25960745056114,22.53588330169166,23.13254737854004,30169000,0.0,0.0,-0.01674907367111611,25.54538497924805,24.92506622132801
2020-03-09 00:00:00-04:00,21.555457883353615,22.344428706860988,20.969095368604503,21.266998291015625,43934000,0.0,0.0,-0.08064607226331999,25.25559492111206,24.922782860105
2020-03-10 00:00:00-04:00,22.028499016043607,22.63718203150858,20.89612460040123,22.570219039916992,55071000,0.0,0.0,0.06127901695708138,25.035387134552003,24.92407326471238
2020-03-11 00:00:00-04:00,21.795847552456323,22.019918338561506,20.8180049278119,21.11676597595215,36030000,0.0,0.0,-0.06439694100417503,24.716923236846924,24.919409002576554
2020-03-12 00:00:00-04:00,19.487314171201472,20.841183888453372,18.57128466489105,18.78247833251953,64281000,0.0,0.0,-0.11054190997290558,24.262256336212157,24.904963311694917
2020-03-13 00:00:00-04:00,19.360252858840465,20.1294774755438,17.26978054920839,20.108015060424805,84714000,0.0,0.0,0.07057304709412437,23.87700023651123,24.896765201810805
2020-03-16 00:00:00-04:00,17.872454886417508,18.784190748929092,15.472920307343177,16.103923797607422,76935000,0.0,0.0,-0.19912911596619776,23.31815309524536,24.865430498880052
2020-03-17 00:00:00-04:00,16.46793136152048,17.17105097175255,15.580233683730171,17.12812614440918,70662000,0.0,0.0,0.06359955248632798,22.84065008163452,24.83699537458874
2020-03-18 00:00:00-04:00,15.93908935288943,16.095337420196742,13.364419388249503,14.4118013381958,98993000,0.0,0.0,-0.15858855681653294,22.206125593185426,24.79598659560794
2020-03-19 00:00:00-04:00,14.39205570437037,17.811499466261566,14.165409209418938,16.6937198638916,74438000,0.0,0.0,0.15833680135792605,21.713384294509886,24.765896642018877
2020-03-20 00:00:00-04:00,17.636674667678776,18.21990661399325,16.406472654551965,16.782779693603516,74044000,0.325,0.0,0.005334930167634422,21.245442342758178,24.7342501632751
2020-03-23 00:00:00-04:00,16.840403207794953,17.110191927172608,15.519398534674442,16.891916275024414,46921000,0.0,0.0,0.006502890666109096,20.838331079483034,24.704410473505657
2020-03-24 00:00:00-04:00,17.954479118279977,19.095625060081705,17.57467999648119,18.576128005981445,62970000,0.0,0.0,0.09970519055006366,20.553719758987427,24.681416356374346
2020-03-25 00:00:00-04:00,18.52636237042607,21.303701291143216,18.26705181293481,18.99434471130371,64442000,0.0,0.0,0.022513664052465687,20.27628312110901,24.658469801857358
2020-03-26 00:00:00-04:00,19.734736922181828,21.373549401562506,19.734736922181828,21.231233596801758,60213000,0.0,0.0,0.11776604665739554,20.16190104484558,24.644750651859102
2020-03-27 00:00:00-04:00,20.343289284928947,21.136939870176615,20.08135917915137,20.141603469848633,39448000,0.0,0.0,-0.05132203562195581,19.998746728897096,24.625681449496557
2020-03-30 00:00:00-04:00,20.27344294289621,21.073205290407092,19.94515682595347,20.964067459106445,52343000,0.0,0.0,0.040834087042226574,19.823702383041383,24.60933312537178
2020-03-31 00:00:00-04:00,20.779840886372167,22.06417537691973,20.610460436792945,20.701261520385742,50191000,0.0,0.0,-0.012536018558104045,19.681534147262575,24.59026036565266
2020-04-01 00:00:00-04:00,19.905869844180277,20.466401995078098,19.180321989353782,19.525197982788086,41858000,0.0,0.0,-0.056811201406229195,19.43248620033264,24.567427676821513
2020-04-02 00:00:00-04:00,19.4177993428528,20.77547399279548,19.33485520510951,20.69776725769043,45049000,0.0,0.0,0.06005415545266124,19.291044759750367,24.548867358101738
2020-04-03 00:00:00-04:00,20.66109989991296,21.177103199115756,20.129381060053664,20.45330238342285,28960000,0.0,0.0,-0.01181117128354725,19.157082509994506,24.530065184547787
2020-04-06 00:00:00-04:00,21.354345542905897,22.125294704376405,21.26528969555446,22.040603637695312,38868000,0.0,0.0,0.07760611096029901,19.19576277732849,24.516807120943827
2020-04-07 00:00:00-04:00,22.861320750186994,23.180875653908842,22.04846236244472,22.11307144165039,45892000,0.0,0.0,0.003287922833072443,19.17290539741516,24.503770400607397
2020-04-08 00:00:00-04:00,22.418655147877665,22.892749212748242,22.14537427817683,22.796709060668945,27565000,0.0,0.0,0.030915543361873743,19.256902551651002,24.493787481671287
2020-04-09 00:00:00-04:00,23.206198123818854,23.355498279261035,21.94194539711829,22.2030029296875,34828000,0.0,0.0,-0.026043501691468407,19.4279287815094,24.480104662123182
2020-04-13 00:00:00-04:00,22.13315343374386,22.8333818282181,22.072036512144436,22.69368553161621,25729000,0.0,0.0,0.02209983052664577,19.55721230506897,24.46774007025219
2020-04-14 00:00:00-04:00,23.23500673498576,23.432327782578433,22.903228468726102,23.366846084594727,23094000,0.0,0.0,0.029662901252451412,19.920358419418335,24.4555244483645
2020-04-15 00:00:00-04:00,22.787977168377783,22.903226679750492,22.36539451647052,22.47715187072754,25926000,0.0,0.0,-0.03807506629890223,20.187809705734253,24.43998680795942
2020-04-16 00:00:00-04:00,22.8543335059116,22.8543335059116,22.186408904118018,22.551366806030273,26896000,0.0,0.0,0.0033017944501849694,20.594787979125975,24.424048556221855
2020-04-17 00:00:00-04:00,22.981807912778883,23.349383707751887,22.60811876071744,23.214052200317383,34089000,0.0,0.0,0.02938559777715577,20.920804595947267,24.410068046478997
2020-04-20 00:00:00-04:00,22.700667660662077,23.159918816817523,22.51818953651417,22.550493240356445,23801000,0.0,0.0,-0.028584365807184042,21.20919027328491,24.394086622056506
2020-04-21 00:00:00-04:00,22.22570085963216,22.245782847053093,21.548174005312227,21.622386932373047,29138000,0.0,0.0,-0.0411568074405777,21.445713806152344,24.375620490028744
2020-04-22 00:00:00-04:00,22.244035764018584,22.89449797615577,21.89217549986251,22.698049545288086,35438000,0.0,0.0,0.049747634998824175,21.651809883117675,24.361211016064598
2020-04-23 00:00:00-04:00,22.72249208686038,23.15467855438531,22.57144506221345,22.607242584228516,21659000,0.0,0.0,-0.0040006504029515,21.832454776763917,24.34687482364594
2020-04-24 00:00:00-04:00,22.68408271587099,23.143333937189226,22.60288380262557,23.120634078979492,23373000,0.0,0.0,0.022709160254206884,21.926924800872804,24.335406731045435
2020-04-27 00:00:00-04:00,23.080466487058573,23.680288205847607,23.080466487058573,23.438438415527344,16588000,0.0,0.0,0.013745485329781149,22.091766548156738,24.325666507085163
2020-04-28 00:00:00-04:00,23.94396634132814,24.13343045137648,23.06038723904952,23.113645553588867,18988000,0.0,0.0,-0.01385727394378411,22.19924545288086,24.313872772549825
2020-04-29 00:00:00-04:00,23.668062585641525,24.18406582087376,23.506539088139863,24.099374771118164,28871000,0.0,0.0,0.04264706816775776,22.36915111541748,24.304110500547623
2020-04-30 00:00:00-04:00,23.881976361595417,23.92737773749337,23.468997532869388,23.715213775634766,23379000,0.0,0.0,-0.015940703820407576,22.578651905059814,24.292658287381368
2020-05-01 00:00:00-04:00,23.22452835239626,23.386051859175986,22.54350775833241,22.67447280883789,26836000,0.0,0.0,-0.043884949831915154,22.677487182617188,24.278095673001
2020-05-04 00:00:00-04:00,22.631694591438094,22.912834099458337,22.29205769566261,22.897991180419922,17046000,0.0,0.0,0.009857709745512144,22.79972162246704,24.264456449993073
2020-05-05 00:00:00-04:00,23.27255010438047,23.48122023756852,23.024588622772267,23.12586784362793,26462000,0.0,0.0,0.009951818978900961,22.853984832763672,24.253091884037804
2020-05-06 00:00:00-04:00,23.427960684221073,23.615677864095055,23.016728800488693,23.065622329711914,22727000,0.0,0.0,-0.00260511364690752,22.90161237716675,24.242904992330644
2020-05-07 00:00:00-04:00,23.57376773344505,23.61480432405566,23.22452706304878,23.3773193359375,18238000,0.0,0.0,0.013513487811862568,22.930642890930176,24.2352459506383
2020-05-08 00:00:00-04:00,23.76585438304526,24.058344647212692,23.57639192721688,24.012943267822266,16757000,0.0,0.0,0.027189769825646026,23.021139907836915,24.229887436306665
2020-05-11 00:00:00-04:00,23.86800351262869,24.16223896881649,23.726560331423098,24.045244216918945,20851000,0.0,0.0,0.0013451474372141448,23.08871784210205,24.22469020646716
2020-05-12 00:00:00-04:00,24.148272246294415,24.247804555958265,23.418358095123004,23.438438415527344,18764000,0.0,0.0,-0.0252360007624558,23.09229745864868,24.220587128684635
2020-05-13 00:00:00-04:00,23.579883100977625,23.602584622381254,22.644790914475685,22.975696563720703,21927000,0.0,0.0,-0.01974286185807017,23.11722469329834,24.21179445584615
2020-05-14 00:00:00-04:00,22.784487328971753,23.30747496341578,22.242290330470926,23.27691650390625,19912000,0.0,0.0,0.013110372490781508,23.153502178192138,24.203412589572725
2020-05-15 00:00:00-04:00,22.650025582686304,23.05514577377556,22.41865394266009,22.73646354675293,21650000,0.0,0.0,-0.02321840854920043,23.129622745513917,24.195229640082708
2020-05-18 00:00:00-04:00,23.45327895279672,24.161365800439114,23.399146357936292,23.881973266601562,26531000,0.0,0.0,0.050382053369607105,23.19619674682617,24.194041861428154
2020-05-19 00:00:00-04:00,23.881977228101142,24.10025288953276,23.714340347742613,23.74402618408203,18702000,0.0,0.0,-0.005776201194917507,23.30227870941162,24.19803321550763
2020-05-20 00:00:00-04:00,24.182322947054068,24.561249485567618,24.10461620347766,24.331623077392578,18605000,0.0,0.0,0.024747146450860624,23.383957386016846,24.203449328740437
2020-05-21 00:00:00-04:00,24.3525757924178,24.403216231783034,23.97976097439895,23.992856979370117,14847000,0.0,0.0,-0.013922873001317448,23.453238105773927,24.209543625513714
2020-05-22 00:00:00-04:00,23.900309545365197,24.206768392099058,23.618297463310334,24.154382705688477,17452000,0.0,0.0,0.006732242285995671,23.504925537109376,24.219301045887054
2020-05-26 00:00:00-04:00,24.883420533113483,25.06589863061664,24.5682304864041,24.62323570251465,23573000,0.0,0.0,0.019410680146081827,23.56416540145874,24.23229269375877
2020-05-27 00:00:00-04:00,24.710545827641273,25.127889362470412,24.446868845129913,25.109554290771484,22812000,0.0,0.0,0.0197503932518166,23.66396083831787,24.247697432835896
2020-05-28 00:00:00-04:00,24.88342326448043,25.258857636324105,24.65903593045974,24.721025466918945,18543000,0.0,0.0,-0.015473346095806084,23.69504337310791,24.261679600155542
2020-05-29 00:00:00-04:00,24.7000755779959,25.49459888233086,24.61363760013895,25.430862426757812,27300000,0.0,0.0,0.02871389622524978,23.780825805664062,24.27765103370424
2020-06-01 00:00:00-04:00,25.3566460139753,25.41601768463265,25.09034944964581,25.319103240966797,18444000,0.0,0.0,-0.004394628224382413,23.913057327270508,24.294827419614034
2020-06-02 00:00:00-04:00,25.40990652033222,26.04639842054047,25.327834992627363,26.023696899414062,31847000,0.0,0.0,0.027828539255182694,24.069342613220215,24.314290065614003
2020-06-03 00:00:00-04:00,26.284748364304566,27.140388349572678,26.237601752140883,27.02513885498047,31926000,0.0,0.0,0.03848192512528659,24.264306163787843,24.333582382353526
2020-06-04 00:00:00-04:00,26.695111499079207,27.328109524275796,26.37642759847788,26.96926498413086,34997000,0.0,0.0,-0.0020674776603160083,24.459488296508788,24.352646377351547
2020-06-05 00:00:00-04:00,27.91308589334631,28.647366403404607,27.510586926036414,27.68433380126953,50958000,0.0,0.0,0.02651421229163753,24.67483901977539,24.37220767566136
2020-06-08 00:00:00-04:00,27.721010428004288,27.838006867997805,27.35954630042913,27.72275733947754,23916000,0.0,0.0,0.001387916302549641,24.860329723358156,24.391232925748067
2020-06-09 00:00:00-04:00,27.24080302283603,27.841497399102305,27.203258583499935,27.530672073364258,22335000,0.0,0.0,-0.0069287936896431646,25.03460111618042,24.407728327645195
2020-06-10 00:00:00-04:00,27.64679233063405,27.870305365311513,27.476535938922716,27.506221771240234,25914000,0.0,0.0,-0.0008881113421012055,25.237990283966063,24.42304427661593
2020-06-11 00:00:00-04:00,26.858380985392525,26.939579885580297,25.616830000973383,25.647388458251953,45115000,0.0,0.0,-0.06757864923970869,25.371574878692627,24.432225223571535
2020-06-12 00:00:00-04:00,26.43928827553774,26.537949612681253,25.558328881210123,26.214900970458984,39439000,0.0,0.0,0.02212749704051986,25.518474102020264,24.443035909107753
2020-06-15 00:00:00-04:00,25.756526031303622,26.782420893544703,25.53039178432766,26.5501766204834,29824000,0.0,0.0,0.012789506639839354,25.709159755706786,24.46036732764471
2020-06-16 00:00:00-04:00,27.06617594836605,27.463437496479635,26.54231414533552,27.129039764404297,30387000,0.0,0.0,0.02180260991086236,25.871513080596923,24.47998257667299
2020-06-17 00:00:00-04:00,27.364778738868143,27.652029884965874,27.222464598169672,27.366525650024414,20279000,0.0,0.0,0.008753936286816977,26.052638053894043,24.49654157956441
2020-06-18 00:00:00-04:00,27.251275713445846,27.862448142504086,27.198890028624277,27.826650619506836,33625000,0.0,0.0,0.01681342291552501,26.227389430999757,24.51511183617607
2020-06-19 00:00:00-04:00,28.022476516364026,28.059524454402954,26.7072696685791,26.7072696685791,58465000,0.325,0.0,-0.04022693806142208,26.363110065460205,24.52872374322679
2020-06-22 00:00:00-04:00,26.948082248194527,27.713743027179007,26.774310251287083,27.657289505004883,27195000,0.0,0.0,0.035571582127823076,26.538255405426025,24.546910970930067
2020-06-23 00:00:00-04:00,27.791365690641108,28.001303990939494,27.458814203046316,27.45969581604004,22419000,0.0,0.0,-0.007144362029008144,26.680078411102294,24.562572959869627
2020-06-24 00:00:00-04:00,27.27445855259537,27.430589872143337,26.860754888817,27.07775115966797,19096000,0.0,0.0,-0.013909282132286593,26.77848825454712,24.577618254555595
2020-06-25 00:00:00-04:00,26.99748093926482,27.299157495129972,26.72755759655953,27.24358558654785,15029000,0.0,0.0,0.006124379602353791,26.904616260528563,24.59167410456945
2020-06-26 00:00:00-04:00,27.65993695793786,27.85487945284044,26.740791346976692,27.11656379699707,31425000,0.0,0.0,-0.004662447574944051,26.988901329040527,24.603798915469458
2020-06-29 00:00:00-04:00,27.174776899294688,27.38118873660219,26.855458035985166,27.32561683654785,14516000,0.0,0.0,0.007709422223103779,27.08922700881958,24.61603479915195
2020-06-30 00:00:00-04:00,27.340618436342186,27.968671892683503,27.05834576439079,27.839885711669922,25125000,0.0,0.0,0.018820028041754533,27.18003644943237,24.626137434490143
2020-07-01 00:00:00-04:00,27.79577470528616,27.949259485524284,27.51615028910222,27.58583641052246,15661000,0.0,0.0,-0.009125371554272177,27.208071327209474,24.636909556767296
2020-07-02 00:00:00-04:00,28.028654699500397,28.17243672199136,27.75608649072603,27.827537536621094,16638000,0.0,0.0,0.008761783492866604,27.250984954833985,24.652129722019982
2020-07-06 00:00:00-04:00,28.227120177563695,28.31444696918969,27.992481581560448,28.120386123657227,17561000,0.0,0.0,0.010523697493921125,27.27278757095337,24.66925723590548
2020-07-07 00:00:00-04:00,27.992483529251974,28.06481617580733,27.56995871393674,27.6202392578125,16150000,0.0,0.0,-0.01778591743532143,27.26766166687012,24.686973272808014
2020-07-08 00:00:00-04:00,27.88663199767708,28.21300714629548,27.708448590165297,28.189191818237305,18023000,0.0,0.0,0.020599117738050454,27.30058765411377,24.706756572874767
2020-07-09 00:00:00-04:00,28.228003575343045,28.609069021928022,27.8081252842105,28.359437942504883,25225000,0.0,0.0,0.00603941132350716,27.343248462677003,24.727559653539505
2020-07-10 00:00:00-04:00,28.39560823470818,28.490872927203004,27.82488991559845,28.1777286529541,13280000,0.0,0.0,-0.006407365686131539,27.46976547241211,24.747120346341813
2020-07-13 00:00:00-04:00,28.37531493272643,28.538504199999583,27.396187741425752,27.460580825805664,21549000,0.0,0.0,-0.025450874198593487,27.532049465179444,24.76071722923763
2020-07-14 00:00:00-04:00,27.255934091792913,27.893690284431173,26.920736059134967,27.79313087463379,18363000,0.0,0.0,0.012110087945248926,27.59419717788696,24.77464789814419
2020-07-15 00:00:00-04:00,27.86987159472078,28.030414332004877,27.360019989507062,27.678457260131836,15253000,0.0,0.0,-0.004125969651249783,27.62166805267334,24.789530470257713
2020-07-16 00:00:00-04:00,27.39883133351583,27.687276921577453,27.283276102713295,27.463224411010742,12929000,0.0,0.0,-0.007776186624068648,27.626502990722656,24.80324145347353
2020-07-17 00:00:00-04:00,27.71109696336602,27.80459842079782,27.345025651097497,27.584074020385742,13354000,0.0,0.0,0.0044004159004193966,27.6143741607666,24.815861319738723
2020-07-20 00:00:00-04:00,27.508211571314256,28.019828082004814,27.36795771118809,27.97395896911621,14323000,0.0,0.0,0.01413442221922434,27.677708625793457,24.82995481718154
2020-07-21 00:00:00-04:00,28.15920749798465,28.15920749798465,27.58055123787421,27.727861404418945,14312000,0.0,0.0,-0.008797380627066809,27.68123722076416,24.84101650828407
2020-07-22 00:00:00-04:00,27.786961365557996,27.84606310059979,27.377669063636954,27.680227279663086,14404000,0.0,0.0,-0.0017179155673457958,27.692263793945312,24.850341868779015
2020-07-23 00:00:00-04:00,27.642290989722774,27.882220959398893,27.20212382518084,27.315914154052734,19417000,0.0,0.0,-0.013161493290122506,27.70417194366455,24.85722233378698
2020-07-24 00:00:00-04:00,27.044231071832236,27.425296540810894,26.83164455103976,26.973663330078125,15631000,0.0,0.0,-0.012529356405369674,27.690675830841066,24.863874212143912
2020-07-27 00:00:00-04:00,27.195073767431605,27.606130972035015,27.123624400999773,27.581432342529297,20646000,0.0,0.0,0.02253194180611917,27.713919258117677,24.87276075378297
2020-07-28 00:00:00-04:00,27.449115712840143,27.531151160731326,27.006301962828374,27.11127281188965,13974000,0.0,0.0,-0.017046233306552527,27.703202056884766,24.87950755300976
2020-07-29 00:00:00-04:00,27.21535882571581,27.45352390785809,27.119209160815686,27.24358558654785,16562000,0.0,0.0,0.004880360120907978,27.673387050628662,24.88750792685009
2020-07-30 00:00:00-04:00,26.992187406026144,27.603480071804434,26.992187406026144,27.53026580810547,21259000,0.0,0.0,0.010522852091068735,27.670608520507812,24.89984409014384
2020-07-31 00:00:00-04:00,27.759611188789837,28.08598804486706,27.46851904470698,27.940441131591797,24719000,0.0,0.0,0.014899068768364998,27.676253700256346,24.915361885040525
2020-08-03 00:00:00-04:00,28.05070172624763,28.534973098099936,27.987191940243612,28.335620880126953,20796000,0.0,0.0,0.014143647434697648,27.687015438079833,24.934723683765956
2020-08-04 00:00:00-04:00,28.271226855305475,28.98484549570674,28.261525747017007,28.96720314025879,25258000,0.0,0.0,0.022289339019735177,27.75436363220215,24.96022435975453
2020-08-05 00:00:00-04:00,28.954856815577205,29.24859550247058,28.738743827677386,29.068645477294922,22299000,0.0,0.0,0.003501972093921113,27.79833631515503,24.98653531074524
2020-08-06 00:00:00-04:00,28.91251611574381,29.18684922182331,28.704341008837943,29.035127639770508,14193000,0.0,0.0,-0.0011530581137877416,27.83212080001831,25.011506841296242
2020-08-07 00:00:00-04:00,28.967202021490905,29.085402096998294,28.357670946319114,28.75020408630371,14192000,0.0,0.0,-0.009813063576015635,27.860744571685792,25.035036930962214
2020-08-10 00:00:00-04:00,28.59936867335005,29.044825530894187,28.58525276999916,28.876346588134766,11989000,0.0,0.0,0.0043875341354933095,27.931532859802246,25.057480187643144
2020-08-11 00:00:00-04:00,28.894867959631895,29.402074698261863,28.47057994784555,28.582605361938477,19316000,0.0,0.0,-0.01017238192857084,27.97100658416748,25.078787867985074
2020-08-12 00:00:00-04:00,28.743151983144934,29.627897864018706,28.699929385429854,29.43030548095703,18471000,0.0,0.0,0.029657902359991883,28.05859899520874,25.100765905683
2020-08-13 00:00:00-04:00,29.304164325207676,29.410015092726226,28.919569053136826,29.058059692382812,15095000,0.0,0.0,-0.012648383443219169,28.138340759277344,25.12532382919675
2020-08-14 00:00:00-04:00,28.934568238537672,29.09599430439364,28.7563847923227,28.916929244995117,10140000,0.0,0.0,-0.0048568434672425775,28.204983520507813,25.15029752443707
2020-08-17 00:00:00-04:00,29.06599822825349,29.26711704651635,29.02101240815685,29.137449264526367,10594000,0.0,0.0,0.0076259833007481514,28.26315803527832,25.174428580299256
2020-08-18 00:00:00-04:00,29.273297328490685,29.38973420723683,28.945155504326113,28.989259719848633,8857000,0.0,0.0,-0.005085879114962499,28.326227951049805,25.196300646615406
2020-08-19 00:00:00-04:00,29.062477100165946,29.38179609636773,28.953981458679117,29.0395450592041,11273000,0.0,0.0,0.001734619643323887,28.394193840026855,25.21784087968251
2020-08-20 00:00:00-04:00,28.905452345643464,29.108334356181274,28.761668684019714,29.006010055541992,8910000,0.0,0.0,-0.0011548047186600296,28.478698635101317,25.23686528962756
2020-08-21 00:00:00-04:00,28.9592628004552,29.14979551221448,28.66816900767008,29.110980987548828,11508000,0.0,0.0,0.003618937310089665,28.585564517974852,25.25626615872459
2020-08-24 00:00:00-04:00,29.286520453957554,29.65523657759539,29.209776380147524,29.462059020996094,11996000,0.0,0.0,0.012059986353514685,28.679595851898192,25.28223675394815
2020-08-25 00:00:00-04:00,29.550273482734564,29.734631582324358,29.37385326656691,29.65083122253418,11140000,0.0,0.0,0.006407298329134337,28.80657377243042,25.307255415689376
2020-08-26 00:00:00-04:00,29.52733553812528,30.1245173632156,29.418839924245976,29.962209701538086,14844000,0.0,0.0,0.010501509271931164,28.942504978179933,25.334061126860362
2020-08-27 00:00:00-04:00,30.03454420204443,30.105995245894594,29.650830493682093,29.915462493896484,12552000,0.0,0.0,-0.0015602056092411942,29.061764812469484,25.360517588872757
2020-08-28 00:00:00-04:00,29.903106803075556,30.416484832763672,29.788433185099578,30.416484832763672,14589000,0.0,0.0,0.016747938928552752,29.185566997528078,25.386519322319636
2020-08-31 00:00:00-04:00,30.30181829536821,30.924576976727916,30.30181829536821,30.622018814086914,22229000,0.0,0.0,0.0067573219737031565,29.299886894226074,25.413580618207416
2020-09-01 00:00:00-04:00,30.873421042161244,31.93811366531146,30.64584033566356,31.714941024780273,29205000,0.0,0.0,0.03569073016801183,29.43727378845215,25.447849587788657
2020-09-02 00:00:00-04:00,32.27241273105102,33.42796148439355,32.07041235478859,33.079532623291016,37053000,0.0,0.0,0.04302677395630439,29.637818145751954,25.484535940109737
2020-09-03 00:00:00-04:00,32.28565330479007,32.54057741875109,30.88752615914808,31.057771682739258,41795000,0.0,0.0,-0.06111818336660091,29.738950347900392,25.510525941848755
2020-09-04 00:00:00-04:00,31.841081997812974,32.860785416536395,31.182153537153727,32.0157356262207,58514000,0.0,0.0,0.030844580650125852,29.90222692489624,25.540019954953873
2020-09-08 00:00:00-04:00,31.108044351541025,31.998082953167675,30.87340747765093,30.92104148864746,26685000,0.0,0.0,-0.034192378096622345,30.004461669921874,25.564935990742274
2020-09-09 00:00:00-04:00,31.4167865293505,31.918700237756223,30.970444722891145,31.758155822753906,26273000,0.0,0.0,0.027072643539959307,30.163239192962646,25.592562353800215
2020-09-10 00:00:00-04:00,31.943394473733786,32.44618972606224,31.26064925082523,31.497934341430664,22851000,0.0,0.0,-0.008193847362408913,30.266620635986328,25.617963037793597
2020-09-11 00:00:00-04:00,31.799621471027486,32.13217133544317,31.286239962607088,31.729055404663086,17362000,0.0,0.0,0.007337657788194063,30.400170421600343,25.643422017021784
2020-09-14 00:00:00-04:00,32.14452533856146,32.2750747539218,31.698183425514745,31.949581146240234,16447000,0.0,0.0,0.006950277553637418,30.551803016662596,25.673184867889162
2020-09-15 00:00:00-04:00,32.31124257820065,32.73641233466961,32.22744221243883,32.36505126953125,16618000,0.0,0.0,0.013003930204571912,30.71318311691284,25.705151168126907
2020-09-16 00:00:00-04:00,32.47707171653113,32.81403298920289,32.315645667400595,32.37651062011719,18498000,0.0,0.0,0.0003540655780367441,30.88254566192627,25.737106115098985
2020-09-17 00:00:00-04:00,31.314460353032562,32.6481926500916,31.314460353032562,32.2777099609375,22862000,0.0,0.0,-0.0030516154238776627,31.04445390701294,25.76903326170785
2020-09-18 00:00:00-04:00,32.383580863392886,32.44709067619152,31.31888801354708,31.731708526611328,35295000,0.0,0.0,-0.0169157426281773,31.180738830566405,25.79782462120056
2020-09-21 00:00:00-04:00,31.155774336763,31.329351279794047,30.57451331113495,31.314220428466797,24198000,0.325,0.0,-0.013156811200204066,31.290900802612306,25.8262172388652
2020-09-22 00:00:00-04:00,31.721901714893363,32.20524680274741,31.41747145786485,32.186553955078125,19500000,0.0,0.0,0.027857424348278315,31.427125549316408,25.857666783862644
2020-09-23 00:00:00-04:00,32.061050106858936,32.15273166224933,31.15933824030231,31.296419143676758,15542000,0.0,0.0,-0.027655486593678336,31.509404945373536,25.886646433482095
2020-09-24 00:00:00-04:00,31.172702244917335,31.828734970021564,31.07389665363844,31.379213333129883,13611000,0.0,0.0,0.0026454844266057265,31.580255126953126,25.918160328789362
2020-09-25 00:00:00-04:00,31.337368354177105,31.842075340942756,31.001783284744853,31.760183334350586,18183000,0.0,0.0,0.012140839771100254,31.67249116897583,25.950801527689375
2020-09-28 00:00:00-04:00,32.194569319488636,32.795412887510615,31.958682862055902,32.694828033447266,22192000,0.0,0.0,0.029428189669352678,31.78640832901001,25.98808584894453
2020-09-29 00:00:00-04:00,32.711741609816585,33.006378966993424,32.40019070330129,32.424224853515625,13722000,0.0,0.0,-0.00827663567016812,31.876518630981444,26.02364544262962
2020-09-30 00:00:00-04:00,32.30763058142945,33.02419357329123,32.19725612496216,32.42958068847656,22403000,0.0,0.0,0.0001651800462503239,31.91225061416626,26.059637747113666
2020-10-01 00:00:00-04:00,32.844374396396944,32.99836886708633,32.474075946139635,32.810550689697266,16016000,0.0,0.0,0.011747607990382658,31.89880151748657,26.09875394049145
2020-10-02 00:00:00-04:00,32.04502332884759,32.48297249714166,31.70232110120596,31.762847900390625,17100000,0.0,0.0,-0.03193188676457137,31.93405532836914,26.132242115717087
2020-10-05 00:00:00-04:00,32.11980213626695,32.65477766980727,32.03613082053681,32.588016510009766,18923000,0.0,0.0,0.025979049870052506,31.962669372558594,26.166643941213213
2020-10-06 00:00:00-04:00,32.588904304356305,33.1131972075154,32.22483681733851,32.3993034362793,16672000,0.0,0.0,-0.005790873270010266,32.036582469940186,26.20210125711229
2020-10-07 00:00:00-04:00,32.788293243355454,32.92270519998969,32.58445118169645,32.644981384277344,12747000,0.0,0.0,0.007582815738036652,32.08092374801636,26.24047275195046
2020-10-08 00:00:00-04:00,32.92536547724688,33.317028993852304,32.784726002885286,33.23157501220703,17045000,0.0,0.0,0.017968876165823433,32.167605781555174,26.280220898370896
2020-10-09 00:00:00-04:00,33.463010922432915,33.82529900868499,33.29121669837181,33.531551361083984,17253000,0.0,0.0,0.009026847170703123,32.25773057937622,26.320721001852128
2020-10-12 00:00:00-04:00,33.984646321846185,34.279280324807324,33.80661769248259,34.0416145324707,18839000,0.0,0.0,0.015211439694337692,32.36233224868774,26.361066436010695
2020-10-13 00:00:00-04:00,34.2178593388827,34.51961390384777,33.70157672150878,33.95793533325195,16731000,0.0,0.0,-0.002458144255729433,32.44197645187378,26.40082685909574
2020-10-14 00:00:00-04:00,34.14041137869645,34.1582145766467,33.63392177231461,33.85200500488281,17298000,0.0,0.0,-0.0031194572735231407,32.51575117111206,26.437246243158977
2020-10-15 00:00:00-04:00,33.38468553666568,33.86892032200892,33.38201318924646,33.81907272338867,14361000,0.0,0.0,-0.0009728310476555535,32.59281930923462,26.47415550549825
2020-10-16 00:00:00-04:00,34.11727153403893,34.11727153403893,33.66062946140485,33.70513916015625,10295000,0.0,0.0,-0.0033689144632764734,32.69149084091187,26.510292246228172
2020-10-19 00:00:00-04:00,33.935691146122274,34.14665384981507,33.39359496092816,33.44878387451172,14803000,0.0,0.0,-0.0076058219023042994,32.79821901321411,26.54632231924269
2020-10-20 00:00:00-04:00,33.55915234809062,33.9267783902839,33.430081702084905,33.557373046875,13297000,0.0,0.0,0.0032464311040625304,32.86675996780396,26.58182546449086
2020-10-21 00:00:00-04:00,33.44877911716056,33.545805376463306,32.96276156553105,33.11764907836914,11896000,0.0,0.0,-0.01310364693599897,32.957821464538576,26.61629531118605
2020-10-22 00:00:00-04:00,33.03131488229941,33.31882834843447,32.67792649596617,33.23515701293945,13547000,0.0,0.0,0.0035481967422337224,33.05061864852905,26.65363952470204
2020-10-23 00:00:00-04:00,33.225352542116056,33.285882744195646,33.00281763111594,33.177284240722656,8868000,0.0,0.0,-0.001741311834160042,33.121473693847655,26.690082924706594
2020-10-26 00:00:00-04:00,32.899558040290664,32.93160244035687,31.832282912092296,32.31562805175781,15509000,0.0,0.0,-0.025971269459940438,33.10251369476318,26.720574216237143
2020-10-27 00:00:00-04:00,32.50612244752556,32.50612244752556,31.975598596898507,32.009422302246094,9620000,0.0,0.0,-0.009475469547467585,33.081773567199704,26.7492669385577
2020-10-28 00:00:00-04:00,31.510937731763416,31.58748842016806,30.75698951269788,30.906532287597656,22331000,0.0,0.0,-0.03445516773887691,33.005621147155765,26.77472642489842
2020-10-29 00:00:00-04:00,30.910994783896296,31.99518367803126,30.74275570747757,31.60085105895996,15697000,0.0,0.0,0.0224651140057186,32.9451361656189,26.802239633741834
2020-10-30 00:00:00-04:00,31.100581141079157,31.42103188257491,30.658183768386262,31.121946334838867,18530000,0.0,0.0,-0.015154804635722163,32.91309108734131,26.826972185619294
2020-11-02 00:00:00-05:00,31.603515754547466,31.634670502708367,31.00801014596782,31.266151428222656,11757000,0.0,0.0,0.004633549966068795,32.846997833251955,26.85101560183934
2020-11-03 00:00:00-05:00,31.68452615402971,31.97738086118639,30.857585548275402,31.48958396911621,15457000,0.0,0.0,0.007146147852782114,32.8015118598938,26.873109306607926
2020-11-04 00:00:00-05:00,32.08774843401884,32.84436563755042,31.79044217219366,32.457157135009766,21277000,0.0,0.0,0.030726768789403947,32.79212064743042,26.895993705779787
2020-11-05 00:00:00-05:00,33.145234040279114,34.06118697610122,33.114079294013486,33.90274429321289,21783000,0.0,0.0,0.0445383171480489,32.82567911148071,26.924911389275202
2020-11-06 00:00:00-05:00,33.829755913952134,34.15198600941948,33.57339392032129,33.8804931640625,13545000,0.0,0.0,-0.0006563223601591117,32.84312620162964,26.954219655385092
2020-11-09 00:00:00-05:00,34.63533114676456,35.061708089846526,33.38112411726079,33.42830276489258,24088000,0.0,0.0,-0.013346629784290354,32.812460613250735,26.981170287207952
2020-11-10 00:00:00-05:00,32.96364308086348,33.220001621360275,32.07706229633493,32.323631286621094,26784000,0.0,0.0,-0.03304599357140092,32.73074541091919,27.003959932024518
2020-11-11 00:00:00-05:00,33.01171657693045,33.570726185873085,32.80609522156638,33.462127685546875,15133000,0.0,0.0,0.03522179760158961,32.71125154495239,27.03032979132637
2020-11-12 00:00:00-05:00,33.578735952188666,33.700686001727945,32.78206059792971,32.95296859741211,12160000,0.0,0.0,-0.015215980672821483,32.667946338653564,27.055306506535363
2020-11-13 00:00:00-05:00,33.380237855320935,33.5876419210968,33.07581092819253,33.2467155456543,10997000,0.0,0.0,0.008914127034529429,32.645025157928465,27.08303401205275
2020-11-16 00:00:00-05:00,33.36332923909433,33.9472627730494,33.291230169351486,33.89741516113281,12100000,0.0,0.0,0.019571846565865414,32.66745672225952,27.11201484998067
2020-11-17 00:00:00-05:00,33.706024414472424,34.04249568957218,33.56092987834352,33.87871170043945,11950000,0.0,0.0,-0.0005517665758422163,32.683523654937744,27.141542037328083
2020-11-18 00:00:00-05:00,33.815511317230616,34.265032758895735,33.791480563714956,33.8804931640625,13517000,0.0,0.0,5.258357043791406e-05,32.72166585922241,27.168840230457366
2020-11-19 00:00:00-05:00,33.622342401136116,34.25612321057313,33.32236723803527,34.210723876953125,14555000,0.0,0.0,0.009746927569546315,32.77044420242309,27.19948256583441
2020-11-20 00:00:00-05:00,34.20896412885017,34.6130863412919,34.065652238753266,34.12173080444336,16140000,0.0,0.0,-0.0026013209433933815,32.81766653060913,27.228564334294152
2020-11-23 00:00:00-05:00,34.303315457707136,34.63979022197678,34.0923527652876,34.44841003417969,12212000,0.0,0.0,0.009573934909942627,32.92430562973023,27.25905376388913
2020-11-24 00:00:00-05:00,34.592603802794564,34.965571144589106,34.375410207834676,34.913944244384766,13455000,0.0,0.0,0.013513953466739892,33.069531726837155,27.289805416076902
2020-11-25 00:00:00-05:00,34.96824396162501,35.2050200599934,34.626431364607114,34.78932571411133,11787000,0.0,0.0,-0.0035693054156572535,33.26367139816284,27.321192389442807
2020-11-27 00:00:00-05:00,34.99583767777579,35.53170278446433,34.982486126873134,35.156063079833984,6846000,0.0,0.0,0.010541663518758515,33.44143199920654,27.353302815603833
2020-11-30 00:00:00-05:00,35.07328500100339,35.79785798668304,34.95934519017095,35.74623107910156,15454000,0.0,0.0,0.01678709012233237,33.67264623641968,27.388507233725655
2020-12-01 00:00:00-05:00,35.91357314202915,36.20019684558131,35.616266839598005,36.01237869262695,18181000,0.0,0.0,0.007445473424497306,33.909957599639895,27.426619374562822
2020-12-02 00:00:00-05:00,36.02751288755668,36.08715344194954,35.70439310419782,35.9376106262207,10031000,0.0,0.0,-0.002076176834760357,34.132358932495116,27.46585132583739
2020-12-03 00:00:00-05:00,36.006150547492716,36.19664106281293,35.43646169855954,35.58778381347656,16120000,0.0,0.0,-0.009734281346153284,34.288890266418456,27.502615834039354
2020-12-04 00:00:00-05:00,35.819223788032936,36.709363507067806,35.8183307416687,36.64527130126953,20083000,0.0,0.0,0.029714901420540674,34.426016616821286,27.543080946755786
2020-12-07 00:00:00-05:00,37.06629990120111,37.63866101620988,36.79302776614054,37.465084075927734,19707000,0.0,0.0,0.022371584260308053,34.60524616241455,27.585160213803487
2020-12-08 00:00:00-05:00,37.32177745178837,37.98225820954431,37.222082243070496,37.68940353393555,18121000,0.0,0.0,0.005987427054833239,34.8183012008667,27.628692842665174
2020-12-09 00:00:00-05:00,37.33868151548424,37.92884581517977,36.82240235518339,37.04938888549805,20908000,0.0,0.0,-0.016981288861767974,35.054589080810544,27.6694563797542
2020-12-10 00:00:00-05:00,36.62391331135355,36.96305704143629,36.3185932913878,36.49929428100586,26244000,0.0,0.0,-0.014847602647165559,35.20644741058349,27.70646536161029
2020-12-11 00:00:00-05:00,35.961641082081535,36.228682282096315,35.45247908649876,36.1236457824707,26664000,0.0,0.0,-0.010291938678130608,35.36498126983643,27.739258611013017
2020-12-14 00:00:00-05:00,36.18684092814509,36.878479698870095,36.139662285133525,36.65594482421875,26116000,0.0,0.0,0.014735473959451406,35.53544273376465,27.77833947302803
2020-12-15 00:00:00-05:00,36.965725600315984,37.33157243425904,36.76188350409973,37.21318435668945,21207000,0.0,0.0,0.015201887037502582,35.70123119354248,27.817031304041546
2020-12-16 00:00:00-05:00,37.207834434028626,38.02231297932346,37.11525983454904,37.8220329284668,23160000,0.0,0.0,0.016361098419890974,35.898397254943845,27.857913232985
2020-12-17 00:00:00-05:00,37.96446230151151,38.27689951153297,37.79088531914099,37.928855895996094,17152000,0.0,0.0,0.0028243581652878103,36.10081539154053,27.897991411269658
2020-12-18 00:00:00-05:00,38.13532844955235,39.109358508396596,37.883966737475504,39.01150894165039,45243000,0.36,0.0,0.028544310659488925,36.34085464477539,27.943492302818903
2020-12-21 00:00:00-05:00,38.436059008035166,38.781684730352545,38.03657202736406,38.50159454345703,19096000,0.0,0.0,-0.013070870930833256,36.559847831726074,27.987599989724536
2020-12-22 00:00:00-05:00,38.5015993180488,38.92083570707558,38.42259845824158,38.88043975830078,17929000,0.0,0.0,0.009839727921298058,36.78144931793213,28.03303046832009
2020-12-23 00:00:00-05:00,39.05100778890037,39.14077885078039,38.16046474591897,38.194580078125,10533000,0.0,0.0,-0.017640224350326528,36.94548110961914,28.07540882579864
2020-12-24 00:00:00-05:00,38.466586612955155,38.78168939532038,38.38399682887788,38.733211517333984,4123000,0.0,0.0,0.014102300329189132,37.14267539978027,28.12078311329796
2020-12-28 00:00:00-05:00,38.99175086970802,39.254786825084594,38.705380057739944,38.770912170410156,10625000,0.0,0.0,0.000973341780846182,37.323417854309085,28.166800987152826
2020-12-29 00:00:00-05:00,39.12551622738012,39.12551622738012,38.313974106539376,38.515960693359375,9593000,0.0,0.0,-0.006575844177464596,37.46190433502197,28.212853041906204
2020-12-30 00:00:00-05:00,38.752053587908904,39.32031238642258,38.61110957077934,39.035736083984375,10553000,0.0,0.0,0.013495064935888035,37.61307220458984,28.260095554684835
2020-12-31 00:00:00-05:00,39.16860532295393,39.36520508863787,38.87594703983484,39.306854248046875,10211000,0.0,0.0,0.006945383673032213,37.781534385681155,28.306243809442673
2021-01-04 00:00:00-05:00,39.43971128621792,39.70094932546693,37.81573010410129,38.17302322387695,24171000,0.0,0.0,-0.028845631273743066,37.910796356201175,28.350686296584115
2021-01-05 00:00:00-05:00,38.15776582168943,38.54737640285737,37.91986947069555,38.43157196044922,15069000,0.0,0.0,0.0067730746673095865,38.00011138916015,28.396314889665636
2021-01-06 00:00:00-05:00,38.000671981808814,39.01330353196518,37.752899193636715,38.194580078125,17226000,0.0,0.0,-0.0061665935124410876,38.03658618927002,28.44137096026587
2021-01-07 00:00:00-05:00,38.78707808563706,39.91192517817996,38.656010417224216,39.80419921875,21267000,0.0,0.0,0.0421426060276775,38.142325973510744,28.494143073520963
2021-01-08 00:00:00-05:00,40.128275549585695,40.396694914512175,39.378676606107575,40.00618362426758,15271000,0.0,0.0,0.005074449668175607,38.290165710449216,28.548561591950673
2021-01-11 00:00:00-05:00,39.55464020074956,40.288078903085406,39.53758253105415,40.0169677734375,11660000,0.0,0.0,0.0002695620574859614,38.466049385070804,28.605421274427382
2021-01-12 00:00:00-05:00,40.197396646981005,40.824907037078766,40.00259134603136,40.34282684326172,13846000,0.0,0.0,0.008143022521574395,38.67700843811035,28.662906302346123
2021-01-13 00:00:00-05:00,40.424521591834186,40.71089584470207,40.227921818050426,40.5062141418457,13118000,0.0,0.0,0.0040499714910600115,38.869521903991696,28.718654961813066
2021-01-14 00:00:00-05:00,40.71268916576358,41.16065058165408,40.516983220489855,40.58341598510742,19692000,0.0,0.0,0.0019059259152527375,39.0380334854126,28.776427000287978
2021-01-15 00:00:00-05:00,40.23421098242751,40.397596103250514,39.55912325159374,40.02503967285156,18165000,0.0,0.0,-0.013758731213280861,39.148183822631836,28.83065119622246
2021-01-19 00:00:00-05:00,40.24318025566134,41.249531071717904,40.24318025566134,41.22977828979492,18819000,0.0,0.0,0.03009962330557081,39.313229942321776,28.889063324247086
2021-01-20 00:00:00-05:00,41.25222545689856,41.8150975893276,40.84645438720334,41.464088439941406,14710000,0.0,0.0,0.0056830320187406524,39.43585891723633,28.948650545544094
2021-01-21 00:00:00-05:00,41.484733536134705,42.14545863151203,41.33122482802441,41.907562255859375,15749000,0.0,0.0,0.01069537116582997,39.606157302856445,29.008328252368504
2021-01-22 00:00:00-05:00,41.62926999400009,41.973097857862456,41.508972534793934,41.7459716796875,16248000,0.0,0.0,-0.0038558810742870264,39.74943389892578,29.06508900248815
2021-01-25 00:00:00-05:00,42.15354593831556,42.1930446592638,40.94341389206292,41.7253303527832,14692000,0.0,0.0,-0.0004944507475518334,39.92597141265869,29.120285862968082
2021-01-26 00:00:00-05:00,41.533206888145834,41.926409815835534,41.46408243056114,41.642730712890625,10742000,0.0,0.0,-0.0019796042162927296,40.07144737243652,29.180254940002683
2021-01-27 00:00:00-05:00,40.89493146948302,41.02240677946548,39.63542444960795,39.92179870605469,21857000,0.0,0.0,-0.04132610847979812,40.12899169921875,29.230233408155897
2021-01-28 00:00:00-05:00,40.89403380177782,41.15886081032931,40.13096613863104,40.553794860839844,16946000,0.0,0.0,0.01583085370072035,40.23088340759277,29.282992336485123
2021-01-29 00:00:00-05:00,40.38862072439046,41.124754430387235,40.184836224894035,40.442481994628906,22069000,0.0,0.0,-0.0027448199753662417,40.301220703125,29.336096494916884
2021-02-01 00:00:00-05:00,40.922760621240386,42.131995340103,40.719876796222835,41.90038299560547,17027000,0.0,0.0,0.036048751932934886,40.43089714050293,29.398406418543015
2021-02-02 00:00:00-05:00,42.17149491750995,42.8187512644002,42.01349320679954,42.810672760009766,16141000,0.0,0.0,0.02172509412383583,40.66277961730957,29.464304753712245
2021-02-03 00:00:00-05:00,42.815162335774595,42.95790084423762,41.70736959690868,41.761234283447266,17857000,0.0,0.0,-0.02451347780600166,40.82926273345947,29.523868541868907
2021-02-04 00:00:00-05:00,41.29531129341849,42.297172468028755,41.06908579173246,42.24959182739258,15243000,0.0,0.0,0.011694039994859073,41.03201332092285,29.58340112368266
2021-02-05 00:00:00-05:00,42.58175413766101,42.814267134712914,41.77649604195909,41.8348503112793,12488000,0.0,0.0,-0.009816462081046251,41.133545875549316,29.64050094286601
2021-02-08 00:00:00-05:00,42.08082332254399,42.500059689077936,41.79624353591448,42.4354248046875,17610000,0.0,0.0,0.014355841814648107,41.255007934570315,29.701503424417403
2021-02-09 00:00:00-05:00,42.37258643200858,42.658960694682186,42.069154504042984,42.60868835449219,12758000,0.0,0.0,0.004082993173796456,41.38459396362305,29.763544351335558
2021-02-10 00:00:00-05:00,42.84030291128354,42.86543908267791,41.78816921291757,42.197532653808594,14587000,0.0,0.0,-0.009649574219766976,41.47732925415039,29.82192327484252
2021-02-11 00:00:00-05:00,42.524296563448374,43.032410152046616,42.12031999424493,42.94622802734375,17123000,0.0,0.0,0.017742633904155092,41.59932994842529,29.88172649580335
2021-02-12 00:00:00-05:00,42.94534241354498,43.720974896597106,42.632034039554036,43.65813446044922,13551000,0.0,0.0,0.016576692897271483,41.75306587219238,29.944603469636704
2021-02-16 00:00:00-05:00,44.06749344538603,44.417605389424686,43.72097042616204,43.9103889465332,15163000,0.0,0.0,0.005777949268824356,41.947333335876465,30.010593637587533
2021-02-17 00:00:00-05:00,43.47048984059188,43.64015893801119,42.64727709153066,43.31338882446289,14084000,0.0,0.0,-0.013595874151723919,42.051513862609866,30.07660634555514
2021-02-18 00:00:00-05:00,43.11140734932481,43.576429873091676,42.653569523033205,43.383419036865234,16715000,0.0,0.0,0.0016168259815956265,42.14748039245605,30.141213996069773
2021-02-19 00:00:00-05:00,43.7416068272965,44.44991248029075,43.698515767733056,43.98488998413086,17992000,0.0,0.0,0.013864074354179579,42.25134677886963,30.21040583792187
2021-02-22 00:00:00-05:00,43.44985743379043,43.68416147585317,42.67063271499886,42.76399612426758,16967000,0.0,0.0,-0.027757119781446793,42.30224800109863,30.276367652983893
2021-02-23 00:00:00-05:00,42.29537445694656,42.60778550420009,40.94160695036481,42.36360168457031,21303000,0.0,0.0,-0.009362886446200314,42.334161567687985,30.34513535196819
2021-02-24 00:00:00-05:00,41.98476971948985,43.217342694026854,41.5341097012911,43.16976547241211,15125000,0.0,0.0,0.01902963288731474,42.41051330566406,30.420140951398817
2021-02-25 00:00:00-05:00,42.619455363748955,43.03510279490195,40.865303550643354,41.04035949707031,23148000,0.0,0.0,-0.04932632716530749,42.46644134521485,30.485606356272623
2021-02-26 00:00:00-05:00,41.97130505722384,42.710133868471566,41.36175288100636,42.181373596191406,22640000,0.0,0.0,0.027802244256718733,42.547820281982425,30.559663889900087
2021-03-01 00:00:00-05:00,43.06383964840495,43.98849466489367,42.539568938706374,43.95079040527344,24677000,0.0,0.0,0.04194782336917058,42.72323570251465,30.64119603520348
2021-03-02 00:00:00-05:00,44.02170326068564,44.06569155749748,43.054854537401056,43.13654708862305,18546000,0.0,0.0,-0.018526249679293394,42.78504390716553,30.715289657078092
2021-03-03 00:00:00-05:00,42.9112183277806,43.2155474776733,41.472165784311606,41.57001876831055,23991000,0.0,0.0,-0.03631557057856538,42.72301120758057,30.78681899252392
2021-03-04 00:00:00-05:00,41.44523542823665,41.9237233044235,39.628243101566426,39.82215118408203,34575000,0.0,0.0,-0.04204635061557738,42.6260570526123,30.847596747534617
2021-03-05 00:00:00-05:00,40.77912410799591,40.93622516967462,38.87146004228489,40.410160064697266,42414000,0.0,0.0,0.01476587434709642,42.53408546447754,30.914595017357478
2021-03-08 00:00:00-05:00,40.113004532045736,40.21444984785148,37.63797922949003,37.816627502441406,45243000,0.0,0.0,-0.06418021007844499,42.333174324035646,30.972865176579308
2021-03-09 00:00:00-05:00,39.11294369216896,40.11929101183934,38.65600311369894,39.82304382324219,37884000,0.0,0.0,0.053056458317739974,42.20255527496338,31.046500277897668
2021-03-10 00:00:00-05:00,40.15970029273966,40.75937951517604,39.059985883314084,39.28351974487305,19914000,0.0,0.0,-0.01354803718078057,42.03629684448242,31.11282289974273
2021-03-11 00:00:00-05:00,40.309614939954514,41.0663951455937,39.68749131803264,40.728851318359375,26170000,0.0,0.0,0.036792313491078144,41.96286277770996,31.190648635228474
2021-03-12 00:00:00-05:00,39.98105311579396,40.710902804008015,39.90564459520034,40.50263214111328,18906000,0.0,0.0,-0.005554273443113766,41.84068298339844,31.276839721770514
2021-03-15 00:00:00-04:00,40.86261094576422,42.30345785511884,40.68396265448692,42.26216125488281,31241000,0.0,0.0,0.04344233993581548,41.770884323120114,31.36475300031995
2021-03-16 00:00:00-04:00,42.30704668300645,43.4498519266742,41.96052714750853,42.92737579345703,31190000,0.0,0.0,0.01574019214403899,41.72173366546631,31.47119527014475
2021-03-17 00:00:00-04:00,42.21997384226544,43.74341418369961,42.19394043960171,43.41305160522461,23754000,0.0,0.0,0.011313894753417486,41.72671680450439,31.575500529909892
2021-03-18 00:00:00-04:00,42.60240078889435,43.39149838821226,41.63195977797747,41.667869567871094,28728000,0.0,0.0,-0.040199478562881974,41.64093933105469,31.683659530821302
2021-03-19 00:00:00-04:00,41.3512123599261,43.12721762428905,41.084311819864965,42.92636489868164,108602000,0.36,0.0,0.030203015989589632,41.588013076782225,31.787757328578405
2021-03-22 00:00:00-04:00,42.786133636888906,43.543400503705655,42.67394518595712,43.00055694580078,31805000,0.0,0.0,0.0017283561581384888,41.59984111785889,31.891796127198234
2021-03-23 00:00:00-04:00,42.864848292518076,43.008702573435016,41.85787177741502,41.98543930053711,24712000,0.0,0.0,-0.023607081334857116,41.580932998657225,31.991373599521697
2021-03-24 00:00:00-04:00,42.47308654235463,42.52194335311441,41.33492233764096,41.37111282348633,20882000,0.0,0.0,-0.014631893515591354,41.49100036621094,32.08182988848005
2021-03-25 00:00:00-04:00,41.16211606931244,41.98181368334146,40.65093838603496,41.77191162109375,17537000,0.0,0.0,0.009687890178769587,41.52757797241211,32.17221705875699
2021-03-26 00:00:00-04:00,41.31411523553666,43.69901170164743,41.31411523553666,43.61215591430664,28925000,0.0,0.0,0.04405458648637994,41.59911708831787,32.261030242556615
2021-03-29 00:00:00-04:00,43.4637841278164,43.53254467768376,42.36633151488801,42.75989532470703,28410000,0.0,0.0,-0.019541812866903707,41.53957233428955,32.350785368964786
2021-03-30 00:00:00-04:00,41.969162441544164,41.98002028174209,40.85994743729383,41.27070236206055,27935000,0.0,0.0,-0.03482686174364924,41.44628009796143,32.43136725350032
2021-03-31 00:00:00-04:00,41.52764004875037,42.25776578850767,40.930510741900406,41.949249267578125,28684000,0.0,0.0,0.01644137043185756,41.46524162292481,32.51568466519553
2021-04-01 00:00:00-04:00,42.7101323441232,43.118170950944474,42.450469216218366,43.06117248535156,23528000,0.0,0.0,0.026506391346383884,41.627192687988284,32.60908138941205
2021-04-05 00:00:00-04:00,43.45472975278509,44.29975998736802,43.1398801218785,44.19480895996094,22966000,0.0,0.0,0.026326186891334924,41.81642513275146,32.702323618389315
2021-04-06 00:00:00-04:00,43.7098689211169,44.171285539296115,43.2231162016156,43.77772521972656,18063000,0.0,0.0,-0.009437392084039486,42.11448001861572,32.79488085186671
2021-04-07 00:00:00-04:00,43.42850101766985,43.781349689240514,43.24664776290901,43.65016174316406,12074000,0.0,0.0,-0.0029138900187765104,42.30583591461182,32.88063306657095
2021-04-08 00:00:00-04:00,44.14957863792008,44.14957863792008,43.43845241180618,43.92339324951172,18121000,0.0,0.0,0.006259576034456371,42.53782958984375,32.96718196263389
2021-04-09 00:00:00-04:00,43.42759486748667,43.908011034298006,43.1145536803854,43.88810729980469,16614000,0.0,0.0,-0.0008033520886372436,42.69579238891602,33.05087798739236
2021-04-12 00:00:00-04:00,43.60220728482819,43.91796118086262,43.30092820341391,43.7596321105957,23247000,0.0,0.0,-0.0029273349231343504,42.858642387390134,33.13642016668168
2021-04-13 00:00:00-04:00,43.879974647868494,44.17130021977629,43.45384067839265,43.8763542175293,15281000,0.0,0.0,0.002667346622992506,42.93935203552246,33.22047837575277
2021-04-14 00:00:00-04:00,43.65107243594628,44.25905618189998,42.99241992651422,43.183319091796875,18220000,0.0,0.0,-0.015795184857349542,42.95214920043945,33.299115173400395
2021-04-15 00:00:00-04:00,43.57596833898181,43.636583779423745,43.136263940918674,43.427589416503906,18370000,0.0,0.0,0.005656589855628669,42.95287609100342,33.38225183032808
2021-04-16 00:00:00-04:00,43.47102685680916,43.58864423701162,43.13627341457267,43.3181266784668,16263000,0.0,0.0,-0.0025205805688931493,43.0353889465332,33.46465960759965
2021-04-19 00:00:00-04:00,43.113649509372145,43.13807791807408,41.62263649318825,41.7990608215332,26319000,0.0,0.0,-0.03506767197503746,42.97902374267578,33.53840964181082
2021-04-20 00:00:00-04:00,41.61902207884961,41.80177959692726,41.124127572594844,41.37022018432617,19128000,0.0,0.0,-0.010259575903822982,42.897506904602054,33.61309109793769
2021-04-21 00:00:00-04:00,41.185638343349154,41.64886688916844,40.94859515254047,41.59910583496094,25947000,0.0,0.0,0.005532618623129482,42.878190231323245,33.692363791995575
2021-04-22 00:00:00-04:00,41.1747858161005,41.72124978709173,40.62289637782537,41.17569351196289,27057000,0.0,0.0,-0.010178399619402367,42.86841926574707,33.76568777599032
2021-04-23 00:00:00-04:00,41.48149554081367,42.328334399521424,41.391927008528626,42.1727180480957,22890000,0.0,0.0,0.02421390998170181,42.88845958709717,33.84332855164059
2021-04-26 00:00:00-04:00,42.253232056654966,42.86936072184451,41.94109517294591,42.690223693847656,18271000,0.0,0.0,0.012271100125957446,42.84236297607422,33.92098565328689
2021-04-27 00:00:00-04:00,42.857608768860544,42.90827407774569,42.07591345959531,42.192623138427734,13267000,0.0,0.0,-0.011656077489508032,42.81399936676026,33.995407021234904
2021-04-28 00:00:00-04:00,42.10396438732386,42.15825013312095,41.26074582024064,41.545738220214844,15940000,0.0,0.0,-0.015331706589812089,42.82775115966797,34.06855024610247
2021-04-29 00:00:00-04:00,42.494803244031125,42.494803244031125,41.53034713564013,42.187191009521484,14650000,0.0,0.0,0.015439677251769979,42.83964824676514,34.140327294667564
2021-04-30 00:00:00-04:00,41.591865410777494,41.68415010573687,41.06078060672145,41.27429962158203,19367000,0.0,0.0,-0.021639065462628615,42.75030460357666,34.210006206754656
2021-05-03 00:00:00-04:00,41.595491375921966,41.60363647959687,40.55775339801271,40.726036071777344,15098000,0.0,0.0,-0.01328341255530363,42.57686595916748,34.281639394306
2021-05-04 00:00:00-04:00,40.46185156773561,40.50527946569913,39.56525167323864,40.21937942504883,23497000,0.0,0.0,-0.012440607915672475,42.398948669433594,34.35037506194342
2021-05-05 00:00:00-04:00,40.75046840559388,40.8436573740308,40.02305535631283,40.155147552490234,16388000,0.0,0.0,-0.001597037882652863,42.224197959899904,34.41795156872462
2021-05-06 00:00:00-04:00,40.15242529321326,40.63103289824023,39.79414777276787,40.58489227294922,13495000,0.0,0.0,0.010702107865429467,42.05727291107178,34.487472481197784
2021-05-07 00:00:00-04:00,41.12864967925605,41.47154822248821,40.64099261238811,40.94679641723633,11712000,0.0,0.0,0.008917213377164224,41.91020736694336,34.557192628345796
2021-05-10 00:00:00-04:00,40.566803246078656,40.58037381728388,39.425922701856294,39.455780029296875,25239000,0.0,0.0,-0.03641350528980136,41.695014762878415,34.618473726605615
2021-05-11 00:00:00-04:00,38.451515021752016,39.96786063865156,38.275090699522124,39.81496047973633,17887000,0.0,0.0,0.009103367115610217,41.49194507598877,34.68105196574378
2021-05-12 00:00:00-04:00,38.83965961905082,38.981701976352376,37.92134728885913,38.214481353759766,29940000,0.0,0.0,-0.04019793330678101,41.243503189086915,34.73968705676851
2021-05-13 00:00:00-04:00,38.89393251710395,39.339970122670586,38.509418053956516,38.95817184448242,21841000,0.0,0.0,0.0194609599391955,41.02003231048584,34.80310957772391
2021-05-14 00:00:00-04:00,39.48201384326199,40.27185415833822,39.08935774829134,39.95519256591797,16964000,0.0,0.0,0.025592081820871027,40.851885604858396,34.869293212890625
2021-05-17 00:00:00-04:00,40.00224018214786,40.00224018214786,39.16083033489307,39.80319595336914,15725000,0.0,0.0,-0.003804176698637196,40.752092361450195,34.93701834148831
2021-05-18 00:00:00-04:00,40.16328091783065,40.21032924032209,39.200636760140256,39.24225616455078,17824000,0.0,0.0,-0.014092832883960349,40.645694160461424,34.9979718450516
2021-05-19 00:00:00-04:00,38.54199261313066,40.03481770467877,38.514851468260304,39.96424865722656,21369000,0.0,0.0,0.01839834309343269,40.563951301574704,35.062337807246614
2021-05-20 00:00:00-04:00,40.32885197718253,41.55477626282903,40.29085300085909,41.16573715209961,21886000,0.0,0.0,0.030064083155377563,40.56345348358154,35.129139847225616
2021-05-21 00:00:00-04:00,41.436261429151116,41.436261429151116,40.6536584060985,40.8255615234375,13216000,0.0,0.0,-0.008263562180490625,40.49609565734863,35.19593629382906
2021-05-24 00:00:00-04:00,41.33945254808384,41.83886820464433,41.28878724164024,41.54482650756836,14420000,0.0,0.0,0.01761800590833107,40.43882579803467,35.26494599145556
2021-05-25 00:00:00-04:00,41.78999986987717,41.88590498891234,41.301442185435626,41.576480865478516,9600000,0.0,0.0,0.000761932605600979,40.40801868438721,35.33222077384828
2021-05-26 00:00:00-04:00,41.687773905289006,41.808104000516764,41.213690931797814,41.66244125366211,9873000,0.0,0.0,0.0020675243886494332,40.41385383605957,35.39790683322482
2021-05-27 00:00:00-04:00,41.61810728281051,42.38171067871388,41.58644146966966,42.312950134277344,19098000,0.0,0.0,0.015613796528499257,40.420141792297365,35.4677160580953
2021-05-28 00:00:00-04:00,42.522855312066504,42.94084756138892,42.31295666844998,42.73366165161133,19946000,0.0,0.0,0.00994285475247847,40.49310989379883,35.53637795978122
2021-06-01 00:00:00-04:00,43.015031568506416,43.246645877242635,42.26952678713768,42.36995315551758,16277000,0.0,0.0,-0.00851105386331985,40.57530574798584,35.60404006261674
2021-06-02 00:00:00-04:00,42.688421746581454,43.21950669540747,42.4749026735171,42.86032485961914,13286000,0.0,0.0,0.01157357201462239,40.707353019714354,35.67085207833184
2021-06-03 00:00:00-04:00,42.41428908910966,42.50114489406216,41.91306144698772,42.052391052246094,20389000,0.0,0.0,-0.018850389259047362,40.80221519470215,35.73048403149559
2021-06-04 00:00:00-04:00,42.56809293284804,43.28283964771544,42.47942863979781,42.97522735595703,23865000,0.0,0.0,0.021944918722086593,40.92173194885254,35.79399975519332
2021-06-07 00:00:00-04:00,42.79427848096927,42.9281826169403,41.84158772420257,41.960105895996094,24142000,0.0,0.0,-0.023621084108592316,40.97239742279053,35.8506496444581
2021-06-08 00:00:00-04:00,42.34643146115825,42.73908760924201,41.93568006666151,41.9374885559082,16615000,0.0,0.0,-0.0005390200907487985,41.096482849121095,35.90705730801537
2021-06-09 00:00:00-04:00,42.26861302015932,42.26861302015932,41.77371869763123,41.97366714477539,12126000,0.0,0.0,0.0008626789565369108,41.20441818237305,35.964370780520966
2021-06-10 00:00:00-04:00,42.11572254147657,42.48123755564812,41.637114822601106,42.40252685546875,15413000,0.0,0.0,0.010217351493595705,41.4138204574585,36.023483102283784
2021-06-11 00:00:00-04:00,42.38171573786636,42.71556490806464,42.26500261189231,42.586185455322266,14508000,0.0,0.0,0.004331312623880201,41.59522113800049,36.09070055068485
2021-06-14 00:00:00-04:00,42.56718352693283,43.056649019954996,42.16638231621034,43.050315856933594,14675000,0.0,0.0,0.010898614108048044,41.74997730255127,36.15750775261531
2021-06-15 00:00:00-04:00,43.11636240500879,43.11727010089926,42.39166559895205,42.589805603027344,11131000,0.0,0.0,-0.010697023813637907,41.88930778503418,36.22115707397461
2021-06-16 00:00:00-04:00,42.54728288889366,42.62418509527508,41.752013572609755,42.13833999633789,20437000,0.0,0.0,-0.010600320905370886,42.034111976623535,36.28071778918069
2021-06-17 00:00:00-04:00,42.059623990774796,42.9969355960313,41.97458013547886,42.62870788574219,20881000,0.0,0.0,0.011637095563017175,42.167334938049315,36.3412820044018
2021-06-18 00:00:00-04:00,42.275854846332024,42.50113596455984,41.664247361557834,41.93476486206055,28537000,0.0,0.0,-0.01627877217253726,42.205786323547365,36.397266584729394
2021-06-21 00:00:00-04:00,42.05056947044697,42.43444503539079,41.801642713001435,42.364234924316406,18591000,0.36,0.0,0.010241384771526585,42.28271999359131,36.45939739923629
2021-06-22 00:00:00-04:00,42.543867092867416,42.72623251154036,42.06424698090695,42.349647521972656,13722000,0.0,0.0,-0.0003443329584450483,42.322961044311526,36.51770040724013
2021-06-23 00:00:00-04:00,42.29584941937425,42.66239940449434,42.22107921905217,42.5511589050293,17674000,0.0,0.0,0.00475827769173498,42.37169494628906,36.57758716552976
2021-06-24 00:00:00-04:00,42.84568024434219,43.188528915805904,42.728056996457845,42.861183166503906,12502000,0.0,0.0,0.0072859181618663005,42.43163204193115,36.64021983222356
2021-06-25 00:00:00-04:00,42.9788052661824,43.079106422007435,41.943886976680005,42.14448928833008,19100000,0.0,0.0,-0.01672128077728674,42.423208999633786,36.699350402468724
2021-06-28 00:00:00-04:00,42.49097504209995,43.42924431918871,42.44629588398436,43.11101531982422,13987000,0.0,0.0,0.02293362780793684,42.442076683044434,36.76282044819423
2021-06-29 00:00:00-04:00,43.07181523298343,43.52225566314259,42.923189613169605,43.507667541503906,14184000,0.0,0.0,0.009200716307353751,42.49896240234375,36.82703493511866
2021-06-30 00:00:00-04:00,43.59703119473396,43.63897639747884,43.086408613412786,43.47940444946289,15381000,0.0,0.0,-0.0006496117497922782,42.52991638183594,36.88909651741149
2021-07-01 00:00:00-04:00,43.5705747881833,43.5705747881833,42.75814110145645,42.822879791259766,11153000,0.0,0.0,-0.015099669982053698,42.56844081878662,36.94956097527156
2021-07-02 00:00:00-04:00,43.47301196017948,43.63805528704325,41.552712382141635,42.688846588134766,37054000,0.0,0.0,-0.0031299437071571345,42.554121780395505,37.008534423888676
2021-07-06 00:00:00-04:00,42.89219298405773,43.47119957465421,42.70071081819103,43.1547966003418,13870000,0.0,0.0,0.010915029321418634,42.61385631561279,37.068194782923136
2021-07-07 00:00:00-04:00,43.31162736075733,43.34445237516512,42.52472442449858,42.81377029418945,12581000,0.0,0.0,-0.007902396327124417,42.657670402526854,37.12848657275003
2021-07-08 00:00:00-04:00,42.34691924000039,42.95419418307589,42.08613481276517,42.90130615234375,16011000,0.0,0.0,0.0020445725184399244,42.70405235290527,37.18686797883775
2021-07-09 00:00:00-04:00,42.81650140121822,43.84777436462307,42.676081179174425,43.7839469909668,16782000,0.0,0.0,0.020573752125139677,42.77312335968018,37.24807634807768
2021-07-12 00:00:00-04:00,43.887889612885026,45.04590590005334,43.15296007877889,44.29182815551758,33142000,0.0,0.0,0.01159971175407204,42.85840549468994,37.31202118737357
2021-07-13 00:00:00-04:00,44.253535583455914,44.454134409928066,43.94989815809378,44.133174896240234,11806000,0.0,0.0,-0.003581998438183187,42.91254844665527,37.37818227495466
2021-07-14 00:00:00-04:00,44.6064017209899,44.86171465349427,43.83591326726344,43.912506103515625,14020000,0.0,0.0,-0.005000066123577396,42.97868347167969,37.44214804967245
2021-07-15 00:00:00-04:00,44.066615314170406,44.17329921661816,43.140203485076746,43.524993896484375,12624000,0.0,0.0,-0.008824643396980414,43.04801616668701,37.50503113156273
2021-07-16 00:00:00-04:00,43.68183058517361,43.793074594561446,42.605881670786424,42.67973709106445,13980000,0.0,0.0,-0.019420032715689706,43.050567626953125,37.56541411838834
2021-07-19 00:00:00-04:00,42.26120453372663,42.48824913631304,41.72413973345164,42.46089553833008,14938000,0.0,0.0,-0.005127528135129733,43.0768741607666,37.62444912441193
2021-07-20 00:00:00-04:00,42.66332257943715,43.060875005608196,42.24205836709004,42.727149963378906,20727000,0.0,0.0,0.0062705795926625285,43.09501991271973,37.68299353311932
2021-07-21 00:00:00-04:00,42.82197148377569,43.70188136847208,42.71893288808072,43.67817306518555,13660000,0.0,0.0,0.022258051440869675,43.16144618988037,37.74628842066205
2021-07-22 00:00:00-04:00,43.45751147181617,43.67543585938815,43.26694067844495,43.432891845703125,12583000,0.0,0.0,-0.0056156474108099985,43.20553283691406,37.80879899433681
2021-07-23 00:00:00-04:00,43.770270739794185,44.09397120809744,43.47848743958479,44.05475997924805,13489000,0.0,0.0,0.014317907629870286,43.26521167755127,37.875222985706635
2021-07-26 00:00:00-04:00,43.964492437917364,44.09761861851471,43.73835915197181,43.97178649902344,11160000,0.0,0.0,-0.0018834169171206838,43.35657653808594,37.94267585542467
2021-07-27 00:00:00-04:00,43.83683369202764,43.93257475722234,42.6551089418666,43.34444808959961,14715000,0.0,0.0,-0.014266839247883634,43.36824817657471,38.00522750521463
2021-07-28 00:00:00-04:00,43.466621205583486,43.68363771398363,43.249608175513686,43.553245544433594,8359000,0.0,0.0,0.004817167227562091,43.37052707672119,38.07047342875647
2021-07-29 00:00:00-04:00,43.628028029649336,44.29913031841862,43.53410960560089,44.142295837402344,9162000,0.0,0.0,0.013524831171715768,43.40367164611816,38.137531802767796
2021-07-30 00:00:00-04:00,43.94625306938344,44.345631588668375,43.72832865800344,44.25992202758789,11548000,0.0,0.0,0.0026647048585515254,43.47552375793457,38.20391932744828
2021-08-02 00:00:00-04:00,44.59273830724443,45.09880075457898,44.08759066108967,44.194271087646484,15619000,0.0,0.0,-0.0014833044644878557,43.550794982910155,38.268418652670725
2021-08-03 00:00:00-04:00,44.26812729284991,44.47511235180023,43.76388752180126,44.38666534423828,11135000,0.0,0.0,0.004353375490914635,43.61238842010498,38.332113273560054
2021-08-04 00:00:00-04:00,44.545320773930854,44.677535618847585,44.133176795626184,44.478755950927734,12123000,0.0,0.0,0.0020747358688752993,43.695637702941895,38.393667054554776
2021-08-05 00:00:00-04:00,44.718564075476614,44.718564075476614,44.213413022737974,44.46689987182617,8372000,0.0,0.0,-0.0002665559961848585,43.77391738891602,38.45477123866006
2021-08-06 00:00:00-04:00,44.229835964235114,44.50794249474522,44.135006207858986,44.26266098022461,9964000,0.0,0.0,-0.004593054433528532,43.79785308837891,38.515197958265034
2021-08-09 00:00:00-04:00,44.359310959810415,44.390313328310604,43.85871992789725,44.194271087646484,5952000,0.0,0.0,-0.0015450922078245055,43.79297523498535,38.57648393842909
2021-08-10 00:00:00-04:00,44.30550844993811,44.355659025736884,43.569667535093444,43.97360610961914,9319000,0.0,0.0,-0.004993067485822289,43.784996795654294,38.63639369843498
2021-08-11 00:00:00-04:00,44.206121579141474,44.311894152418866,43.74838710733997,44.09123229980469,9816000,0.0,0.0,0.0026749270890433774,43.79393310546875,38.697935868823336
2021-08-12 00:00:00-04:00,43.97542082535202,44.22343621315703,43.46935854505874,44.15596008300781,8702000,0.0,0.0,0.001468042053417662,43.82548141479492,38.756371006133065
2021-08-13 00:00:00-04:00,44.005515264473736,44.58543297759982,43.959921306929445,44.3292121887207,8582000,0.0,0.0,0.003923640328218347,43.907955169677734,38.81697081762647
2021-08-16 00:00:00-04:00,44.2079466831984,44.579968109136075,44.16873545655334,44.50975799560547,9188000,0.0,0.0,0.00407284041313738,44.0103982925415,38.87884712219238
2021-08-17 00:00:00-04:00,44.27724362451701,44.33469174330475,43.26785624649758,43.64808654785156,16499000,0.0,0.0,-0.019359158228606455,44.05644512176514,38.93642901617383
2021-08-18 00:00:00-04:00,43.462073180484865,43.50128092785278,42.70525791502068,42.76179122924805,15616000,0.0,0.0,-0.02030547931653015,44.010626029968265,38.99108191898891
2021-08-19 00:00:00-04:00,42.52288659683023,43.38729695609056,42.18642420467525,43.17757797241211,14044000,0.0,0.0,0.009723323818102259,43.99786033630371,39.04718522420005
2021-08-20 00:00:00-04:00,43.112849899860535,43.423781422359596,42.895833325258636,43.327125549316406,10007000,0.0,0.0,0.003463547144766821,43.96147861480713,39.10401504758804
2021-08-23 00:00:00-04:00,43.43290058401183,44.33195886604476,43.37545593763435,43.990936279296875,15707000,0.0,0.0,0.015320903973306432,43.9624361038208,39.163062489221964
2021-08-24 00:00:00-04:00,43.98637715614928,44.04473312207771,43.78212605790271,43.89793014526367,9429000,0.0,0.0,-0.00211421128758682,43.990110206604,39.22034769209604
2021-08-25 00:00:00-04:00,43.910694490240616,44.33924925622447,43.910694490240616,44.078468322753906,10017000,0.0,0.0,0.004112680868842977,44.01637134552002,39.277600220271516
2021-08-26 00:00:00-04:00,44.041090081230855,44.507033503102924,43.822254310950626,44.290931701660156,10836000,0.0,0.0,0.00482011710004393,44.02380313873291,39.33446022820851
2021-08-27 00:00:00-04:00,44.49791017416505,45.266579719689,44.37299285110496,45.22098922729492,16459000,0.0,0.0,0.020998825039390656,44.07185649871826,39.39519644540454
2021-08-30 00:00:00-04:00,45.591179821047426,46.306961205104635,45.431611387339956,45.489967346191406,19614000,0.0,0.0,0.005948081266964778,44.136641311645505,39.45501185220385
2021-08-31 00:00:00-04:00,45.70879773702102,45.70879773702102,44.92554036112554,45.33677291870117,17378000,0.0,0.0,-0.0033676530546699057,44.18414669036865,39.51340373357137
2021-09-01 00:00:00-04:00,45.251069380856734,45.52188180053304,44.942875337508035,44.96749496459961,12586000,0.0,0.0,-0.008145219218927635,44.20858364105224,39.565993233332556
2021-09-02 00:00:00-04:00,45.20730325513508,45.224628822695394,44.69394679267305,44.852603912353516,16991000,0.0,0.0,-0.002554980043619093,44.22786884307861,39.61271177019392
2021-09-03 00:00:00-04:00,45.21824791373342,46.13827698053499,45.138921089850605,45.379642486572266,25191000,0.0,0.0,0.011750456567664047,44.28371791839599,39.66954459084405
2021-09-07 00:00:00-04:00,45.37235048975495,45.37235048975495,44.770546924439955,45.28025817871094,12398000,0.0,0.0,-0.0021900637029199643,44.338017272949216,39.72218158509996
2021-09-08 00:00:00-04:00,45.55652895997541,45.58114510658843,44.50701918390463,45.078731536865234,13987000,0.0,0.0,-0.004450651342364775,44.393273544311526,39.77836289481511
2021-09-09 00:00:00-04:00,44.93922171370475,45.47263763418408,44.93922171370475,44.99757766723633,13174000,0.0,0.0,-0.0018002695919369094,44.4385908126831,39.83090028308687
2021-09-10 00:00:00-04:00,45.32219530322396,46.137363070271356,45.272956047944284,45.42249298095703,16110000,0.0,0.0,0.00944307084401319,44.50191745758057,39.88615646816435
2021-09-13 00:00:00-04:00,45.77354448261256,45.81640099791176,44.976610171577704,45.4963493347168,14927000,0.0,0.0,0.0016259863541776554,44.560274314880374,39.94078858693441
2021-09-14 00:00:00-04:00,45.773553830719315,46.085396696622716,45.44164794795613,45.76169967651367,14134000,0.0,0.0,0.005832343598487277,44.62287139892578,39.99559858110216
2021-09-15 00:00:00-04:00,45.784494309626915,46.56683714201803,45.53830148761627,46.47930145263672,23346000,0.0,0.0,0.015681274541717638,44.76443214416504,40.051607510400196
2021-09-16 00:00:00-04:00,46.065329396406746,46.42550014133434,45.61032891214377,46.26137161254883,17569000,0.0,0.0,-0.00468875033136984,44.93941116333008,40.10670616513207
2021-09-17 00:00:00-04:00,45.953168154331124,46.28598526091465,45.68235576898291,46.138267517089844,34470000,0.0,0.0,-0.0026610558910793447,45.08744564056396,40.16170837765648
2021-09-20 00:00:00-04:00,45.50000344970568,45.86473083812471,44.53711785721584,45.118858337402344,30105000,0.0,0.0,-0.02209465666022037,45.17703227996826,40.21483198801676
2021-09-21 00:00:00-04:00,45.32735908135404,45.35124113822321,44.73125018798423,45.09773254394531,16935000,0.36,0.0,-0.00046822535488488803,45.23237209320068,40.26952846466549
2021-09-22 00:00:00-04:00,45.397171693549105,46.20086467979138,45.210715733627914,45.9795036315918,20610000,0.0,0.0,0.01955244838057535,45.33645076751709,40.32426239195324
2021-09-23 00:00:00-04:00,46.155845731002245,46.59489219934022,45.97949134095886,46.32025909423828,18370000,0.0,0.0,0.007411029605207675,45.44854030609131,40.38388080445547
2021-09-24 00:00:00-04:00,46.13380895807817,46.43048464715505,46.00154314899177,46.37721252441406,10605000,0.0,0.0,0.0012295576771259586,45.552854347229,40.443396674262154
2021-09-27 00:00:00-04:00,45.90510215728868,46.45987997053051,45.68465913382508,46.370784759521484,9831000,0.0,0.0,-0.00013859748231304092,45.610344123840335,40.50137525134616
2021-09-28 00:00:00-04:00,45.64976844489058,46.05850350957735,45.056413398948045,45.100502014160156,20124000,0.0,0.0,-0.027394031650510242,45.59087085723877,40.55060411634899
2021-09-29 00:00:00-04:00,45.34021899205588,45.399002629948555,44.790952696333676,44.959041595458984,15783000,0.0,0.0,-0.003136559736225508,45.57198429107666,40.60034545262655
2021-09-30 00:00:00-04:00,45.421969570713905,45.421969570713905,44.49979133819685,44.54112243652344,15735000,0.0,0.0,-0.009295553110228227,45.55066566467285,40.648407126229905
2021-10-01 00:00:00-04:00,44.80931800434268,44.883718172499336,43.85866437223868,44.76339340209961,16052000,0.0,0.0,0.004990241678191509,45.54620513916016,40.69583904175531
2021-10-04 00:00:00-04:00,44.54111450028392,44.69082933461151,43.425129494608406,43.7162971496582,20093000,0.0,0.0,-0.023391797914773194,45.46303787231445,40.74327336417304
2021-10-05 00:00:00-04:00,43.71538240237769,44.98751185148433,43.65935277158943,44.586124420166016,16557000,0.0,0.0,0.019897093926552145,45.428331184387204,40.790884903499055
2021-10-06 00:00:00-04:00,44.375790127457186,44.947102501874895,44.06074387194816,44.894744873046875,12042000,0.0,0.0,0.006921894578064469,45.41913185119629,40.840469988565594
2021-10-07 00:00:00-04:00,45.24837034245448,45.91612542774909,45.24837034245448,45.36685562133789,13261000,0.0,0.0,0.010515946791234576,45.437595748901366,40.89095361649044
2021-10-08 00:00:00-04:00,45.633223945612635,45.74160770440245,45.1243707299036,45.268577575683594,10279000,0.0,0.0,-0.002166296171693949,45.42989997863769,40.93871949967884
2021-10-11 00:00:00-04:00,45.12070827413901,45.887660266614475,45.08488517956608,45.221744537353516,11186000,0.0,0.0,-0.0010345595297704957,45.41616973876953,40.98510915514023
2021-10-12 00:00:00-04:00,45.54320731843372,45.622197499633906,44.27383188302984,44.573265075683594,20991000,0.0,0.0,-0.01433999214988868,45.356748008728026,41.02690141920059
2021-10-13 00:00:00-04:00,44.19576040862878,44.58244930663794,44.04696356341253,44.548465728759766,16424000,0.0,0.0,-0.0005563726794911572,45.26020622253418,41.06892733346848
2021-10-14 00:00:00-04:00,45.17764804082796,45.84723916444392,45.08212330912232,45.70486831665039,19233000,0.0,0.0,0.02595830336630578,45.23238105773926,41.115962505340576
2021-10-15 00:00:00-04:00,46.329445970995636,46.46354777619664,46.02450477985701,46.223819732666016,25103000,0.0,0.0,0.011354401295289751,45.23665866851807,41.16518769188533
2021-10-18 00:00:00-04:00,45.96112743411475,46.29086868069618,45.80222557272302,46.23392105102539,16042000,0.0,0.0,0.00021853058483256582,45.29241180419922,41.214905080341154
2021-10-19 00:00:00-04:00,46.322095802871715,46.92371964066297,46.08787578199386,46.87963104248047,16383000,0.0,0.0,0.013966152486665662,45.381506729125974,41.26820209291246
2021-10-20 00:00:00-04:00,46.935659596873364,47.15885660382003,46.70052506614108,46.78778076171875,13458000,0.0,0.0,-0.0019592790881499678,45.42192058563232,41.32070371082851
2021-10-21 00:00:00-04:00,46.790541641832476,47.28377829634279,46.71522346461306,47.22499465942383,11787000,0.0,0.0,0.00934461713265966,45.4671573638916,41.37668524091206
2021-10-22 00:00:00-04:00,47.27918380080165,47.88907321868144,47.121199933012896,47.34072494506836,15367000,0.0,0.0,0.0024506151134404686,45.515332984924314,41.43265971683321
2021-10-25 00:00:00-04:00,47.531781388860026,48.175654479234424,47.31960736586507,47.952457427978516,12416000,0.0,0.0,0.012921907799679389,45.59441661834717,41.491291356465176
2021-10-26 00:00:00-04:00,48.242690342341696,49.13915381090476,48.12971659719555,49.03628158569336,24043000,0.0,0.0,0.02260205661707082,45.79120559692383,41.557643156203014
2021-10-27 00:00:00-04:00,48.847998721362146,49.23836317734821,47.93316798080976,48.04798126220703,23500000,0.0,0.0,-0.020154471169662846,45.94565258026123,41.62128823144095
2021-10-28 00:00:00-04:00,48.142582553706355,48.676232298789785,48.07736589827654,48.64133071899414,11872000,0.0,0.0,0.012349102734391382,46.15066299438477,41.69166441569253
2021-10-29 00:00:00-04:00,48.08379630191787,48.87830567575817,48.08379630191787,48.8342170715332,15564000,0.0,0.0,0.003965482639720186,46.354204177856445,41.76005078875829
2021-11-01 00:00:00-04:00,48.71205077099276,48.91779523154101,48.21513865595611,48.501712799072266,16896000,0.0,0.0,-0.006808837991072569,46.59347496032715,41.829018115997314
2021-11-02 00:00:00-04:00,48.44661454110405,49.67465913647947,48.37588986327676,49.33021926879883,16262000,0.0,0.0,0.01708200436464602,46.830679702758786,41.90070092488849
2021-11-03 00:00:00-04:00,49.512071893195696,49.947446406334926,49.02710076792607,49.8170166015625,14038000,0.0,0.0,0.00986813640764761,47.07679328918457,41.9734288321601
2021-11-04 00:00:00-04:00,49.94836045819632,50.43241354360799,49.68382886324582,50.39107894897461,15956000,0.0,0.0,0.011523418835043264,47.32800445556641,42.04459518856473
2021-11-05 00:00:00-04:00,50.51784080156421,51.406035424527225,50.50038825882347,51.3371467590332,18674000,0.0,0.0,0.018774509889271762,47.631432914733885,42.11377932533385
2021-11-08 00:00:00-05:00,51.61728427878048,51.79363867740339,51.261824980801144,51.33989715576172,17231000,0.0,0.0,5.357517708226567e-05,47.937340545654294,42.18306267450726
2021-11-09 00:00:00-05:00,51.36194812635876,51.61086322782624,50.98995422857297,51.234275817871094,15838000,0.0,0.0,-0.0020572954708143465,48.27039108276367,42.25372129773337
2021-11-10 00:00:00-05:00,50.91279279210713,51.519006670676745,50.3387264864987,50.40485763549805,18450000,0.0,0.0,-0.016188736331932962,48.56321067810059,42.3254721959432
2021-11-11 00:00:00-05:00,50.76492080737047,51.17181978849314,50.40853994826474,51.01383590698242,14157000,0.0,0.0,0.012081737754090938,48.82865905761719,42.39512183174254
2021-11-12 00:00:00-05:00,51.290297130724866,51.97274716930103,50.939427839740084,51.73209762573242,13592000,0.0,0.0,0.014079743386866017,49.104072952270506,42.46964218502953
2021-11-15 00:00:00-05:00,52.14268210013865,52.14268210013865,51.42073683415758,51.96632766723633,13972000,0.0,0.0,0.004527750705151989,49.390693283081056,42.54392636011517
2021-11-16 00:00:00-05:00,51.812011395208906,52.31167754052833,51.68801110852493,52.24187088012695,13194000,0.0,0.0,0.005302341444156866,49.65880527496338,42.61672181931753
2021-11-17 00:00:00-05:00,52.1840000398115,52.47976119139973,51.81292422599455,52.32177734375,12532000,0.0,0.0,0.0015295482775952163,49.935505104064944,42.68990858774337
2021-11-18 00:00:00-05:00,52.45587806410417,52.97299668828609,52.32177627259601,52.7966423034668,12712000,0.0,0.0,0.009075856819560357,50.21408748626709,42.76497267162989
2021-11-19 00:00:00-05:00,52.931677132589634,53.0171003449247,51.98102329552906,52.23728942871094,19612000,0.0,0.0,-0.010594478178002076,50.45891571044922,42.83650666191464
2021-11-22 00:00:00-05:00,52.509158498559415,52.54222407499662,50.74562838622837,50.81910705566406,25898000,0.0,0.0,-0.02714885072630524,50.602248191833496,42.90276609148298
2021-11-23 00:00:00-05:00,50.74011632697499,51.05608055864811,50.3828174973329,50.98811340332031,17109000,0.0,0.0,0.0033256457550725482,50.69983978271485,42.96839983501132
2021-11-24 00:00:00-05:00,50.814516843302464,51.351842093758556,50.27810609061212,51.31969451904297,12084000,0.0,0.0,0.00650310618672667,50.86342544555664,43.03350201864091
2021-11-26 00:00:00-05:00,50.68040825105936,51.1883434025534,49.90427299629207,50.20462417602539,14219000,0.0,0.0,-0.021727922456822424,50.9415901184082,43.094673837934224
2021-11-29 00:00:00-05:00,51.08731292011298,52.12981940001445,50.855850371085666,51.83497619628906,18703000,0.0,0.0,0.03247414052035125,51.091628074645996,43.160860001094754
2021-11-30 00:00:00-05:00,51.73669342951229,51.89467729356309,50.70153805104502,50.8558464050293,22574000,0.0,0.0,-0.018889365118100798,51.209334754943846,43.22081879207066
2021-12-01 00:00:00-05:00,51.75598296169567,52.21523602617111,50.82369980142219,50.955047607421875,21980000,0.0,0.0,0.0019506351659652754,51.290576171875,43.2801150972881
2021-12-02 00:00:00-05:00,50.1568629695331,51.35459575168677,49.96673503111232,50.74287033081055,22619000,0.0,0.0,-0.004164008995654944,51.336868858337404,43.33886612786187
2021-12-03 00:00:00-05:00,51.89008469583009,52.263000061682675,50.55457810374439,51.26366424560547,20305000,0.0,0.0,0.010263390923684224,51.38049812316895,43.40107200259254
2021-12-06 00:00:00-05:00,51.86344529724702,52.20513106837538,51.06434599873403,51.89375686645508,22482000,0.0,0.0,0.012291213086735642,51.40832862854004,43.46158186594645
2021-12-07 00:00:00-05:00,52.53855562058038,54.47384676472775,52.53855562058038,54.228607177734375,29562000,0.0,0.0,0.04499289417969621,51.552764129638675,43.528103783017116
2021-12-08 00:00:00-05:00,54.27820785989004,54.27820785989004,53.49655747368706,54.059600830078125,17998000,0.0,0.0,-0.0031165533553596525,51.694030380249025,43.59306488339863
2021-12-09 00:00:00-05:00,53.49838724784678,54.21390288888411,53.49838724784678,53.58748245239258,29080000,0.0,0.0,-0.008733293817124621,51.85316162109375,43.658692238822816
2021-12-10 00:00:00-05:00,57.31295239754987,59.22068958721452,56.81787968280797,58.02020263671875,57087000,0.0,0.0,0.08271932140615545,52.20347995758057,43.744092668805806
2021-12-13 00:00:00-05:00,58.23329894791431,58.27187604308959,57.060366048124365,57.09986114501953,26898000,0.0,0.0,-0.015862431530302312,52.47186813354492,43.82733161865719
2021-12-14 00:00:00-05:00,56.74897617425065,56.820618830759955,55.62839771119108,56.479854583740234,35956000,0.0,0.0,-0.010858284921300143,52.697544479370116,43.905997927226714
2021-12-15 00:00:00-05:00,56.54047809589706,58.86337935793257,56.06010050875582,58.77153015136719,29092000,0.0,0.0,0.04057509681136273,53.02402744293213,43.991546918475436
2021-12-16 00:00:00-05:00,58.54191346118056,58.84502220062349,56.166657682485905,57.00984573364258,42748000,0.0,0.0,-0.029975132741777433,53.258430862426756,44.06768903278169
2021-12-17 00:00:00-05:00,56.720508304165726,58.78347511842323,56.497311283507585,58.32146453857422,50661000,0.0,0.0,0.023006882198203016,53.53467197418213,44.148612082950656
2021-12-20 00:00:00-05:00,57.52604315641369,59.34376697457864,57.41490189019604,59.246402740478516,32770000,0.0,0.0,0.015859310276622685,53.88512763977051,44.22890928056505
2021-12-21 00:00:00-05:00,59.9091797101223,60.03582097059281,58.54109865239367,59.737247467041016,36534000,0.41,0.0,0.008284802179679751,54.331034660339355,44.313177744547524
2021-12-22 00:00:00-05:00,59.46731397327239,60.74666050849976,59.092013177560105,60.56547546386719,28383000,0.0,0.0,0.013864515556782697,54.8099027633667,44.39922947353787
2021-12-23 00:00:00-05:00,60.651456918299225,62.00105338505105,60.651456918299225,61.45289993286133,23596000,0.0,0.0,0.014652315732641696,55.316563034057616,44.49152439359634
2021-12-27 00:00:00-05:00,61.45290011972874,62.51593346043902,61.42146724814509,62.3292121887207,19442000,0.0,0.0,0.014259900782823465,55.92279243469238,44.5851593168955
2021-12-28 00:00:00-05:00,62.63148706072826,62.650902520364895,61.659042642669334,61.84114456176758,17247000,0.0,0.0,-0.007830479638910703,56.42310085296631,44.676707858131046
2021-12-29 00:00:00-05:00,61.9151083919297,62.58065749633642,61.85224968355979,62.17485809326172,14797000,0.0,0.0,0.0053963026373295975,56.98905143737793,44.77059237162272
2021-12-30 00:00:00-05:00,62.22014313107155,62.46048439860112,61.36417023507701,61.47879409790039,11473000,0.0,0.0,-0.011195264721267861,57.515238761901855,44.8596521256462
2021-12-31 00:00:00-05:00,61.65349071034751,62.054670656634855,61.31147396295978,61.5092887878418,12046000,0.0,0.0,0.0004960196501715419,58.05355968475342,44.94775702461364
2022-01-03 00:00:00-05:00,61.59339164249053,62.09070369916618,61.12195510251951,61.31607437133789,22591000,0.0,0.0,-0.003141223387744585,58.55618019104004,45.039594529167054
2022-01-04 00:00:00-05:00,61.27543470716185,62.13603410704056,60.75315663034819,62.018638610839844,21103000,0.0,0.0,0.01145807598913029,59.06242427825928,45.133194000001936
2022-01-05 00:00:00-05:00,62.04543598529813,62.04543598529813,59.34623563210413,59.4377555847168,34961000,0.0,0.0,-0.04161463527630471,59.3228816986084,45.21749231550429
2022-01-06 00:00:00-05:00,59.17522603368716,59.96002530300109,58.6455570516369,58.885894775390625,28581000,0.0,0.0,-0.00928468452244302,59.56419639587402,45.29321332961794
2022-01-07 00:00:00-05:00,58.77681291114702,59.15211379288272,57.16931450978754,57.233097076416016,27832000,0.0,0.0,-0.028067803083894782,59.746477127075195,45.36157409728519
2022-01-10 00:00:00-05:00,56.281902894613005,57.500235122720646,55.792902093661276,57.41889190673828,29793000,0.0,0.0,0.0032462830042938595,59.71641159057617,45.43062935178242
2022-01-11 00:00:00-05:00,56.899401437023386,58.05117973210499,56.809736284336296,57.50117492675781,19037000,0.0,0.0,0.001433030441499561,59.736477279663085,45.498718034653436
2022-01-12 00:00:00-05:00,58.00587700069969,58.32756144541237,57.2876320068849,57.496543884277344,18806000,0.0,0.0,-8.05382235470331e-05,59.787311744689944,45.56613997807578
2022-01-13 00:00:00-05:00,58.00217934338595,58.04007580490451,54.922138879643036,55.20315170288086,30048000,0.0,0.0,-0.039887478906773466,59.608892822265624,45.62415480235266
2022-01-14 00:00:00-05:00,55.07280955851389,55.49802427455962,54.72339481540133,55.127349853515625,25661000,0.0,0.0,-0.0013731435076972387,59.514768028259276,45.68408460465689
2022-01-18 00:00:00-05:00,54.38322244419048,54.63465366305329,53.243458278787706,53.409847259521484,35825000,0.0,0.0,-0.03115518156700603,59.26918716430664,45.73241821167961
2022-01-19 00:00:00-05:00,53.76020026310811,54.05137927509289,52.073202689258004,52.132362365722656,22692000,0.0,0.0,-0.02391852737551292,58.91348514556885,45.77475263202001
2022-01-20 00:00:00-05:00,52.50488369107919,52.702702038160496,50.5424201830336,50.6302375793457,25225000,0.0,0.0,-0.028813671934510454,58.45813465118408,45.80936642298623
2022-01-21 00:00:00-05:00,50.530409098361524,51.34016706387471,49.11610251771722,49.29081344604492,38010000,0.0,0.0,-0.0264550236644987,57.89440155029297,45.83930627126542
2022-01-24 00:00:00-05:00,49.07450726657848,50.24107808673321,47.45776294982966,50.06267166137695,54256000,0.0,0.0,0.015659271198210867,57.32489013671875,45.87239095899794
2022-01-25 00:00:00-05:00,48.807358844993466,50.4157847453524,48.45794404427489,49.37493133544922,38158000,0.0,0.0,-0.013737587370078796,56.67717609405518,45.90307429480174
2022-01-26 00:00:00-05:00,51.02587254383039,53.075225978492924,50.8474661352854,51.4991569519043,49715000,0.0,0.0,0.0430223507962626,56.16007671356201,45.949016192602734
2022-01-27 00:00:00-05:00,52.66388146844392,52.71379887689154,50.011830490994136,50.130149841308594,34183000,0.0,0.0,-0.026583097503406483,55.557841300964355,45.98701760125539
2022-01-28 00:00:00-05:00,50.22720891107753,51.8115999897209,49.21316194788327,51.77462387084961,30254000,0.0,0.0,0.03280409164438458,55.072632789611816,46.03198641822452
2022-01-31 00:00:00-05:00,51.70991879107108,54.202978838802096,51.395628824841495,54.157684326171875,40288000,0.0,0.0,0.04602757639083466,54.70505256652832,46.08062650286962
2022-02-01 00:00:00-05:00,54.15675211912942,54.89902839286361,53.227747526768155,54.78995132446289,25719000,0.0,0.0,0.011674557473379199,54.37874641418457,46.12816332256983
2022-02-02 00:00:00-05:00,55.37046992674029,55.90660952447324,54.87407454219735,55.77996826171875,24443000,0.0,0.0,0.018069315874968295,54.066812896728514,46.183793219309
2022-02-03 00:00:00-05:00,55.06265839678279,55.372325489900454,53.62524424665494,53.69272232055664,30602000,0.0,0.0,-0.03741927444936477,53.77956123352051,46.22920246729775
2022-02-04 00:00:00-05:00,53.27952508716969,55.142154075370506,53.25733800301203,54.553321838378906,20548000,0.0,0.0,0.016028234006916442,53.56293258666992,46.27967259240529
2022-02-07 00:00:00-05:00,54.55330979777226,55.60895565460535,53.9986821835642,54.31944274902344,18671000,0.0,0.0,-0.004287164951171318,53.417249870300296,46.3268313937717
2022-02-08 00:00:00-05:00,54.388783246582214,55.633925775465826,54.260294219238,55.48324966430664,14570000,0.0,0.0,0.02142523664427931,53.32046775817871,46.3779209227789
2022-02-09 00:00:00-05:00,56.14232366614191,56.546278726905875,55.60710445620384,56.51115036010742,22004000,0.0,0.0,0.01852632464788817,53.27096652984619,46.43472099304199
2022-02-10 00:00:00-05:00,55.02844561266236,56.81620173218708,54.40633637144926,54.664241790771484,24920000,0.0,0.0,-0.03268219736400402,53.129351425170896,46.48122104765877
2022-02-11 00:00:00-05:00,54.66424859373411,55.440729517835,52.604725162470864,53.00590515136719,27281000,0.0,0.0,-0.030336771993501932,53.01948909759521,46.518315375797336
2022-02-14 00:00:00-05:00,53.151945608951145,53.87388605139652,52.696225420998424,53.48287582397461,19291000,0.0,0.0,0.008998444064776345,52.937265396118164,46.5563014348348
2022-02-15 00:00:00-05:00,54.44886248857168,56.02123616931005,54.376761524357036,55.718963623046875,34284000,0.0,0.0,0.04180941590410714,53.052721214294436,46.60552990625775
2022-02-16 00:00:00-05:00,54.91381932977168,55.53777981752873,54.28154397646016,55.20500183105469,22931000,0.0,0.0,-0.00922418075593201,53.206353187561035,46.65244094909183
2022-02-17 00:00:00-05:00,54.51079383432578,54.68457735233288,53.51153596110753,53.521705627441406,21424000,0.0,0.0,-0.03049173349843759,53.35092658996582,46.69028545561291
2022-02-18 00:00:00-05:00,53.7010452556212,54.329621721284745,52.992966245906935,53.61322784423828,19708000,0.0,0.0,0.0017100018716509346,53.56704730987549,46.73333796243819
2022-02-22 00:00:00-05:00,53.6132231794575,54.55794083340664,52.6722010217789,53.37935256958008,20204000,0.0,0.0,-0.004362268120428725,53.73288135528564,46.777051259600924
2022-02-23 00:00:00-05:00,53.635400550867594,54.082802384595034,52.20353343438406,52.24513244628906,22416000,0.0,0.0,-0.021248292995171836,53.87639141082764,46.81306462060837
2022-02-24 00:00:00-05:00,50.98705484865837,54.14012068349282,50.75041261599208,53.6141471862793,35316000,0.0,0.0,0.026203680149488706,53.982140922546385,46.86296060350206
2022-02-25 00:00:00-05:00,53.598430786435685,54.4812135602186,53.05951603484193,54.35457229614258,22380000,0.0,0.0,0.013810256223804496,54.19336204528808,46.911266947549485
2022-02-28 00:00:00-05:00,53.706577117598776,54.751129460138536,53.27951462007161,54.3018798828125,25005000,0.0,0.0,-0.0009694200709186029,54.31972484588623,46.952342699444486
2022-03-01 00:00:00-05:00,54.05692637128706,54.318527309733426,52.2553049299284,52.70085906982422,24898000,0.0,0.0,-0.029483708785835838,54.24688358306885,46.990296318417506
2022-03-02 00:00:00-05:00,53.10758033581669,54.58751713514809,53.02069034081481,54.148433685302734,21771000,0.0,0.0,0.027467761266673163,54.21480770111084,47.0402106633262
2022-03-03 00:00:00-05:00,54.87869693976878,54.880544687752305,53.09001694569305,53.4847297668457,26454000,0.0,0.0,-0.012257121273614557,54.10004577636719,47.094427245003835
2022-03-04 00:00:00-05:00,54.79644122981026,56.00923069586154,53.98483533829856,55.09224319458008,44757000,0.0,0.0,0.03005555856301334,54.17002182006836,47.15268947964623
2022-03-07 00:00:00-05:00,55.19299054729206,55.35013376600449,52.68976437910939,52.75447082519531,26494000,0.0,0.0,-0.042433784391897045,54.08007926940918,47.2119666356889
2022-03-08 00:00:00-05:00,52.89035825053764,55.09778267712374,52.0990882757712,53.239776611328125,26993000,0.0,0.0,0.009199330000691397,54.026095962524415,47.26520763881623
2022-03-09 00:00:00-05:00,54.426674589521596,55.61450499801103,54.26120946628472,55.18743896484375,22560000,0.0,0.0,0.03658284233110787,54.01130542755127,47.32831842937167
2022-03-10 00:00:00-05:00,54.12810340287538,54.5403769182503,53.278597667227814,54.32869338989258,19323000,0.0,0.0,-0.015560525928703162,53.90218257904053,47.38228605663966
2022-03-11 00:00:00-05:00,54.72340644268148,54.94803126133388,53.347927203552686,53.4154052734375,19813000,0.0,0.0,-0.016810419310120728,53.83974075317383,47.433527219863166
2022-03-14 00:00:00-04:00,53.33312696956411,53.61229205465869,52.20445626793088,52.486392974853516,25234000,0.0,0.0,-0.017392216605458644,53.813765144348146,47.474099567958284
2022-03-15 00:00:00-04:00,53.36178449809273,55.16340215201178,53.15564777006045,54.79365158081055,28260000,0.0,0.0,0.04395917637286395,53.87930393218994,47.52118796393985
2022-03-16 00:00:00-04:00,55.15324227574765,56.17560764032055,53.9894430789607,56.121070861816406,29454000,0.0,0.0,0.024225786066624178,53.89940929412842,47.57161661178347
2022-03-17 00:00:00-04:00,55.899220587624995,56.10998024651401,55.24383417993686,55.709720611572266,18174000,0.0,0.0,-0.007329693534483428,53.924645233154294,47.62733824290927
2022-03-18 00:00:00-04:00,55.8298909343535,56.68401958054745,55.09223389542641,56.425193786621094,41538000,0.0,0.0,0.012842878535280322,54.069819641113284,47.68090502421061
2022-03-21 00:00:00-04:00,56.35911791067126,56.35911791067126,54.801238960812675,55.95801544189453,25789000,0.41,0.0,-0.00827960549844553,54.187059020996095,47.73232351030622
2022-03-22 00:00:00-04:00,55.99802479991582,57.09430774279749,55.77560153856847,56.89329147338867,19262000,0.0,0.0,0.016713888512813746,54.362755966186526,47.79148165384928
2022-03-23 00:00:00-04:00,56.58246304930934,56.896087920456026,55.75978485731702,55.78025817871094,13839000,0.0,0.0,-0.019563524377884667,54.53951225280762,47.848660802084304
2022-03-24 00:00:00-04:00,56.45496321109799,58.37113750584974,56.02408270697555,58.2976188659668,26016000,0.0,0.0,0.045129957613151195,54.77368583679199,47.914239005436976
2022-03-25 00:00:00-04:00,58.35811231074587,58.668013153196966,57.70573862513929,58.524696350097656,14538000,0.0,0.0,0.0038951416635546465,54.982192039489746,47.97341575319805
2022-03-28 00:00:00-04:00,58.24644427774032,58.936974324448094,57.306503203216884,58.897884368896484,14427000,0.0,0.0,0.006376590432292106,55.211992263793945,48.037455392262295
2022-03-29 00:00:00-04:00,59.56048638205416,60.05465064526739,58.629853782334564,59.69729232788086,23001000,0.0,0.0,0.013572778845118094,55.56181392669678,48.110576781015546
2022-03-30 00:00:00-04:00,59.45533634532042,59.95973913288595,58.38138676073123,58.73130416870117,18626000,0.0,0.0,-0.016181440087334353,55.7909574508667,48.17717223697238
2022-03-31 00:00:00-04:00,58.67453472250041,59.46743494377598,58.44839093281228,58.60008239746094,21731000,0.0,0.0,-0.0022342730694913104,56.04672508239746,48.238834577893456
2022-04-01 00:00:00-04:00,58.78713334646315,59.05515742716761,57.57731159766146,58.34880828857422,16267000,0.0,0.0,-0.004287948047281387,56.20955333709717,48.29500124189589
2022-04-04 00:00:00-04:00,58.29668188697627,59.255235815698065,58.11986298268847,59.081207275390625,16484000,0.0,0.0,0.012552081324338271,56.52589015960693,48.35572934529138
2022-04-05 00:00:00-04:00,58.58798093719519,58.84018230338208,57.0477814676098,57.15201187133789,19778000,0.0,0.0,-0.03265328338773321,56.72150192260742,48.409308115641274
2022-04-06 00:00:00-04:00,56.03153433529479,56.91656624069671,55.2581773609926,56.02408981323242,23742000,0.0,0.0,-0.019735474240953677,56.76333446502686,48.4573267527989
2022-04-07 00:00:00-04:00,55.82213707693209,56.54895949342814,55.20884982167921,56.12179946899414,16583000,0.0,0.0,0.0017440650278737202,56.852989768981935,48.505873150295685
2022-04-08 00:00:00-04:00,55.59413843251199,55.70674704047118,54.53228754057506,54.628143310546875,20464000,0.0,0.0,-0.026614545017796032,56.9136266708374,48.5490021629939
2022-04-11 00:00:00-04:00,54.216799675862305,54.84032543526224,53.92365165134327,54.03346633911133,23512000,0.0,0.0,-0.010885908533536659,56.990980339050296,48.58930816347637
2022-04-12 00:00:00-04:00,54.824499441228156,55.70674092667741,54.178640154330445,54.448524475097656,17350000,0.0,0.0,0.007681501190048401,56.97372398376465,48.63401135944185
2022-04-13 00:00:00-04:00,54.76772497951428,55.531777069535174,54.53972099532318,55.14370346069336,20266000,0.0,0.0,0.012767636814724925,56.924855613708495,48.68050387549022
2022-04-14 00:00:00-04:00,55.37170967379112,55.56435130393793,53.31221856202425,53.40435028076172,27385000,0.0,0.0,-0.031542190146359284,56.80958709716797,48.720528572324724
2022-04-18 00:00:00-04:00,53.311296380879114,55.02087040028214,53.311296380879114,54.58161163330078,21375000,0.0,0.0,0.022044296884989212,56.71740798950195,48.77125298030793
2022-04-19 00:00:00-04:00,53.91712749414543,55.71696906198933,53.91712749414543,55.61646270751953,16581000,0.0,0.0,0.01895970168802008,56.700330352783205,48.8277856887333
2022-04-20 00:00:00-04:00,56.228819379496464,57.0877935724085,55.38473777888009,55.625770568847656,13920000,0.0,0.0,0.00016735802449496795,56.63695430755615,48.88344705672491
2022-04-21 00:00:00-04:00,56.35353073424998,57.31487514981279,54.968750305591456,55.1613883972168,20352000,0.0,0.0,-0.008348327886192553,56.606010818481444,48.93894584595211
2022-04-22 00:00:00-04:00,54.9175672566565,55.72070230411628,54.55927168224141,54.62348556518555,21064000,0.0,0.0,-0.009751437512011352,56.42230415344238,48.98835365355961
2022-04-25 00:00:00-04:00,54.11535163260056,54.79192261784719,53.150286823033916,54.710025787353516,26959000,0.0,0.0,0.0015843042836345411,56.231570625305174,49.03605128091479
2022-04-26 00:00:00-04:00,54.33033282098885,54.48481817521355,52.08843849201398,52.12194061279297,35809000,0.0,0.0,-0.04730550090800345,55.8927734375,49.07545333438449
2022-04-27 00:00:00-04:00,51.72362555355671,53.05350027280212,51.650106916380246,52.07261276245117,19313000,0.0,0.0,-0.000946393203358431,55.511539459228516,49.11722664606003
2022-04-28 00:00:00-04:00,52.668226199895315,54.4438706385221,51.92651114917685,53.878047943115234,22334000,0.0,0.0,0.03467149207396658,55.26887664794922,49.16361893547906
2022-04-29 00:00:00-04:00,53.28989079168095,53.816627112207854,51.50121391333654,51.593345642089844,26108000,0.0,0.0,-0.04240506826523471,54.91853981018066,49.204567530798535
2022-05-02 00:00:00-04:00,51.84927302181357,53.757069424832046,51.77854473491597,53.63701629638672,26725000,0.0,0.0,0.03961112870008665,54.68295021057129,49.25580157930889
2022-05-03 00:00:00-04:00,53.60537732526073,54.60487454517683,53.21078569774628,54.0855827331543,17064000,0.0,0.0,0.008363001295390804,54.433168983459474,49.31082619561089
2022-05-04 00:00:00-04:00,54.14327599801193,56.2167260719317,53.41645001889694,56.17856979370117,23896000,0.0,0.0,0.03869768901027082,54.38449687957764,49.37441120450459
2022-05-05 00:00:00-04:00,55.30098987192707,55.63973871398734,53.44530866277247,53.97576904296875,32806000,0.0,0.0,-0.039210694733268214,54.282080841064456,49.42754960438562
2022-05-06 00:00:00-04:00,53.50579467865853,54.905467730886876,52.9930172945719,53.986000061035156,20745000,0.0,0.0,0.0001895483519329666,54.1752908706665,49.479292475988
2022-05-09 00:00:00-04:00,53.31408519065373,53.79057010536734,52.14055941272174,52.387176513671875,30074000,0.0,0.0,-0.029615521534392175,54.063242530822755,49.53060754140218
2022-05-10 00:00:00-04:00,54.02229150812138,55.01434761890042,53.213572262886885,54.106048583984375,29271000,0.0,0.0,0.032810931695544054,54.066871643066406,49.58731820848253
2022-05-11 00:00:00-04:00,53.47229136706368,54.41316245996204,52.66077815666465,52.77710723876953,26660000,0.0,0.0,-0.02456178893108485,53.98330078125,49.64510640643892
2022-05-12 00:00:00-04:00,52.43184110162749,53.382016906020425,51.953495999514224,53.192169189453125,25518000,0.0,0.0,0.007864431614370337,53.88572406768799,49.701590522887216
2022-05-13 00:00:00-04:00,53.70216041837276,55.05529899811852,53.37178269342399,54.74353790283203,19449000,0.0,0.0,0.029165359056018803,53.952683448791504,49.76027443295433
2022-05-16 00:00:00-04:00,54.38430582496951,54.82728854675945,53.75798979347155,54.22516632080078,14189000,0.0,0.0,-0.009469091730084034,53.934861183166504,49.81750447409494
2022-05-17 00:00:00-04:00,55.41452393020616,56.675534397202306,55.24328926957235,56.59642791748047,24676000,0.0,0.0,0.043729909146817514,53.98385944366455,49.88637023501926
2022-05-18 00:00:00-04:00,55.83796244605423,55.9049666945593,52.690562657912295,53.0991096496582,35024000,0.0,0.0,-0.06179397528270647,53.85752639770508,49.93849269927494
2022-05-19 00:00:00-04:00,51.92930524636874,52.185230665290575,50.15738116614811,50.832088470458984,34884000,0.0,0.0,-0.04269414674100491,53.64106140136719,49.97685123625256
2022-05-20 00:00:00-04:00,51.547743641012545,51.649183682483056,47.6893406301571,50.5510368347168,40281000,0.0,0.0,-0.005529020038307464,53.43743896484375,50.0154443922497
2022-05-23 00:00:00-04:00,48.76515380354449,49.841893654784045,47.85871493286482,48.98478317260742,58586000,0.0,0.0,-0.030983611023260416,53.151176834106444,50.044968029809375
2022-05-24 00:00:00-04:00,49.01270157199017,49.21837202120918,48.03832832234587,48.78376388549805,25060000,0.0,0.0,-0.004103708827311592,52.984267997741696,50.0735683592539
2022-05-25 00:00:00-04:00,48.75584934574841,50.01685629964209,48.75584934574841,49.47522735595703,17842000,0.0,0.0,0.014174049220186058,52.85439872741699,50.10457147870745
2022-05-26 00:00:00-04:00,49.4668512919763,51.61009976634062,49.11134961905224,51.24622344970703,39743000,0.0,0.0,0.03579561304505585,52.72280750274658,50.1400209759909
2022-05-27 00:00:00-04:00,52.30993035495519,54.48482053663374,52.116358593085145,54.28194046020508,37301000,0.0,0.0,0.0592378678104406,52.85723724365234,50.18584747919961
2022-05-31 00:00:00-04:00,54.395479143395114,54.63092767038671,53.604439260251546,53.988792419433594,30009000,0.0,0.0,-0.005400470916959832,52.87482604980469,50.231953984215146
2022-06-01 00:00:00-04:00,54.68211683604709,54.994811616897145,52.899954324774384,53.38295364379883,18345000,0.0,0.0,-0.011221565596949534,52.839694595336915,50.27371044764443
2022-06-02 00:00:00-04:00,53.767304846282315,53.76916508923045,52.87203452683485,53.673309326171875,29488000,0.0,0.0,0.005439108602166565,52.714431571960446,50.31982520269969
2022-06-03 00:00:00-04:00,52.94089789396885,53.00883225639929,52.20662740639511,52.42439651489258,20562000,0.0,0.0,-0.02326878716737346,52.63686294555664,50.35732190571134
2022-06-06 00:00:00-04:00,53.18751690474047,53.2991918272359,51.88649358492741,52.229896545410156,14557000,0.0,0.0,-0.003710104119694857,52.54905776977539,50.39807504320901
2022-06-07 00:00:00-04:00,52.16568505393817,53.46856867623866,51.88556228832924,53.32432174682617,15895000,0.0,0.0,0.02095399902744388,52.59591503143311,50.44326088920472
2022-06-08 00:00:00-04:00,53.215434969635574,53.629566211110536,52.31458396426517,52.6142463684082,24004000,0.0,0.0,-0.013316163340797327,52.521324920654294,50.485485409933425
2022-06-09 00:00:00-04:00,52.22338871422735,53.38481586444903,51.73666534105654,51.76365661621094,18787000,0.0,0.0,-0.0161665292369938,52.470652389526364,50.52263275025383
2022-06-10 00:00:00-04:00,51.19315894129107,51.28157015928996,50.22809426354958,50.37234115600586,24018000,0.0,0.0,-0.026878229846099333,52.329660987854005,50.55353019351051
2022-06-13 00:00:00-04:00,49.023873362332566,49.60272491699281,48.022512323478026,48.17141342163086,31619000,0.0,0.0,-0.043693179309625685,52.001054763793945,50.57385200924344
2022-06-14 00:00:00-04:00,48.85542491576427,48.85542491576427,47.889426327782154,48.40871810913086,24380000,0.0,0.0,0.004926255441644267,51.71023235321045,50.5969429318867
2022-06-15 00:00:00-04:00,49.244434603677476,49.67996935483601,47.975979534978485,49.01736068725586,19141000,0.0,0.0,0.012572995152503319,51.33127899169922,50.62424063304114
2022-06-16 00:00:00-04:00,47.64373331710295,47.87453121291395,45.81317996384052,46.269187927246094,37244000,0.0,0.0,-0.05606529444830488,50.989782905578615,50.63868698241219
2022-06-17 00:00:00-04:00,46.066315753800296,46.565134196424374,45.40277351599045,46.40599822998047,43504000,0.0,0.0,0.002956833885857213,50.76847839355469,50.65642997196743
2022-06-21 00:00:00-04:00,47.30025083478906,47.94114131249754,47.18858790024718,47.27116012573242,21901000,0.41,0.0,0.018643320448885836,50.60448455810547,50.67590189736987
2022-06-22 00:00:00-04:00,46.571154045793364,47.271160195766996,46.373160395930704,46.551448822021484,24721000,0.0,0.0,-0.015225166926232436,50.482817840576175,50.6925757120526
2022-06-23 00:00:00-04:00,47.08161329709063,47.08161329709063,46.07382982661779,46.59648895263672,16707000,0.0,0.0,0.0009675344539208375,50.373454093933105,50.70862860906692
2022-06-24 00:00:00-04:00,47.38657054829538,48.02464742817805,47.053457462101434,47.770355224609375,21201000,0.0,0.0,0.025192161434434146,50.288210487365724,50.72810945056734
2022-06-27 00:00:00-04:00,48.212318964765345,48.2348376834434,47.1820133103414,47.45319366455078,13207000,0.0,0.0,-0.006639296663534244,50.09855899810791,50.749175737774564
2022-06-28 00:00:00-04:00,48.10066243761452,48.245167411999134,46.74005700515572,46.7719612121582,15667000,0.0,0.0,-0.014355882076309667,49.723060035705565,50.76370330083938
2022-06-29 00:00:00-04:00,46.493267127714624,46.53549106964685,45.666582050967705,46.01752471923828,14444000,0.0,0.0,-0.0161301017397536,49.3244966506958,50.77366305154467
2022-06-30 00:00:00-04:00,45.79419362672896,46.32998947284348,45.10732084867042,45.585880279541016,18890000,0.0,0.0,-0.009380001256712789,48.93464298248291,50.782022082616415
2022-07-01 00:00:00-04:00,44.98533853375538,45.44137209177019,44.04886629689826,44.838016510009766,21315000,0.0,0.0,-0.016405601141081694,48.4928783416748,50.79001865689717
2022-07-05 00:00:00-04:00,44.29002207516342,44.75262762350537,43.53089681177432,44.693511962890625,20711000,0.0,0.0,-0.003222813102958799,48.106334114074706,50.79797367822556
2022-07-06 00:00:00-04:00,45.09044125741917,45.70224460176182,44.618450143658904,45.28561782836914,22975000,0.0,0.0,0.013248139147582494,47.75912017822266,50.80642931801932
2022-07-07 00:00:00-04:00,45.8017068215751,47.04783218465552,45.8017068215751,46.78040313720703,21319000,0.0,0.0,0.03300794778825966,47.4319242477417,50.82216992453923
2022-07-08 00:00:00-04:00,46.259617486007414,46.88268192761721,45.979051636677184,46.79447555541992,12713000,0.0,0.0,0.00030081866057485307,47.14093570709228,50.83761900947208
2022-07-11 00:00:00-04:00,45.931189463114706,46.13105514678221,45.132653822292184,45.30906295776367,21449000,0.0,0.0,-0.03174333252003303,46.818206024169925,50.843671056959366
2022-07-12 00:00:00-04:00,45.77449686590105,46.223024264343195,45.04727568124371,45.16926193237305,21159000,0.0,0.0,-0.003085498049715696,46.55805206298828,50.84715293702625
2022-07-13 00:00:00-04:00,44.56965309547914,45.56993023158798,44.31723654550692,45.20303726196289,17665000,0.0,0.0,0.0007477503095005833,46.409633255004884,50.85139842260452
2022-07-14 00:00:00-04:00,45.27060103612445,45.66752257948187,44.4242106872735,45.47610092163086,19957000,0.0,0.0,0.006040825488904611,46.26300239562988,50.857603163946244
2022-07-15 00:00:00-04:00,46.056940727312394,46.42383375231984,45.61591596755985,46.397560119628906,18714000,0.0,0.0,0.020262493470713405,46.132012367248535,50.86900223626031
2022-07-18 00:00:00-04:00,46.93241448715956,47.143544943897886,45.809213200380455,46.07851791381836,18042000,0.0,0.0,-0.006876271187276739,46.12247886657715,50.882489461747426
2022-07-19 00:00:00-04:00,46.617131349312594,47.9824258989275,46.53174204914385,47.76191711425781,27257000,0.0,0.0,0.036533275735733284,46.19027481079102,50.9035252616519
2022-07-20 00:00:00-04:00,47.812580319538874,48.569829953665774,47.336837935324645,48.02183151245117,27412000,0.0,0.0,0.005441875324467826,46.22780838012695,50.92453590271965
2022-07-21 00:00:00-04:00,48.09502777433719,48.588596159508256,47.482286644473,48.57640075683594,13912000,0.0,0.0,0.011548273502250295,46.32905597686768,50.94397331419445
2022-07-22 00:00:00-04:00,48.68243124989323,48.77438894954056,47.54421399448025,48.09220886230469,17867000,0.0,0.0,-0.009967636279909264,46.403841972351074,50.962462667434934
2022-07-25 00:00:00-04:00,47.89890234420388,48.16726915188855,47.53013020452563,48.14756393432617,15061000,0.0,0.0,0.0011510195379043076,46.422702407836915,50.97870395297096
2022-07-26 00:00:00-04:00,48.29020599023177,48.494764458230456,47.754406485754146,47.958030700683594,17958000,0.0,0.0,-0.003936507232247588,46.447944259643556,50.99452238234262
2022-07-27 00:00:00-04:00,48.62519102527351,49.750271461231485,48.50602186519348,49.52506637573242,25699000,0.0,0.0,0.03267514641768843,46.58559951782227,51.01904864538284
2022-07-28 00:00:00-04:00,49.60012507937989,50.34423416197344,48.84850617931819,50.07117462158203,14867000,0.0,0.0,0.011026905884516047,46.788282012939455,51.044913443308026
2022-07-29 00:00:00-04:00,49.91823796153554,50.46717067487266,49.75777910985404,50.24665832519531,18482000,0.0,0.0,0.0035046851794373612,47.02132091522217,51.06913710397387
2022-08-01 00:00:00-04:00,49.86662250035579,50.651079948045236,49.77372339772435,50.33016586303711,11485000,0.0,0.0,0.00166195207055031,47.295928382873534,51.09322537316216
2022-08-02 00:00:00-04:00,50.03458591346675,50.59571756244641,49.47251643202749,49.845977783203125,13072000,0.0,0.0,-0.00962023612542029,47.55355167388916,51.115652780684215
2022-08-03 00:00:00-04:00,50.22882529983028,51.421465423094695,50.11903804884166,51.3032341003418,19228000,0.0,0.0,0.02923518369880851,47.85443248748779,51.14309948209732
2022-08-04 00:00:00-04:00,51.45993798393282,51.90471398230983,51.14089954748432,51.87187194824219,16293000,0.0,0.0,0.01108385968003911,48.10900592803955,51.172437243991425
2022-08-05 00:00:00-04:00,51.13058750705189,51.796813772427505,50.97857271547448,51.744266510009766,14357000,0.0,0.0,-0.0024600122077673703,48.356495475769044,51.20131568303184
2022-08-08 00:00:00-04:00,51.54815383833187,51.88971105550863,50.552565737310516,51.18970489501953,13722000,0.0,0.0,-0.010717353871137703,48.65052757263184,51.228803952534996
2022-08-09 00:00:00-04:00,50.585389028714,50.60978698647358,49.521303743921166,49.99516677856445,20072000,0.0,0.0,-0.023335514805268964,48.891822814941406,51.25182337987991
2022-08-10 00:00:00-04:00,51.23942706499526,51.704849708653235,50.599474509478895,51.64760971069336,19519000,0.0,0.0,0.03305205360045704,49.21405143737793,51.282275775122265
2022-08-11 00:00:00-04:00,51.97978283065446,52.33823170313262,51.06958421379441,51.1803092956543,14268000,0.0,0.0,-0.009047861414239078,49.4992618560791,51.3104070330423
2022-08-12 00:00:00-04:00,51.40363157165573,52.398281574734355,51.20094880965898,52.38139343261719,18399000,0.0,0.0,0.02346769985356212,49.79845352172852,51.3430476415725
2022-08-15 00:00:00-04:00,52.00606336198734,52.52778463938722,51.65605851468396,52.44990158081055,14329000,0.0,0.0,0.0013078718167642833,50.11702270507813,51.37527259947762
2022-08-16 00:00:00-04:00,52.314762398404255,52.35417283184003,51.23472680809754,51.763954162597656,14782000,0.0,0.0,-0.01307814500196991,50.31712455749512,51.404059092203774
2022-08-17 00:00:00-04:00,51.08084694357265,51.11275114572463,49.83002897077074,50.538482666015625,19022000,0.0,0.0,-0.023674224977725977,50.44295711517334,51.431401933942524
2022-08-18 00:00:00-04:00,50.99076555505621,52.600032431741155,50.823738302772675,52.402042388916016,23459000,0.0,0.0,0.036874073470225754,50.634239196777344,51.46965689886184
2022-08-19 00:00:00-04:00,51.68982962775866,52.13272993896071,51.409263813803285,51.46181106567383,16923000,0.0,0.0,-0.017942646514882088,50.802719306945804,51.502530839708115
2022-08-22 00:00:00-04:00,50.91194735776058,50.96073970691043,49.45563300998208,49.615150451660156,18555000,0.0,0.0,-0.03588409688219141,50.8760986328125,51.52748331947932
2022-08-23 00:00:00-04:00,50.09370507106803,50.4474648062614,49.630161658225575,49.71179962158203,9003000,0.0,0.0,0.001947976959498332,50.96378707885742,51.550185158139186
2022-08-24 00:00:00-04:00,49.691153236986914,49.8544255732432,49.11688477294666,49.81126022338867,11883000,0.0,0.0,0.002000744341660532,50.97809677124023,51.573650753687296
2022-08-25 00:00:00-04:00,50.05617784602287,51.65418374387421,49.94451491494624,51.621341705322266,17345000,0.0,0.0,0.03633880118302413,51.05560512542725,51.60358279091971
2022-08-26 00:00:00-04:00,51.500288083773505,51.70203303720496,48.79409364208316,48.87479019165039,25682000,0.0,0.0,-0.05320573667671058,50.98701171875,51.62177270556253
2022-08-29 00:00:00-04:00,48.79409744994406,49.051203177325924,48.043419743539964,48.24797821044922,16580000,0.0,0.0,-0.012824852623270266,50.88290233612061,51.63378456660679
2022-08-30 00:00:00-04:00,48.49757400196064,48.59797935236492,47.04782812752429,47.51700210571289,18282000,0.0,0.0,-0.015150398666404996,50.76645355224609,51.64182835533505
2022-08-31 00:00:00-04:00,47.87076317643487,47.87076317643487,46.59273358661994,46.83388900756836,32445000,0.0,0.0,-0.014376182584599606,50.54298629760742,51.64776929219564
2022-09-01 00:00:00-04:00,46.1169843556269,46.28776293153846,45.1195207801723,46.16765594482422,31930000,0.0,0.0,-0.014225448214144176,50.257775497436526,51.65253183576796
2022-09-02 00:00:00-04:00,48.60642031756752,48.776261057726906,46.75787739573036,46.93803787231445,40426000,0.0,0.0,0.016686615591030574,50.017464065551756,51.660807367355105
2022-09-06 00:00:00-04:00,46.77947101540234,47.2927482849101,46.01377714805593,46.748504638671875,24738000,0.0,0.0,-0.004037945390009012,49.795404052734376,51.66623936002217
2022-09-07 00:00:00-04:00,47.19045222602279,47.80225542717716,46.83106554235519,47.398765563964844,20440000,0.0,0.0,0.013909769527794769,49.66558399200439,51.674646135360476
2022-09-08 00:00:00-04:00,47.16136522566555,48.112849966162145,46.79541010693813,48.03684616088867,22535000,0.0,0.0,0.013461966558237393,49.48504581451416,51.686384685455806
2022-09-09 00:00:00-04:00,48.36620936549876,49.354291152423194,48.36620936549876,49.01930236816406,23019000,0.0,0.0,0.02045213801057777,49.37699546813965,51.70234391045949
2022-09-12 00:00:00-04:00,49.42748007577715,49.850675223302474,49.221983782846756,49.64423751831055,18157000,0.0,0.0,0.012748756509279868,49.24013767242432,51.7190968649728
2022-09-13 00:00:00-04:00,48.21607312789713,48.63176204122455,47.075042319022245,47.2598991394043,35136000,0.0,0.0,-0.04802850236196743,48.980637550354004,51.72609507848346
2022-09-14 00:00:00-04:00,47.58643926899479,48.13724760837537,47.177318802459595,47.92612075805664,20605000,0.0,0.0,0.014096975041930637,48.78874588012695,51.73468405102927
2022-09-15 00:00:00-04:00,47.75533984767269,48.002122217384034,46.66216371456121,46.9305305480957,36574000,0.0,0.0,-0.02077343615993732,48.608348274230956,51.73647464267791
2022-09-16 00:00:00-04:00,46.70345424052122,47.263648089305825,45.9659133998003,47.15198516845703,59012000,0.0,0.0,0.004718775129430419,48.34584541320801,51.74000882345533
2022-09-19 00:00:00-04:00,46.393798629805566,47.2354961037826,46.393798629805566,47.090049743652344,17948000,0.0,0.0,-0.001313527406818893,48.127257347106934,51.7437857370528
2022-09-20 00:00:00-04:00,46.54205886680959,46.807612235668216,45.95277787550761,46.26618576049805,17132000,0.0,0.0,-0.017495500379363094,47.959809112548825,51.74833862365238
2022-09-21 00:00:00-04:00,46.458264549738786,47.29945062624953,45.58585244597207,45.62086486816406,20669000,0.41,0.0,-0.013948002882160138,47.75526237487793,51.75041454557388
2022-09-22 00:00:00-04:00,45.64830107478102,45.72210508950623,44.75601858600019,45.19222640991211,23540000,0.0,0.0,-0.009395667081074421,47.5243106842041,51.747290429614836
2022-09-23 00:00:00-04:00,44.940532155295685,45.22818265500697,43.71518405209853,44.34725570678711,29649000,0.0,0.0,-0.018697257697834258,47.160606384277344,51.73946105109321
2022-09-26 00:00:00-04:00,44.37563864646394,44.78440683383328,43.64989256201818,43.739784240722656,19361000,0.0,0.0,-0.013698062177305848,46.903856086730954,51.728995065840465
2022-09-27 00:00:00-04:00,44.429582142126364,44.46175025787564,43.19571544382403,43.97539520263672,17850000,0.0,0.0,0.00538665121477,46.69022693634033,51.71948955172584
2022-09-28 00:00:00-04:00,43.652724619188994,44.35387169130523,43.180562350639214,44.08987808227539,27605000,0.0,0.0,0.0026033394153968104,46.518870735168456,51.71547913929773
2022-09-29 00:00:00-04:00,43.61110408452022,43.655577082598754,42.09526463089886,42.5920295715332,39997000,0.0,0.0,-0.03397261629862247,46.306777763366696,51.70608623444088
2022-09-30 00:00:00-04:00,42.49078753027554,43.3196760995597,41.977938468482755,42.0129508972168,27202000,0.0,0.0,-0.013595939901005272,46.09904251098633,51.6960538076976
2022-10-03 00:00:00-04:00,42.50781910892932,43.61583970779257,42.29302689149981,43.22126770019531,21479000,0.0,0.0,0.028760579230309613,45.91320400238037,51.68993426126147
2022-10-04 00:00:00-04:00,44.33023287396375,45.43352144277363,44.08043182478147,45.40513610839844,27277000,0.0,0.0,0.05052763429688234,45.8460355758667,51.69663600316123
2022-10-05 00:00:00-04:00,44.71344897022588,46.18386619101051,44.61031030383407,45.872562408447266,18493000,0.0,0.0,0.010294568855226283,45.76972541809082,51.70174091581314
2022-10-06 00:00:00-04:00,45.776998450121866,46.33621189021967,45.29726683017777,45.371070861816406,17250000,0.0,0.0,-0.010932276731471902,45.63643665313721,51.70363109830826
2022-10-07 00:00:00-04:00,44.6973574594976,44.78819484506804,43.43321407063871,43.57136154174805,28425000,0.0,0.0,-0.039666450138450826,45.36403961181641,51.69650612180195
2022-10-10 00:00:00-04:00,43.52593972325186,43.53540029586899,40.86139344899826,41.41587829589844,33454000,0.0,0.0,-0.04947018338603726,44.952621650695804,51.68121763259646
2022-10-11 00:00:00-04:00,41.179325043280606,41.510499233971906,40.26906345275087,40.75920486450195,28046000,0.0,0.0,-0.01585559593122321,44.627586936950685,51.66350914183117
2022-10-12 00:00:00-04:00,40.90019363892623,41.22853077452854,40.498998173851476,40.74123001098633,15046000,0.0,0.0,-0.0004410010836909395,44.26834239959717,51.6483026534792
2022-10-13 00:00:00-04:00,39.49695468091463,41.990232622656656,39.274593310397876,41.441429138183594,27980000,0.0,0.0,0.017186499450518422,43.99388732910156,51.63597314319913
2022-10-14 00:00:00-04:00,41.94387312520338,42.00821658103535,40.34760605032613,40.41289520263672,22816000,0.0,0.0,-0.02481897842174552,43.65693283081055,51.61497324988956
2022-10-17 00:00:00-04:00,41.590929101303125,41.75083840437744,41.00805893359639,41.19540786743164,24120000,0.0,0.0,0.01936294494297619,43.36220073699951,51.59501923455132
2022-10-18 00:00:00-04:00,42.41036024834098,42.44253197814025,40.70243952702117,41.144325256347656,20341000,0.0,0.0,-0.0012400074117088211,43.10610771179199,51.574822425842285
2022-10-19 00:00:00-04:00,40.99292553392874,41.472657110727255,40.77056415298495,41.18878936767578,12702000,0.0,0.0,0.0010806863656431798,42.88450393676758,51.55223972078354
2022-10-20 00:00:00-04:00,41.17270317936426,41.84073298404503,40.51129685875791,40.71567916870117,23402000,0.0,0.0,-0.0114863827327224,42.66067657470703,51.528144079541406
2022-10-21 00:00:00-04:00,40.88506218040559,42.64218809036092,40.608767177707485,42.5541877746582,26980000,0.0,0.0,0.045154806293157046,42.57102317810059,51.50960913158598
2022-10-24 00:00:00-04:00,42.83804164511303,43.411451275405355,42.684755816272386,43.196659088134766,25287000,0.0,0.0,0.01509772238818674,42.54386692047119,51.4931644258045
2022-10-25 00:00:00-04:00,43.33575293951717,43.92902942174898,43.22599079848758,43.53256607055664,18246000,0.0,0.0,0.0077762259747107265,42.521725463867185,51.47562517438616
2022-10-26 00:00:00-04:00,43.33575294961549,44.63869153953837,43.08500624913799,43.637596130371094,29291000,0.0,0.0,0.0024126778936996995,42.499111366271975,51.45420181940472
2022-10-27 00:00:00-04:00,44.09840185205626,44.54501597632876,43.044318595638764,43.09068298339844,18512000,0.0,0.0,-0.01253307229249534,42.524044036865234,51.43453000083802
2022-10-28 00:00:00-04:00,43.23829272777629,44.882815427840974,43.11433792023881,44.74656295776367,23094000,0.0,0.0,0.038427795980936263,42.66072463989258,51.41907457321409
2022-10-31 00:00:00-04:00,44.1741005271592,44.73804235615812,43.99999494319533,44.48351287841797,19259000,0.0,0.0,-0.005878665576929287,42.72383689880371,51.40180987403507
2022-11-01 00:00:00-04:00,45.02097211196776,45.118429385197174,43.82590049422774,44.273460388183594,16324000,0.0,0.0,-0.0047220301779782314,42.66725311279297,51.385031094626775
2022-11-02 00:00:00-04:00,44.498652535748555,45.46095273347805,43.12096062250854,43.15029525756836,21070000,0.0,0.0,-0.025368812845607214,42.53113975524902,51.3605075866457
2022-11-03 00:00:00-04:00,42.66866815086148,42.85033929313554,41.762193003460204,42.023345947265625,23887000,0.0,0.0,-0.0261168389132882,42.36375350952149,51.32958032214452
2022-11-04 00:00:00-04:00,43.22882707950813,44.36712414602273,42.89008011779699,44.02743148803711,28891000,0.0,0.0,0.047689813735593,42.386557006835936,51.30432775285509
2022-11-07 00:00:00-05:00,44.16652597345165,45.20452512328151,43.67449679081249,44.96607971191406,17687000,0.0,0.0,0.02131962261146203,42.56406707763672,51.279045740763344
2022-11-08 00:00:00-05:00,45.53665733610988,46.25105162031062,44.80333829363902,45.6180305480957,20743000,0.0,0.0,0.014498725269325607,42.80700836181641,51.256339920891655
2022-11-09 00:00:00-05:00,45.27644547520313,45.323759174653524,44.38038002749485,44.42201232910156,23695000,0.0,0.0,-0.026218102899755014,42.99104747772217,51.22930712926956
2022-11-10 00:00:00-05:00,46.45921824101082,47.98925052551167,46.09871295434996,47.93247985839844,33970000,0.0,0.0,0.0790254053168391,43.31560001373291,51.21949610634456
2022-11-11 00:00:00-05:00,47.764994344279685,49.10862325340445,47.50005495777414,49.02251434326172,26728000,0.0,0.0,0.022741040899270093,43.74608097076416,51.21159403664725
2022-11-14 00:00:00-05:00,48.767038172966096,49.678241948992714,48.54089039294599,48.56170654296875,21608000,0.0,0.0,-0.009399921780150589,44.11439590454101,51.19901311965216
2022-11-15 00:00:00-05:00,50.14567623566994,50.39264018528568,48.816243522853895,49.62147521972656,23315000,0.0,0.0,0.021823134980235803,44.53825340270996,51.189708149622355
2022-11-16 00:00:00-05:00,48.89288537515074,49.06509597647187,48.28352117633214,48.42072296142578,25405000,0.0,0.0,-0.024198237819085144,44.899850082397464,51.17454486423068
2022-11-17 00:00:00-05:00,47.78392191204006,48.51629166332111,47.60792490514148,48.45668029785156,20375000,0.0,0.0,0.0007426022212519978,45.28690013885498,51.159207177540615
2022-11-18 00:00:00-05:00,48.90707409319184,48.988447295514334,48.351643512984985,48.745269775390625,14536000,0.0,0.0,0.0059556180028259575,45.5964542388916,51.1431303024292
2022-11-21 00:00:00-05:00,48.53521197240955,49.28366932421732,48.362055680424156,48.96100997924805,18622000,0.0,0.0,0.0044258695223458044,45.88467178344727,51.13012919350276
2022-11-22 00:00:00-05:00,49.48427259275356,50.175955725983606,49.10957104037589,50.15419387817383,18920000,0.0,0.0,0.024370083448677082,46.215753173828126,51.12749064914764
2022-11-23 00:00:00-05:00,50.18256986179228,51.235707381308714,50.03590752384683,50.493873596191406,13964000,0.0,0.0,0.006772708157620322,46.55856704711914,51.12552938007173
2022-11-25 00:00:00-05:00,50.214741822655135,50.5828198232635,50.1002512064069,50.14093780517578,7455000,0.0,0.0,-0.006989675496835823,46.911079788208006,51.12085177406432
2022-11-28 00:00:00-05:00,49.69905472385663,50.03212393018647,48.84746236644461,49.412353515625,23505000,0.0,0.0,-0.014530727214989825,47.14436931610108,51.11770784287226
2022-11-29 00:00:00-05:00,49.48710653196737,49.75677800455285,48.71405023563746,49.33476638793945,12694000,0.0,0.0,-0.0015701969682745398,47.38693199157715,51.10778637537881
2022-11-30 00:00:00-05:00,49.59213565822613,52.19896225070235,48.997913455155555,52.13935089111328,47349000,0.0,0.0,0.05684803453046139,47.78022651672363,51.11287964714898
2022-12-01 00:00:00-05:00,52.13935175663846,52.27087575038743,51.28113225025161,52.112857818603516,23006000,0.0,0.0,-0.0005081204897448011,48.22835464477539,51.11747413211398
2022-12-02 00:00:00-05:00,50.8165366131398,51.35114740210972,50.72475353732553,51.17136764526367,19320000,0.0,0.0,-0.018066370042821633,48.68575572967529,51.11917451828245
2022-12-05 00:00:00-05:00,50.88466379417896,51.04646810503452,49.722709812863116,50.21001052856445,18548000,0.0,0.0,-0.018787012365267475,48.99488468170166,51.11499335273864
2022-12-06 00:00:00-05:00,50.21094946208761,50.487244353795205,49.36881782105457,49.753929138183594,19655000,0.0,0.0,-0.009083475298643728,49.234277153015135,51.10650197286454
2022-12-07 00:00:00-05:00,49.16539035392053,49.67634794189535,48.82948405336157,49.06130599975586,16524000,0.0,0.0,-0.013920973688411276,49.40644092559815,51.08599680945987
2022-12-08 00:00:00-05:00,49.27988357750568,50.37843984247103,49.23919336733592,50.25164794921875,27514000,0.0,0.0,0.024262337196421457,49.697922706604004,51.070885885329474
2022-12-09 00:00:00-05:00,52.130830061905414,52.29168506193095,51.190288165606766,51.54228210449219,37028000,0.0,0.0,0.025683419508504057,49.87841281890869,51.06277001093304
2022-12-12 00:00:00-05:00,51.545123079197374,52.6919387511716,51.307623346463224,52.669227600097656,23416000,0.0,0.0,0.021864485808385403,50.06074848175049,51.04153598300994
2022-12-13 00:00:00-05:00,54.48501436037938,55.054633950376044,53.4640449699167,54.03272247314453,40414000,0.0,0.0,0.02588788435250078,50.33429927825928,51.02936479780409
2022-12-14 00:00:00-05:00,53.79711682543313,55.415145517007026,53.71952641091569,54.35443878173828,35218000,0.0,0.0,0.0059541014013064775,50.57094745635986,51.02093060811361
2022-12-15 00:00:00-05:00,53.34577072116532,53.602195202417924,52.770473314097806,52.798858642578125,36876000,0.0,0.0,-0.02861919236084154,50.78985424041748,50.99722953069778
2022-12-16 00:00:00-05:00,52.74682139678613,52.96918278273747,52.12421384755645,52.601104736328125,49549000,0.0,0.0,-0.0037454200968376483,50.99707546234131,50.97973452674018
2022-12-19 00:00:00-05:00,52.85966900170197,53.09437881321127,52.06775496029524,52.44081497192383,25092000,0.46,0.0,-0.0030472699234698197,51.18185272216797,50.95639861576141
2022-12-20 00:00:00-05:00,52.01527264751661,52.38070028129698,51.60977616231607,51.90555191040039,29831000,0.0,0.0,-0.01020699357571031,51.32907981872559,50.92726825532459
2022-12-21 00:00:00-05:00,52.253803330496055,53.61246103375487,52.1851086675995,53.54758071899414,25619000,0.0,0.0,0.031634935920308305,51.4987491607666,50.90270608568948
2022-12-22 00:00:00-05:00,52.79574669827003,52.94745077000568,52.20897030046099,52.770938873291016,27553000,0.0,0.0,-0.014503770950526573,51.612602424621585,50.87177538493323
2022-12-23 00:00:00-05:00,52.47610920075867,52.821496944532754,52.232809857181856,52.70795822143555,13761000,0.0,0.0,-0.0011934722633358819,51.74095344543457,50.83707323528471
2022-12-27 00:00:00-05:00,52.62399630160042,53.249895131026584,52.18415248424888,52.813865661621094,16677000,0.0,0.0,0.002009325418006247,51.91102905273438,50.79931392366924
2022-12-28 00:00:00-05:00,52.63259150776412,53.217460681973094,51.755760900349664,51.988563537597656,15410000,0.0,0.0,-0.015626618382966972,52.04371891021729,50.76021637992253
2022-12-29 00:00:00-05:00,52.6526280516286,53.67829468321133,52.52382100101287,53.221275329589844,18176000,0.0,0.0,0.023711210853146536,52.097815132141115,50.7246862895905
2022-12-30 00:00:00-05:00,52.64975947189706,53.396829387237226,52.28624263738833,53.34721374511719,14376000,0.0,0.0,0.0023663171306480546,52.159532928466795,50.692418113587394
2023-01-03 00:00:00-05:00,53.90728007010199,54.152486606967415,52.55148675505354,52.808143615722656,20173000,0.0,0.0,-0.010104935038783958,52.24137172698975,50.65788975972978
2023-01-04 00:00:00-05:00,53.71550703974029,54.20878454652295,53.051446449995595,53.453125,17074000,0.0,0.0,0.012213672742802384,52.403527450561526,50.626687579684784
2023-01-05 00:00:00-05:00,53.020912029930244,53.4149618724323,52.58297534390491,52.955078125,16277000,0.0,0.0,-0.009317451037708313,52.563584899902345,50.59072106982034
2023-01-06 00:00:00-05:00,53.72791488876059,56.38797543074369,53.64967706465756,56.14276885986328,35261000,0.0,0.0,0.06019612939364882,52.91765804290772,50.5776457256741
2023-01-09 00:00:00-05:00,56.51199924914785,57.40600159976709,53.483650862674814,55.04171371459961,37739000,0.0,0.0,-0.01961170009288271,53.15716133117676,50.56239103892493
2023-01-10 00:00:00-05:00,54.575155771124926,54.87379228404462,52.47515703146435,54.85470962524414,44635000,0.0,0.0,-0.0033974975838345634,53.32278270721436,50.55295299348377
2023-01-11 00:00:00-05:00,54.670570941552945,55.18006670003249,54.085701766904855,55.16098403930664,22502000,0.0,0.0,0.00558337499468875,53.447370529174805,50.54399304162888
2023-01-12 00:00:00-05:00,54.917681695085506,55.82599882622344,54.74308063637084,55.52354431152344,19514000,0.0,0.0,0.006572766576434574,53.52191162109375,50.53614530109224
2023-01-13 00:00:00-05:00,55.0665301033448,55.52259588538151,55.02073244375127,55.2430419921875,19647000,0.0,0.0,-0.00505195269527714,53.56634178161621,50.527202833266486
2023-01-17 00:00:00-05:00,54.851855343194835,55.84985340278962,54.817504369509535,55.26593780517578,15835000,0.0,0.0,0.0004144560502572503,53.68969573974609,50.52745198446607
2023-01-18 00:00:00-05:00,55.64471711984761,56.05975679197552,54.73926800078603,54.79365158081055,15703000,0.0,0.0,-0.008545701803344796,53.799323081970215,50.52612778497121
2023-01-19 00:00:00-05:00,54.30036769004565,54.390055818872526,53.459795347523176,53.73744201660156,22692000,0.0,0.0,-0.01927613024022079,53.8641544342041,50.52742776416597
2023-01-20 00:00:00-05:00,53.71932529700267,54.51410011704767,53.345311690110364,54.45875930786133,22950000,0.0,0.0,0.013422992687983193,53.99181480407715,50.536659498063344
2023-01-23 00:00:00-05:00,54.57515855649964,55.79546607785813,54.36334576454249,55.49396514892578,23429000,0.0,0.0,0.01900898687780095,54.08913402557373,50.55596000429184
2023-01-24 00:00:00-05:00,55.18961097296674,55.97674981596031,54.92150376990649,55.81836700439453,13825000,0.0,0.0,0.005845714116808454,54.2415054321289,50.58186299460275
2023-01-25 00:00:00-05:00,55.116140882326995,56.003464602739996,54.960622472318846,55.88038635253906,13766000,0.0,0.0,0.001111092127429103,54.40012683868408,50.60494916401212
2023-01-26 00:00:00-05:00,56.331680651298406,57.30010295316138,55.9357236231573,57.11119079589844,24525000,0.0,0.0,0.022025696737213885,54.61499309539795,50.63564860631549
2023-01-27 00:00:00-05:00,56.60932200452159,57.175108475277604,56.31068548425473,56.38701248168945,19344000,0.0,0.0,-0.012680147342698955,54.83491554260254,50.65504485841782
2023-01-30 00:00:00-05:00,55.624681265276315,56.25534808782015,55.31555162945657,55.4767951965332,16984000,0.0,0.0,-0.01614232152220907,54.94769153594971,50.67626170506553
2023-01-31 00:00:00-05:00,55.53594838599066,56.028268632753495,55.40905215631442,55.81645584106445,23719000,0.0,0.0,0.00612257148827644,55.07115364074707,50.69230072082035
2023-02-01 00:00:00-05:00,55.67906411015863,58.03858426758416,55.596058360030604,57.50905227661133,26553000,0.0,0.0,0.030324326581510075,55.306199073791504,50.70559979998876
2023-02-02 00:00:00-05:00,57.97464942959262,58.50036335914573,57.22280801041256,57.797183990478516,24188000,0.0,0.0,0.00501019756822485,55.52340202331543,50.71753326294914
2023-02-03 00:00:00-05:00,57.05584297429712,58.01377206060083,56.88887425995372,57.019588470458984,19093000,0.0,0.0,-0.0134538651597218,55.72662754058838,50.7224523907616
2023-02-06 00:00:00-05:00,56.61123080455931,57.553891633770846,56.50818880911608,57.370704650878906,18709000,0.0,0.0,0.006157816810653305,55.78802433013916,50.73704755873907
2023-02-07 00:00:00-05:00,57.30964141871463,58.869611527855646,57.21995328294987,58.62535858154297,24025000,0.0,0.0,0.02186924386407796,55.96720657348633,50.75320643470401
2023-02-08 00:00:00-05:00,57.88400786138616,58.217948909089245,57.30581753215744,57.40981674194336,15290000,0.0,0.0,-0.020734062341109527,56.094961929321286,50.7654698235648
2023-02-09 00:00:00-05:00,58.44885323590454,58.6711627864315,56.81541670707355,57.19038391113281,18837000,0.0,0.0,-0.0038222179282838553,56.196431922912595,50.772244165814115
2023-02-10 00:00:00-05:00,56.89460749340669,57.09974155431607,56.257261887864495,56.6026496887207,21035000,0.0,0.0,-0.010276801486861498,56.25038719177246,50.77260725838797
2023-02-13 00:00:00-05:00,56.7696115306511,57.38787439965094,56.62363264604092,57.3535270690918,19847000,0.0,0.0,0.013265763784919171,56.35591144561768,50.78327902536544
2023-02-14 00:00:00-05:00,56.690429554805064,57.77906941510251,56.60933096979792,57.46707534790039,17571000,0.0,0.0,0.001979795918598093,56.46596832275391,50.80098208170089
2023-02-15 00:00:00-05:00,57.13790518515711,58.036675582538756,56.93181390358012,57.980384826660156,12683000,0.0,0.0,0.008932235991691462,56.625304985046384,50.81882933964805
2023-02-16 00:00:00-05:00,57.318234949156405,58.09965230780634,57.20374261650442,57.29819869995117,17449000,0.0,0.0,-0.011765808880856321,56.80334281921387,50.82509614550878
2023-02-17 00:00:00-05:00,57.24667735944212,57.32777594551969,56.52632231690167,56.82591247558594,14215000,0.0,0.0,-0.008242601601464283,56.9217004776001,50.831528330606126
2023-02-21 00:00:00-05:00,56.29255305541157,56.58737157038706,55.32317731602805,55.485374450683594,22737000,0.0,0.0,-0.02359025955770222,56.92127094268799,50.839320667206295
2023-02-22 00:00:00-05:00,55.553123883663915,55.63326887609599,54.5847015854642,54.973026275634766,23475000,0.0,0.0,-0.009233932006788792,56.87900390625,50.84471669272771
2023-02-23 00:00:00-05:00,55.88705539159884,55.905184462385854,54.73544265729324,55.70100402832031,18939000,0.0,0.0,0.013242453654187969,56.870034790039064,50.85392959534176
2023-02-24 00:00:00-05:00,55.10278200780364,55.36134605305505,54.72877205172144,55.123775482177734,15353000,0.0,0.0,-0.0103629827902042,56.770664024353025,50.86535278199211
2023-02-27 00:00:00-05:00,55.89851271847162,56.273476252831955,55.7448978504705,55.858436584472656,18321000,0.0,0.0,0.01332748157884156,56.74423522949219,50.8742586923024
2023-02-28 00:00:00-05:00,55.868944952093024,57.11119981495837,55.54645411636447,56.70188522338867,27822000,0.0,0.0,0.015099753779189706,56.805489730834964,50.88357342614068
2023-03-01 00:00:00-05:00,56.67420461713984,57.0758831461847,56.32118086579266,56.633174896240234,15484000,0.0,0.0,-0.0012117820576466043,56.84632568359375,50.89282459682889
2023-03-02 00:00:00-05:00,56.23436094506741,57.33636188962324,55.9233204805645,57.11787033081055,27525000,0.0,0.0,0.008558507190499887,56.82676658630371,50.91035241929312
2023-03-03 00:00:00-05:00,58.93545291931294,60.655716859091825,58.749401514934995,60.372344970703125,46088000,0.0,0.0,0.056978221019859054,56.955524635314944,50.93505047994947
2023-03-06 00:00:00-05:00,60.586062884282896,61.44953237960068,60.274068833498305,60.38760757446289,24983000,0.0,0.0,0.0002528078670320788,57.123925590515135,50.96244285220192
2023-03-07 00:00:00-05:00,60.57365935709755,60.660483100739434,59.489791122436685,59.646263122558594,19334000,0.0,0.0,-0.012276433554519572,57.237703514099124,50.98051435985263
2023-03-08 00:00:00-05:00,59.897190971284765,60.36947498178742,59.505051949733094,60.32463455200195,20912000,0.0,0.0,0.011373242746984369,57.32266731262207,51.010554692101856
2023-03-09 00:00:00-05:00,60.11663707356792,61.295922197722305,59.3342661919683,59.395328521728516,21775000,0.0,0.0,-0.01540508346507008,57.42194290161133,51.0349814853971
2023-03-10 00:00:00-05:00,59.93630837376646,60.12426693032799,58.46984073469381,58.661617279052734,26098000,0.0,0.0,-0.012353012617942971,57.49550457000733,51.04876790727888
2023-03-13 00:00:00-04:00,57.9231363055178,59.57374823946352,57.90310005773359,58.818092346191406,22364000,0.0,0.0,0.0026674182267141244,57.60627670288086,51.06658298250229
2023-03-14 00:00:00-04:00,59.4783314985786,60.43053540804253,59.01176905323699,60.34370803833008,25893000,0.0,0.0,0.02593786420612232,57.75578575134277,51.09407624744234
2023-03-15 00:00:00-04:00,59.88669286839373,60.115681145634596,58.79232799177438,59.73117446899414,22963000,0.0,0.0,-0.010150744613619977,57.86899070739746,51.12282538035559
2023-03-16 00:00:00-04:00,59.331406327668915,60.78356296371959,58.94594240350619,60.72917938232422,31716000,0.0,0.0,0.016708275405636464,58.00643043518066,51.146379062107634
2023-03-17 00:00:00-04:00,60.729182015696196,61.022093409975454,59.8304079444802,60.20155715942383,79303000,0.0,0.0,-0.008688117117122807,58.151598358154295,51.162571468050515
2023-03-20 00:00:00-04:00,60.37043142421313,61.51536561139357,60.261664259676756,61.41709518432617,25857000,0.0,0.0,0.020191139270424374,58.38115749359131,51.18521977984716
2023-03-21 00:00:00-04:00,61.79955536658645,62.13589632533336,60.95773885340148,61.1902961730957,25000000,0.46,0.0,-0.003692766819234805,58.66640357971191,51.20412891630142
2023-03-22 00:00:00-04:00,61.20471535413144,62.31945019480579,60.606028397751416,60.63005065917969,25799000,0.0,0.0,-0.009155790198027258,58.94925479888916,51.22266873859224
2023-03-23 00:00:00-04:00,61.39690619008946,62.2886954478483,60.68866561542341,61.428619384765625,27162000,0.0,0.0,0.013171170350408268,59.23563556671142,51.24066607157389
2023-03-24 00:00:00-04:00,61.31331004616414,61.43535325484905,60.402300676948926,61.13456726074219,17228000,0.0,0.0,-0.0047868913052010464,59.53617515563965,51.26191332983592
2023-03-27 00:00:00-04:00,61.40652535712363,61.41613352879963,60.15628996982876,60.237972259521484,14707000,0.0,0.0,-0.014665925374046984,59.75515193939209,51.26961314488971
2023-03-28 00:00:00-04:00,60.083247650478526,60.2091363116618,59.47110711619911,60.032318115234375,12439000,0.0,0.0,-0.003414028337492714,59.92167358398437,51.27559577094184
2023-03-29 00:00:00-04:00,60.80878857145384,60.92698996554417,60.02655297791812,60.109195709228516,26395000,0.0,0.0,0.0012806034550685297,60.09547462463379,51.2804025619749
2023-03-30 00:00:00-04:00,60.80397949583371,61.12302499875762,60.47436537234575,60.902000427246094,21523000,0.0,0.0,0.01318940818727099,60.284681129455564,51.2851831496708
2023-03-31 00:00:00-04:00,60.59352578305439,61.71594771941819,60.14859163338529,61.65060043334961,22097000,0.0,0.0,0.012291878770021691,60.34859390258789,51.2967676586575
2023-04-03 00:00:00-04:00,61.406526767480386,61.877404173099634,61.16051577632661,61.739986419677734,15682000,0.0,0.0,0.0014498802233851027,60.41621284484863,51.309227595253596
2023-04-04 00:00:00-04:00,61.80533457973757,61.91008235066389,60.73384193916134,60.96543884277344,13429000,0.0,0.0,-0.012545314986616707,60.482171630859376,51.31961104983375
2023-04-05 00:00:00-04:00,60.65118861929896,60.70500317455866,60.12841760653569,60.446502685546875,16908000,0.0,0.0,-0.008511972800931855,60.48826503753662,51.325028888762944
2023-04-06 00:00:00-04:00,59.98042734069567,60.387881971399956,59.481678590178696,59.83435821533203,14493000,0.0,0.0,-0.010127045288282899,60.510216522216794,51.33567312028673
2023-04-10 00:00:00-04:00,59.39326908651473,60.33694836028699,59.239512692303485,60.29082107543945,15400000,0.0,0.0,0.007628775067072713,60.59167671203613,51.35260459354946
2023-04-11 00:00:00-04:00,60.61659569925426,60.62620753628965,59.659462750835964,59.731536865234375,16518000,0.0,0.0,-0.009276440430381117,60.63734893798828,51.36692894829644
2023-04-12 00:00:00-04:00,60.2860145290122,60.30330996844714,59.22124891720316,59.26353073120117,14112000,0.0,0.0,-0.00783515975972815,60.583340072631835,51.38532334282284
2023-04-13 00:00:00-04:00,59.49128922965472,60.205296185983805,59.302934624944896,59.98811340332031,17265000,0.0,0.0,0.012226451296086127,60.59618701934814,51.40895289466495
2023-04-14 00:00:00-04:00,59.6267869158484,60.35232662004815,59.12035089841098,59.53645324707031,17465000,0.0,0.0,-0.007529160872477125,60.53655071258545,51.42914308820452
2023-04-17 00:00:00-04:00,59.44708864024595,60.38212027231386,59.3702086037545,60.28794479370117,13201000,0.0,0.0,0.01262237680689915,60.540870094299315,51.44955674428788
2023-04-18 00:00:00-04:00,60.69731158366334,61.07017164190011,60.26583472179273,60.76457977294922,16806000,0.0,0.0,0.00790597491553302,60.508244323730466,51.47876400417752
2023-04-19 00:00:00-04:00,60.23316111845317,61.19413944129342,60.113999278539815,60.97407531738281,19060000,0.0,0.0,0.003447658902873796,60.497433280944826,51.5041309235588
2023-04-20 00:00:00-04:00,60.33599579401851,61.76497402883732,60.26680669062692,60.83185958862305,20239000,0.0,0.0,-0.0023323966459434242,60.507523727416995,51.52482694292825
2023-04-21 00:00:00-04:00,60.59929935152659,60.906812146907896,59.77189688872786,60.8203239440918,14807000,0.0,0.0,-0.00018963162739493722,60.4771089553833,51.54544024997287
2023-04-24 00:00:00-04:00,60.891432331696336,61.39210197793957,60.713653678158686,60.97792053222656,12338000,0.0,0.0,0.0025911829782365725,60.46927661895752,51.5685217266991
2023-04-25 00:00:00-04:00,60.925070110759435,61.11726653087044,59.74787299457247,59.7747802734375,23670000,0.0,0.0,-0.019730752513169247,60.44611701965332,51.58896337236677
2023-04-26 00:00:00-04:00,59.57778672126269,59.88145408514797,58.956994687061155,59.214534759521484,17179000,0.0,0.0,-0.009372606831061447,60.40522785186768,51.60683840797061
2023-04-27 00:00:00-04:00,59.21453055639766,59.58931156501107,57.969104773852344,59.4278678894043,18250000,0.0,0.0,0.003602715629687614,60.371161460876465,51.6358301828778
2023-04-28 00:00:00-04:00,59.49128861380638,60.23220283944678,59.05788716929372,60.20529556274414,16183000,0.0,0.0,0.013081870525569528,60.33632621765137,51.66810273367261
2023-05-01 00:00:00-04:00,60.20529369744928,61.40555249080045,60.17646185484579,61.30561065673828,17030000,0.0,0.0,0.01827605169461255,60.319076728820804,51.697577188885404
2023-05-02 00:00:00-04:00,60.134187058293406,60.205300723893025,58.14111651296334,58.84455490112305,28357000,0.0,0.0,-0.040144054177930766,60.17430515289307,51.7263518288022
2023-05-03 00:00:00-04:00,59.28275365442716,59.768048752218526,58.850316325496244,58.92719268798828,19816000,0.0,0.0,0.001404340418652117,60.07239284515381,51.74734459226094
2023-05-04 00:00:00-04:00,58.61968100237462,59.00022835172131,57.78267039024771,58.63505554199219,17684000,0.0,0.0,-0.004957594833049694,59.98182048797607,51.76539805578807
2023-05-05 00:00:00-04:00,59.191466822996006,60.68290353863031,58.94353494838836,60.55317306518555,24876000,0.0,0.0,0.032712811567470634,60.01776123046875,51.78275759257968
2023-05-08 00:00:00-04:00,60.520498150855936,60.611792271713774,59.63639611866643,60.4513053894043,13934000,0.0,0.0,-0.0016822846867428076,60.02578544616699,51.80845416538299
2023-05-09 00:00:00-04:00,59.84300334340362,59.9717770224053,59.18281095634918,59.43747329711914,16990000,0.0,0.0,-0.01677105375565402,60.01108226776123,51.83008699568491
2023-05-10 00:00:00-04:00,59.77861979877995,60.349438967362104,59.414407453913796,60.183189392089844,19174000,0.0,0.0,0.012546228054530095,60.05706520080567,51.86102355472625
2023-05-11 00:00:00-04:00,60.21298204707988,60.39556661291768,59.38750053435101,60.317726135253906,14430000,0.0,0.0,0.0022354538621667253,60.07354583740234,51.88567306881859
2023-05-12 00:00:00-04:00,60.38596158913981,60.801103493296665,59.985233774373704,60.65215301513672,11942000,0.0,0.0,0.005544421206013395,60.12933082580567,51.916923250470845
2023-05-15 00:00:00-04:00,60.72134325966329,61.50453934672929,60.39461045253702,61.4833984375,14614000,0.0,0.0,0.013705126381182708,60.189103507995604,51.94982495383611
2023-05-16 00:00:00-04:00,61.546827171917485,62.16666241467643,61.380581233454244,61.6410026550293,14967000,0.0,0.0,0.0025633621682363827,60.23292465209961,51.97719584570991
2023-05-17 00:00:00-04:00,62.208946241996934,63.51106805520248,61.94275477640503,63.18145751953125,24133000,0.0,0.0,0.024990749633373666,60.34329376220703,52.01273668380011
2023-05-18 00:00:00-04:00,63.04017709233026,65.28502106746798,63.04017709233026,65.14472198486328,26389000,0.0,0.0,0.031073427907628348,60.55893688201904,52.0466584856548
2023-05-19 00:00:00-04:00,65.3465254858686,65.82221239167886,65.19373321822343,65.562744140625,22968000,0.0,0.0,0.0064168230829022566,60.796057891845706,52.09611735268245
2023-05-22 00:00:00-04:00,65.48106579674625,65.7962695186831,64.78147659067965,65.18988800048828,17796000,0.0,0.0,-0.005687012418775228,61.00665626525879,52.15309274764288
2023-05-23 00:00:00-04:00,66.36901498269667,67.17143106557776,65.5406520724839,65.9711685180664,36088000,0.0,0.0,0.011984688753756911,61.31647567749023,52.21428374638633
2023-05-24 00:00:00-04:00,65.4849100762722,65.76071334340169,64.9679090877852,65.3013687133789,23021000,0.0,0.0,-0.010152917095959446,61.62081737518311,52.27903210170685
2023-05-25 00:00:00-04:00,67.21179126957227,70.38109465071292,66.38150746713018,70.03610229492188,49263000,0.0,0.0,0.0725058857851002,62.15122909545899,52.36336677793472
2023-05-26 00:00:00-04:00,71.82641951920712,78.31783462338898,71.78702637655982,78.10161590576172,82500000,0.0,0.0,0.1151622284300744,63.04604511260986,52.476963557894265
2023-05-30 00:00:00-04:00,80.25323246918306,88.58107198118859,76.76391558954701,77.1992416381836,116912000,0.0,0.0,-0.011553848881525552,63.840726661682126,52.57995172530886
2023-05-31 00:00:00-04:00,76.38817376295948,78.96071491096093,75.92978957145755,77.6432113647461,89998000,0.0,0.0,0.005750959687444768,64.78065948486328,52.67265518127926
2023-06-01 00:00:00-04:00,76.93786421432085,77.43469583308281,75.45219360661677,75.91250610351562,80792000,0.0,0.0,-0.022290490447388844,65.62992515563965,52.75965404510498
2023-06-02 00:00:00-04:00,75.97879674261718,79.16251415360533,75.64821848228698,78.03144073486328,62815000,0.0,0.0,0.027912853100360513,66.5997444152832,52.857465501815554
2023-06-05 00:00:00-04:00,77.76237434356989,77.76237434356989,76.34781394915133,77.09930419921875,26222000,0.0,0.0,-0.011945653275988621,67.42705097198487,52.950425798930816
2023-06-06 00:00:00-04:00,77.07046856777153,77.07046856777153,74.60844518682813,75.91729736328125,37823000,0.0,0.0,-0.015330966319531014,68.20035057067871,53.04365159594823
2023-06-07 00:00:00-04:00,75.90000306899988,77.40200847558333,75.67801434617981,76.17003631591797,28957000,0.0,0.0,0.003329135275025763,69.03697872161865,53.13865215059311
2023-06-08 00:00:00-04:00,76.3891334610696,77.35972372395521,75.80005468318974,77.2818832397461,21909000,0.0,0.0,0.01459690683639292,69.89191341400146,53.233721839057075
2023-06-09 00:00:00-04:00,77.43564952472404,78.5840185424435,77.2511403617874,77.32225036621094,19241000,0.0,0.0,0.0005223362161039802,70.74213962554931,53.33176947396899
2023-06-12 00:00:00-04:00,77.94688523212464,82.45195570385461,77.94688523212464,82.19825744628906,51065000,0.0,0.0,0.06306085320828814,71.81944484710694,53.452541699485174
2023-06-13 00:00:00-04:00,82.75271779966063,82.95740370038476,80.81826814229765,81.79077911376953,38990000,0.0,0.0,-0.0049572624186806635,72.83481388092041,53.57721804058741
2023-06-14 00:00:00-04:00,82.25013090821919,85.38676408675607,81.41600536278493,85.15997314453125,43524000,0.0,0.0,0.04119283453792799,74.01076240539551,53.72399803948781
2023-06-15 00:00:00-04:00,84.98989691307078,85.33200060764007,83.70314242818878,84.89572143554688,33814000,0.0,0.0,-0.003103003667414228,75.09647560119629,53.868787735227556
2023-06-16 00:00:00-04:00,85.45789572887337,85.52228257749293,83.16788089944089,83.42350006103516,68299000,0.0,0.0,-0.017341526164300736,76.01041450500489,54.005320034329856
2023-06-20 00:00:00-04:00,82.89975418350134,84.28452575327488,82.74119188177008,83.41580200195312,27535000,0.0,0.0,-9.227686534851731e-05,76.90306739807129,54.15272723303901
2023-06-21 00:00:00-04:00,83.0844469021909,83.66410435991776,81.59665475922047,81.89228057861328,23229000,0.46,0.0,-0.018264182406400264,77.73818702697754,54.29354581378755
2023-06-22 00:00:00-04:00,81.64398173685554,82.01302747273857,80.69913355061037,81.38699340820312,23464000,0.0,0.0,-0.006170144082446205,78.50897827148438,54.42892610459101
2023-06-23 00:00:00-04:00,80.57353869176882,80.76772090704348,79.10893527229072,79.42774200439453,37413000,0.0,0.0,-0.02407327414076854,79.21529693603516,54.55938758547344
2023-06-26 00:00:00-04:00,79.70309080402764,80.86240554015254,79.24129899262869,79.37751770019531,21372000,0.0,0.0,-0.0006323269796142394,79.68236770629883,54.689471032884384
2023-06-27 00:00:00-04:00,80.05861477904564,82.11833961202674,79.31665360993827,81.96376037597656,24923000,0.0,0.0,0.032581551435626244,79.87547492980957,54.82515914856442
2023-06-28 00:00:00-04:00,81.02954512304412,82.94241518905487,80.86820692098453,81.91931915283203,19445000,0.0,0.0,-0.0005422057619205445,80.11147880554199,54.96192948780362
2023-06-29 00:00:00-04:00,82.54824993527181,83.35880321501249,81.7715062554563,83.33272552490234,23386000,0.0,0.0,0.017253639149922728,80.39595451354981,55.10701188587007
2023-06-30 00:00:00-04:00,83.90753663188137,84.49202913485567,83.50274282904847,83.80223083496094,23145000,0.0,0.0,0.005634104814179919,80.79044075012207,55.2569511958531
2023-07-03 00:00:00-04:00,83.91722006412672,84.70072280274022,83.55976108224976,84.6727066040039,9038000,0.0,0.0,0.010387262491344362,81.1225040435791,55.4120576495216
2023-07-05 00:00:00-04:00,83.79934882240316,84.71714645838294,83.25350839698629,83.26412963867188,14440000,0.0,0.0,-0.01663554906682796,81.43074531555176,55.56454222542899
2023-07-06 00:00:00-04:00,81.63528512971679,82.49511180355377,81.57055526319155,81.92511749267578,23939000,0.0,0.0,-0.0160815005429924,81.73113632202148,55.71228669181703
2023-07-07 00:00:00-04:00,82.15987221783065,82.89024649873687,81.60243767668791,81.80435180664062,19409000,0.0,0.0,-0.0014740984173254867,82.01285209655762,55.85720230284191
2023-07-10 00:00:00-04:00,81.95216672365899,84.93644053851098,81.95216672365899,84.79732513427734,30622000,0.0,0.0,0.03658696953813845,82.38862419128418,56.00806310441759
2023-07-11 00:00:00-04:00,85.12386098126073,85.30645639268693,83.53172894089673,85.21467590332031,25498000,0.0,0.0,0.004921744505290482,82.78324546813965,56.16052421690926
2023-07-12 00:00:00-04:00,85.88611715100865,86.7159964869569,85.20984410118594,85.97789764404297,28197000,0.0,0.0,0.008956458880258644,82.97222747802735,56.32190848153735
2023-07-13 00:00:00-04:00,86.84640816929921,86.84640816929921,84.84948973957017,86.01750183105469,25912000,0.0,0.0,0.00046063218684033735,83.18356361389161,56.48400467161148
2023-07-14 00:00:00-04:00,85.61175054069516,87.27247496036969,85.61175054069516,85.84555053710938,18510000,0.0,0.0,-0.0019990268292496838,83.21784248352051,56.6452844861954
2023-07-17 00:00:00-04:00,86.08029895684624,88.2250377724986,85.96146783722995,87.94873809814453,26819000,0.0,0.0,0.02449966885733912,83.3704933166504,56.81382669721331
2023-07-18 00:00:00-04:00,87.52657244215675,87.90528132069251,86.78074149623856,87.28022003173828,24513000,0.0,0.0,-0.007601224086469904,83.56332931518554,56.97605947464231
2023-07-19 00:00:00-04:00,86.68508063304857,87.52558862333422,85.56054841383212,87.08118438720703,24118000,0.0,0.0,-0.0022804209757820715,83.74659843444825,57.13876846858433
2023-07-20 00:00:00-04:00,86.22810894016595,87.62508582541216,85.59628149553878,85.82234954833984,28268000,0.0,0.0,-0.014455876406891388,83.94310188293457,57.28980193062434
2023-07-21 00:00:00-04:00,87.38261180261695,88.02603354383173,86.35275668627432,86.63485717773438,74287000,0.0,0.0,0.00946731980271509,84.20549507141114,57.44302822294689
2023-07-24 00:00:00-04:00,87.02610795210606,87.47437440830853,86.3913764481536,87.10242462158203,19992000,0.0,0.0,0.005396989838494459,84.5892292022705,57.59590927002922
2023-07-25 00:00:00-04:00,87.00870958604862,89.1882307336316,87.00870958604862,88.68682861328125,20042000,0.0,0.0,0.01819012500033934,85.0546947479248,57.75699903094579
2023-07-26 00:00:00-04:00,87.81832308420059,87.97482608992573,85.75570147542572,86.28125762939453,19877000,0.0,0.0,-0.027124332006235208,85.2705696105957,57.90832321227543
2023-07-27 00:00:00-04:00,87.77000368565945,87.90042898223109,85.59628313959927,86.3237533569336,21922000,0.0,0.0,0.0004925255925405381,85.49079132080078,58.06056814345102
2023-07-28 00:00:00-04:00,86.88313930748367,87.29276840795991,86.36434211691021,86.92854309082031,18791000,0.0,0.0,0.0070060639206224185,85.67058219909669,58.208994638352166
2023-07-31 00:00:00-04:00,86.70729069254597,87.04542349964976,86.0793255532147,86.81838989257812,14952000,0.0,0.0,-0.0012671694972168357,85.82139015197754,58.35481692117358
2023-08-01 00:00:00-04:00,86.85029150482454,88.94092188521704,86.72662516654869,88.88102722167969,19683000,0.0,0.0,0.02375806936357261,86.03180618286133,58.50812790885804
2023-08-02 00:00:00-04:00,88.13713708756651,88.20476366294514,86.01075117683301,86.20494079589844,26877000,0.0,0.0,-0.030108635210828294,86.17884674072266,58.65048812684559
2023-08-03 00:00:00-04:00,85.65619847315955,86.49766473173179,85.12097926115598,85.49775695800781,18281000,0.0,0.0,-0.00820351863085178,86.35747871398925,58.79196344103132
2023-08-04 00:00:00-04:00,85.49775149655203,86.33245872946576,84.37610858493794,85.17604064941406,21156000,0.0,0.0,-0.0037628625596781706,86.52606315612793,58.926379340035574
2023-08-07 00:00:00-04:00,85.75857641069297,86.69472698804546,85.52574941073696,86.66477966308594,11146000,0.0,0.0,0.01747837774943717,86.61943588256835,59.0644464341421
2023-08-08 00:00:00-04:00,85.99142136813659,86.04068741408118,84.37899763820856,85.32191467285156,14081000,0.0,0.0,-0.015494933414183176,86.62479782104492,59.19769106970893
2023-08-09 00:00:00-04:00,85.27940275026633,85.35765055308141,81.99466819058983,82.18885040283203,24672000,0.0,0.0,-0.03672051057495118,86.43534545898437,59.32070355188279
2023-08-10 00:00:00-04:00,82.41975144334084,83.22934648398245,80.86916823792403,81.43240356445312,20186000,0.0,0.0,-0.009203764679410087,86.20609054565429,59.44545449150933
2023-08-11 00:00:00-04:00,80.57354322188351,80.80443911930989,79.55624063403666,80.16294860839844,20331000,0.0,0.0,-0.015589064064035929,85.92196044921874,59.558610598246254
2023-08-14 00:00:00-04:00,80.2953105627972,82.52216698311668,79.93302377448542,82.51444244384766,17688000,0.0,0.0,0.02933392391710088,85.6502456665039,59.68295239645337
2023-08-15 00:00:00-04:00,82.04200157777993,82.56466092166872,80.8102325901432,81.39568328857422,14035000,0.0,0.0,-0.013558343511013482,85.3560188293457,59.79808846731034
2023-08-16 00:00:00-04:00,81.90482711046639,82.55307661166911,80.37549369842019,80.47500610351562,16003000,0.0,0.0,-0.011311130367866018,85.02570991516113,59.909299199543305
2023-08-17 00:00:00-04:00,80.8150755088652,81.09621041811792,79.8972778641366,79.90597534179688,19228000,0.0,0.0,-0.007070900510237954,84.72989120483399,60.02097388676235
2023-08-18 00:00:00-04:00,79.22006254359344,80.00936617130944,78.44718093633345,79.78426361083984,17759000,0.0,0.0,-0.001523186851000946,84.38736152648926,60.13702857305133
2023-08-21 00:00:00-04:00,80.57838179436052,83.79355931602608,80.35714891162387,83.58101654052734,30012000,0.0,0.0,0.04758774171566915,84.21129112243652,60.260754660954554
2023-08-22 00:00:00-04:00,84.37996955263851,84.50942190967444,82.20334495850021,82.67770385742188,17079000,0.0,0.0,-0.010807629776403371,83.91083488464355,60.384627251397994
2023-08-23 00:00:00-04:00,82.19272538112077,84.84176305166382,82.11833247182277,84.68621826171875,19692000,0.0,0.0,0.02429330170756283,83.83108291625976,60.52379815540616
2023-08-24 00:00:00-04:00,87.17586242882878,87.90140156945142,82.35600055289356,82.5492172241211,30934000,0.0,0.0,-0.025234342511237795,83.64235610961914,60.65410536811466
2023-08-25 00:00:00-04:00,82.7965416983146,83.99643239840782,80.92713688594078,82.2941665649414,24181000,0.0,0.0,-0.003089679923762634,83.4106372833252,60.783005790104944
2023-08-28 00:00:00-04:00,82.73567240488153,83.48343431452196,81.83913204136141,83.18877410888672,14306000,0.0,0.0,0.010870850040620272,83.22915649414062,60.90827337900797
2023-08-29 00:00:00-04:00,82.9298601148902,86.25710231744092,82.73857457166008,85.97596740722656,27822000,0.0,0.0,0.03350444009057818,83.08390350341797,61.05550027272058
2023-08-30 00:00:00-04:00,86.21363154248525,86.82420923107048,84.93065773567903,86.2030029296875,23234000,0.0,0.0,0.0026406858719667525,83.08380661010742,61.206115450177876
2023-08-31 00:00:00-04:00,86.75658137711163,89.23558365839101,86.34695228728287,89.16023254394531,55203000,0.0,0.0,0.03430541296420864,83.2669303894043,61.371366364615305
2023-09-01 00:00:00-04:00,87.1294866782533,87.1294866782533,83.53464233917981,84.29399108886719,65017000,0.0,0.0,-0.05457860882854526,83.22282791137695,61.52001756335061
2023-09-05 00:00:00-04:00,84.00319688303702,85.30646971655887,83.7607067777302,84.26018524169922,24808000,0.0,0.0,-0.0004010469397792704,83.10259819030762,61.67117839389377
2023-09-06 00:00:00-04:00,84.2920515862086,84.76254084654391,83.7355826100284,84.26982879638672,20142000,0.0,0.0,0.00011444972094287742,83.04999389648438,61.81932042137025
2023-09-07 00:00:00-04:00,83.03612869162487,83.24770588539702,81.20247933424889,82.7975082397461,27789000,0.0,0.0,-0.017471502881512335,83.08042678833007,61.962372022961816
2023-09-08 00:00:00-04:00,82.6013725971143,83.16460786435267,82.12991781208038,82.84772491455078,16810000,0.0,0.0,0.0006064998316046566,83.15119285583496,62.10304249657525
2023-09-11 00:00:00-04:00,83.93170036096566,83.95392315195117,81.69808505925201,83.00135040283203,15710000,0.0,0.0,0.0018543114906257596,83.29311294555664,62.241790529281374
2023-09-12 00:00:00-04:00,82.14151199143272,82.91728998153187,81.31259832062152,81.58890533447266,16680000,0.0,0.0,-0.01701713359486723,83.2468360900879,62.371034985496884
2023-09-13 00:00:00-04:00,81.84686743730109,82.99845768091498,81.5618702640169,82.40140533447266,17413000,0.0,0.0,0.00995846183582394,83.29712219238282,62.50102374667213
2023-09-14 00:00:00-04:00,82.99071798152929,84.69491482753115,82.6013805979294,84.20896911621094,19648000,0.0,0.0,0.02193607954137744,83.48382034301758,62.647647040230886
2023-09-15 00:00:00-04:00,83.8727718019839,83.8727718019839,81.43240713577691,82.2806396484375,50190000,0.0,0.0,-0.022899335878489246,83.60255355834961,62.7839744961451
2023-09-18 00:00:00-04:00,81.40149786450338,82.72988276880386,81.1522414263557,82.11833953857422,16541000,0.0,0.0,-0.0019725188155651496,83.71925735473633,62.923608658805726
2023-09-19 00:00:00-04:00,81.73094468947089,82.21785608339277,81.00733657146463,82.04106140136719,13126000,0.0,0.0,-0.0009410582050399796,83.64225959777832,63.06205737401569
2023-09-20 00:00:00-04:00,82.56460451723432,82.56460451723432,80.65685707058941,80.67822265625,13681000,0.46,0.0,-0.016611666424570126,83.54228553771972,63.1953437744625
2023-09-21 00:00:00-04:00,77.23377965874157,79.89433223259743,77.23183800658437,78.52082824707031,53654000,0.0,0.0,-0.026740728019899684,83.2340160369873,63.32333838750446
2023-09-22 00:00:00-04:00,78.80059053201673,80.67919848970092,78.71705501466904,80.53349304199219,27764000,0.0,0.0,0.025632241022584656,83.13322982788085,63.461880562797425
2023-09-25 00:00:00-04:00,80.42857414981924,81.4543296031522,79.94386519810087,81.00070190429688,15648000,0.0,0.0,0.005801423043466869,83.06855659484863,63.60397768777514
2023-09-26 00:00:00-04:00,80.5422239724118,80.64907412154409,78.79766443873947,79.28140258789062,17641000,0.0,0.0,-0.021225733555218063,82.87318801879883,63.742605254763646
2023-09-27 00:00:00-04:00,79.57962246784885,80.00895737702872,78.13424014668652,79.34163665771484,15352000,0.0,0.0,0.0007597503053435872,82.54147148132324,63.88388244689457
2023-09-28 00:00:00-04:00,79.6680137226369,81.48348835994268,79.13474111431418,80.81713104248047,16180000,0.0,0.0,0.01859672231278786,82.2721778869629,64.0300798113384
2023-09-29 00:00:00-04:00,81.24938545254095,81.98665013342396,79.93416792830598,80.67919921875,16481000,0.0,0.0,-0.0017067151722816032,81.84812622070312,64.17527553013393
2023-10-02 00:00:00-04:00,80.53155577799889,81.4543520565152,79.99147995348092,81.10369110107422,14676000,0.0,0.0,0.00526147862689208,81.68861122131348,64.32809958382258
2023-10-03 00:00:00-04:00,80.33145517196161,81.18139502527814,78.57426707311927,79.1493148803711,18761000,0.0,0.0,-0.024097253702886512,81.43306770324708,64.47546610756525
2023-10-04 00:00:00-04:00,79.68355078254382,80.67919599844129,79.29209292581146,80.0215835571289,16417000,0.0,0.0,0.011020546142138876,81.22065544128418,64.62149910699753
2023-10-05 00:00:00-04:00,79.66219118089403,80.4897871923857,79.21244666655846,80.02645111083984,11474000,0.0,0.0,6.0828010326252624e-05,81.08210258483886,64.75888527764215
2023-10-06 00:00:00-04:00,79.59322103072643,82.40918757718178,78.84721151848653,82.10515594482422,21103000,0.0,0.0,0.02597522200635005,81.04497413635254,64.902665410723
2023-10-09 00:00:00-04:00,81.63891246817305,83.2076640545216,81.38344433822054,83.13674926757812,15760000,0.0,0.0,0.012564294055383618,81.05174407958984,65.05252921392047
2023-10-10 00:00:00-04:00,83.26010148303956,84.75599646045205,83.12119922562373,83.38249969482422,14718000,0.0,0.0,0.002955978305756668,81.14142379760742,65.21050992087713
2023-10-11 00:00:00-04:00,83.50877070097496,85.02700203583504,83.20181917846713,84.95124053955078,14334000,0.0,0.0,0.01881379006947581,81.26891555786133,65.38326929485987
2023-10-12 00:00:00-04:00,85.1328828171779,89.16402737746562,85.1328828171779,87.96633911132812,43871000,0.0,0.0,0.03549210762111943,81.45678405761718,65.57059919266473
2023-10-13 00:00:00-04:00,88.29661862605361,89.93919009641034,85.68268723112179,85.78856658935547,28312000,0.0,0.0,-0.024756884780853694,81.63218040466309,65.74935846480112
2023-10-16 00:00:00-04:00,86.54523909992069,88.95615617453468,86.54523909992069,87.6720199584961,21150000,0.0,0.0,0.021954596562455242,81.90986442565918,65.93281319027855
2023-10-17 00:00:00-04:00,85.97990009689744,86.7404719275888,84.11974545036458,85.90705108642578,33008000,0.0,0.0,-0.02013149546349957,82.10316390991211,66.11334555489677
2023-10-18 00:00:00-04:00,85.47479852444658,86.9978912879401,85.01339674333853,86.16252136230469,20404000,0.0,0.0,0.0029737986887932166,82.37737884521485,66.29178648146372
2023-10-19 00:00:00-04:00,86.16156151623548,86.40148157992242,84.0877062403323,84.29751586914062,26620000,0.0,0.0,-0.021645205637865428,82.66621322631836,66.46302930135576
2023-10-20 00:00:00-04:00,84.98425570058781,84.98425570058781,82.74430053219706,82.91817474365234,26953000,0.0,0.0,-0.016362773105075834,82.78544731140137,66.62862210046677
2023-10-23 00:00:00-04:00,83.3387846514153,84.85799431217205,81.86814594592421,83.7525863647461,16456000,0.0,0.0,0.010063072705994713,82.92304153442383,66.79940347822885
2023-10-24 00:00:00-04:00,83.92548353520671,85.77106853475391,83.8399989567313,85.58747863769531,14972000,0.0,0.0,0.021908484890940327,83.23834533691407,66.97017050546313
2023-10-25 00:00:00-04:00,85.19507044206425,85.35631655440021,82.18482681388318,82.52965545654297,21432000,0.0,0.0,-0.03572745955160761,83.39774627685547,67.12625382438539
2023-10-26 00:00:00-04:00,82.36255376794199,82.99490982817876,79.49024266459294,80.30715942382812,27917000,0.0,0.0,-0.02692966571131672,83.37224769592285,67.27218475039044
2023-10-27 00:00:00-04:00,80.62287342317714,81.61463551878768,80.48105125823264,81.43492889404297,18236000,0.0,0.0,0.014043199613909207,83.4100341796875,67.42217416611929
2023-10-30 00:00:00-04:00,81.7010674039663,82.51021023613316,80.34601643183345,81.71563720703125,20889000,0.0,0.0,0.0034470259482084487,83.44063148498535,67.57544779399085
2023-10-31 00:00:00-04:00,81.9720841598441,82.1284761152104,80.87542105246095,81.72730255126953,14747000,0.0,0.0,0.000142755348143897,83.56953086853028,67.72219676063175
2023-11-01 00:00:00-04:00,81.78848884509733,82.9376135479933,81.16390671290657,82.85115814208984,18684000,0.0,0.0,0.01375128697188166,83.71100959777831,67.87444932120187
2023-11-02 00:00:00-04:00,83.73120999908409,85.52823151923639,83.53694100760724,84.63457489013672,18759000,0.0,0.0,0.021525550010879968,83.94141578674316,68.0346124739874
2023-11-03 00:00:00-04:00,85.23682801872481,86.20818788218605,84.61127499386241,85.739990234375,18041000,0.0,0.0,0.013061037355870386,84.1231575012207,68.20361920008584
2023-11-06 00:00:00-05:00,85.63120248120208,86.05180001779088,84.62584882831243,85.56029510498047,12870000,0.0,0.0,-0.002095814670649343,84.24433479309081,68.37638487134662
2023-11-07 00:00:00-05:00,85.70500643209934,87.59430064608912,85.10664408824013,87.21060943603516,19365000,0.0,0.0,0.019288319763621553,84.43574028015136,68.54774668860057
2023-11-08 00:00:00-05:00,87.422379473811,88.6764052950968,87.32524497879527,88.50350189208984,15280000,0.0,0.0,0.014824944630194015,84.61335334777831,68.7205142369346
2023-11-09 00:00:00-05:00,88.63658571244403,90.31704150235812,88.25387266134156,88.52779388427734,24486000,0.0,0.0,0.0002744749266205826,84.64142608642578,68.89079107557025
2023-11-10 00:00:00-05:00,89.53412271607402,93.14854581403635,89.19122837483663,93.0096435546875,36272000,0.0,0.0,0.05062646965165296,85.00247993469239,69.08359913598923
2023-11-13 00:00:00-05:00,92.28404075685701,92.51231091664368,91.35444866014248,91.9809799194336,16893000,0.0,0.0,-0.011059752472323714,85.21792793273926,69.25839477115207
2023-11-14 00:00:00-05:00,93.4778340706573,94.8795069420866,92.78914037274559,94.50941467285156,23886000,0.0,0.0,0.027488669457888193,85.64804611206054,69.43889834388854
2023-11-15 00:00:00-05:00,95.14565390720854,95.36324495014665,93.92174597691913,94.74642944335938,16099000,0.0,0.0,0.002507842962822693,86.07724151611328,69.62217105381073
2023-11-16 00:00:00-05:00,93.6390877072544,94.0956280063344,92.32969509081799,93.20683288574219,26198000,0.0,0.0,-0.016249652537434933,86.52270736694337,69.79512882232666
2023-11-17 00:00:00-05:00,93.07666537678044,95.57111808204752,92.37631431776894,94.97276306152344,19789000,0.0,0.0,0.01894635962951363,87.12543678283691,69.97985914018419
2023-11-20 00:00:00-05:00,94.5133069639808,97.12334718254408,94.5133069639808,96.7192611694336,18674000,0.0,0.0,0.018389462953486646,87.77377052307129,70.17137731824603
2023-11-21 00:00:00-05:00,94.7075763648953,96.26175049485981,94.38023008306205,95.30982208251953,43344000,0.0,0.0,-0.014572475739294544,88.2598876953125,70.35615728771876
2023-11-22 00:00:00-05:00,95.5516939683186,95.96937897263696,94.31903371649062,94.41616821289062,33743000,0.0,0.0,-0.009376304037743144,88.85421333312988,70.53653489975702
2023-11-24 00:00:00-05:00,94.70369554502247,95.17965976368089,93.90620999313718,95.08349609375,23158000,0.0,0.0,0.007067940729755806,89.59303016662598,70.71482578156487
2023-11-27 00:00:00-05:00,94.81927923767259,95.29136013205657,92.21409317768496,92.302490234375,96962000,0.0,0.0,-0.029248039603350318,90.13640823364258,70.88073299044655
2023-11-28 00:00:00-05:00,91.30198875712904,92.36270894737021,90.74053999297986,91.92462921142578,39025000,0.0,0.0,-0.004093725120413838,90.6468578338623,71.04654128967769
2023-11-29 00:00:00-05:00,92.11793365941749,93.19517278936041,91.24662084778801,91.38844299316406,34843000,0.0,0.0,-0.005832889649502904,91.12991485595703,71.21311307331872
2023-11-30 00:00:00-05:00,91.40495877406035,91.5428902102637,89.20677099838346,89.92169189453125,49571000,0.0,0.0,-0.016049634402268254,91.4834415435791,71.37417230151948
2023-12-01 00:00:00-05:00,89.60406075286058,90.71529366795389,88.19947527277019,90.33646392822266,29612000,0.0,0.0,0.004612591522164644,91.7685359954834,71.52574814690485
2023-12-04 00:00:00-05:00,89.42726183629003,90.43067361440347,89.01928513224988,89.75072479248047,25009000,0.0,0.0,-0.006483972365883051,91.96907272338868,71.67510476188055
2023-12-05 00:00:00-05:00,88.54916815887943,89.0999230914605,87.99063179433513,88.69680786132812,37066000,0.0,0.0,-0.011742712201925798,92.12589836120605,71.82401523892841
2023-12-06 00:00:00-05:00,89.40005780560625,89.45930783788634,87.7234856914402,87.77593994140625,24813000,0.0,0.0,-0.010382199113203594,92.1541648864746,71.97308638739207
2023-12-07 00:00:00-05:00,87.96051453432351,89.76530266942235,87.77595380424901,89.58462524414062,43517000,0.0,0.0,0.020605707030215026,92.20822105407714,72.13114470527286
2023-12-08 00:00:00-05:00,90.12665523280627,92.35009950605408,88.44523589990015,91.72551727294922,69668000,0.0,0.0,0.023897984983183518,92.36810722351075,72.30044713096014
2023-12-11 00:00:00-05:00,92.9601030578445,100.97382160922028,92.87074257839255,99.97624206542969,101184000,0.0,0.0,0.08995015823054597,92.71643714904785,72.4977669488816
2023-12-12 00:00:00-05:00,99.85480649465366,104.84759461960216,99.52356952617657,104.15695190429688,90242000,0.0,0.0,0.04181703325207109,93.32523574829102,72.70655532110305
2023-12-13 00:00:00-05:00,103.74122077306629,106.82819590739417,103.21085326872509,105.84809875488281,71654000,0.0,0.0,0.01623652401176079,93.89216995239258,72.91758258759029
2023-12-14 00:00:00-05:00,106.08997251875692,108.93411525959097,105.90541179287632,107.47998809814453,66964000,0.0,0.0,0.015417275911972395,94.52884788513184,73.12967491149902
2023-12-15 00:00:00-05:00,106.3852732542883,111.69472193786766,106.32698662570392,109.7384033203125,118544000,0.0,0.0,0.021012425309404614,95.35542640686035,73.34945254855685
2023-12-18 00:00:00-05:00,108.87000491152038,111.8831603717959,108.66018788090852,111.41496276855469,54741000,0.0,0.0,0.015277782412675744,96.17753639221192,73.58205613635835
2023-12-19 00:00:00-05:00,111.43937101237873,112.26492079534513,110.51331420811995,111.2032241821289,36020000,0.525,0.0,-0.0019004501833890242,96.90173454284668,73.81460422939725
2023-12-20 00:00:00-05:00,110.53184466017119,111.37691508274693,108.24451346996784,108.35380554199219,34523000,0.0,0.0,-0.025623525406690884,97.5539337158203,74.03648117610386
2023-12-21 00:00:00-05:00,110.52696745344855,110.79727176079682,108.80463459558197,110.00392150878906,24106000,0.0,0.0,0.015228961812119968,98.33332138061523,74.26703026181175
2023-12-22 00:00:00-05:00,110.07125020403183,110.46353278860146,108.66118151611732,109.48575592041016,19089000,0.0,0.0,-0.0047104283308436745,99.05343437194824,74.48900714753167
2023-12-26 00:00:00-05:00,109.70629805114899,110.80507791474872,109.58724563597134,110.45280456542969,16793000,0.0,0.0,0.008832643451103461,99.96095008850098,74.71790343996078
2023-12-27 00:00:00-05:00,110.85386168430898,111.20223386295541,109.58138340700489,109.89462280273438,20055000,0.0,0.0,-0.0050535770901558585,100.85944976806641,74.94483464861673
2023-12-28 00:00:00-05:00,110.4332857705133,110.48695651504346,109.19984138155016,109.52771759033203,21247000,0.0,0.0,-0.00333870032076955,101.7664134979248,75.16988961658781
2023-12-29 00:00:00-05:00,109.43502199932493,109.71996310578236,108.77243509491456,108.9266128540039,20558000,0.0,0.0,-0.005488151762428228,102.71665954589844,75.39583425673227
2024-01-02 00:00:00-05:00,106.57194097792315,107.53605635946798,105.10527564244013,105.91423797607422,28831000,0.0,0.0,-0.027655086291604625,103.49554824829102,75.60493331485324
2024-01-03 00:00:00-05:00,104.43293175421933,104.90133167375615,102.9799278807977,103.29902648925781,34735000,0.0,0.0,-0.02469178400176164,104.17296333312989,75.80315479399665
2024-01-04 00:00:00-05:00,103.23851167003112,104.36461450789638,102.20511351715298,102.36515045166016,25658000,0.0,0.0,-0.009040511506609117,104.85638046264648,75.99980958302815
2024-01-05 00:00:00-05:00,102.61790392974198,102.99456700953296,101.6332925086261,102.39151000976562,22475000,0.0,0.0,0.00025750519575429287,105.58715896606445,76.1940095235431
2024-01-08 00:00:00-05:00,103.0960554023395,105.19408354456183,102.65692907770828,104.8866958618164,33110000,0.0,0.0,0.024369069777492314,106.35226249694824,76.40008737170507
2024-01-09 00:00:00-05:00,103.98598700479431,106.22356318872113,103.89719093112348,105.63220977783203,23225000,0.0,0.0,0.007107802470942559,107.04759712219239,76.59647404201446
2024-01-10 00:00:00-05:00,105.42340616269261,105.6780909505568,103.69131285534762,105.44486999511719,17643000,0.0,0.0,-0.001773510022263669,107.32102851867675,76.79648656693716
2024-01-11 00:00:00-05:00,105.8107976341754,107.4677488020579,104.85350928465766,107.33894348144531,25757000,0.0,0.0,0.01796268975831472,107.48012809753418,77.0047573362078
2024-01-12 00:00:00-05:00,108.52164859264572,108.87197138748944,107.34187488086792,108.09033203125,26882000,0.0,0.0,0.007000148552184893,107.59223976135254,77.21479443141392
2024-01-16 00:00:00-05:00,108.54505273775138,109.9014505610955,107.2071928724737,108.80072021484375,26145000,0.0,0.0,0.006572171351905576,107.6582763671875,77.42621179610964
2024-01-17 00:00:00-05:00,107.95468024678823,108.62019297611977,106.38555741146811,107.69901275634766,18314000,0.0,0.0,-0.010125920640236652,107.55630683898926,77.63437041025313
2024-01-18 00:00:00-05:00,109.77069338677484,111.88335812313876,109.47599939669307,111.62574005126953,32228000,0.0,0.0,0.036460197678928497,107.566845703125,77.8580204191662
2024-01-19 00:00:00-05:00,112.93336463463851,118.75806653328011,112.8055271511249,118.19209289550781,53077000,0.0,0.0,0.05882471947081713,107.91628913879394,78.10960153549436
2024-01-22 00:00:00-05:00,118.68487259411535,120.15642179700342,117.90128271289093,119.09960174560547,31222000,0.0,0.0,0.007678253492811704,108.45357894897461,78.36897518521263
2024-01-23 00:00:00-05:00,119.14838765362657,119.73193135388539,117.44264223903501,119.66654968261719,16952000,0.0,0.0,0.004760284070661314,108.93671035766602,78.62773625812834
2024-01-24 00:00:00-05:00,121.22690536936949,125.34977002660064,120.12519216817962,122.3559341430664,34805000,0.0,0.0,0.022473986820728653,109.58021926879883,78.89306153191461
2024-01-25 00:00:00-05:00,125.00336221966711,125.00336221966711,119.90954000273969,120.02664184570312,36356000,0.0,0.0,-0.019037019443942316,110.0589111328125,79.14785627334837
2024-01-26 00:00:00-05:00,119.0215400002177,119.1688907306607,117.12160748420794,117.57536315917969,25818000,0.0,0.0,-0.020422788214591647,110.44294815063476,79.39267760988265
2024-01-29 00:00:00-05:00,118.55410919084726,119.40893248494422,117.58609266772505,118.83319854736328,21526000,0.0,0.0,0.010698120374764919,110.90822219848633,79.637606212071
2024-01-30 00:00:00-05:00,118.73561801821975,119.83147201972346,117.51778572982502,117.89543151855469,20683000,0.0,0.0,-0.007891456598593805,111.35666313171387,79.88168723999507
2024-01-31 00:00:00-05:00,116.06965460561332,116.82787202921463,114.59225370234344,115.14749908447266,27400000,0.0,0.0,-0.02330821812760031,111.81832618713379,80.1184757474869
2024-02-01 00:00:00-05:00,115.86474079144587,117.40068900489214,115.06066233120536,117.10013580322266,19411000,0.0,0.0,0.01695769977007955,112.50838165283203,80.36166495368595
2024-02-02 00:00:00-05:00,117.95300051833074,120.48429559277677,117.60170246514028,119.47431182861328,26689000,0.0,0.0,0.020274750401487518,113.36383972167968,80.60755884079705
2024-02-05 00:00:00-05:00,119.72998762540804,121.75873290649766,119.2606124167226,121.30496978759766,22045000,0.0,0.0,0.015322607269841138,114.30951271057128,80.8595738638015
2024-02-06 00:00:00-05:00,123.30248650119036,124.13583853168394,118.26429332804723,119.30940246582031,25354000,0.0,0.0,-0.016450829057305216,115.03064804077148,81.1067556653704
2024-02-07 00:00:00-05:00,120.41697336846,122.90630139027807,119.70461685546333,122.66722869873047,25768000,0.0,0.0,0.0281438525674631,115.88239898681641,81.36586885603647
2024-02-08 00:00:00-05:00,123.63718990201218,126.46416180553668,123.443002909208,124.3944320678711,29326000,0.0,0.0,0.01408039773510028,116.8298770904541,81.62685724288698
2024-02-09 00:00:00-05:00,122.17638555537432,125.46686606831152,121.87973352037115,125.24144744873047,26293000,0.0,0.0,0.006809110076544611,117.72500228881836,81.89603038061233
2024-02-12 00:00:00-05:00,125.88258044265962,125.88843218446802,122.85653754605418,123.44203186035156,24778000,0.0,0.0,-0.01436757259704724,118.49258728027344,82.15893374549017
2024-02-13 00:00:00-05:00,120.52626428888975,122.55110097262502,119.74267436558891,122.1393051147461,31907000,0.0,0.0,-0.010553348207029134,119.15951652526856,82.4189998384506
2024-02-14 00:00:00-05:00,123.85579464237851,124.22270483610265,121.13128748729598,123.17076110839844,27306000,0.0,0.0,0.008444914539863513,119.9331039428711,82.68017933860658
2024-02-15 00:00:00-05:00,124.90088867554105,124.90576512680437,121.47573631286461,123.44886016845703,21873000,0.0,0.0,0.0022578334140019862,120.52425994873047,82.94201181805323
2024-02-16 00:00:00-05:00,122.86043173724356,124.48420810234944,121.23568008189162,121.5372085571289,21268000,0.0,0.0,-0.015485372718059165,120.69151573181152,83.19422143603128
2024-02-20 00:00:00-05:00,120.59848133250777,120.7799895713901,118.32480400936649,119.68998718261719,26329000,0.0,0.0,-0.01519881356863173,120.72103500366211,83.44180789826409
2024-02-21 00:00:00-05:00,118.85564596074215,119.83634870910747,117.35677373090205,119.77780151367188,20579000,0.0,0.0,0.0007336815144003417,120.72659759521484,83.69161698174855
2024-02-22 00:00:00-05:00,125.07261501493677,127.92885998016818,124.56128010193834,127.33555603027344,40819000,0.0,0.0,0.06309812353450894,120.9755786895752,83.97673674992153
2024-02-23 00:00:00-05:00,127.67418487241135,128.7719894064272,125.76644276206366,126.50318145751953,23115000,0.0,0.0,-0.006536858978775872,121.29940567016601,84.26058657207186
2024-02-26 00:00:00-05:00,127.8332391555046,128.69098828782603,126.99987972353979,127.74833679199219,16282000,0.0,0.0,0.009842877626684787,121.80805435180665,84.54648868621342
2024-02-27 00:00:00-05:00,127.7483341300031,128.0225470191409,126.09821756901596,126.4895248413086,12126000,0.0,0.0,-0.009853842189219808,122.19087066650391,84.82968610430521
2024-02-28 00:00:00-05:00,126.1743673854427,126.7130255106339,125.19560758493427,125.82501983642578,10967000,0.0,0.0,-0.005253439015732608,122.58735008239746,85.10733127593994
2024-02-29 00:00:00-05:00,127.18040840818277,127.67710660417285,125.61616198209182,126.90522766113281,27536000,0.0,0.0,0.008585000233747753,123.17523651123047,85.38591596815321
2024-03-01 00:00:00-05:00,129.38774151539135,137.37292698190691,128.8090742443428,136.53469848632812,44488000,0.0,0.0,0.07587922895428934,124.14696464538574,85.70298550620912
2024-03-04 00:00:00-05:00,136.92309564037532,140.34043891915,135.17050615098455,136.83624267578125,34854000,0.0,0.0,0.002208553523727952,125.01506118774414,86.0193282536098
2024-03-05 00:00:00-05:00,136.12778212255077,136.12778212255077,130.01618093328784,131.02908325195312,36040000,0.0,0.0,-0.042438752411432135,125.50126686096192,86.29971213567825
2024-03-06 00:00:00-05:00,135.79404760830417,136.1111881934831,131.44965786625528,131.73655700683594,43196000,0.0,0.0,0.0053993643038960926,126.1226245880127,86.58284288739401
2024-03-07 00:00:00-05:00,134.85821227239364,138.0120773622898,133.970206841959,137.2997283935547,62832000,0.0,0.0,0.042229518617448614,126.8542495727539,86.89099155910431
2024-03-08 00:00:00-05:00,136.05458717765524,137.88426152138396,127.0116063688822,127.70833587646484,74025000,0.0,0.0,-0.06985733059571075,127.01994476318359,87.15838719928075
2024-03-11 00:00:00-04:00,124.7037880451185,126.761799702213,122.22811385514767,126.18606567382812,31105000,0.0,0.0,-0.01191989694477924,127.06717567443847,87.42342980702718
2024-03-12 00:00:00-04:00,127.5405065498986,127.61760660271659,122.88386735172068,126.0650634765625,42789000,0.0,0.0,-0.0009589188522478587,127.19832725524903,87.69090379987445
2024-03-13 00:00:00-04:00,125.18681068052985,125.18681068052985,122.20859407160086,122.74627685546875,37838000,0.0,0.0,-0.026325982231474976,127.22867584228516,87.94458707173665
2024-03-14 00:00:00-04:00,123.20196875913895,124.23537438615931,121.75482416614881,123.17562103271484,38029000,0.0,0.0,0.003497818330992164,127.22891883850097,88.19392005980961
2024-03-15 00:00:00-04:00,122.31592090016687,123.6732941168228,120.03346628088153,120.56333923339844,88823000,0.0,0.0,-0.021207782655486618,127.08464279174805,88.43531753903343
2024-03-18 00:00:00-04:00,122.36666813836688,123.23515294416211,120.19252280814608,120.7331314086914,25737000,0.0,0.0,0.0014083234287685098,127.04443893432617,88.67342845977299
2024-03-19 00:00:00-04:00,118.7531804030709,121.02880803256969,117.49143772121218,120.80827331542969,24491000,0.0,0.0,0.0006223801690683484,127.1003532409668,88.9139313016619
2024-03-20 00:00:00-04:00,121.42175082340722,126.22071912681807,120.20362922209509,125.04572296142578,40946000,0.525,0.0,0.035075823283494234,127.36374931335449,89.16642585633294
2024-03-21 00:00:00-04:00,130.1729708928277,137.55124730145462,128.96563832172694,132.10157775878906,72468000,0.0,0.0,0.05642619859569198,127.60205039978027,89.44781983087934
2024-03-22 00:00:00-04:00,132.2975803770442,134.86708752088026,131.92029266065273,132.63763427734375,38624000,0.0,0.0,0.004057911552983073,127.90877304077148,89.73356421031649
2024-03-25 00:00:00-04:00,131.8105512121756,133.124695733636,131.06967294834436,132.4524383544922,21237000,0.0,0.0,-0.0013962547195641717,128.14397811889648,90.01540476178366
2024-03-26 00:00:00-04:00,133.73717547192084,135.23165719122574,130.38759727146925,130.483642578125,23522000,0.0,0.0,-0.01486417162889786,128.34368400573732,90.29059950510661
2024-03-27 00:00:00-04:00,132.2975722450251,132.2975722450251,127.00763422395251,129.23316955566406,25583000,0.0,0.0,-0.009583369974609957,128.51409149169922,90.56438997056749
2024-03-28 00:00:00-04:00,129.15184383348915,130.34645131209237,128.52760164993737,129.8878173828125,19856000,0.0,0.0,0.005065633145107329,128.6632209777832,90.84159433274041
2024-04-01 00:00:00-04:00,129.91427049451363,133.56961477980906,129.8878180337213,132.3230743408203,17252000,0.0,0.0,0.01874892508841297,128.4526397705078,91.12815734318325
2024-04-02 00:00:00-04:00,128.94505972983626,131.54985681986378,127.73185038223613,131.1960906982422,24694000,0.0,0.0,-0.008516909452053634,128.17063217163087,91.40710214584593
2024-04-03 00:00:00-04:00,130.1416344535413,134.9259110896939,129.87408927395205,133.59214782714844,28650000,0.0,0.0,0.018263174734507226,128.2987854003906,91.6925844767737
2024-04-04 00:00:00-04:00,135.75886059927964,137.58750433164988,128.86762962848005,129.1126251220703,27014000,0.0,0.0,-0.03353133232706218,128.16758880615234,91.9599362176562
2024-04-05 00:00:00-04:00,129.94563074609113,133.3981027346553,128.78924410744025,131.26173400878906,19438000,0.0,0.0,0.016645226481042164,127.86568908691406,92.2388897699023
2024-04-08 00:00:00-04:00,130.69531871542804,131.56259749447966,128.94114237496444,130.93540954589844,17139000,0.0,0.0,-0.0024860593634148387,128.02704277038575,92.51860765426878
2024-04-09 00:00:00-04:00,133.01983045304576,133.22660524159485,128.24437658070877,130.73745727539062,17986000,0.0,0.0,-0.0015118314533427712,128.25461235046387,92.79996915847536
2024-04-10 00:00:00-04:00,129.65163186643525,130.90110303412882,128.91468642066772,129.5898895263672,17467000,0.0,0.0,-0.00877765081973525,128.4308536529541,93.07496546185206
2024-04-11 00:00:00-04:00,130.6002741169762,136.40078007149594,129.71535030306586,135.47862243652344,31713000,0.0,0.0,0.04544129894452986,129.06747093200684,93.375549134754
2024-04-12 00:00:00-04:00,132.49457324480508,133.9155443998963,130.98637925044028,131.71646118164062,27823000,0.0,0.0,-0.027769408835298104,129.49451293945313,93.66306076352558
2024-04-15 00:00:00-04:00,134.25753998550363,134.25753998550363,127.98566088722458,128.4452667236328,24370000,0.0,0.0,-0.0248351225705703,129.88860931396485,93.93471613384429
2024-04-16 00:00:00-04:00,128.90487198255371,130.9569635841039,128.47565133350503,130.24549865722656,18923000,0.0,0.0,0.014015556816641572,130.3642276763916,94.21530758388458
2024-04-17 00:00:00-04:00,131.6223858851552,132.003591401519,125.57686983675995,125.69544982910156,24718000,0.0,0.0,-0.03493440368407341,130.60858650207518,94.4748611752949
2024-04-18 00:00:00-04:00,126.22169796105739,126.67738605052617,123.03283087187909,123.37876892089844,24888000,0.0,0.0,-0.01843090510716927,130.52523880004884,94.72333017985027
2024-04-19 00:00:00-04:00,123.37877759243626,123.47775375822297,117.35874184206044,118.05943298339844,44797000,0.0,0.0,-0.043113867839858044,129.8231315612793,94.94985937693762
2024-04-22 00:00:00-04:00,119.99879082152607,120.85137783829325,117.65075781843316,119.994873046875,25162000,0.0,0.0,0.016393777393024722,129.19099349975585,95.1846332398672
2024-04-23 00:00:00-04:00,120.35846096800124,123.27194728604381,120.34376183486977,122.41838073730469,22025000,0.0,0.0,0.020196760318942575,128.68929061889648,95.4290699731736
2024-04-24 00:00:00-04:00,123.85993467081013,125.98845288058338,122.00385136004111,123.16610717773438,20108000,0.0,0.0,0.0061079589186383565,128.32341384887695,95.67584849160815
2024-04-25 00:00:00-04:00,124.69782602139146,128.18459356901673,123.18374798229458,126.85084533691406,30410000,0.0,0.0,0.029916819193306576,128.20429763793945,95.94202335297115
2024-04-26 00:00:00-04:00,128.37766420309845,132.8689151886374,127.70441992183444,131.71646118164062,24100000,0.0,0.0,0.038356983998045546,128.29572982788085,96.22972941020178
2024-04-29 00:00:00-04:00,131.7174484568062,132.58963199186638,129.9162437365965,131.182373046875,13372000,0.0,0.0,-0.004054832098997152,128.2386947631836,96.51446951003302
2024-04-30 00:00:00-04:00,130.22786200064942,132.1358932534966,127.30457371669652,127.42412567138672,22113000,0.0,0.0,-0.02864902721454321,128.05009651184082,96.78121089935303
2024-05-01 00:00:00-04:00,125.2740590188251,126.64995330670973,121.65008692310529,121.79806518554688,30958000,0.0,0.0,-0.044152239273344995,127.46039237976075,97.02126032208639
2024-05-02 00:00:00-04:00,123.11319190279205,123.91383860907672,119.88219373084911,121.37764739990234,29480000,0.0,0.0,-0.003451760789500824,127.07364349365234,97.26940751454187
2024-05-03 00:00:00-04:00,123.37973833132851,125.81793259049792,122.21747510491386,125.25247955322266,24898000,0.0,0.0,0.031923770449709954,126.77318077087402,97.53260309734041
2024-05-06 00:00:00-04:00,126.04724688771655,128.45310464377113,124.95457645897648,128.4080352783203,16287000,0.0,0.0,0.02519355893275388,126.64681205749511,97.809480001056
2024-05-07 00:00:00-04:00,129.00878559438377,129.25868586294067,127.08017817832797,127.70247650146484,12413000,0.0,0.0,-0.0054946621940457074,126.49506301879883,98.0759454908825
2024-05-08 00:00:00-04:00,126.76069625165233,131.11279132877465,126.26971825937542,129.88389587402344,13918000,0.0,0.0,0.017082044391939277,126.50976333618163,98.35147164359925
2024-05-09 00:00:00-04:00,129.14500034083167,129.5154245248522,127.59368084514998,127.95333862304688,12170000,0.0,0.0,-0.014863715305006298,126.13349914550781,98.62335999806722
2024-05-10 00:00:00-04:00,128.8980329939276,131.70958995154626,128.8980329939276,130.6120147705078,16300000,0.0,0.0,0.020778482031590162,126.07827682495117,98.90283946385459
2024-05-13 00:00:00-04:00,132.1016057960284,133.11980875465582,130.34841617490824,131.0736083984375,18507000,0.0,0.0,0.003534082440583619,126.2096939086914,99.18361677442279
2024-05-14 00:00:00-04:00,130.56693157832007,135.4325541739675,129.926031405758,135.240478515625,19420000,0.0,0.0,0.031790305982277056,126.45944290161133,99.47960219307551
2024-05-15 00:00:00-04:00,135.2375174297212,141.01451556773003,134.25557653198058,140.74208068847656,32757000,0.0,0.0,0.040680144238146365,127.21177444458007,99.79412077343653
2024-05-16 00:00:00-04:00,139.74544352087707,141.64659609910947,137.6933519378965,138.38619995117188,28395000,0.0,0.0,-0.016738993240545286,127.96214599609375,100.09866520715138
2024-05-17 00:00:00-04:00,138.41460735573787,139.11137304874842,135.41193241682464,136.73590087890625,18174000,0.0,0.0,-0.011925315333811581,128.89596939086914,100.39054791889494
2024-05-20 00:00:00-04:00,136.80550140287897,138.85757809211975,136.52717489436174,138.57240295410156,27170000,0.0,0.0,0.013431016019865405,129.82484588623046,100.6819276052808
2024-05-21 00:00:00-04:00,137.06811861183712,138.1176784960234,136.5565648977507,137.11907958984375,15333000,0.0,0.0,-0.010487826820317125,130.55988082885742,100.96588131738088
2024-05-22 00:00:00-04:00,136.80647915271814,137.6874850945575,135.65107941905717,136.43702697753906,21002000,0.0,0.0,-0.004974162708390906,131.22342681884766,101.2486080593533
2024-05-23 00:00:00-04:00,139.98358141071904,140.03943213459036,135.04153253842605,136.5399169921875,31039000,0.0,0.0,0.0007541209078483213,131.70788040161133,101.52864277552045
2024-05-24 00:00:00-04:00,137.17691142103243,138.52830451682976,136.4154574716201,137.96578979492188,16730000,0.0,0.0,0.010442900758581564,132.02034683227538,101.81699365282816
2024-05-28 00:00:00-04:00,138.17748118322086,138.8811106298134,136.4664302203944,138.41757202148438,22919000,0.0,0.0,0.0032745960229274562,132.38210678100586,102.08834869142562
2024-05-29 00:00:00-04:00,137.1092997942111,137.1092997942111,135.53152800823736,136.28317260742188,26861000,0.0,0.0,-0.01542000327625459,132.8250591278076,102.31922788468619
2024-05-30 00:00:00-04:00,135.13953670692757,135.50997583285903,132.85029976884584,133.6774139404297,21717000,0.0,0.0,-0.019120179088421674,133.41902656555175,102.5433476160443
2024-05-31 00:00:00-04:00,133.41083770741247,133.52745880110322,128.10913123631863,130.1955108642578,73091000,0.0,0.0,-0.026047055920183415,133.85991973876952,102.75188848707411
2024-06-03 00:00:00-04:00,132.56218521718694,132.59158348444382,127.64561660861094,129.54383850097656,26278000,0.0,0.0,-0.005005336658348236,134.07448768615723,102.96471123468308
2024-06-04 00:00:00-04:00,129.396850459933,130.5326614980548,128.08466474673654,130.41799926757812,23048000,0.0,0.0,0.00674799185138375,134.17498588562012,103.17259440346369
2024-06-05 00:00:00-04:00,131.90560112958815,138.6037706371312,131.37052574083253,138.4803009033203,32947000,0.0,0.0,0.06181893359060653,134.7138771057129,103.41616978721014
2024-06-06 00:00:00-04:00,139.3407213267411,139.4210805824358,136.04504978276245,137.32196044921875,20172000,0.0,0.0,-0.008364658702686212,135.08578033447264,103.6598390851702
2024-06-07 00:00:00-04:00,137.9599219722931,139.6474512928055,136.90545726958626,137.84820556640625,17859000,0.0,0.0,0.0038321992743621802,135.5805236816406,103.90459372505309
2024-06-10 00:00:00-04:00,138.15787616471582,142.0043090062864,138.09221604627143,141.16348266601562,31042000,0.0,0.0,0.024050201350008127,136.10809707641602,104.15809213547479
2024-06-11 00:00:00-04:00,140.94102547879248,143.5683571131692,138.787998815963,143.17831420898438,34844000,0.0,0.0,0.01427303651706957,136.71333236694335,104.41942572215247
2024-06-12 00:00:00-04:00,146.99732904097084,147.56572050766357,144.6845704659259,146.55731201171875,56697000,0.0,0.0,0.023599927275316013,137.27917404174804,104.6748187958248
2024-06-13 00:00:00-04:00,167.57694751336152,170.11020794851595,161.94400904311394,164.53802490234375,89061000,0.0,0.0,0.12268724530910657,138.4689712524414,105.00318088228741
2024-06-14 00:00:00-04:00,165.30927540005425,171.22640218691026,164.84280592494906,170.03082275390625,69705000,0.0,0.0,0.033383151735427496,140.05120239257812,105.33996996803889
2024-06-17 00:00:00-04:00,176.39678075890885,180.61070684548417,174.29766074265194,179.22598266601562,87528000,0.0,0.0,0.054079370805715454,142.1757064819336,105.71429640149313
2024-06-18 00:00:00-04:00,180.27651669348464,181.45543796489758,174.9277819880299,176.6437225341797,86797000,0.0,0.0,-0.01440784474117196,144.0792724609375,106.08421791924371
2024-06-20 00:00:00-04:00,176.73587227954204,176.8623027900247,168.77450340809224,169.98379516601562,68157000,0.0,0.0,-0.037702598612726845,145.7225082397461,106.42774170164078
2024-06-21 00:00:00-04:00,166.1716474600927,167.96893436253492,161.83621038046263,162.54278564453125,99289000,0.0,0.0,-0.0437748169713299,147.0277961730957,106.7477833884103
2024-06-24 00:00:00-04:00,161.42892306065718,163.29189005610505,156.37679646213644,156.5291748046875,58575000,0.525,0.0,-0.03699709474030466,148.0272590637207,107.04596664792015
2024-06-25 00:00:00-04:00,157.30778792194758,157.88879971505986,153.75586355974798,155.40647888183594,53329000,0.0,0.0,-0.007172438775406742,148.8992935180664,107.34746957203699
2024-06-26 00:00:00-04:00,157.06104021010248,159.08228101611766,154.6986657028687,156.508544921875,46479000,0.0,0.0,0.007091506402876702,149.80384216308593,107.65354507688492
2024-06-27 00:00:00-04:00,156.50855034034618,157.84752379028075,154.4440620920015,155.98358154296875,31649000,0.0,0.0,-0.0033542154466281726,150.7888626098633,107.94727452596028
2024-06-28 00:00:00-04:00,156.88998680983812,161.15170546715572,155.91869855700142,157.8386688232422,69377000,0.0,0.0,0.011892836809638263,151.9969253540039,108.24854178655715
2024-07-01 00:00:00-04:00,158.10114993005251,162.08758803353103,156.65600086397146,161.3060302734375,47623000,0.0,0.0,0.02196775654562999,153.55245132446288,108.5579596625434
2024-07-02 00:00:00-04:00,161.30603156996372,163.1149205512913,159.4578104364042,162.94583129882812,32539000,0.0,0.0,0.01016577633589355,155.22255096435546,108.87202156914606
2024-07-03 00:00:00-04:00,164.17667156462375,169.99855041503906,163.63203673627353,169.99855041503906,39954000,0.0,0.0,0.04328259925396227,157.20157852172852,109.2106161874438
2024-07-05 00:00:00-04:00,172.5880107016743,173.5622539935585,166.73271041208397,167.4513397216797,45240000,0.0,0.0,-0.014983720079615681,158.65013046264647,109.54469241793194
2024-07-08 00:00:00-04:00,167.6175097022567,172.719769435847,167.6175097022567,171.63442993164062,36398000,0.0,0.0,0.024980930083411845,160.3657539367676,109.90068175300719
2024-07-09 00:00:00-04:00,172.68632451602616,174.10394704827291,167.6725403034301,170.40061950683594,37802000,0.0,0.0,-0.007188595116353391,161.99337463378907,110.25225424388098
2024-07-10 00:00:00-04:00,171.64820624521283,173.6625617483505,169.71740532569692,171.5194091796875,41074000,0.0,0.0,0.006565643224123896,163.51117095947265,110.59638949802944
2024-07-11 00:00:00-04:00,173.48265349523658,173.50329462716132,164.02922508521496,167.71090698242188,51026000,0.0,0.0,-0.02220449694574078,164.73780059814453,110.92375549437507
2024-07-12 00:00:00-04:00,168.21029899599057,169.67314908252905,166.27163786026208,167.1918182373047,30453000,0.0,0.0,-0.003095140050560885,165.76952590942383,111.24603295704675
2024-07-15 00:00:00-04:00,167.12595070348252,170.57660463829993,166.39845587071287,168.52194213867188,22999200,0.0,10.0,0.007955675794369732,165.96872177124024,111.57343152969602
2024-07-16 00:00:00-04:00,169.48536621033475,169.8884382711256,163.58680337237664,166.5164337158203,22244900,0.0,0.0,-0.011900577440540627,165.79300231933593,111.89355408199249
2024-07-17 00:00:00-04:00,159.56594168390856,160.0869801632499,152.979216661381,153.34295654296875,43343400,0.0,0.0,-0.0791121745697102,164.49885101318358,112.15305494883704
2024-07-18 00:00:00-04:00,156.20378086563406,158.77948194642119,151.29813716517035,157.8062286376953,37973500,0.0,0.0,0.02910646954609808,163.55697631835938,112.43292006235274
2024-07-19 00:00:00-04:00,159.10390100885886,161.17822957926435,154.4636969556373,154.6898193359375,26309500,0.0,0.0,-0.019748328875615728,162.79227752685546,112.70120829627628
2024-07-22 00:00:00-04:00,157.5211274513078,160.2344761478724,155.23051692158248,158.33709716796875,28813300,0.0,0.0,0.02357800822115208,162.58199310302734,112.9889652312748
2024-07-23 00:00:00-04:00,157.68823036526834,162.53489031832814,157.19668349380453,161.0012664794922,21570200,0.0,0.0,0.01682593251471065,162.80559768676758,113.2840700300913
2024-07-24 00:00:00-04:00,157.63911909504037,158.68119627009045,148.5455001606713,148.78143310546875,37162600,0.0,0.0,-0.07589898912739268,162.4743453979492,113.52882800026545
2024-07-25 00:00:00-04:00,148.70275982647078,150.95405298409875,143.0598111273686,146.736572265625,30872100,0.0,0.0,-0.013744059303382183,161.98574676513672,113.75918412587
2024-07-26 00:00:00-04:00,150.90489361012695,150.98354291178117,147.38541611540793,149.06651306152344,20839900,0.0,0.0,0.01587839186866602,161.63989334106446,114.00833196488638
2024-07-29 00:00:00-04:00,149.4499462529937,152.37956201932835,146.62845642020505,147.6803741455078,16625800,0.0,0.0,-0.009298794796679277,161.13197860717773,114.25181061880929
2024-07-30 00:00:00-04:00,150.6886344194881,150.87542466387674,140.9265190226611,141.09364318847656,31102300,0.0,0.0,-0.0446012613059974,160.1213592529297,114.4667514922127
2024-07-31 00:00:00-04:00,148.9092444541196,158.6025515734961,148.44718908933856,157.96353149414062,45827500,0.0,0.0,0.11956519035466973,159.87224426269532,114.74907348269508
2024-08-01 00:00:00-04:00,154.8372567994343,156.2234225081211,143.69880344671637,144.53443908691406,40320000,0.0,0.0,-0.08501387807808469,158.59903869628906,114.96992035517617
2024-08-02 00:00:00-04:00,139.5305032815083,142.89269745769892,137.2399078059626,141.38856506347656,33745800,0.0,0.0,-0.021765567039325306,157.2958999633789,115.18890299115863
2024-08-05 00:00:00-04:00,127.41878286641617,142.96149281588387,126.32754819250259,139.67796325683594,41309300,0.0,0.0,-0.012098586656372423,155.69807662963868,115.40390380980476
2024-08-06 00:00:00-04:00,139.33386926865666,146.39249000569905,137.8788947577174,141.48684692382812,24751300,0.0,0.0,0.01295038691011019,154.25238800048828,115.62735939025879
2024-08-07 00:00:00-04:00,145.74366178565336,147.56239139005254,133.53363809247833,133.96620178222656,29749800,0.0,0.0,-0.053154376573607776,152.37472763061524,115.81506344628713
2024-08-08 00:00:00-04:00,138.81283837910723,143.79713103129222,136.06017280201706,143.27609252929688,27583200,0.0,0.0,0.06949432486116414,151.152986907959,116.04504034254286
2024-08-09 00:00:00-04:00,141.76212064131627,147.02167838562457,141.6736458009603,145.75347900390625,18438700,0.0,0.0,0.01729099691983027,150.08106994628906,116.29728093222967
2024-08-12 00:00:00-04:00,145.57655772845993,148.57499735464776,143.89546042957312,146.107421875,17778500,0.0,0.0,0.002428366537201354,148.96034393310546,116.55392783028739
2024-08-13 00:00:00-04:00,148.98786506173042,153.73620980974948,147.27727648764997,153.51992797851562,22053600,0.0,0.0,0.05073326192735972,148.31051864624024,116.84502695477198
2024-08-14 00:00:00-04:00,155.3485011538913,157.5407963347942,152.10428830720687,155.02407836914062,20184200,0.0,0.0,0.009797753362908779,148.39457473754882,117.13276360526918
2024-08-15 00:00:00-04:00,158.47472029709346,163.85224467604252,157.62925901445738,163.32138061523438,27945000,0.0,0.0,0.05352266779058912,148.6703323364258,117.45786557878766
2024-08-16 00:00:00-04:00,161.68942205941565,163.28202905335388,159.9296759357353,162.9182891845703,19296900,0.0,0.0,-0.002468087332752167,149.0817558288574,117.78502146402995
2024-08-19 00:00:00-04:00,162.07287103462227,164.99266129929282,157.70793144700068,164.87469482421875,20441700,0.0,0.0,0.012008508372144844,149.40863571166992,118.12219892229352
2024-08-20 00:00:00-04:00,164.22584905382982,165.5235252808835,161.37486756871664,163.14443969726562,19417500,0.0,0.0,-0.01049436439471707,149.5157943725586,118.45299327184283
2024-08-21 00:00:00-04:00,162.32844938995822,163.65563206880424,160.12632879798096,162.977294921875,16097700,0.0,0.0,-0.0010245202086003324,150.2255874633789,118.76805786859421
2024-08-22 00:00:00-04:00,167.95174101688292,169.5050310193637,158.75982299694877,159.59544372558594,30044500,0.0,0.0,-0.020750443783658312,150.86853103637696,119.07328699505518
2024-08-23 00:00:00-04:00,162.23996879599673,165.43502364958215,160.69651932869158,163.5474853515625,18848000,0.0,0.0,0.024762872508890865,151.59257965087892,119.386228531126
2024-08-26 00:00:00-04:00,162.17118072225037,162.89866062736266,155.97768598488952,156.92144775390625,18521200,0.0,0.0,-0.04051445721352964,152.05463333129882,119.68135643005371
2024-08-27 00:00:00-04:00,154.9356101283994,159.2907090592693,153.19552966353265,158.66152954101562,16683100,0.0,0.0,0.011088871610707374,152.9330276489258,119.9844015212286
2024-08-28 00:00:00-04:00,157.37367045766857,159.53647399827534,153.60841908886368,155.5057830810547,18063600,0.0,0.0,-0.01988980233009252,152.81014022827148,120.27137377905467
2024-08-29 00:00:00-04:00,155.8105401580159,160.44090350788034,152.782609485094,154.2769012451172,23519300,0.0,0.0,-0.007902483184802023,153.29726333618163,120.54240923079233
2024-08-30 00:00:00-04:00,158.3960656034608,160.48023462512052,156.02682098575673,160.0673370361328,25158500,0.0,0.0,0.03753274627817227,154.23120193481446,120.83552166772267
2024-09-03 00:00:00-04:00,157.66860322165402,158.02251762285726,148.82075819239526,150.2069091796875,37179100,0.0,0.0,-0.061601748607959084,154.75764923095704,121.07777038453118
2024-09-04 00:00:00-04:00,147.7590088442847,155.12237218968338,146.62844191484464,151.51441955566406,20324100,0.0,0.0,0.00870472858483784,155.25902786254883,121.34451811654228
2024-09-05 00:00:00-04:00,148.0244433291551,153.71654993318725,147.57221357265888,150.2364044189453,31548500,0.0,0.0,-0.00843494065097361,156.07253799438476,121.60632851010277
2024-09-06 00:00:00-04:00,140.82820547062116,141.0739789531179,134.29063683653754,134.68386840820312,76634600,0.0,0.0,-0.10352042216993418,155.64292678833007,121.80638422284808
2024-09-09 00:00:00-04:00,136.75817309520554,139.19624141160318,132.61934177911837,138.43927001953125,39516700,0.0,0.0,0.02788308396330108,155.27721633911133,122.02718486483136
2024-09-10 00:00:00-04:00,138.83252884960604,147.3264599794416,138.65556413813906,145.70436096191406,36067500,0.0,0.0,0.05247854125031037,155.25706329345704,122.27661596025739
2024-09-11 00:00:00-04:00,145.8812967006935,156.18411611197098,142.58792628256415,155.59426879882812,39700800,0.0,0.0,0.06787653966993612,155.36078033447265,122.56468309674945
2024-09-12 00:00:00-04:00,155.4271456338285,163.50817838220144,154.1786122284463,161.77792358398438,43530700,0.0,0.0,0.039742175806946056,155.69847259521484,122.88289348662846
2024-09-13 00:00:00-04:00,163.9210748240088,165.23841698984117,161.2667094141873,164.85501098632812,29850000,0.0,0.0,0.019020440701517094,155.77515411376953,123.21009033445328
2024-09-16 00:00:00-04:00,162.39725767319067,162.7020143331397,157.698070785568,161.24703979492188,26126900,0.0,0.0,-0.02188572352044227,155.69159164428712,123.5157969641307
2024-09-17 00:00:00-04:00,162.69221436991316,163.21325293511353,157.9831862041226,159.7232666015625,19844300,0.0,0.0,-0.00944992971838332,155.43402023315429,123.82310897584945
2024-09-18 00:00:00-04:00,161.0012859470203,164.6387302355115,158.63202613988793,158.93678283691406,26557600,0.0,0.0,-0.004924040068691848,155.22363739013673,124.12794406830318
2024-09-19 00:00:00-04:00,165.38736009887302,167.6756467372467,163.39498972081674,165.13092041015625,32453100,0.53,0.0,0.0389723351805733,155.3313186645508,124.45766573103647
2024-09-20 00:00:00-04:00,164.89418864846994,169.6680241565947,164.19390470265412,168.76060485839844,91758500,0.0,0.0,0.021980646866296638,155.7895767211914,124.80719899374341
2024-09-23 00:00:00-04:00,169.64828941689086,170.95024862951573,166.04820092316606,170.575439453125,29431100,0.0,0.0,0.010753899562337521,156.14097442626954,125.17249506995792
2024-09-24 00:00:00-04:00,170.44721965972357,173.58374832473666,169.3326649858136,172.449462890625,34223400,0.0,0.0,0.010986478730514948,156.91737518310546,125.53724098205566
2024-09-25 00:00:00-04:00,172.2620632062572,174.71802369086842,171.38423247925462,173.12017822265625,16613800,0.0,0.0,0.0038893442797014455,157.6403076171875,125.90279445950947
2024-09-26 00:00:00-04:00,176.0594271112419,177.78549992605798,172.6072814816097,175.655029296875,24340000,0.0,0.0,0.014642146861462813,158.64776992797852,126.28522948613242
2024-09-27 00:00:00-04:00,175.73394235100173,176.02984356638336,169.41158041799713,170.32887268066406,20580900,0.0,0.0,-0.03032168584942241,159.45036849975585,126.64628994654096
2024-09-30 00:00:00-04:00,169.52007320014678,170.55571990551266,167.31070961553766,170.14146423339844,16902000,0.0,0.0,-0.0011002741010150974,159.95407485961914,127.00075158618745
2024-10-01 00:00:00-04:00,169.8061143365244,169.89488018292687,163.5330720046868,165.18023681640625,23770400,0.0,0.0,-0.029159425889190738,160.70274124145507,127.33607316395593
2024-10-02 00:00:00-04:00,165.2591509694978,170.47681604367028,164.73639867653355,168.32662963867188,14317800,0.0,0.0,0.019048240170298048,161.54335174560546,127.68219593593052
2024-10-03 00:00:00-04:00,167.30082779062033,172.54809612463393,166.87671428588638,169.539794921875,13072300,0.0,0.0,0.007207209493870881,162.50852127075194,128.0408883170476
2024-10-04 00:00:00-04:00,173.8895058459606,174.4812931953401,170.24009784922612,174.224853515625,17921400,0.0,0.0,0.027633975822071166,164.48557052612304,128.41471081688292
2024-10-07 00:00:00-04:00,172.42974806085093,175.87202075068134,171.48286721842052,172.68618774414062,15588300,0.0,0.0,-0.008831494132072182,166.19791641235352,128.78240818447537
2024-10-08 00:00:00-04:00,173.02153090488926,179.1170413655262,172.4987786467154,178.25892639160156,20774200,0.0,0.0,0.03227089971849839,167.82564468383788,129.16397076561339
2024-10-09 00:00:00-04:00,176.78931436271168,183.87113730055503,174.00786409453775,183.40756225585938,25504100,0.0,0.0,0.028882906278405507,169.21630935668946,129.5618708171542
2024-10-10 00:00:00-04:00,181.05021086495987,183.76261055171466,180.034295095388,183.15109252929688,16318000,0.0,0.0,-0.0013983596063761317,170.28496780395508,129.9577779315767
2024-10-11 00:00:00-04:00,178.66332481858353,180.09349637993196,174.97445533365493,178.99867248535156,23070000,0.0,0.0,-0.022672100868200373,170.99215087890624,130.3309820265997
2024-10-14 00:00:00-04:00,180.79380653213337,182.42124064197333,177.66715063403342,179.8173370361328,17195800,0.0,0.0,0.004573578895386676,171.9206657409668,130.6954701136029
2024-10-15 00:00:00-04:00,178.3181152080648,179.21567670972908,170.99956806790564,173.57388305664062,27657500,0.0,0.0,-0.03472109020409764,172.6131965637207,131.04382454402864
2024-10-16 00:00:00-04:00,176.0692699172097,176.7991574917182,172.93275652302304,174.4023895263672,15285100,0.0,0.0,0.004773220804515921,173.38647689819337,131.38799267723448
2024-10-17 00:00:00-04:00,178.8901729156823,182.973567229094,178.21947759326522,179.04798889160156,25232400,0.0,0.0,0.02663724607128759,174.08233032226562,131.75759957328674
2024-10-18 00:00:00-04:00,179.8272031210922,180.21187017156402,176.23695724980777,177.430419921875,17835200,0.0,0.0,-0.00903427611636487,174.51582107543945,132.11977377391997
2024-10-21 00:00:00-04:00,176.92739249092767,179.23539471654794,175.8128378472892,177.529052734375,13695100,0.0,0.0,0.0005558957282716381,174.86350173950194,132.48974019005186
2024-10-22 00:00:00-04:00,176.21722661288,178.21946968677898,174.98431757475703,176.92738342285156,12062600,0.0,0.0,-0.00338913153794429,175.08739776611327,132.8627926054455
2024-10-23 00:00:00-04:00,175.16186684680943,176.5328612329093,170.21051448846927,171.1376495361328,19513700,0.0,0.0,-0.03272378630548922,174.9882713317871,133.2095587291415
2024-10-24 00:00:00-04:00,171.87737234288417,171.91683385894754,167.18246029197493,169.00717163085938,20485200,0.0,0.0,-0.012448914140448242,174.65587844848633,133.54058925689213
2024-10-25 00:00:00-04:00,171.8083295005433,174.38264397654623,170.35842737899233,170.6345977783203,19977700,0.0,0.0,0.009629331890220083,174.67116470336913,133.8902120438833
2024-10-28 00:00:00-04:00,170.6346263446242,171.59136504895082,169.00719228683505,169.66802978515625,13195800,0.0,0.0,-0.005664548724285012,174.64749298095703,134.24481867230128
2024-10-29 00:00:00-04:00,170.08227814346148,177.76576101326683,168.86909980615744,176.789306640625,23702300,0.0,0.0,0.0419718250072576,175.22794647216796,134.62320906018454
2024-10-30 00:00:00-04:00,175.04350697991887,176.73999113842856,173.21879545647155,174.224853515625,17911500,0.0,0.0,-0.014505702713190627,175.52285766601562,134.9903091249012
2024-10-31 00:00:00-04:00,172.0647960870776,172.0647960870776,165.09146983682643,167.44879150390625,26086600,0.0,0.0,-0.038892625678752846,175.41830749511718,135.33047376360213
2024-11-01 00:00:00-04:00,165.9594329407063,168.98746510096208,165.20982957977537,166.61041259765625,17847000,0.0,0.0,-0.005006777885467439,175.03758544921874,135.66285175747342
2024-11-04 00:00:00-05:00,166.96548284903653,170.0921385598425,166.1172407755886,166.24546813964844,13621300,0.0,0.0,-0.002190406063570016,174.71554946899414,135.98670450846353
2024-11-05 00:00:00-05:00,167.72495734334396,172.01547199069526,167.72495734334396,171.52230834960938,13441800,0.0,0.0,0.03174125748515633,174.37871856689452,136.32711053273036
2024-11-06 00:00:00-05:00,177.1739855081385,177.74605717332057,173.55416596393812,177.09507751464844,24300800,0.0,0.0,0.032490054609574326,174.06309432983397,136.69034379626078
2024-11-07 00:00:00-05:00,179.50170615087126,182.34231846805935,179.3044286557922,181.29681396484375,18970600,0.0,0.0,0.02372587939293669,173.97038040161132,137.06370175074017
2024-11-08 00:00:00-05:00,180.48802844101428,182.5198601628718,179.34388522185745,181.12913513183594,13503200,0.0,0.0,-0.0009248857127756027,174.07690353393554,137.43126378740584
2024-11-11 00:00:00-05:00,180.89240572825707,181.11927182447027,174.4023858791366,176.46380615234375,17036700,0.0,0.0,-0.02575692185631262,173.9092269897461,137.78021621704102
2024-11-12 00:00:00-05:00,176.45392701894673,177.1049065717659,170.83186508586854,173.81057739257812,15862000,0.0,0.0,-0.015035540814953618,173.92106170654296,138.10085484338185
2024-11-13 00:00:00-05:00,172.3212502283101,173.18920802335506,170.24009901094587,171.20669555664062,17472500,0.0,0.0,-0.01498114714880805,173.76127700805665,138.41524260384696
2024-11-14 00:00:00-05:00,172.38042168225007,173.16948651052638,167.54740901540757,168.05044555664062,20638900,0.0,0.0,-0.018435318722425875,173.2113998413086,138.70707209148105
2024-11-15 00:00:00-05:00,166.16653880937503,166.8273762043746,161.19544146616195,162.58616638183594,20836200,0.0,0.0,-0.03251570774897461,172.46918716430665,138.97627739679245
2024-11-18 00:00:00-05:00,163.39497307834162,164.07554127733505,160.0020049878093,163.4048309326172,17856900,0.0,0.0,0.005035265724013804,171.76297607421876,139.25484088110545
2024-11-19 00:00:00-05:00,164.38130443967646,164.51938965379793,162.06342936318066,163.08921813964844,18003400,0.0,0.0,-0.001931477736413445,171.0710678100586,139.5251442742726
2024-11-20 00:00:00-05:00,163.27661193493515,163.27661193493515,158.6606074709197,161.01792907714844,17196700,0.0,0.0,-0.012700343322060825,170.56508178710936,139.78029771835085
2024-11-21 00:00:00-05:00,163.9769152646712,164.06568111052036,158.40417198401119,161.69850158691406,24835300,0.0,0.0,0.004226687758724923,170.19964828491212,140.04374485924131
2024-11-22 00:00:00-05:00,162.0535777226789,162.65523797517048,160.17954683041586,161.98452758789062,17332500,0.0,0.0,0.0017688846722108131,169.76714477539062,140.31187326945957
2024-11-25 00:00:00-05:00,163.13852385557357,164.94350455924942,160.6628478347686,162.56646728515625,26850600,0.0,0.0,0.0035925634746187818,169.4120666503906,140.57966283767942
2024-11-26 00:00:00-05:00,162.3494788675435,164.09526734455116,160.46559012100516,162.48756408691406,16308800,0.0,0.0,-0.0004853596166531915,168.69697952270508,140.85817503550695
2024-11-27 00:00:00-05:00,160.9686115899544,160.9686115899544,155.38599548627428,157.48687744140625,19722700,0.0,0.0,-0.03077581151276887,167.86008071899414,141.11834268721324
2024-11-29 00:00:00-05:00,157.3882611678688,160.46559765848292,156.9049553522897,159.8639373779297,11024000,0.0,0.0,0.015093701615919386,167.4808380126953,141.39007083953373
2024-12-02 00:00:00-05:00,160.72204482747804,166.0778103691661,160.52478235995588,164.23336791992188,21472400,0.0,0.0,0.027332183941288335,167.3619857788086,141.6849584428091
2024-12-03 00:00:00-05:00,162.2311024170814,165.96929113536993,161.78725816310546,165.85092163085938,17024400,0.0,0.0,0.009849117334829405,167.34225845336914,141.98461898924813
2024-12-04 00:00:00-05:00,171.0686090021558,172.99194422354992,166.25532697104828,168.2279815673828,32748200,0.0,0.0,0.014332509660779369,167.17754211425782,142.29603667486282
2024-12-05 00:00:00-05:00,168.41537635601108,170.04281028316504,166.88656612283535,168.1392059326172,18490000,0.0,0.0,-0.0005277102770805397,166.72974853515626,142.61128428625682
2024-12-06 00:00:00-05:00,167.77428821612654,178.20961833256297,167.01481194275772,177.07534790039062,27830800,0.0,0.0,0.05314728303971328,166.5186752319336,142.9656470162528
2024-12-09 00:00:00-05:00,176.50325079835523,178.31808924838717,173.61331930402648,176.49339294433594,20886300,0.0,0.0,-0.0032864820707965148,166.2868881225586,143.31052307855515
2024-12-10 00:00:00-05:00,175.37885554873,176.05942379664182,167.4093291249132,169.4608917236328,27762600,0.0,0.0,-0.03984569112409264,165.93674240112304,143.61899678669278
2024-12-11 00:00:00-05:00,177.54875839679,182.3423093134464,174.01770512442374,180.6951446533203,41295200,0.0,0.0,0.06629407419860045,166.28097076416014,143.9393098922003
2024-12-12 00:00:00-05:00,178.45620844934885,179.51158598664463,173.58376375756143,178.18991088867188,46967200,0.0,0.0,-0.01386442214291339,166.63013153076173,144.2330914754716
2024-12-13 00:00:00-05:00,210.97538830729152,225.57303430958544,208.22354195987432,221.7263641357422,121336600,0.0,0.0,0.24432614074469505,169.3139274597168,144.6929258619036
2024-12-16 00:00:00-05:00,228.62079140893556,248.43611771155895,227.65419489788266,246.58181762695312,111623200,0.0,0.0,0.11209967559831657,173.51371002197266,145.2449172489227
2024-12-17 00:00:00-05:00,237.35965971444207,239.1547826320025,230.60332671137238,236.94540405273438,70382100,0.0,0.0,-0.03907998435147164,177.19073867797852,145.7497069343688
2024-12-18 00:00:00-05:00,236.13663240694768,236.57061884517165,216.22268097687103,220.56251525878906,53960100,0.0,0.0,-0.06914204079813746,180.06440353393555,146.1828321426634
2024-12-19 00:00:00-05:00,224.7938510765717,224.93193629197148,214.60508860051337,215.33497619628906,40845200,0.0,0.0,-0.023700940553595173,182.78025588989257,146.59605338081482
2024-12-20 00:00:00-05:00,217.34706572080327,227.1412877426412,215.91689426894428,217.77117919921875,131910400,0.0,0.0,0.01131354992097977,185.58388977050782,147.03024930802601
2024-12-23 00:00:00-05:00,224.1896118439952,230.8255920971575,222.64682105758146,229.7871856689453,40643800,0.59,0.0,0.05517721175920265,188.97402267456056,147.50557972136
2024-12-24 00:00:00-05:00,237.47148040742738,237.58026771509478,232.21016765870442,237.0363311767578,22827200,0.0,0.0,0.0315472139436721,192.69751586914063,148.01173279777404
2024-12-26 00:00:00-05:00,237.35279164756676,244.55249178697088,234.97926976728473,242.65367126464844,28459000,0.0,0.0,0.02369822406549904,196.70582122802733,148.53633941165984
2024-12-27 00:00:00-05:00,242.93058876750266,243.06904396306888,233.7430641613554,239.08349609375,29282200,0.0,0.0,-0.014713048239870408,200.78565216064453,149.04899367075117
2024-12-30 00:00:00-05:00,232.11125370361077,236.1363688075348,229.06522432265098,232.98155212402344,27316800,0.0,0.0,-0.02552222997163245,204.44153289794923,149.53888983953567
2024-12-31 00:00:00-05:00,233.27823821340093,234.84081255583195,228.75863826788742,229.2827911376953,17927700,0.0,0.0,-0.015875767641719385,207.6940040588379,150.0164937216138
2025-01-02 00:00:00-05:00,233.55515171083866,236.85830778855365,227.70045129995046,229.42124938964844,31525800,0.0,0.0,0.0006038754642949673,210.87252044677734,150.5066009097629
2025-01-03 00:00:00-05:00,231.01347689719702,233.8814986810766,226.4741086469073,229.98495483398438,24973200,0.0,0.0,0.002457075993769653,213.96036911010742,151.0093228476388
2025-01-06 00:00:00-05:00,233.8914023589193,239.08349480029065,230.72670141275174,233.80239868164062,34028400,0.0,0.0,0.016598667727686367,217.2435287475586,151.5308992295038
2025-01-07 00:00:00-05:00,236.85830198187406,236.85830198187406,225.0895656648972,226.1180877685547,25928600,0.0,0.0,-0.03286668980479257,219.6956657409668,152.02187771267361
2025-01-08 00:00:00-05:00,227.1663983670454,229.90584940055177,223.56654829133555,226.78070068359375,18756500,0.0,0.0,0.0029303843915275962,222.21003112792968,152.505584081014
2025-01-10 00:00:00-05:00,224.79285605318816,225.3170088807432,218.80958527942815,221.83583068847656,23864000,0.0,0.0,-0.021804633199437484,224.8287780761719,152.96670956081815
2025-01-13 00:00:00-05:00,217.56350967058134,226.73125044999077,217.0887932186595,222.80503845214844,23772100,0.0,0.0,0.004369031642291077,226.93427276611328,153.4324245150127
2025-01-14 00:00:00-05:00,224.0709417923263,227.7202284431736,220.63921465983412,222.2215576171875,18143100,0.0,0.0,-0.002618795512949079,229.13585510253907,153.88830790444027
2025-01-15 00:00:00-05:00,226.02910499552902,227.79935472211065,223.09186277812623,225.48516845703125,21745600,0.0,0.0,0.014686292701925119,229.32379531860352,154.35416042993938
2025-01-16 00:00:00-05:00,232.6255213596018,235.96824474188983,226.68181717515512,226.87960815429688,23471900,0.0,0.0,0.006184174803192555,228.33868484497071,154.82272744557216
2025-01-17 00:00:00-05:00,234.4650151096022,235.47376875945596,230.0937694142159,234.821044921875,31196600,0.0,0.0,0.03500286708084088,228.23246688842772,155.3271799541655
2025-01-21 00:00:00-05:00,238.83623943072797,240.07245185014168,234.78145665885756,237.65936279296875,30903200,0.0,0.0,0.012087152887161556,229.08730926513672,155.82731337774368
2025-01-22 00:00:00-05:00,244.0283429104808,244.2657011385912,238.03518723767354,238.2527618408203,29610500,0.0,0.0,0.0024968469193804577,230.2331985473633,156.30374460371715
2025-01-23 00:00:00-05:00,235.78034585918525,237.748386539149,233.51559606492995,237.6297149658203,17653900,0.0,0.0,-0.002615066747542083,231.22612533569335,156.77410219586085
2025-01-24 00:00:00-05:00,242.00096130371094,246.8370241064407,239.24174158284657,242.00096130371094,25387800,0.0,0.0,0.01839520086332369,231.83681411743163,157.25955621023027
2025-01-27 00:00:00-05:00,211.04619382864885,216.02071176536583,194.0655805894632,199.9005126953125,90569400,0.0,0.0,-0.17396810484385816,229.9800231933594,157.5672727917868
2025-01-28 00:00:00-05:00,205.71565469659075,207.63425900833573,196.69625266828925,205.0728302001953,50316000,0.0,0.0,0.025874458425058755,228.10098114013672,157.90475766620938
2025-01-29 00:00:00-05:00,206.5364849180351,209.11769714341634,200.53344504704296,204.07395935058594,32533700,0.0,0.0,-0.004870810280592774,226.35050430297852,158.24800606379432
2025-01-30 00:00:00-05:00,216.1591869296449,219.51179473127902,211.34289261691015,213.28128051757812,42449500,0.0,0.0,0.04511757010199724,225.36549072265626,158.6228000398666
2025-01-31 00:00:00-05:00,217.23716435744015,224.29840989628212,213.91422439266245,218.82940673828125,41104700,0.0,0.0,0.026013188814504762,224.84282150268555,159.02333168756394
2025-02-03 00:00:00-05:00,213.08347917949365,218.50303046106163,211.15497564023354,215.32843017578125,24507300,0.0,0.0,-0.015998656737607253,224.1381805419922,159.4208750649104
2025-02-04 00:00:00-05:00,216.9305786534341,220.5699810622988,212.92524707778153,219.97659301757812,23768500,0.0,0.0,0.021586387073933455,223.63776245117188,159.82911497449118
2025-02-05 00:00:00-05:00,231.3596442538667,235.30562489662833,224.99067503830483,229.4410400390625,29196000,0.0,0.0,0.043024791372817006,223.41969451904296,160.2654908800882
2025-02-06 00:00:00-05:00,231.91348620789742,232.21018025312628,226.03900145621324,228.80812072753906,21169500,0.0,0.0,-0.002758527033418612,223.5541961669922,160.69209068540542
2025-02-07 00:00:00-05:00,232.40796582498027,233.05079033255723,221.63808239526338,222.3896942138672,22117500,0.0,0.0,-0.028051567808272115,223.33464584350585,161.1011394621834
2025-02-10 00:00:00-05:00,224.9214324510127,233.21890496468305,224.61485417558436,232.44749450683594,23901600,0.0,0.0,0.045226017907540106,223.86522903442383,161.5367754376124
2025-02-11 00:00:00-05:00,229.91573380467187,235.26606495022816,227.43342461897655,232.44749450683594,18476200,0.0,0.0,0.0,224.34735183715821,161.9655574314178
2025-02-12 00:00:00-05:00,227.8191217283809,233.87161308489024,227.4630919373813,233.74305725097656,16397300,0.0,0.0,0.005573571558124657,224.92342681884764,162.39611937507752
2025-02-13 00:00:00-05:00,233.45625396268352,234.33643665219162,228.18504209298325,233.19912719726562,20962000,0.0,0.0,-0.002327042608700425,225.3091247558594,162.83166340419226
2025-02-14 00:00:00-05:00,231.94311407002195,233.13977431272332,226.37520859291573,230.46954345703125,16988800,0.0,0.0,-0.011704948354825495,225.4886215209961,163.2615453023759
2025-02-18 00:00:00-05:00,227.56199797019465,229.6388258696694,221.82596907979357,226.00930786132812,26080500,0.0,0.0,-0.019352820024719164,225.04803466796875,163.6696347736177
2025-02-19 00:00:00-05:00,225.33682419135806,226.54336881816806,221.92486556362536,226.2071075439453,16375500,0.0,0.0,0.0008751837899461101,224.47542190551758,164.0774055965363
2025-02-20 00:00:00-05:00,226.12798064759582,226.45434255294617,220.29306378226164,224.2390594482422,16104000,0.0,0.0,-0.008700204503170994,223.77473678588868,164.48495262388198
2025-02-21 00:00:00-05:00,223.16107485841528,225.23791789828155,213.25160630604157,216.24818420410156,24883600,0.0,0.0,-0.03563551891362193,222.70566024780274,164.86812007237995
2025-02-24 00:00:00-05:00,216.18885937774655,217.0591427618732,205.25083792791642,205.63653564453125,33050400,0.0,0.0,-0.049071619253712284,220.88743896484374,165.208829334804
2025-02-25 00:00:00-05:00,204.71679749844446,206.338707754233,198.7038578673421,200.3059844970703,33100800,0.0,0.0,-0.025922198751079262,220.90771255493163,165.49839452713255
2025-02-26 00:00:00-05:00,204.62777524736256,211.18463573097898,203.727808974352,210.5912628173828,21368300,0.0,0.0,0.051347833396674813,221.18363418579102,165.8320773896717
2025-02-27 00:00:00-05:00,214.88338566994062,216.83165764369278,195.2226585880481,195.61825561523438,27572900,0.0,0.0,-0.07109985002147257,220.76084899902344,166.10140246436708
2025-02-28 00:00:00-05:00,193.60076744887675,198.97088255352134,191.01955506950853,197.23028564453125,39747200,0.0,0.0,0.008240693202313354,219.9582992553711,166.38211976914178
2025-03-03 00:00:00-05:00,201.7498744246499,201.80921020853262,182.49462784952914,185.3032989501953,37435600,0.0,0.0,-0.06047238970100155,218.2819938659668,166.6181446862599
2025-03-04 00:00:00-05:00,187.13290737422975,191.81073131806144,178.48930401384894,185.41209411621094,37910500,0.0,0.0,0.0005871194233022514,216.7861770629883,166.85031479124038
2025-03-05 00:00:00-05:00,189.74378355989145,191.93929815273913,185.03629182332247,189.4668731689453,25644500,0.0,0.0,0.02186901060614188,215.26069107055665,167.060363103473
2025-03-06 00:00:00-05:00,179.0431313665612,184.7692764116702,175.65097133556938,177.47067260742188,56864100,0.0,0.0,-0.06331555675606981,212.66217269897462,167.22161084129698
2025-03-07 00:00:00-05:00,185.65933675403647,193.32385437290472,179.5573935702602,192.80960083007812,74528900,0.0,0.0,0.08643077753239314,210.86224670410155,167.46677162533715
2025-03-10 00:00:00-04:00,187.50871660024785,189.86245492069332,178.43984849007097,182.41551208496094,44217100,0.0,0.0,-0.053908564202035936,208.86353759765626,167.66787858993288
2025-03-11 00:00:00-04:00,185.97580925595483,193.46230421783983,183.30559330653128,187.99330139160156,42153200,0.0,0.0,0.03057738480071115,206.64082794189454,167.86904356214734
2025-03-12 00:00:00-04:00,194.05570229491562,197.77422420965345,190.32728102187542,192.087646484375,30409700,0.0,0.0,0.021779207357206065,204.6228355407715,168.12451701694064
2025-03-13 00:00:00-04:00,191.01954773991395,194.15459589124757,187.38014541619106,189.24929809570312,27236100,0.0,0.0,-0.014776319251237013,202.3981475830078,168.37476793924967
2025-03-14 00:00:00-04:00,194.03591781442702,195.3215818777956,191.06900770995418,193.38319396972656,25900900,0.0,0.0,0.02184365234439567,200.40735092163087,168.6419033777146
2025-03-17 00:00:00-04:00,185.97580671695283,194.55017458473915,185.43187021289816,192.3546600341797,26830600,0.0,0.0,-0.005318631440681898,198.5016067504883,168.91812712048727
2025-03-18 00:00:00-04:00,188.33943977786345,190.76241313836516,184.8384777026053,186.58895874023438,24951000,0.0,0.0,-0.02997432603359229,196.53058929443358,169.16976734948537
2025-03-19 00:00:00-04:00,187.2515782801449,196.08308832632883,184.83848903858095,193.41287231445312,37962700,0.0,0.0,0.036571904470075633,194.890877532959,169.4588527982197
2025-03-20 00:00:00-04:00,189.98067915647198,192.28202449061752,187.4214138622241,189.008544921875,31430000,0.59,0.0,-0.02277163530986459,193.1293518066406,169.72978697882758
2025-03-21 00:00:00-04:00,186.69729970651233,190.5262761961297,185.8640395650328,190.11956787109375,43086500,0.0,0.0,0.005878162543804466,191.82292098999022,170.00483179849292
2025-03-24 00:00:00-04:00,192.73833376756608,195.10912374611092,189.13750473157765,189.7128448486328,33180300,0.0,0.0,-0.002139301214574174,191.0267364501953,170.2614473615374
2025-03-25 00:00:00-04:00,189.3557384063574,190.0600385059313,186.17153182907637,186.7468719482422,23417300,0.0,0.0,-0.015634012039390854,190.3487808227539,170.4782937670511
2025-03-26 00:00:00-04:00,185.1597188933108,186.54846030143077,176.15269781967885,177.82911682128906,30578500,0.0,0.0,-0.04775317002056523,188.7106735229492,170.6576250469874
2025-03-27 00:00:00-04:00,176.23206104596315,176.9462752554903,169.08993408683833,170.60763549804688,32151700,0.0,0.0,-0.04060910525973915,187.46014251708985,170.8090345594618
2025-03-28 00:00:00-04:00,170.54812418074758,171.90712324830164,165.13201680928688,167.76071166992188,30391500,0.0,0.0,-0.016686966089261568,185.98666381835938,170.9569594368102
2025-03-31 00:00:00-04:00,163.16793224400578,166.5902001599504,159.32902671951672,166.08428955078125,35656400,0.0,0.0,-0.00999293638214338,185.02571334838868,171.10319403996544
2025-04-01 00:00:00-04:00,165.0328139179336,167.35401791946424,162.10652725744052,167.16554260253906,20472400,0.0,0.0,0.0065102668932885965,184.11338577270507,171.2511215209961
2025-04-02 00:00:00-04:00,164.74514336424164,172.03605908010312,164.16980326455987,170.7068328857422,19523700,0.0,0.0,0.021184331579762627,183.1753837585449,171.4034380231585
2025-04-03 00:00:00-04:00,159.24965447330013,162.11642551775435,152.4646345470422,152.7721405029297,44354900,0.0,0.0,-0.10506136210034767,181.94045715332032,171.48905726841517
2025-04-04 00:00:00-04:00,146.9790912405844,151.5718827538793,138.05142816767963,145.11419677734375,72302200,0.0,0.0,-0.05012657216411187,179.5556869506836,171.5347796848842
2025-04-07 00:00:00-04:00,143.32868947991963,159.1405614873529,136.99004871947528,152.901123046875,68503500,0.0,0.0,0.0536606785721947,178.0799674987793,171.62917848617312
2025-04-08 00:00:00-04:00,166.27276768908646,168.4154105573576,151.8595521901617,154.7759246826172,58888200,0.0,0.0,0.012261529532176407,176.4190986633301,171.72248876662482
2025-04-09 00:00:00-04:00,159.21000697215015,185.82436696333406,156.2440331689513,183.66188049316406,72708300,0.0,0.0,0.1866308075353469,175.99781036376953,171.93172079419332
2025-04-10 00:00:00-04:00,173.89104896982207,175.52778122571803,165.06257263833805,170.9151611328125,51212200,0.0,0.0,-0.06940318440671744,175.081103515625,172.09115612696087
2025-04-11 00:00:00-04:00,172.22454036166394,181.19189066865954,171.9170343799594,180.47767639160156,33964100,0.0,0.0,0.05594890000050001,174.43582763671876,172.2930917891245
2025-04-14 00:00:00-04:00,183.59244262115936,184.50504641072408,174.406874254241,176.92645263671875,25748300,0.0,0.0,-0.019676803391336595,173.6644172668457,172.45756730579194
2025-04-15 00:00:00-04:00,178.28541777974488,180.7950817204984,176.64868569182622,177.51168823242188,17242400,0.0,0.0,0.003307790253980647,173.21055374145507,172.6392943972633
2025-04-16 00:00:00-04:00,169.060177240944,174.66477496583272,165.57839399303128,173.2065887451172,34638600,0.0,0.0,-0.024252484611987257,172.2002395629883,172.81691869099936
2025-04-17 00:00:00-04:00,174.83339429025574,174.83339429025574,168.55426971728085,169.6156768798828,22501800,0.0,0.0,-0.02073195882010348,171.23059616088867,172.97314955696228
2025-04-21 00:00:00-04:00,165.64782929845984,166.64970601058192,160.31106601241103,164.8740997314453,23469800,0.0,0.0,-0.0279548284431006,169.96832275390625,173.1286203899081
2025-04-22 00:00:00-04:00,166.08428194079727,169.14945771379675,163.89205318867215,168.21701049804688,18504900,0.0,0.0,0.020275536133611327,168.89353103637694,173.30654991997613
2025-04-23 00:00:00-04:00,176.35110071843806,178.99963890745144,174.40686259899212,175.48809814453125,24380500,0.0,0.0,0.043224449328617576,168.3305923461914,173.53444144839332
2025-04-24 00:00:00-04:00,178.24576126332568,187.05439395770773,176.86693386059227,186.63775634765625,27576900,0.0,0.0,0.06353512472362755,168.77102432250976,173.79889733450753
2025-04-25 00:00:00-04:00,185.41763528425278,191.81579060978822,185.38787761908517,190.76431274414062,21242300,0.0,0.0,0.022109976444410817,169.77885818481445,174.07011135040767
2025-04-28 00:00:00-04:00,188.99865509445948,191.54800654028037,186.17155529901254,190.92306518554688,16385800,0.0,0.0,0.0008321915096309862,170.9369758605957,174.338988167899
2025-04-29 00:00:00-04:00,190.17906633088964,191.69676786167108,188.57209180092053,189.63348388671875,14630000,0.0,0.0,-0.006754455243921709,172.11443557739258,174.58812562246172
2025-04-30 00:00:00-04:00,184.40586287518283,191.64719373020404,182.54098326142943,190.92306518554688,22768900,0.0,0.0,0.006800388161399162,173.30231170654298,174.82307246374705
2025-05-01 00:00:00-04:00,196.54747534744348,199.7812680795465,194.6627524006387,195.74398803710938,24939700,0.0,0.0,0.025250604723307424,174.55416946411134,175.07926934862894
2025-05-02 00:00:00-04:00,202.2611702105557,204.02686244621472,199.46384351996315,202.00326538085938,17766800,0.0,0.0,0.03197685612987189,177.0157257080078,175.37521831573002
2025-05-05 00:00:00-04:00,198.6405115943838,201.59655591831608,198.3925209432048,199.1067352294922,14025400,0.0,0.0,-0.014339026381113396,179.71535263061523,175.68199875241234
2025-05-06 00:00:00-04:00,194.86113876957887,200.28717549168252,194.36515746142425,198.48179626464844,16348800,0.0,0.0,-0.0031387133344507046,181.9943862915039,175.9879675971137
2025-05-07 00:00:00-04:00,197.6882113242035,204.5724338915524,196.83512291973943,203.16384887695312,20253700,0.0,0.0,0.023589330106937423,184.4137825012207,176.2971396976047
2025-05-08 00:00:00-04:00,206.3282142913535,209.46281964114755,202.05285804200378,206.10006713867188,18460900,0.0,0.0,0.014452464244744112,185.5356918334961,176.60544141133627
2025-05-09 00:00:00-04:00,207.64753391531178,208.2724752000121,204.86012141712166,206.526611328125,13289200,0.0,0.0,0.0020695975279141354,187.3162643432617,176.91823559715635
2025-05-12 00:00:00-04:00,217.7258740874917,220.01730524607564,214.14488853610334,219.799072265625,25437700,0.0,0.0,0.06426513683707813,189.2823341369629,177.27504185267858
2025-05-13 00:00:00-04:00,220.2156926556064,233.38895450086977,220.2156926556064,230.55194091796875,28790500,0.0,0.0,0.04892135595253566,191.9636085510254,177.6821791633727
2025-05-14 00:00:00-04:00,228.37955522251184,231.62327730555495,226.51467574492406,230.25436401367188,19751400,0.0,0.0,-0.0012907152423529134,194.6007423400879,178.07758531116303
2025-05-15 00:00:00-04:00,228.3101242751006,232.57556664349488,226.23692599544285,230.7701873779297,18803700,0.0,0.0,0.0022402327376829234,197.47892227172852,178.47320665631975
2025-05-16 00:00:00-04:00,230.45277111521716,230.7701912937997,224.57042470434698,226.7725830078125,23094600,0.0,0.0,-0.017322880461895895,200.336767578125,178.8364292931935
2025-05-19 00:00:00-04:00,220.0669063522381,229.3913486313337,219.8189157050691,228.77633666992188,15355500,0.0,0.0,0.008835960835884338,203.53187942504883,179.18577157883416
2025-05-20 00:00:00-04:00,224.6695982906595,229.90715922469198,224.52079482985414,229.81787109375,11787200,0.0,0.0,0.0045526317930810745,206.61192245483397,179.5485956706698
2025-05-21 00:00:00-04:00,226.55433395080016,234.59915111236128,225.99883732555242,227.88356018066406,17642900,0.0,0.0,-0.008416712346520971,209.23169555664063,179.91029273139105
2025-05-22 00:00:00-04:00,226.50472363061684,231.8117292946869,225.6020340830357,228.6771240234375,14340200,0.0,0.0,0.003482321595047466,211.3336639404297,180.26785114833288
2025-05-23 00:00:00-04:00,225.11597602151673,228.79614848320972,224.3620748214904,226.8816680908203,15385600,0.0,0.0,-0.007851489038462667,213.13953170776367,180.62405189635263
2025-05-27 00:00:00-04:00,230.99832661865133,234.57931222250244,229.2723213758069,233.7559814453125,17941700,0.0,0.0,0.030299113244091735,215.28117752075195,181.01023822360568
2025-05-28 00:00:00-04:00,235.2439264401664,239.05307435847928,232.5457869354294,237.50559997558594,20443000,0.0,0.0,0.016040738325024062,217.6747833251953,181.41089569576204
2025-05-29 00:00:00-04:00,243.93351183112924,244.09222947019612,235.49190092904308,240.02517700195312,20743700,0.0,0.0,0.010608495238117355,220.12988891601563,181.8158932640439
2025-05-30 00:00:00-04:00,239.28121539872237,241.21553940766836,233.01200461099728,240.1243896484375,27088600,0.0,0.0,0.0004133426656469652,222.34890899658203,182.21949174669055
2025-06-02 00:00:00-04:00,241.29490650579262,247.99065416833773,241.23539117057595,246.71102905273438,19197000,0.0,0.0,0.02743011409186824,224.58429718017578,182.65769752623544
2025-06-03 00:00:00-04:00,248.07002260060813,255.80733433752005,247.39548012435122,254.78561401367188,30380200,0.0,0.0,0.032728917681307035,227.36824111938478,183.13828562176417
2025-06-04 00:00:00-04:00,255.9858815658263,263.29664152497384,255.51965790482907,258.9815979003906,31536000,0.0,0.0,0.01646868447797689,230.3932312011719,183.6493415227012
2025-06-05 00:00:00-04:00,260.8365666104986,262.7609763938835,256.9778177310192,257.8408203125,41970900,0.0,0.0,-0.00440485963921422,233.12707977294923,184.15845652988978
2025-06-06 00:00:00-04:00,249.12146610081837,253.26787729578524,244.15173933593306,244.94529724121094,41146700,0.0,0.0,-0.050013504671835296,235.06934127807617,184.61292993454705
2025-06-09 00:00:00-04:00,243.08043530420346,246.17535373631114,239.17210028429176,242.31661987304688,25334100,0.0,0.0,-0.01073169151549569,236.85884170532228,185.02497881934755
2025-06-10 00:00:00-04:00,242.25709482299632,244.30053525126982,239.4597531706743,242.66380310058594,25491300,0.0,0.0,0.0014327668804596794,238.0020782470703,185.44300200447205
2025-06-11 00:00:00-04:00,244.3799004118377,252.72230929443907,241.84047864339416,250.87725830078125,24599000,0.0,0.0,0.03384705545388145,239.01834411621093,185.8915299915132
2025-06-12 00:00:00-04:00,248.17911147287248,255.81723517575236,247.49465489526634,254.01185607910156,20410900,0.0,0.0,0.012494547331835859,240.20621871948242,186.3393409971207
2025-06-13 00:00:00-04:00,248.64534893686752,251.95850038803462,246.35391775276003,246.7010955810547,19028400,0.0,0.0,-0.02878117821307613,241.00276412963868,186.7501456851051
2025-06-16 00:00:00-04:00,248.33782655106128,253.13892158506687,247.56409698509125,250.07376098632812,20363000,0.0,0.0,0.013671059698092458,242.16782302856444,187.16092524452816
2025-06-17 00:00:00-04:00,248.93301011342908,251.9188272106191,245.92736466237153,247.36570739746094,22014300,0.0,0.0,-0.010829019318885025,243.0972915649414,187.48960652427067
2025-06-18 00:00:00-04:00,248.87348772713085,253.58530991844873,247.40538736669419,249.24050903320312,30435500,0.0,0.0,0.007579068479083073,244.06842346191405,187.80393067617266
2025-06-20 00:00:00-04:00,251.7660461241791,252.07427588432242,242.7775893178268,248.5644073486328,42134900,0.59,0.0,-0.0027126476638684727,245.1024658203125,188.0790831550719
2025-06-23 00:00:00-04:00,247.6894310957433,252.7603540103977,245.0545489994035,252.32286071777344,19747000,0.0,0.0,0.015120641805602908,246.2847526550293,188.37939719548302
2025-06-24 00:00:00-04:00,257.294321222405,264.3538386650651,257.294321222405,262.26580810546875,32764900,0.0,0.0,0.039405654166297044,248.05395965576173,188.74559565952845
2025-06-25 00:00:00-04:00,264.48311570123377,268.33104189049055,261.9277640302399,263.14080810546875,18894200,0.0,0.0,0.0033363098541923097,249.52320098876953,189.14479416135757
2025-06-26 00:00:00-04:00,263.56833318627395,270.1207795493839,262.62376889198543,268.62933349609375,23569600,0.0,0.0,0.020857750761429372,251.07938766479492,189.58963606092664
2025-06-27 00:00:00-04:00,268.7585596308933,270.2997387184157,265.35807971078367,267.8139953613281,27477600,0.0,0.0,-0.003035179085449702,252.46882858276368,190.03569763425796
2025-06-30 00:00:00-04:00,273.163296961128,276.1262833738648,270.5781180183342,274.0780334472656,24708400,0.0,0.0,0.023389509862941305,254.16651077270507,190.50224322364443
2025-07-01 00:00:00-04:00,272.83517059987884,272.9346063976945,261.16213011269514,263.2302551269531,28847600,0.0,0.0,-0.03957915993439032,254.99247207641602,190.92782526167613
2025-07-02 00:00:00-04:00,262.48456890720286,270.4489010336063,261.2317747786756,268.3608703613281,17582100,0.0,0.0,0.01949097846636416,255.67123489379884,191.3664054265098
2025-07-03 00:00:00-04:00,269.1861431149877,274.2272078173821,268.5796059289009,273.6107482910156,10592700,0.0,0.0,0.019562754892764156,256.4026924133301,191.81205906943669
2025-07-07 00:00:00-04:00,273.5610497498013,275.97718516023826,271.10513394699154,272.616455078125,16760600,0.0,0.0,-0.003633969860837083,257.1414741516113,192.24725995744978
2025-07-08 00:00:00-04:00,274.774071021526,274.774071021526,269.60371280936664,270.25,14869400,0.0,0.0,-0.00868052912450512,258.4067092895508,192.6450831700885
2025-07-09 00:00:00-04:00,271.40341490627577,277.85642578711236,271.16479323572867,276.31524658203125,20133000,0.0,0.0,0.02244309558568447,260.106640625,193.07708280048672
2025-07-10 00:00:00-04:00,278.1944474442471,279.5765048995926,271.1448832948377,273.8294677734375,17891600,0.0,0.0,-0.008996169553951106,261.66492385864257,193.48261866493831
2025-07-11 00:00:00-04:00,272.5766859667356,274.89338540599704,270.33951696310925,272.8153076171875,14274700,0.0,0.0,-0.003703619499012767,262.7618263244629,193.8890261574397
2025-07-14 00:00:00-04:00,272.5667628927675,276.77262165660363,268.04269132118327,274.02838134765625,11934200,0.0,0.0,0.00444650170499572,263.7626525878906,194.29580779302688
2025-07-15 00:00:00-04:00,278.2143298019854,281.74407313940566,276.2655155571406,279.337890625,17918400,0.0,0.0,0.01937576411330788,265.3944923400879,194.73877201383075
2025-07-16 00:00:00-04:00,278.51259792716763,279.9046384009573,274.0979458979762,279.2086181640625,15031000,0.0,0.0,-0.0004627816894022807,266.8512351989746,195.18328312465124
2025-07-17 00:00:00-04:00,279.536781120835,286.6360486644115,278.3137844147582,284.8164978027344,17231100,0.0,0.0,0.02008490882389835,268.7237747192383,195.6447694566515
2025-07-18 00:00:00-04:00,285.4727028006807,285.89032104645884,279.39756044627137,281.7242126464844,15012400,0.0,0.0,-0.010857113896512227,270.3479598999023,196.1019431825668
2025-07-21 00:00:00-04:00,282.34067294130205,288.883166634135,282.01256816006986,286.5664367675781,17726800,0.0,0.0,0.017187816679320678,272.2480613708496,196.6306077866327
2025-07-22 00:00:00-04:00,286.009612867416,286.35762299184444,274.85359592461697,277.00128173828125,16564800,0.0,0.0,-0.03337849029771334,273.481982421875,197.10360402909535
2025-07-23 00:00:00-04:00,275.2016363524508,282.3804648775155,271.4431933505695,282.0722351074219,20556200,0.0,0.0,0.018306606154739002,274.47230377197263,197.60908980596633
2025-07-24 00:00:00-04:00,288.1374262033228,289.5393890528269,281.8832876219723,287.0635681152344,16413800,0.0,0.0,0.01769522975528459,275.66844177246094,198.11990913512216
2025-07-25 00:00:00-04:00,286.4272243091522,290.9214370844405,285.63176828019976,288.5251770019531,12476200,0.0,0.0,0.005091586146982019,276.6632339477539,198.62595639910018
2025-07-28 00:00:00-04:00,290.7922005804378,293.7651703528697,288.93286935192975,292.6217041015625,13683400,0.0,0.0,0.014198161637664075,277.90361938476565,199.19675112527514
2025-07-29 00:00:00-04:00,295.80346842694934,300.46672553316387,293.1884614813502,295.72393798828125,19210800,0.0,0.0,0.010601516713339976,278.9859146118164,199.7879708305238
2025-07-30 00:00:00-04:00,295.4554489207362,301.530621455179,294.11314144117125,300.8942565917969,16738900,0.0,0.0,0.01748359851653447,280.8691146850586,200.39046187627883
2025-07-31 00:00:00-04:00,301.07322817670536,305.1995864915155,288.5749334348008,292.025146484375,25488500,0.0,0.0,-0.029475837152498352,282.0523284912109,200.96325859190927
2025-08-01 00:00:00-04:00,284.90595763257835,290.9711772481987,280.004048868816,286.9939880371094,21428100,0.0,0.0,-0.017228510995832447,282.72149047851565,201.54222821432447
2025-08-04 00:00:00-04:00,290.5336762384363,296.77786191913117,289.7382202113621,296.0221862792969,17164600,0.0,0.0,0.031457795697867,283.8917770385742,202.09008001902745
2025-08-05 00:00:00-04:00,296.1116975078201,299.48238015902194,289.78798079577285,291.259521484375,18477500,0.0,0.0,-0.016088877846568872,284.94225311279297,202.67232240949357
2025-08-06 00:00:00-04:00,291.22969949995144,301.0831902773515,290.23540210982287,299.94970703125,17392100,0.0,0.0,0.02983657153107422,286.1239761352539,203.30153329031808
2025-08-07 00:00:00-04:00,304.42403123693634,308.57023417002836,298.1698924454774,302.02777099609375,16319400,0.0,0.0,0.0069280413220316195,287.53389129638674,203.94577855912465
2025-08-08 00:00:00-04:00,302.31609856102506,306.1143217384544,300.82465252896566,303.2308654785156,12458700,0.0,0.0,0.003983390263928577,289.05466918945314,204.58761990259563
2025-08-11 00:00:00-04:00,303.31036693228316,306.55178570882026,299.57182986944326,302.16693115234375,12396400,0.0,0.0,-0.003508661047723294,290.4615966796875,205.25508311438182
2025-08-12 00:00:00-04:00,304.88142517840953,311.65258823506815,302.93261071587807,311.0460510253906,17609600,0.0,0.0,0.029384816661391255,292.04700469970703,205.92083691793775
2025-08-13 00:00:00-04:00,314.9436833480101,315.54026782243,303.01211523379976,307.3273620605469,17371200,0.0,0.0,-0.011955428955245595,293.45294189453125,206.56200312054347
2025-08-14 00:00:00-04:00,305.25926382517076,312.3784370682503,305.2493111409307,309.4552001953125,15717600,0.0,0.0,0.006923685937038071,294.6848770141602,207.2102085900685
2025-08-15 00:00:00-04:00,309.25630511823226,309.72362608883367,298.0505848508301,304.5930480957031,22806900,0.0,0.0,-0.01571197412918135,295.8283187866211,207.80970509847006
2025-08-18 00:00:00-04:00,300.97384027084104,304.42405352165923,297.29492769042946,304.0163879394531,14724700,0.0,0.0,-0.0018932150942224668,296.70081634521483,208.40094442216176
2025-08-19 00:00:00-04:00,300.69542392387547,301.17266724150545,290.7226225185964,293.2282409667969,20149600,0.0,0.0,-0.03548541263112692,297.5121643066406,208.91644783625526
2025-08-20 00:00:00-04:00,293.77509644760784,293.8049241553724,280.26259864638365,289.50958251953125,23600500,0.0,0.0,-0.012681788203635858,297.88403167724607,209.41879423837813
2025-08-21 00:00:00-04:00,288.4058851276779,290.7226149312188,284.53808423877217,287.9485168457031,14946300,0.0,0.0,-0.005392103640378898,297.9282791137695,209.90718242100306
2025-08-22 00:00:00-04:00,290.08625622184906,298.37869260424026,287.361891151843,292.32342529296875,16301300,0.0,0.0,0.015193370312130972,298.1181915283203,210.41979744320824
2025-08-25 00:00:00-04:00,291.1402084168925,296.698327034538,290.0464752489418,292.5521240234375,15124700,0.0,0.0,0.0007823482850870533,298.1147125244141,210.93398327297635
2025-08-26 00:00:00-04:00,292.6714151306097,298.537763107986,292.3134523254253,296.310546875,25689100,0.0,0.0,0.012847019532360004,298.14404296875,211.47650352356925
2025-08-27 00:00:00-04:00,295.8332907430747,299.4624700191788,292.1046756627868,298.53778076171875,13830300,0.0,0.0,0.007516552853781278,298.0262191772461,212.0121792990064
2025-08-28 00:00:00-04:00,301.2025101226533,309.2264975835595,300.6059256020137,306.889892578125,18907100,0.0,0.0,0.02797673311262594,298.7694564819336,212.60729217529297
2025-08-29 00:00:00-04:00,305.2592585756986,305.2592585756986,291.98538203906287,295.6941223144531,21610700,0.0,0.0,-0.036481391321226964,299.20446319580077,213.1510723053463
2025-09-02 00:00:00-04:00,287.6900048517968,297.0065665952241,285.53239649535607,296.53924560546875,19693000,0.0,0.0,0.0028580997295470922,299.2303161621094,213.7107289026654
2025-09-03 00:00:00-04:00,300.5661830832949,302.71386920527823,294.70975656854796,300.6656188964844,18529400,0.0,0.0,0.013915100116311585,299.7006210327148,214.29163651239304
2025-09-04 00:00:00-04:00,303.32035339092016,307.01914082260106,300.5263802075415,304.35443115234375,31220800,0.0,0.0,0.01226881965885629,299.92085723876954,214.86420434618753
2025-09-05 00:00:00-04:00,353.7511434746924,354.3079476159462,329.53007229950344,332.98028564453125,78401600,0.0,0.0,0.09405433784487571,301.4684829711914,215.58949552263533
2025-09-08 00:00:00-04:00,340.7954376197825,352.1503274045484,339.3039915032845,343.67889404296875,43535600,0.0,0.0,0.032129855308787425,303.4908843994141,216.35205296107702
2025-09-09 00:00:00-04:00,347.5566472108421,348.9785155669414,333.9148855443519,334.7501220703125,26972300,0.0,0.0,-0.025979983430521436,305.1200439453125,217.08425025334435
2025-09-10 00:00:00-04:00,349.51540779149104,370.8430989555386,348.5509381089459,367.4624938964844,51086800,0.0,0.0,0.09772176220237738,307.9408660888672,218.00797495766292
2025-09-11 00:00:00-04:00,369.0632849093324,372.09591004790576,356.7141287538608,357.57916259765625,29430900,0.0,0.0,-0.026896163453384414,310.45345611572264,218.8775777059888
2025-09-12 00:00:00-04:00,360.84045195630114,362.31202294585194,355.12324224091253,357.8177795410156,31949800,0.0,0.0,0.0006673122159186473,312.8715850830078,219.71929762098523
2025-09-15 00:00:00-04:00,357.8177967126278,363.4156958706093,354.307928141354,362.01373291015625,21792200,0.0,0.0,0.011726508879807307,315.7426193237305,220.53842247856988
2025-09-16 00:00:00-04:00,363.34607942053117,363.60460644580115,354.9542072183349,357.9470520019531,21306500,0.0,0.0,-0.011233499004338565,318.4391525268555,221.3168714008634
2025-09-17 00:00:00-04:00,356.80363745055035,357.87746531965445,339.5525710377554,344.1959533691406,45197100,0.0,0.0,-0.03841657182509073,320.98753814697267,222.02854180714442
2025-09-18 00:00:00-04:00,348.00409210361323,348.70011242524,341.8295137084828,343.380615234375,24663900,0.0,0.0,-0.0023688196412093854,323.6810897827148,222.7512940906343
2025-09-19 00:00:00-04:00,342.6845761800293,344.2953330347468,334.5114507356632,342.9729309082031,41240100,0.0,0.0,-0.0011872665726736509,326.4323104858398,223.47847529820032
2025-09-22 00:00:00-04:00,341.0606084270775,345.28367325298416,336.5885737516059,337.4351806640625,28660000,0.59,0.0,-0.016146318688989525,328.68789825439455,224.1868022737049
2025-09-23 00:00:00-04:00,338.8793532849425,343.8394489551671,335.67222901216985,337.5845642089844,21944100,0.0,0.0,0.0004427029352063183,330.93952026367185,224.87114213004944
2025-09-24 00:00:00-04:00,338.4012765294073,338.71997371776,332.4750589983509,337.95306396484375,19677300,0.0,0.0,0.0010915776221072093,333.0216461181641,225.54254077729723
2025-09-25 00:00:00-04:00,331.65837193110127,336.7081044280019,325.9911236613484,334.7559509277344,21678200,0.0,0.0,-0.009460227996163306,334.83255462646486,226.19405074346633
2025-09-26 00:00:00-04:00,336.08059640996515,337.7239919137433,329.2579837594843,333.19219970703125,15464700,0.0,0.0,-0.004671317168132183,336.14766998291014,226.83191874670604
2025-09-29 00:00:00-04:00,334.656328600332,339.68612138090174,326.2401081782098,326.5887145996094,21336000,0.0,0.0,-0.01981884663935163,337.692399597168,227.440920875186
2025-09-30 00:00:00-04:00,328.7998194074157,329.72609296966556,323.3118446022923,328.5906677246094,20109500,0.0,0.0,0.0061298907019931015,339.294970703125,228.0478083292643
2025-10-01 00:00:00-04:00,326.837727221675,336.59855541282326,323.2023295934908,332.0567932128906,21122700,0.0,0.0,0.0105484599190937,340.8645294189453,228.6895857916938
2025-10-02 00:00:00-04:00,346.21988820563433,346.21988820563433,333.9093306066824,336.8276062011719,19917600,0.0,0.0,0.01436746088559171,342.4881881713867,229.35103873601037
2025-10-03 00:00:00-04:00,340.13433362422603,343.0227303782379,334.3973582704928,337.016845703125,14749100,0.0,0.0,0.0005618289548396938,342.6900161743164,230.03293004111637
2025-10-06 00:00:00-04:00,334.57664945247484,342.75380866679006,333.2220723671261,334.1483459472656,18465700,0.0,0.0,-0.008511443248110595,342.21348876953124,230.69095272488065
2025-10-07 00:00:00-04:00,335.6821824433723,336.7578500424013,325.2739608698581,335.0646667480469,18086700,0.0,0.0,0.002742257479035448,342.22921600341795,231.34779745434957
2025-10-08 00:00:00-04:00,332.48506272651053,345.1541967237403,331.28984936250185,344.11834716796875,21478300,0.0,0.0,0.027020695759394586,341.0620086669922,232.02197798471602
2025-10-09 00:00:00-04:00,344.36731988927625,345.9210789009516,339.03870886032774,343.6402282714844,17643700,0.0,0.0,-0.0013894025134643107,340.3650619506836,232.7003670344277
2025-10-10 00:00:00-04:00,344.0087761645016,349.1979325045112,322.75408954786695,323.331787109375,28941000,0.0,0.0,-0.05909797366932601,338.64076232910156,233.27605298965696
2025-10-13 00:00:00-04:00,351.35925264203496,357.9428348856006,342.1462436328903,355.2735595703125,45984300,0.0,0.0,0.09878945941721584,338.3037536621094,233.95806091550796
2025-10-14 00:00:00-04:00,348.7298204480106,349.267669476328,338.2917194609827,342.7538146972656,22078000,0.0,0.0,-0.03523973156963589,337.544091796875,234.59140505109514
2025-10-15 00:00:00-04:00,353.05244525324514,357.96272246505765,346.1103176658243,349.92498779296875,23918500,0.0,0.0,0.0209222269401641,337.8305435180664,235.26968408009364
2025-10-16 00:00:00-04:00,355.3731305974428,361.78737921559485,348.09236600682163,352.7337341308594,20317200,0.0,0.0,0.008026709826028267,338.29819946289064,235.95586025904095
2025-10-17 00:00:00-04:00,348.2118624365201,349.56643947544666,339.417187803511,347.9329833984375,20937900,0.0,0.0,-0.013610126471886752,338.5462020874023,236.64776145087347
2025-10-20 00:00:00-04:00,352.3851150572024,355.16396614831154,346.4489580557878,347.8433532714844,15640200,0.0,0.0,-0.00025760744519720546,339.0666107177734,237.33601924351282
2025-10-21 00:00:00-04:00,348.6003469987353,349.6959541684103,339.94509595160935,341.2897033691406,16092600,0.0,0.0,-0.01884080819916878,339.2518676757812,237.97983557080465
2025-10-22 00:00:00-04:00,345.91112421133204,346.6183067837734,334.16829467718156,338.9391174316406,19268800,0.0,0.0,-0.0068873625963382645,339.3011703491211,238.62074310060532
2025-10-23 00:00:00-04:00,339.03871918336426,345.1840584530217,339.03871918336426,342.9131774902344,12859200,0.0,0.0,0.011724996774369778,339.7090316772461,239.27702930995397
2025-10-24 00:00:00-04:00,351.1003199238364,356.8671437910621,349.47683344124437,352.7138366699219,16143700,0.0,0.0,0.02858058489154036,340.68511352539065,239.97459460061694
2025-10-27 00:00:00-04:00,360.09420250359625,361.2993551775869,353.66001429366173,360.6021423339844,20065800,0.0,0.0,0.022364605081950817,342.3857849121094,240.72643782600525
2025-10-28 00:00:00-04:00,361.169868930242,372.56412252342585,361.0802324898972,371.4784851074219,21056000,0.0,0.0,0.030161614412606452,344.53017578125,241.5298954191662
2025-10-29 00:00:00-04:00,371.69760158273596,384.9344628835344,371.69760158273596,384.43646240234375,24975200,0.0,0.0,0.03488217437727181,347.14915924072267,242.37831551688058
2025-10-30 00:00:00-04:00,384.8547909652582,384.8547909652582,368.58013782259627,374.9645080566406,24295300,0.0,0.0,-0.02463854309373481,349.0560043334961,243.19298408144996
2025-10-31 00:00:00-04:00,376.75728832587123,377.30510711464575,363.6399721426167,368.15185546875,21598400,0.0,0.0,-0.018168793156448593,350.61275482177734,243.95235927521236
2025-11-03 00:00:00-05:00,370.5123492029235,373.3509579573757,360.5324307393669,361.1001281738281,17198900,0.0,0.0,-0.01915439835538313,351.9603439331055,244.69392782544332
2025-11-04 00:00:00-05:00,357.0862348613752,367.47454744020746,349.5963189699949,350.5325622558594,24047500,0.0,0.0,-0.029264918767577086,352.7337387084961,245.42045072525266
2025-11-05 00:00:00-05:00,349.48678951919794,363.41086341015694,348.6899705182648,357.54443359375,17087600,0.0,0.0,0.020003480683122854,353.40504302978513,246.1781254117451
2025-11-06 00:00:00-05:00,358.6698820328004,362.0463397915529,351.29948119455554,354.16796875,19896900,0.0,0.0,-0.00944348317721655,353.9314300537109,246.92384962051634
2025-11-07 00:00:00-05:00,352.77356686003935,353.08232471234805,335.9212179877443,348.0325927734375,21903200,0.0,0.0,-0.01732335083326897,355.1664703369141,247.62428725711882
2025-11-10 00:00:00-05:00,356.4687564616332,358.56036466797076,353.1919046182223,356.9568176269531,16409000,0.0,0.0,0.025641922736026945,355.2506332397461,248.33802432105654
2025-11-11 00:00:00-05:00,357.53446670774576,360.4428028921463,348.2716699151433,350.552490234375,16446800,0.0,0.0,-0.017941462598064506,355.64056701660155,249.0096738300626
2025-11-12 00:00:00-05:00,356.6081990499921,357.4348664885674,350.2736170175513,353.7994689941406,12190500,0.0,0.0,0.009262460972947917,355.8342910766602,249.69487356761144
2025-11-13 00:00:00-05:00,350.17397779599213,352.1361007553853,332.8236593997151,338.6203918457031,22616600,0.0,0.0,-0.0429030523748154,355.12862396240234,250.33835208226765
2025-11-14 00:00:00-05:00,330.14441411689927,343.3613349004467,327.74404833985596,341.0904541015625,18500800,0.0,0.0,0.0072944876189999786,354.78649749755857,251.0021611168271
2025-11-17 00:00:00-05:00,338.46102450242506,350.7915201932923,336.17020425351814,341.2796936035156,14799600,0.0,0.0,0.0005548073822574384,354.4583145141602,251.67705396621946
2025-11-18 00:00:00-05:00,341.8275510056133,346.57846477272454,334.16830098149796,339.1383361816406,21726800,0.0,0.0,-0.006274494093875815,354.35074615478516,252.35597416711232
2025-11-19 00:00:00-05:00,339.347460701947,358.25156886971325,336.44909441350086,353.0026550292969,21851900,0.0,0.0,0.040881013346219186,355.05392303466795,253.1115951538086
2025-11-20 00:00:00-05:00,364.5363346772143,374.57601052051825,343.79958834409007,345.43304443359375,28867000,0.0,0.0,-0.02144349479489016,355.17991638183594,253.83392933436804
2025-11-21 00:00:00-05:00,343.77966385998917,347.2059092836678,330.47307643407913,338.8395080566406,30280300,0.0,0.0,-0.019087740687242394,354.4861999511719,254.5313511197529
2025-11-24 00:00:00-05:00,346.3393990001815,380.4723384179547,346.2696716432394,376.448486328125,47262400,0.0,0.0,0.1109934862294677,355.2785171508789,255.38623428344727
2025-11-25 00:00:00-05:00,383.39062820353877,386.5778433170829,370.2633433262028,383.490234375,33507600,0.0,0.0,0.0187057414297509,355.8791046142578,256.2663602072095
2025-11-26 00:00:00-05:00,384.0081517409119,398.2708925516895,381.7273314642951,395.9801025390625,28693000,0.0,0.0,0.032568934080989376,356.45628662109374,257.19491407606336
2025-11-28 00:00:00-05:00,397.752962113603,401.38835928859874,395.57171772949863,401.3485107421875,13365500,0.0,0.0,0.013557267571532527,357.7754867553711,258.1424618675595
2025-12-01 00:00:00-05:00,393.27095801210174,393.83868581507573,383.55994932184797,384.5360107421875,23252000,0.0,0.0,-0.04189002712109169,358.59469451904295,259.02360649714393
2025-12-02 00:00:00-05:00,386.7571347201425,391.92638219264916,378.271217387361,380.0440979003906,22207000,0.0,0.0,-0.011681384100092673,359.5418930053711,259.90677007039386
2025-12-03 00:00:00-05:00,378.4803751302536,380.7711652425636,369.1677598209674,379.0879211425781,21336400,0.0,0.0,-0.0025159626556366943,360.969660949707,260.7767065139044
2025-12-04 00:00:00-05:00,379.1576496778165,382.35483474134327,375.02425164733893,379.5062561035156,15845900,0.0,0.0,0.0011035301775814688,362.0677520751953,261.63096400669644
2025-12-05 00:00:00-05:00,384.6257119524167,391.9562645778702,383.60977149932444,388.6794128417969,24779900,0.0,0.0,0.024171292543275325,363.79332427978517,262.5152040511843
2025-12-08 00:00:00-05:00,400.8704578008361,405.6612197534834,395.81075614894235,399.4959716796875,30410600,0.0,0.0,0.027828998605319066,366.36649322509766,263.4329341706775
2025-12-09 00:00:00-05:00,397.1553667228235,405.30264695088596,393.92833346962834,404.66522216796875,24546000,0.0,0.0,0.01293943081965776,368.7519134521484,264.3715294731988
2025-12-10 00:00:00-05:00,400.591592714844,412.9519377089591,397.9621356270513,411.3185119628906,31531000,0.0,0.0,0.016441466749421485,371.7902145385742,265.30106583852614
2025-12-11 00:00:00-05:00,403.2110535816976,407.66317907015735,392.61361921715974,404.7449035644531,45681600,0.0,0.0,-0.015981795633430163,374.33748626708984,266.20682580130443
2025-12-12 00:00:00-05:00,378.4404976165911,380.47234798569394,353.72971744738294,358.4906005859375,95588500,0.0,0.0,-0.11428013687428662,375.33099670410155,266.95694369361513
2025-12-15 00:00:00-05:00,360.44279831550426,360.5523438301254,336.1602902959243,338.4510803222656,65894900,0.0,0.0,-0.055899709032588674,375.1990280151367,267.58295931134904
2025-12-16 00:00:00-05:00,334.67623571189444,346.11033781431183,333.7200832894025,339.93511962890625,58061100,0.0,0.0,0.004384797073856417,375.1317993164063,268.2248053777786
2025-12-17 00:00:00-05:00,345.22387284443886,345.22387284443886,320.13463701193336,324.7162170410156,73300900,0.0,0.0,-0.04477002142204223,374.410693359375,268.6334952702598
2025-12-18 00:00:00-05:00,334.6563118321389,334.6861906441596,322.335785215176,328.560791015625,54501900,0.0,0.0,0.011839796637332034,373.18860015869143,268.9588086567228
2025-12-19 00:00:00-05:00,332.00692519159463,342.07650975758594,331.2499548064838,338.99884033203125,159095200,0.0,0.0,0.03176900470728983,372.8668899536133,269.36378261021207
2025-12-22 00:00:00-05:00,345.3056593647258,345.5152112478357,336.5141036420898,340.7352600097656,28739600,0.65,0.0,0.005122199462492594,372.96167755126953,269.84065858144606
2025-12-23 00:00:00-05:00,340.09657987546063,349.37710000083763,337.83134263055865,348.5887756347656,28232600,0.0,0.0,0.02304873180654954,371.5686920166016,270.36944349985276
2025-12-24 00:00:00-05:00,349.95589479748145,352.1213352312898,346.41333827759297,349.48687744140625,11424400,0.0,0.0,0.0025763933592102273,369.8685241699219,270.89212484208366
2025-12-26 00:00:00-05:00,350.325115846726,352.51053390724485,347.02204717974354,351.39288330078125,15028100,0.0,0.0,0.0054537265414051905,367.6391632080078,271.3746871342735
2025-12-29 00:00:00-05:00,347.99001949427986,349.5966346351222,343.9684567824758,348.65863037109375,21946900,0.0,0.0,-0.0077811847069966245,365.0046691894531,271.817632765997
2025-12-30 00:00:00-05:00,349.2373891882818,351.9417076647023,348.56877833761786,349.1176452636719,16633600,0.0,0.0,0.0013165166515154425,363.23375091552737,272.2401088532947
2025-12-31 00:00:00-05:00,348.9979250326745,349.1476049485987,344.6969495441743,345.3755187988281,15346100,0.0,0.0,-0.010718812170085301,361.50032196044924,272.6619025941879
2026-01-02 00:00:00-05:00,352.04150541544425,359.9050146598044,344.83661821199536,346.8923034667969,25398600,0.0,0.0,0.004391697110565085,359.89054107666016,273.1139293852307
2026-01-05 00:00:00-05:00,353.9974223547191,354.2868238323912,335.7956134115607,342.7011413574219,31136000,0.0,0.0,-0.01208202680627124,358.05028533935547,273.5640022035629
2026-01-06 00:00:00-05:00,342.8807574319921,348.3193308210368,337.2924736709646,343.0503845214844,27135500,0.0,0.0,0.0010190895854014226,355.76883392333986,274.0149114699591
2026-01-07 00:00:00-05:00,340.98472498041707,348.9679784261048,335.1769007897924,342.78094482421875,20249300,0.0,0.0,-0.0007854231023278757,352.9330825805664,274.462514604841
2026-01-08 00:00:00-05:00,342.0624538203319,342.96056375017343,329.80816089100165,331.7840270996094,24385200,0.0,0.0,-0.03208147328682087,349.2890228271484,274.85133059062656
2026-01-09 00:00:00-05:00,337.21263395609,346.6628113007461,332.8018730929831,344.24786376953125,22482500,0.0,0.0,0.037566114254740546,345.9354904174805,275.3200995430114
2026-01-12 00:00:00-05:00,340.2363083277168,353.15918207806476,340.2363083277168,351.47271728515625,20949600,0.0,0.0,0.02098735903982818,343.2718811035156,275.8149091327001
2026-01-13 00:00:00-05:00,352.14131670251004,358.73746528807953,350.17543931029473,353.86767578125,18308000,0.0,0.0,0.006814066578461286,343.0407348632813,276.3388450259254
2026-01-14 00:00:00-05:00,348.2395074006754,349.95590816787893,333.7199768852006,339.17852783203125,30094700,0.0,0.0,-0.041510284647471196,343.07710723876954,276.8006445869567
2026-01-15 00:00:00-05:00,348.38917780130276,348.9480031099011,340.9547912530556,342.30194091796875,22218800,0.0,0.0,0.009208758307613918,343.19544830322263,277.27715404449947
2026-01-16 00:00:00-05:00,345.5451400301808,353.7679118987322,343.3297859509546,350.9737548828125,31291200,0.0,0.0,0.025333814764789464,344.5083251953125,277.77512462555416
2026-01-20 00:00:00-05:00,343.3797052494505,344.676971791908,331.10543443537836,331.9037780761719,32293900,0.0,0.0,-0.05433448097282356,344.6754745483398,278.1918872046092
2026-01-21 00:00:00-05:00,334.8076698840445,335.09704088588245,323.521348108929,328.1116943359375,32006600,0.0,0.0,-0.011425250300597933,344.13111724853513,278.56208819434755
2026-01-22 00:00:00-05:00,334.6479996271889,336.28455068973165,324.20990464329054,324.8086242675781,24275400,0.0,0.0,-0.010066907475042686,343.3347854614258,278.9079185970246
2026-01-23 00:00:00-05:00,318.63160535606505,321.3159768846752,313.4524670130363,319.3800354003906,30259500,0.0,0.0,-0.016713191897008928,341.87434844970704,279.229852222261
2026-01-26 00:00:00-05:00,319.1305360310809,327.9919519985048,316.9351596626858,324.16998291015625,25006400,0.0,0.0,0.014997642240726528,340.6085037231445,279.57326598394485
2026-01-27 00:00:00-05:00,329.06972766461007,334.0592612332574,326.335442560478,332.0933837890625,25537600,0.0,0.0,0.024442117705581135,339.6435287475586,279.93077559698196
2026-01-28 00:00:00-05:00,338.14069186444095,339.2782896681297,326.0161315330155,332.54241943359375,23001700,0.0,0.0,0.001352136677364335,338.8377182006836,280.4571323697529
2026-01-29 00:00:00-05:00,331.86384504465474,335.2467633278134,319.6095521592842,330.0376892089844,20447500,0.0,0.0,-0.007532062312157306,337.8837203979492,280.95302466740685
2026-01-30 00:00:00-05:00,331.7441040800076,337.49205638766097,327.6426917281563,330.6064758300781,28313000,0.0,0.0,0.0017233989925726778,337.14526824951173,281.45513782803977
2026-02-02 00:00:00-05:00,325.4273366579902,335.3565204232709,325.06810486670184,330.4168701171875,17278200,0.0,0.0,-0.0005735087687395168,336.3214965820313,281.9199615962922
2026-02-03 00:00:00-05:00,336.0350756107717,338.1905576294392,308.0038814637992,319.659423828125,36914800,0.0,0.0,-0.03255719444726657,335.1694107055664,282.32008071172805
2026-02-04 00:00:00-05:00,318.84118424748516,318.84118424748516,294.6818407512307,307.4051513671875,43330300,0.0,0.0,-0.03833540182918682,333.38714904785155,282.6854645259797
2026-02-05 00:00:00-05:00,313.6819850898965,325.8464700699139,306.0579938188423,309.8600158691406,42775800,0.0,0.0,0.007985762408453834,331.74110260009763,283.0421447753906
2026-02-06 00:00:00-05:00,319.42994273184223,334.29874656285386,315.6378789762252,332.2231140136719,33003400,0.0,0.0,0.07217161621128798,331.76305694580077,283.45001014830575
2026-02-09 00:00:00-05:00,330.0775871416233,351.60244190077435,329.957843210597,343.22003173828125,30091000,0.0,0.0,0.033101001287215714,331.71166534423827,283.90402566818966
2026-02-10 00:00:00-05:00,346.7426387691113,347.2815169087097,339.12860585233244,339.72735595703125,19542700,0.0,0.0,-0.010176200274677694,331.12439727783203,284.36965131002756
2026-02-11 00:00:00-05:00,346.0740321364971,346.473219180328,333.0413730422485,342.0425109863281,17004700,0.0,0.0,0.006814744202082057,330.53313903808595,284.8045521690732
2026-02-12 00:00:00-05:00,343.1102481796043,345.5651205948349,328.87013049582544,330.4767761230469,22007300,0.0,0.0,-0.03381373511125796,330.0980514526367,285.1935572548518
2026-02-13 00:00:00-05:00,329.1595146617416,333.6201586063177,324.0103126922267,324.48931884765625,18397200,0.0,0.0,-0.018117634000282434,329.2074203491211,285.55366146753704
2026-02-17 00:00:00-05:00,319.01080658831154,335.0471745682695,315.64786588146853,331.8439025878906,23469700,0.0,0.0,0.022665102710783813,328.250927734375,285.94510898892844
2026-02-18 00:00:00-05:00,328.83019085840954,337.17270635210474,326.54500653910026,332.8118591308594,13565300,0.0,0.0,0.002916903204850607,328.29633178710935,286.3512292892214
2026-02-19 00:00:00-05:00,332.31290349221706,337.73152929658954,328.98985729134307,333.29083251953125,15180900,0.0,0.0,0.0014391716386630282,328.55528869628904,286.77694962516665
2026-02-20 00:00:00-05:00,331.6642423408814,339.39801894284784,328.89006304890444,331.9536437988281,17658900,0.0,0.0,-0.004012077711812778,328.91253967285155,287.1965787372892
2026-02-23 00:00:00-05:00,331.5545040034344,337.7914209335216,324.6390178202407,329.64849853515625,16472400,0.0,0.0,-0.006944178221067632,329.4259628295898,287.61487016223725
2026-02-24 00:00:00-05:00,321.8648179358508,327.6227283165058,313.79175682897045,324.8086242675781,23614400,0.0,0.0,-0.014681924198304719,329.45789489746096,288.04566555931456
2026-02-25 00:00:00-05:00,330.0476590225998,335.2068501676741,328.590723737574,331.6143798828125,20182300,0.0,0.0,0.02095312472253741,329.43394470214844,288.5455776396252
2026-02-26 00:00:00-05:00,325.81652053898387,325.8963396711904,307.28538677861513,321.0265808105469,33025300,0.0,0.0,-0.03192804568971708,328.85815277099607,289.0246276249961
2026-02-27 00:00:00-05:00,310.04962308831114,319.3301431933908,309.35107621859737,318.8810729980469,28004200,0.0,0.0,-0.006683271544315361,328.3003219604492,289.45434909396704
2026-03-02 00:00:00-05:00,308.71239918840047,319.37006578889145,306.55694753594133,318.1526184082031,20567200,0.0,0.0,-0.0022844083626381018,327.6776290893555,289.9405965653677
2026-03-03 00:00:00-05:00,312.344806434985,315.21878268947023,306.75652265723,313.18304443359375,20826200,0.0,0.0,-0.015620094530333861,326.8159378051758,290.40072656056236
2026-03-04 00:00:00-05:00,315.0191620282564,321.96461419625706,311.08740741510985,316.86529541015625,34895800,0.0,0.0,0.01175750425193689,326.67623138427734,290.92279797508604
2026-03-05 00:00:00-05:00,329.4888201299173,335.4163882424698,322.35379346219895,332.0733947753906,57076600,0.0,0.0,0.047995471847267934,327.9096435546875,291.5047872634161
2026-03-06 00:00:00-05:00,327.5928011473892,342.7909307290547,326.7146384032199,329.7882080078125,39152200,0.0,0.0,-0.006881571374074635,328.9060531616211,292.06161795722113
2026-03-09 00:00:00-04:00,326.5649709749808,347.7604997584722,322.9325759313887,345.0262451171875,40605800,0.0,0.0,0.046205524452875624,329.54620971679685,292.7265210227361
2026-03-10 00:00:00-04:00,348.0000043944519,352.4007764686792,340.08658134740205,341.86285400390625,29531700,0.0,0.0,-0.009168552126250007,329.4783508300781,293.31800218612426
2026-03-11 00:00:00-04:00,341.8728342845959,345.08609490367104,337.51198711307126,340.85498046875,20104100,0.0,0.0,-0.0029481808957949607,329.53473205566405,293.94673023526633
2026-03-12 00:00:00-04:00,337.03300757281824,339.1186289737268,331.50462624270904,335.2667236328125,21982700,0.0,0.0,-0.01639482230317546,329.1959426879883,294.53114857749335
2026-03-13 00:00:00-04:00,336.97312724591364,337.6118021518748,320.7571433661591,321.4856262207031,34725000,0.0,0.0,-0.041104876925401546,328.7463851928711,295.0446326240661
2026-03-16 00:00:00-04:00,325.3375412042841,328.5109077510106,319.39002561955,324.2398681640625,31363100,0.0,0.0,0.008567231996458036,328.7339126586914,295.5803094894167
2026-03-17 00:00:00-04:00,325.0780870057256,326.75456290471493,316.5858914873138,320.63739013671875,38026500,0.0,0.0,-0.011110533839475023,328.1735870361328,296.0852864583333
2026-03-18 00:00:00-04:00,319.7592262452072,324.7587483959258,314.88943683389,315.2686462402344,25460600,0.0,0.0,-0.016743973290810454,327.2964263916016,296.5730403718494
2026-03-19 00:00:00-04:00,311.81590377906156,322.59328381974194,307.8642018246381,319.17047119140625,23524800,0.0,0.0,0.012376190901643547,326.5904083251953,297.0991574847509
2026-03-20 00:00:00-04:00,319.4498845364502,320.83698945248267,309.27125457684116,309.8600158691406,43325900,0.0,0.0,-0.029170791669766216,325.48572692871096,297.56124932425365
2026-03-23 00:00:00-04:00,318.0,326.4800109863281,314.92999267578125,322.510009765625,27369200,0.65,0.0,0.04082486687093789,325.12880249023436,298.09101704188754
2026-03-24 00:00:00-04:00,320.0,324.3999938964844,314.8399963378906,318.2900085449219,19799000,0.0,0.0,-0.013084868974361119,324.80287170410156,298.59962990170436
2026-03-25 00:00:00-04:00,322.5899963378906,324.29998779296875,316.7200012207031,318.80999755859375,19900000,0.0,0.0,0.0016336956854192675,324.16265258789065,299.11192019023594
2026-03-26 00:00:00-04:00,314.0199890136719,316.9200134277344,309.1700134277344,309.4200134277344,20343700,0.0,0.0,-0.02945322983208387,323.58232421875,299.5987183707101
2026-03-27 00:00:00-04:00,307.05999755859375,307.5,298.8699951171875,300.67999267578125,23593900,0.0,0.0,-0.028246462325212107,322.6722702026367,300.08622184632316
2026-03-30 00:00:00-04:00,300.8699951171875,304.7699890136719,289.9599914550781,293.4100036621094,28054500,0.0,0.0,-0.02417849271903838,321.43513946533204,300.5735328311012
2026-03-31 00:00:00-04:00,299.3900146484375,310.30999755859375,296.3399963378906,309.510009765625,29289500,0.0,0.0,0.0548720422022706,321.2514877319336,301.1360300457667
2026-04-01 00:00:00-04:00,313.3699951171875,315.7900085449219,310.4800109863281,313.489990234375,19171000,0.0,0.0,0.012858971739763136,321.08272247314454,301.7209733024476
2026-04-02 00:00:00-04:00,304.489990234375,314.69000244140625,301.75,314.54998779296875,14021100,0.0,0.0,0.003381280396867803,320.20655212402346,302.3058322119334
2026-04-06 00:00:00-04:00,315.05999755859375,316.3999938964844,310.2799987792969,314.42999267578125,12111300,0.0,0.0,-0.0003814818688420152,319.4386413574219,302.8761622111003
2026-04-07 00:00:00-04:00,326.7300109863281,334.1499938964844,321.79998779296875,333.9700012207031,33310900,0.0,0.0,0.062144226060108165,318.88582916259764,303.5952013409327
2026-04-08 00:00:00-04:00,351.75,354.1400146484375,342.5299987792969,350.6300048828125,31573100,0.0,0.0,0.04988473096749679,319.32418670654295,304.4107402619861
2026-04-09 00:00:00-04:00,352.29998779296875,358.70001220703125,351.5,354.9100036621094,20514900,0.0,0.0,0.012206595897938932,320.0269378662109,305.2123628041101
2026-04-10 00:00:00-04:00,360.94000244140625,376.54998779296875,360.82000732421875,371.54998779296875,29958100,0.0,0.0,0.046885080609622376,321.8411010742187,306.0725773402623
2026-04-13 00:00:00-04:00,369.6600036621094,380.8599853515625,369.4800109863281,379.75,24115800,0.0,0.0,0.02206974155951369,324.7543197631836,306.85070479862276
2026-04-14 00:00:00-04:00,377.8999938964844,382.2799987792969,376.32000732421875,380.7799987792969,24423000,0.0,0.0,0.00271230751625251,327.5813262939453,307.6835017734104
2026-04-15 00:00:00-04:00,389.8800048828125,397.0799865722656,385.57000732421875,396.7200012207031,29559300,0.0,0.0,0.0418614488484339,331.38545684814454,308.5416062370179
2026-04-16 00:00:00-04:00,395.0,399.67999267578125,392.3500061035156,398.4700012207031,18872900,0.0,0.0,0.004411171593605712,335.54552459716797,309.4207473028274
2026-04-17 00:00:00-04:00,400.8999938964844,406.7300109863281,399.80999755859375,406.5400085449219,20581700,0.0,0.0,0.020252484000041315,339.91400146484375,310.32958984375
2026-04-20 00:00:00-04:00,405.70001220703125,406.4200134277344,395.8999938964844,399.6300048828125,16922000,0.0,0.0,-0.016997106107321414,344.40250091552736,311.228095463344
2026-04-21 00:00:00-04:00,399.4100036621094,403.6000061035156,394.57000732421875,402.1700134277344,16275500,0.0,0.0,0.0063559004926736495,348.3855010986328,312.1509301321847
2026-04-22 00:00:00-04:00,406.9800109863281,423.20001220703125,404.8599853515625,422.6499938964844,23702500,0.0,0.0,0.05092368845254547,353.60350036621094,313.1738503471253
2026-04-23 00:00:00-04:00,422.3900146484375,429.30999755859375,417.79998779296875,419.94000244140625,19501600,0.0,0.0,-0.006411904635545418,358.6600006103516,314.17275110880536
2026-04-24 00:00:00-04:00,424.9800109863281,425.0,408.8599853515625,422.760009765625,22491100,0.0,0.0,0.0067152624370721,364.3270004272461,315.1539888533335
2026-04-27 00:00:00-04:00,420.4800109863281,422.75,414.6300048828125,418.20001220703125,17451600,0.0,0.0,-0.010786255684689272,370.20300140380857,316.0728866940453
2026-04-28 00:00:00-04:00,400.30999755859375,405.80999755859375,394.6499938964844,399.8299865722656,25519200,0.0,0.0,-0.04392641104388939,375.5240005493164,316.90251238383945
2026-04-29 00:00:00-04:00,403.5,405.6400146484375,396.7799987792969,405.45001220703125,15962500,0.0,0.0,0.014056038375075408,380.32100067138674,317.75380979265486
2026-04-30 00:00:00-04:00,415.5199890136719,418.3800048828125,404.2300109863281,417.42999267578125,21821600,0.0,0.0,0.029547367389479273,385.518000793457,318.65776419261147
2026-05-01 00:00:00-04:00,415.0899963378906,423.1700134277344,413.2799987792969,421.2799987792969,11882600,0.0,0.0,0.0092231180582798,390.85450134277346,319.5718790084597
2026-05-04 00:00:00-04:00,418.2200012207031,423.8299865722656,409.5299987792969,416.5,15140400,0.0,0.0,-0.011346370093874403,395.9580017089844,320.44789492894733
2026-05-05 00:00:00-04:00,421.6600036621094,433.3900146484375,419.3500061035156,427.3599853515625,21175200,0.0,0.0,0.026074394601590667,400.6275009155273,321.3421676272438
2026-05-06 00:00:00-04:00,435.55999755859375,437.67999267578125,417.7799987792969,425.44000244140625,20707000,0.0,0.0,-0.004492659528188669,404.36800079345704,322.2403155130053
2026-05-07 00:00:00-04:00,421.82000732421875,426.489990234375,406.29998779296875,412.55999755859375,22791700,0.0,0.0,-0.03027455060384543,407.25050048828126,323.0898321848067
2026-05-08 00:00:00-04:00,419.79998779296875,435.0,414.0,430.0,22561400,0.0,0.0,0.04227264529913466,410.1730010986328,323.9899756416442
2026-05-11 00:00:00-04:00,427.6199951171875,433.6499938964844,425.04998779296875,428.42999267578125,16825500,0.0,0.0,-0.0036511798237645054,412.60700073242185,324.87223725091843
2026-05-12 00:00:00-04:00,423.42999267578125,429.3399963378906,408.4100036621094,419.29998779296875,19004300,0.0,0.0,-0.0213103775153336,414.53300018310546,325.7165760464138
2026-05-13 00:00:00-04:00,415.80999755859375,418.6300048828125,404.79998779296875,416.7900085449219,16981200,0.0,0.0,-0.005986118104268079,415.53650054931643,326.49828611101424
2026-05-14 00:00:00-04:00,416.7300109863281,442.3599853515625,415.5899963378906,439.7900085449219,19733800,0.0,0.0,0.055183664503610785,417.60250091552734,327.3285959031847
2026-05-15 00:00:00-04:00,432.80999755859375,432.80999755859375,419.79998779296875,425.19000244140625,18957100,0.0,0.0,-0.0331976757539828,418.5350006103516,328.10215002392965
2026-05-18 00:00:00-04:00,421.4100036621094,422.010009765625,414.3699951171875,420.7099914550781,17863300,0.0,0.0,-0.010536491828604277,419.58899993896483,328.8558794051882
2026-05-19 00:00:00-04:00,409.82000732421875,417.95001220703125,405.8599853515625,411.07000732421875,20652100,0.0,0.0,-0.022913608724904,420.03399963378905,329.58721839057074
2026-05-20 00:00:00-04:00,412.80999755859375,424.1700134277344,411.4200134277344,417.760009765625,16312600,0.0,0.0,0.016274606082193888,419.7895004272461,330.33715360126797
2026-05-21 00:00:00-04:00,413.54998779296875,422.25,410.5,414.57000732421875,16865300,0.0,0.0,-0.007635968898018541,419.52100067138673,331.07029699900795
2026-05-22 00:00:00-04:00,417.489990234375,419.989990234375,410.2099914550781,414.1400146484375,14086400,0.0,0.0,-0.0010372016021047425,419.09000091552736,331.8094099135626
2026-05-26 00:00:00-04:00,418.5,435.30999755859375,417.0,422.010009765625,22562900,0.0,0.0,0.01900322315840053,419.280500793457,332.576603904603
2026-05-27 00:00:00-04:00,425.07000732421875,432.79998779296875,416.489990234375,421.8599853515625,17601000,0.0,0.0,-0.00035549965780623527,420.3820007324219,333.35032738579645
2026-05-28 00:00:00-04:00,421.1400146484375,429.67999267578125,414.010009765625,426.5799865722656,17855600,0.0,0.0,0.011188549245242152,421.4384994506836,334.1155020093161
2026-05-29 00:00:00-04:00,432.95001220703125,448.8999938964844,431.4700012207031,446.7699890136719,41798400,0.0,0.0,0.04732993360434157,422.90549926757814,334.9459162515307
2026-06-01 00:00:00-04:00,450.0899963378906,466.04998779296875,442.2200012207031,459.9700012207031,30586000,0.0,0.0,0.02954543172466151,424.8399993896484,335.8187131730337
2026-06-02 00:00:00-04:00,488.7900085449219,488.82000732421875,470.4599914550781,481.57000732421875,38306700,0.0,0.0,0.046959597465469294,428.0934997558594,336.77683070349315
2026-06-03 00:00:00-04:00,494.7799987792969,495.0,472.6400146484375,479.2300109863281,50126400,0.0,0.0,-0.004859098993503563,430.68700103759767,337.6995250762455
2026-06-04 00:00:00-04:00,408.989990234375,426.4800109863281,403.010009765625,418.9100036621094,80979400,0.0,0.0,-0.12586859324621802,430.3605010986328,338.35081233675515
2026-06-05 00:00:00-04:00,407.6099853515625,410.5,385.5899963378906,385.7300109863281,50977900,0.0,0.0,-0.07920553910320094,429.01900177001954,338.85378222995337
